  0
SECTION
  2
HEADER
  9
$ACADVER
  1
AC1009
  9
$INSBASE
 10
0.0
 20
0.0
 30
0.0
  9
$EXTMIN
 10
0.0
 20
0.0
 30
0.0
  9
$EXTMAX
 10
0.0
 20
0.0
 30
0.0
  0
ENDSEC
  0
SECTION
  2
TABLES
  0
TABLE
  2
VPORT
 70
0
  0
ENDTAB
  0
TABLE
  2
LTYPE
 70
1
  0
LTYPE
  2
CONTINUOUS
 70
0
  3
Solid line
 72
65
 73
0
 40
0.0
  0
ENDTAB
  0
TABLE
  2
LAYER
 70
1
  0
LAYER
  2
0
 70
64
 62
7
  6
continuous
  0
ENDTAB
  0
TABLE
  2
STYLE
 70
1
  0
STYLE
  2
STANDARD
 70
0
 40
0
 41
1.0
 50
0.0
 71
0
 42
1
 3
ARIAL.TTF
 4

  0
ENDTAB
  0
TABLE
  2
VIEW
 70
0
  0
ENDTAB
  0
ENDSEC
  0
SECTION
  2
BLOCKS
  0
BLOCK
  8
0
  2
FACEFEAT
 70
0
 10
0.0
 20
0.0
 30
0.0
  3
FACEFEAT
  0
LINE
  8
0
 62
0
 10
7.48
 20
5.9
 30
0.0
 11
7.48
 21
6.5
 31
0.0
  0
LINE
  8
0
 62
0
 10
7.48
 20
6.5
 30
0.0
 11
7.680000000000001
 21
6.5
 31
0.0
  0
LINE
  8
0
 62
0
 10
7.88
 20
6.5
 30
0.0
 11
7.88
 21
5.9
 31
0.0
  0
LINE
  8
0
 62
0
 10
7.68
 20
6.5
 30
0.0
 11
7.88
 21
6.5
 31
0.0
  0
LINE
  8
0
 62
0
 10
8.27
 20
6.5
 30
0.0
 11
8.469999999999999
 21
6.5
 31
0.0
  0
LINE
  8
0
 62
0
 10
8.27
 20
5.9
 30
0.0
 11
8.27
 21
6.5
 31
0.0
  0
LINE
  8
0
 62
0
 10
8.67
 20
6.5
 30
0.0
 11
8.67
 21
5.9
 31
0.0
  0
LINE
  8
0
 62
0
 10
8.47
 20
6.5
 30
0.0
 11
8.670000000000002
 21
6.5
 31
0.0
  0
LINE
  8
0
 62
0
 10
9.07
 20
5.9
 30
0.0
 11
9.07
 21
6.5
 31
0.0
  0
LINE
  8
0
 62
0
 10
9.27
 20
6.5
 30
0.0
 11
9.27
 21
5.9
 31
0.0
  0
LINE
  8
0
 62
0
 10
9.07
 20
6.5
 30
0.0
 11
9.27
 21
6.5
 31
0.0
  0
LINE
  8
0
 62
0
 10
9.57
 20
5.9
 30
0.0
 11
9.57
 21
6.5
 31
0.0
  0
LINE
  8
0
 62
0
 10
9.77
 20
6.5
 30
0.0
 11
9.77
 21
5.900000000000002
 31
0.0
  0
LINE
  8
0
 62
0
 10
9.57
 20
6.5
 30
0.0
 11
9.77
 21
6.5
 31
0.0
  0
LINE
  8
0
 62
0
 10
10.07
 20
5.900000000000002
 30
0.0
 11
10.07
 21
6.5
 31
0.0
  0
LINE
  8
0
 62
0
 10
10.27
 20
6.5
 30
0.0
 11
10.27
 21
5.900000000000002
 31
0.0
  0
LINE
  8
0
 62
0
 10
10.07
 20
6.5
 30
0.0
 11
10.27
 21
6.5
 31
0.0
  0
LINE
  8
0
 62
0
 10
10.57
 20
5.900000000000001
 30
0.0
 11
10.57
 21
6.5
 31
0.0
  0
LINE
  8
0
 62
0
 10
10.77
 20
6.5
 30
0.0
 11
10.77
 21
5.900000000000001
 31
0.0
  0
LINE
  8
0
 62
0
 10
10.57
 20
6.5
 30
0.0
 11
10.77
 21
6.5
 31
0.0
  0
LINE
  8
0
 62
0
 10
11.07
 20
5.900000000000001
 30
0.0
 11
11.07
 21
6.5
 31
0.0
  0
LINE
  8
0
 62
0
 10
11.27
 20
6.5
 30
0.0
 11
11.27
 21
5.900000000000001
 31
0.0
  0
LINE
  8
0
 62
0
 10
11.07
 20
6.5
 30
0.0
 11
11.27
 21
6.5
 31
0.0
  0
LINE
  8
0
 62
0
 10
11.57
 20
5.9
 30
0.0
 11
11.57
 21
6.5
 31
0.0
  0
LINE
  8
0
 62
0
 10
11.77
 20
6.5
 30
0.0
 11
11.77
 21
5.9
 31
0.0
  0
LINE
  8
0
 62
0
 10
11.57
 20
6.5
 30
0.0
 11
11.77
 21
6.5
 31
0.0
  0
LINE
  8
0
 62
0
 10
12.07
 20
5.9
 30
0.0
 11
12.07
 21
6.5
 31
0.0
  0
LINE
  8
0
 62
0
 10
12.27
 20
6.5
 30
0.0
 11
12.27
 21
5.9
 31
0.0
  0
LINE
  8
0
 62
0
 10
12.07
 20
6.5
 30
0.0
 11
12.27
 21
6.5
 31
0.0
  0
LINE
  8
0
 62
0
 10
12.57
 20
5.9
 30
0.0
 11
12.57
 21
6.5
 31
0.0
  0
LINE
  8
0
 62
0
 10
12.77
 20
6.5
 30
0.0
 11
12.77
 21
5.9
 31
0.0
  0
LINE
  8
0
 62
0
 10
12.57
 20
6.5
 30
0.0
 11
12.77
 21
6.5
 31
0.0
  0
LINE
  8
0
 62
0
 10
13.17
 20
5.9
 30
0.0
 11
13.17
 21
6.5
 31
0.0
  0
LINE
  8
0
 62
0
 10
13.17
 20
6.5
 30
0.0
 11
13.370000000000001
 21
6.5
 31
0.0
  0
LINE
  8
0
 62
0
 10
13.57
 20
6.5
 30
0.0
 11
13.57
 21
5.9
 31
0.0
  0
LINE
  8
0
 62
0
 10
13.370000000000001
 20
6.5
 30
0.0
 11
13.57
 21
6.5
 31
0.0
  0
LINE
  8
0
 62
0
 10
13.96
 20
6.5
 30
0.0
 11
14.16
 21
6.5
 31
0.0
  0
LINE
  8
0
 62
0
 10
13.96
 20
5.9
 30
0.0
 11
13.96
 21
6.5
 31
0.0
  0
LINE
  8
0
 62
0
 10
14.36
 20
6.5
 30
0.0
 11
14.36
 21
5.9
 31
0.0
  0
LINE
  8
0
 62
0
 10
14.16
 20
6.5
 30
0.0
 11
14.36
 21
6.5
 31
0.0
  0
POLYLINE
  8
0
 62
0
 70
0
 66
1
 10
0.0
 20
0.0
 30
0.0
  0
VERTEX
  8
0
 10
7.157698120749834
 20
5.9
 30
0.0
  0
VERTEX
  8
0
 10
6.45
 20
5.9
 30
0.0
  0
SEQEND
  8
0
  0
LINE
  8
0
 62
0
 10
7.23
 20
5.9
 30
0.0
 11
7.157698120750031
 21
5.9
 31
0.0
  0
LINE
  8
0
 62
0
 10
7.75
 20
5.9
 30
0.0
 11
8.54
 21
5.9
 31
0.0
  0
LINE
  8
0
 62
0
 10
8.54
 20
5.9
 30
0.0
 11
8.620000000000001
 21
5.9
 31
0.0
  0
LINE
  8
0
 62
0
 10
8.620000000000001
 20
5.9
 30
0.0
 11
9.025000000000002
 21
5.9
 31
0.0
  0
LINE
  8
0
 62
0
 10
12.825
 20
5.9
 30
0.0
 11
13.23
 21
5.9
 31
0.0
  0
LINE
  8
0
 62
0
 10
13.31
 20
5.9
 30
0.0
 11
13.23
 21
5.9
 31
0.0
  0
LINE
  8
0
 62
0
 10
13.31
 20
5.9
 30
0.0
 11
14.100000000000001
 21
5.9
 31
0.0
  0
LINE
  8
0
 62
0
 10
14.692301880156933
 20
5.9
 30
0.0
 11
14.619999999895999
 21
5.9
 31
0.0
  0
POLYLINE
  8
0
 62
0
 70
0
 66
1
 10
0.0
 20
0.0
 30
0.0
  0
VERTEX
  8
0
 10
15.400000000000002
 20
5.9
 30
0.0
  0
VERTEX
  8
0
 10
14.692301880157075
 20
5.9
 30
0.0
  0
SEQEND
  8
0
  0
POLYLINE
  8
0
 62
0
 70
0
 66
1
 10
0.0
 20
0.0
 30
0.0
  0
VERTEX
  8
0
 10
15.32
 20
5.199999999999999
 30
0.0
  0
VERTEX
  8
0
 10
14.619999999895999
 20
5.199999999999999
 30
0.0
  0
SEQEND
  8
0
  0
LINE
  8
0
 62
0
 10
6.45
 20
5.9
 30
0.0
 11
6.45
 21
5.28
 31
0.0
  0
POLYLINE
  8
0
 62
0
 70
0
 66
1
 10
0.0
 20
0.0
 30
0.0
  0
VERTEX
  8
0
 10
7.157698120749834
 20
5.279999999999999
 30
0.0
  0
VERTEX
  8
0
 10
6.45
 20
5.279999999999999
 30
0.0
  0
SEQEND
  8
0
  0
LINE
  8
0
 62
0
 10
7.15769812075
 20
5.9
 30
0.0
 11
7.15769812075
 21
5.28
 31
0.0
  0
POLYLINE
  8
0
 62
0
 70
0
 66
1
 10
0.0
 20
0.0
 30
0.0
  0
VERTEX
  8
0
 10
7.157698120748776
 20
5.279999999998211
 30
0.0
  0
VERTEX
  8
0
 10
7.23
 20
5.2240308140750145
 30
0.0
  0
SEQEND
  8
0
  0
LINE
  8
0
 62
0
 10
13.31
 20
5.9
 30
0.0
 11
13.31
 21
5.07
 31
0.0
  0
LINE
  8
0
 62
0
 10
13.31
 20
5.07
 30
0.0
 11
12.245000000000001
 21
5.07
 31
0.0
  0
LINE
  8
0
 62
0
 10
12.245000000000001
 20
5.300000000000001
 30
0.0
 11
12.245000000000001
 21
5.07
 31
0.0
  0
LINE
  8
0
 62
0
 10
9.605
 20
5.300000000000001
 30
0.0
 11
9.605
 21
5.07
 31
0.0
  0
LINE
  8
0
 62
0
 10
9.605
 20
5.07
 30
0.0
 11
8.54
 21
5.07
 31
0.0
  0
LINE
  8
0
 62
0
 10
8.54
 20
5.9
 30
0.0
 11
8.54
 21
5.07
 31
0.0
  0
LINE
  8
0
 62
0
 10
8.540000000000001
 20
5.07
 30
0.0
 11
8.620000000000001
 21
5.15
 31
0.0
  0
LINE
  8
0
 62
0
 10
8.620000000000001
 20
5.9
 30
0.0
 11
8.620000000000001
 21
5.15
 31
0.0
  0
LINE
  8
0
 62
0
 10
9.025
 20
5.300000000000001
 30
0.0
 11
9.025
 21
5.15
 31
0.0
  0
LINE
  8
0
 62
0
 10
9.468431457505002
 20
5.126568542495
 30
0.0
 11
9.445
 21
5.1499999999999995
 31
0.0
  0
LINE
  8
0
 62
0
 10
9.468431457505
 20
5.300000000000001
 30
0.0
 11
9.468431457505
 21
5.126568542495001
 31
0.0
  0
LINE
  8
0
 62
0
 10
9.605000000000205
 20
5.070000000000247
 30
0.0
 11
9.468431457505217
 21
5.126568542495262
 31
0.0
  0
LINE
  8
0
 62
0
 10
12.244999999999887
 20
5.070000000000135
 30
0.0
 11
12.381568542494875
 21
5.126568542495151
 31
0.0
  0
LINE
  8
0
 62
0
 10
12.381568542495
 20
5.300000000000001
 30
0.0
 11
12.381568542495
 21
5.126568542495001
 31
0.0
  0
LINE
  8
0
 62
0
 10
12.381568542495001
 20
5.126568542495001
 30
0.0
 11
12.405000000000001
 21
5.15
 31
0.0
  0
LINE
  8
0
 62
0
 10
12.825
 20
5.300000000000001
 30
0.0
 11
12.825
 21
5.15
 31
0.0
  0
LINE
  8
0
 62
0
 10
13.23
 20
5.9
 30
0.0
 11
13.23
 21
5.15
 31
0.0
  0
LINE
  8
0
 62
0
 10
13.31
 20
5.07
 30
0.0
 11
13.23
 21
5.15
 31
0.0
  0
POLYLINE
  8
0
 62
0
 70
0
 66
1
 10
0.0
 20
0.0
 30
0.0
  0
VERTEX
  8
0
 10
14.619999999895999
 20
5.22403069340354
 30
0.0
  0
VERTEX
  8
0
 10
14.692301880156059
 20
5.28000000000115
 30
0.0
  0
SEQEND
  8
0
  0
LINE
  8
0
 62
0
 10
14.692301880157
 20
5.9
 30
0.0
 11
14.692301880157
 21
5.28
 31
0.0
  0
LINE
  8
0
 62
0
 10
15.399999999999999
 20
5.9
 30
0.0
 11
15.399999999999999
 21
5.28
 31
0.0
  0
POLYLINE
  8
0
 62
0
 70
0
 66
1
 10
0.0
 20
0.0
 30
0.0
  0
VERTEX
  8
0
 10
15.400000000000002
 20
5.279999999999999
 30
0.0
  0
VERTEX
  8
0
 10
14.692301880157075
 20
5.279999999999999
 30
0.0
  0
SEQEND
  8
0
  0
POLYLINE
  8
0
 62
0
 70
0
 66
1
 10
0.0
 20
0.0
 30
0.0
  0
VERTEX
  8
0
 10
7.23
 20
5.199999999999999
 30
0.0
  0
VERTEX
  8
0
 10
6.53
 20
5.199999999999999
 30
0.0
  0
SEQEND
  8
0
  0
LINE
  8
0
 62
0
 10
15.399999999999999
 20
5.28
 30
0.0
 11
15.319999999999999
 21
5.199999999999999
 31
0.0
  0
LINE
  8
0
 62
0
 10
6.53
 20
5.199999999999999
 30
0.0
 11
6.45
 21
5.279999999999999
 31
0.0
  0
LINE
  8
0
 62
0
 10
9.445
 20
5.15
 30
0.0
 11
8.620000000000001
 21
5.15
 31
0.0
  0
LINE
  8
0
 62
0
 10
13.23
 20
5.15
 30
0.0
 11
12.405000000000001
 21
5.15
 31
0.0
  0
POLYLINE
  8
0
 62
0
 70
0
 66
1
 10
0.0
 20
0.0
 30
0.0
  0
VERTEX
  8
0
 10
15.399999999999995
 20
0.4572949016880017
 30
0.0
  0
VERTEX
  8
0
 10
15.399038105676997
 20
0.4500000000000033
 30
0.0
  0
SEQEND
  8
0
  0
POLYLINE
  8
0
 62
0
 70
0
 66
1
 10
0.0
 20
0.0
 30
0.0
  0
VERTEX
  8
0
 10
15.399999999999995
 20
4.415625890314999
 30
0.0
  0
VERTEX
  8
0
 10
15.399038105676997
 20
4.409999999999998
 30
0.0
  0
SEQEND
  8
0
  0
POLYLINE
  8
0
 62
0
 70
0
 66
1
 10
0.0
 20
0.0
 30
0.0
  0
VERTEX
  8
0
 10
14.100000000000001
 20
-1.3999999999999997
 30
0.0
  0
VERTEX
  8
0
 10
15.400000000000002
 20
-1.4
 30
0.0
  0
SEQEND
  8
0
  0
LINE
  8
0
 62
0
 10
7.75
 20
-1.3999999999999997
 30
0.0
 11
14.100000000000001
 21
-1.3999999999999997
 31
0.0
  0
POLYLINE
  8
0
 62
0
 70
0
 66
1
 10
0.0
 20
0.0
 30
0.0
  0
VERTEX
  8
0
 10
7.75
 20
-1.3999999999999997
 30
0.0
  0
VERTEX
  8
0
 10
6.45
 20
-1.4
 30
0.0
  0
SEQEND
  8
0
  0
LINE
  8
0
 62
0
 10
15.399999999999999
 20
-1.4
 30
0.0
 11
15.399999999999999
 21
5.199999999999999
 31
0.0
  0
LINE
  8
0
 62
0
 10
15.399999999999999
 20
5.9
 30
0.0
 11
15.399999999999999
 21
5.2
 31
0.0
  0
LINE
  8
0
 62
0
 10
6.450000000000001
 20
5.2
 30
0.0
 11
6.450000000000001
 21
-1.3999999999999995
 31
0.0
  0
LINE
  8
0
 62
0
 10
6.45
 20
5.279999999999999
 30
0.0
 11
6.45
 21
5.2
 31
0.0
  0
POLYLINE
  8
0
 62
0
 70
0
 66
1
 10
0.0
 20
0.0
 30
0.0
  0
VERTEX
  8
0
 10
7.75
 20
5.9
 30
0.0
  0
VERTEX
  8
0
 10
7.230000000000176
 20
5.9
 30
0.0
  0
SEQEND
  8
0
  0
LINE
  8
0
 62
0
 10
7.23
 20
5.9
 30
0.0
 11
7.23
 21
5.2
 31
0.0
  0
POLYLINE
  8
0
 62
0
 70
0
 66
1
 10
0.0
 20
0.0
 30
0.0
  0
VERTEX
  8
0
 10
7.230000000000176
 20
5.199999999999999
 30
0.0
  0
VERTEX
  8
0
 10
6.45
 20
5.199999999999999
 30
0.0
  0
SEQEND
  8
0
  0
ARC
  8
0
 62
0
 10
8.17
 20
5.699999999999999
 30
0.0
 40
0.2
 50
-0.0
 51
90.0
  0
LINE
  8
0
 62
0
 10
8.17
 20
5.9
 30
0.0
 11
7.75
 21
5.8999999999999995
 31
0.0
  0
LINE
  8
0
 62
0
 10
14.100000000000001
 20
5.9
 30
0.0
 11
13.680000000000001
 21
5.9
 31
0.0
  0
ARC
  8
0
 62
0
 10
13.68
 20
5.699999999999999
 30
0.0
 40
0.2
 50
90.0
 51
-180.0
  0
LINE
  8
0
 62
0
 10
13.48
 20
5.699999999999999
 30
0.0
 11
13.48
 21
5.1
 31
0.0
  0
ARC
  8
0
 62
0
 10
13.280000000000001
 20
5.1
 30
0.0
 40
0.2
 50
-90.0
 51
-0.0
  0
LINE
  8
0
 62
0
 10
13.280000000000001
 20
4.9
 30
0.0
 11
12.23
 21
4.9
 31
0.0
  0
ARC
  8
0
 62
0
 10
12.23
 20
5.1
 30
0.0
 40
0.2
 50
90.0
 51
-90.0
  0
LINE
  8
0
 62
0
 10
12.23
 20
5.9
 30
0.0
 11
9.620000000000001
 21
5.900000000000002
 31
0.0
  0
ARC
  8
0
 62
0
 10
9.620000000000001
 20
5.1
 30
0.0
 40
0.2
 50
-90.0
 51
90.0
  0
LINE
  8
0
 62
0
 10
8.57
 20
4.9
 30
0.0
 11
9.620000000000001
 21
4.9
 31
0.0
  0
ARC
  8
0
 62
0
 10
8.57
 20
5.1
 30
0.0
 40
0.2
 50
-180.0
 51
-90.0
  0
LINE
  8
0
 62
0
 10
8.370000000000001
 20
5.699999999999999
 30
0.0
 11
8.370000000000001
 21
5.1
 31
0.0
  0
POLYLINE
  8
0
 62
0
 70
0
 66
1
 10
0.0
 20
0.0
 30
0.0
  0
VERTEX
  8
0
 10
14.619999999895967
 20
5.199999999999999
 30
0.0
  0
VERTEX
  8
0
 10
15.400000000000002
 20
5.199999999999999
 30
0.0
  0
SEQEND
  8
0
  0
LINE
  8
0
 62
0
 10
14.619999999895999
 20
5.9
 30
0.0
 11
14.619999999895999
 21
5.2
 31
0.0
  0
POLYLINE
  8
0
 62
0
 70
0
 66
1
 10
0.0
 20
0.0
 30
0.0
  0
VERTEX
  8
0
 10
14.100000000000001
 20
5.9
 30
0.0
  0
VERTEX
  8
0
 10
14.619999999895967
 20
5.9
 30
0.0
  0
SEQEND
  8
0
  0
LINE
  8
0
 62
0
 10
8.870000000000001
 20
4.0
 30
0.0
 11
9.71
 21
4.0
 31
0.0
  0
ARC
  8
0
 62
0
 10
8.870000000000001
 20
3.8800000000000003
 30
0.0
 40
0.12
 50
90.0
 51
-180.0
  0
ARC
  8
0
 62
0
 10
9.71
 20
3.8800000000000003
 30
0.0
 40
0.12
 50
-0.0
 51
90.0
  0
LINE
  8
0
 62
0
 10
8.75
 20
3.6199999999999997
 30
0.0
 11
8.75
 21
3.8800000000000003
 31
0.0
  0
LINE
  8
0
 62
0
 10
9.83
 20
3.88
 30
0.0
 11
9.83
 21
3.619999999999999
 31
0.0
  0
ARC
  8
0
 62
0
 10
8.870000000000001
 20
3.6199999999999997
 30
0.0
 40
0.12
 50
-180.0
 51
-90.0
  0
ARC
  8
0
 62
0
 10
9.71
 20
3.6199999999999997
 30
0.0
 40
0.12
 50
-90.0
 51
-0.0
  0
LINE
  8
0
 62
0
 10
9.71
 20
3.5000000000000004
 30
0.0
 11
8.870000000000001
 21
3.5000000000000004
 31
0.0
  0
POLYLINE
  8
0
 62
0
 70
0
 66
1
 10
0.0
 20
0.0
 30
0.0
  0
VERTEX
  8
0
 10
12.23
 20
5.300000000000001
 30
0.0
  0
VERTEX
  8
0
 10
12.629999999999805
 20
5.300000000000001
 30
0.0
  0
SEQEND
  8
0
  0
POLYLINE
  8
0
 62
0
 70
0
 66
1
 10
0.0
 20
0.0
 30
0.0
  0
VERTEX
  8
0
 10
12.23
 20
5.9
 30
0.0
  0
VERTEX
  8
0
 10
12.629999999999805
 20
5.9
 30
0.0
  0
SEQEND
  8
0
  0
LINE
  8
0
 62
0
 10
8.96019237886485
 20
5.9
 30
0.0
 11
9.2199999999999
 21
5.9
 31
0.0
  0
POLYLINE
  8
0
 62
0
 70
0
 66
1
 10
0.0
 20
0.0
 30
0.0
  0
VERTEX
  8
0
 10
9.620000000000001
 20
5.9
 30
0.0
  0
VERTEX
  8
0
 10
9.220000000000194
 20
5.9
 30
0.0
  0
SEQEND
  8
0
  0
LINE
  8
0
 62
0
 10
12.88980762113515
 20
5.9
 30
0.0
 11
12.6300000000001
 21
5.9
 31
0.0
  0
POLYLINE
  8
0
 62
0
 70
0
 66
1
 10
0.0
 20
0.0
 30
0.0
  0
VERTEX
  8
0
 10
9.620000000000001
 20
5.300000000000001
 30
0.0
  0
VERTEX
  8
0
 10
9.220000000000194
 20
5.300000000000001
 30
0.0
  0
SEQEND
  8
0
  0
LINE
  8
0
 62
0
 10
12.02
 20
3.6199999999999997
 30
0.0
 11
12.02
 21
3.8800000000000003
 31
0.0
  0
ARC
  8
0
 62
0
 10
12.14
 20
3.6199999999999997
 30
0.0
 40
0.12
 50
-180.0
 51
-90.0
  0
ARC
  8
0
 62
0
 10
12.14
 20
3.8800000000000003
 30
0.0
 40
0.12
 50
90.0
 51
-180.0
  0
LINE
  8
0
 62
0
 10
12.98
 20
3.5000000000000004
 30
0.0
 11
12.14
 21
3.5000000000000004
 31
0.0
  0
LINE
  8
0
 62
0
 10
12.14
 20
4.0
 30
0.0
 11
12.98
 21
4.0
 31
0.0
  0
ARC
  8
0
 62
0
 10
12.98
 20
3.6199999999999997
 30
0.0
 40
0.12
 50
-90.0
 51
-0.0
  0
ARC
  8
0
 62
0
 10
12.98
 20
3.8800000000000003
 30
0.0
 40
0.12
 50
-0.0
 51
90.0
  0
LINE
  8
0
 62
0
 10
13.100000000000001
 20
3.88
 30
0.0
 11
13.100000000000001
 21
3.619999999999999
 31
0.0
  0
LINE
  8
0
 62
0
 10
12.629999999999999
 20
5.300000000000001
 30
0.0
 11
12.88980762113505
 21
5.300000000000001
 31
0.0
  0
POLYLINE
  8
0
 62
0
 70
0
 66
1
 10
0.0
 20
0.0
 30
0.0
  0
VERTEX
  8
0
 10
12.889807621135
 20
5.300000000000001
 30
0.0
  0
VERTEX
  8
0
 10
12.976410161513433
 20
5.4
 30
0.0
  0
SEQEND
  8
0
  0
LINE
  8
0
 62
0
 10
12.976410161514
 20
5.4
 30
0.0
 11
12.976410161514
 21
5.800000000000001
 31
0.0
  0
POLYLINE
  8
0
 62
0
 70
0
 66
1
 10
0.0
 20
0.0
 30
0.0
  0
VERTEX
  8
0
 10
12.889807621135
 20
5.9
 30
0.0
  0
VERTEX
  8
0
 10
12.976410161513433
 20
5.800000000000001
 30
0.0
  0
SEQEND
  8
0
  0
POLYLINE
  8
0
 62
0
 70
0
 66
1
 10
0.0
 20
0.0
 30
0.0
  0
VERTEX
  8
0
 10
8.873589838486566
 20
5.800000000000001
 30
0.0
  0
VERTEX
  8
0
 10
8.960192378864999
 20
5.9
 30
0.0
  0
SEQEND
  8
0
  0
LINE
  8
0
 62
0
 10
9.22
 20
5.300000000000001
 30
0.0
 11
8.960192378864951
 21
5.300000000000001
 31
0.0
  0
LINE
  8
0
 62
0
 10
8.873589838486
 20
5.4
 30
0.0
 11
8.873589838486
 21
5.800000000000001
 31
0.0
  0
POLYLINE
  8
0
 62
0
 70
0
 66
1
 10
0.0
 20
0.0
 30
0.0
  0
VERTEX
  8
0
 10
8.960192378864999
 20
5.300000000000001
 30
0.0
  0
VERTEX
  8
0
 10
8.873589838486566
 20
5.4
 30
0.0
  0
SEQEND
  8
0
  0
LINE
  8
0
 62
0
 10
2.799999999999999
 20
8.55
 30
0.0
 11
2.8036999071540163
 21
9.097666475035787
 31
0.0
  0
POLYLINE
  8
0
 62
0
 70
0
 66
1
 10
0.0
 20
0.0
 30
0.0
  0
VERTEX
  8
0
 10
2.9291744290228743
 20
8.727814445342998
 30
0.0
  0
VERTEX
  8
0
 10
2.803699907154016
 20
9.0976664750358
 30
0.0
  0
SEQEND
  8
0
  0
LINE
  8
0
 62
0
 10
1.9999999999999987
 20
8.55
 30
0.0
 11
2.059302736592695
 21
9.126164552522313
 31
0.0
  0
POLYLINE
  8
0
 62
0
 70
0
 66
1
 10
0.0
 20
0.0
 30
0.0
  0
VERTEX
  8
0
 10
2.803699907154016
 20
9.0976664750358
 30
0.0
  0
VERTEX
  8
0
 10
2.0593027365926972
 20
9.1261645525223
 30
0.0
  0
SEQEND
  8
0
  0
LINE
  8
0
 62
0
 10
2.799999999999999
 20
8.55
 30
0.0
 11
1.9999999999999987
 21
8.55
 31
0.0
  0
POLYLINE
  8
0
 62
0
 70
0
 66
1
 10
0.0
 20
0.0
 30
0.0
  0
VERTEX
  8
0
 10
2.0593027365926972
 20
9.1261645525223
 30
0.0
  0
VERTEX
  8
0
 10
1.8588142057838355
 20
8.825334997213414
 30
0.0
  0
SEQEND
  8
0
  0
LINE
  8
0
 62
0
 10
1.9999999999999987
 20
6.550000000000001
 30
0.0
 11
1.9845766437111507
 21
5.8748285817819905
 31
0.0
  0
POLYLINE
  8
0
 62
0
 70
0
 66
1
 10
0.0
 20
0.0
 30
0.0
  0
VERTEX
  8
0
 10
1.8195585753006767
 20
6.2459200102369685
 30
0.0
  0
VERTEX
  8
0
 10
1.9845766437111503
 20
5.874828581781999
 30
0.0
  0
SEQEND
  8
0
  0
LINE
  8
0
 62
0
 10
2.799999999999999
 20
6.550000000000001
 30
0.0
 11
2.909124258831166
 21
5.854122745126215
 31
0.0
  0
POLYLINE
  8
0
 62
0
 70
0
 66
1
 10
0.0
 20
0.0
 30
0.0
  0
VERTEX
  8
0
 10
1.9845766437111503
 20
5.874828581781999
 30
0.0
  0
VERTEX
  8
0
 10
2.909124258831162
 20
5.854122745126199
 30
0.0
  0
SEQEND
  8
0
  0
LINE
  8
0
 62
0
 10
1.9999999999999984
 20
6.550000000000001
 30
0.0
 11
2.799999999999999
 21
6.550000000000001
 31
0.0
  0
POLYLINE
  8
0
 62
0
 70
0
 66
1
 10
0.0
 20
0.0
 30
0.0
  0
VERTEX
  8
0
 10
2.909124258831162
 20
5.854122745126199
 30
0.0
  0
VERTEX
  8
0
 10
3.064322296743783
 20
6.352871736367361
 30
0.0
  0
SEQEND
  8
0
  0
LINE
  8
0
 62
0
 10
2.649999957531691
 20
7.7802862743847
 30
0.0
 11
2.649999957531691
 21
8.1970665375702
 31
0.0
  0
POLYLINE
  8
0
 62
0
 70
0
 66
1
 10
0.0
 20
0.0
 30
0.0
  0
VERTEX
  8
0
 10
2.533867608755827
 20
7.8237718860619
 30
0.0
  0
VERTEX
  8
0
 10
2.649999957531691
 20
7.7802862743847
 30
0.0
  0
SEQEND
  8
0
  0
POLYLINE
  8
0
 62
0
 70
0
 66
1
 10
0.0
 20
0.0
 30
0.0
  0
VERTEX
  8
0
 10
2.405457001179457
 20
7.960027060937101
 30
0.0
  0
VERTEX
  8
0
 10
2.533867608755827
 20
7.8237718860619
 30
0.0
  0
SEQEND
  8
0
  0
POLYLINE
  8
0
 62
0
 70
0
 66
1
 10
0.0
 20
0.0
 30
0.0
  0
VERTEX
  8
0
 10
2.336562041193247
 20
8.0381307522766
 30
0.0
  0
VERTEX
  8
0
 10
2.405457001179457
 20
7.960027060937101
 30
0.0
  0
SEQEND
  8
0
  0
POLYLINE
  8
0
 62
0
 70
0
 66
1
 10
0.0
 20
0.0
 30
0.0
  0
VERTEX
  8
0
 10
2.291882622987032
 20
8.0551839391701
 30
0.0
  0
VERTEX
  8
0
 10
2.336562041193247
 20
8.0381307522766
 30
0.0
  0
SEQEND
  8
0
  0
POLYLINE
  8
0
 62
0
 70
0
 66
1
 10
0.0
 20
0.0
 30
0.0
  0
VERTEX
  8
0
 10
2.252830777317286
 20
8.0383012215607
 30
0.0
  0
VERTEX
  8
0
 10
2.291882622987032
 20
8.0551839391701
 30
0.0
  0
SEQEND
  8
0
  0
POLYLINE
  8
0
 62
0
 70
0
 66
1
 10
0.0
 20
0.0
 30
0.0
  0
VERTEX
  8
0
 10
2.236630234867334
 20
7.995838723611101
 30
0.0
  0
VERTEX
  8
0
 10
2.252830777317286
 20
8.0383012215607
 30
0.0
  0
SEQEND
  8
0
  0
POLYLINE
  8
0
 62
0
 70
0
 66
1
 10
0.0
 20
0.0
 30
0.0
  0
VERTEX
  8
0
 10
2.253342408686876
 20
7.952353111933901
 30
0.0
  0
VERTEX
  8
0
 10
2.236630234867334
 20
7.995838723611101
 30
0.0
  0
SEQEND
  8
0
  0
POLYLINE
  8
0
 62
0
 70
0
 66
1
 10
0.0
 20
0.0
 30
0.0
  0
VERTEX
  8
0
 10
2.312346499413252
 20
7.929672352503999
 30
0.0
  0
VERTEX
  8
0
 10
2.253342408686876
 20
7.952353111933901
 30
0.0
  0
SEQEND
  8
0
  0
LINE
  8
0
 62
0
 10
2.3010913543403166
 20
7.7905181567185
 30
0.0
 11
2.312346499413252
 21
7.929672352503999
 31
0.0
  0
POLYLINE
  8
0
 62
0
 70
0
 66
1
 10
0.0
 20
0.0
 30
0.0
  0
VERTEX
  8
0
 10
2.209515634924173
 20
7.820531777571899
 30
0.0
  0
VERTEX
  8
0
 10
2.301091354340315
 20
7.7905181567185
 30
0.0
  0
SEQEND
  8
0
  0
POLYLINE
  8
0
 62
0
 70
0
 66
1
 10
0.0
 20
0.0
 30
0.0
  0
VERTEX
  8
0
 10
2.159038174897432
 20
7.8820938388816995
 30
0.0
  0
VERTEX
  8
0
 10
2.209515634924173
 20
7.820531777571899
 30
0.0
  0
SEQEND
  8
0
  0
POLYLINE
  8
0
 62
0
 70
0
 66
1
 10
0.0
 20
0.0
 30
0.0
  0
VERTEX
  8
0
 10
2.141473356634378
 20
7.992087058257299
 30
0.0
  0
VERTEX
  8
0
 10
2.159038174897432
 20
7.8820938388816995
 30
0.0
  0
SEQEND
  8
0
  0
POLYLINE
  8
0
 62
0
 70
0
 66
1
 10
0.0
 20
0.0
 30
0.0
  0
VERTEX
  8
0
 10
2.158185493201017
 20
8.1061728815548
 30
0.0
  0
VERTEX
  8
0
 10
2.141473356634378
 20
7.992087058257299
 30
0.0
  0
SEQEND
  8
0
  0
POLYLINE
  8
0
 62
0
 70
0
 66
1
 10
0.0
 20
0.0
 30
0.0
  0
VERTEX
  8
0
 10
2.209515634924173
 20
8.1702930252068
 30
0.0
  0
VERTEX
  8
0
 10
2.158185493201017
 20
8.1061728815548
 30
0.0
  0
SEQEND
  8
0
  0
POLYLINE
  8
0
 62
0
 70
0
 66
1
 10
0.0
 20
0.0
 30
0.0
  0
VERTEX
  8
0
 10
2.287107732146978
 20
8.1936559597962
 30
0.0
  0
VERTEX
  8
0
 10
2.209515634924173
 20
8.1702930252068
 30
0.0
  0
SEQEND
  8
0
  0
POLYLINE
  8
0
 62
0
 70
0
 66
1
 10
0.0
 20
0.0
 30
0.0
  0
VERTEX
  8
0
 10
2.374420154839754
 20
8.1668822984211
 30
0.0
  0
VERTEX
  8
0
 10
2.287107732146978
 20
8.1936559597962
 30
0.0
  0
SEQEND
  8
0
  0
POLYLINE
  8
0
 62
0
 70
0
 66
1
 10
0.0
 20
0.0
 30
0.0
  0
VERTEX
  8
0
 10
2.465825330466032
 20
8.0695085744374
 30
0.0
  0
VERTEX
  8
0
 10
2.374420154839754
 20
8.1668822984211
 30
0.0
  0
SEQEND
  8
0
  0
POLYLINE
  8
0
 62
0
 70
0
 66
1
 10
0.0
 20
0.0
 30
0.0
  0
VERTEX
  8
0
 10
2.5064119957387447
 20
8.0134036163799
 30
0.0
  0
VERTEX
  8
0
 10
2.465825330466032
 20
8.0695085744374
 30
0.0
  0
SEQEND
  8
0
  0
POLYLINE
  8
0
 62
0
 70
0
 66
1
 10
0.0
 20
0.0
 30
0.0
  0
VERTEX
  8
0
 10
2.53676662966609
 20
7.980149738024901
 30
0.0
  0
VERTEX
  8
0
 10
2.5064119957387447
 20
8.0134036163799
 30
0.0
  0
SEQEND
  8
0
  0
LINE
  8
0
 62
0
 10
2.53676662966609
 20
8.1970665375702
 30
0.0
 11
2.53676662966609
 21
7.980149738024901
 31
0.0
  0
LINE
  8
0
 62
0
 10
2.649999957531691
 20
8.1970665375702
 30
0.0
 11
2.53676662966609
 21
8.1970665375702
 31
0.0
  0
LINE
  8
0
 62
0
 10
2.649999957531691
 20
7.6394267897122
 30
0.0
 11
2.141473356634378
 21
7.6394267897122
 31
0.0
  0
LINE
  8
0
 62
0
 10
2.649999957531691
 20
7.4989083553663995
 30
0.0
 11
2.649999957531691
 21
7.6394267897122
 31
0.0
  0
LINE
  8
0
 62
0
 10
2.316780302673578
 20
7.4989083553663995
 30
0.0
 11
2.649999957531691
 21
7.4989083553663995
 31
0.0
  0
POLYLINE
  8
0
 62
0
 70
0
 66
1
 10
0.0
 20
0.0
 30
0.0
  0
VERTEX
  8
0
 10
2.358731206506491
 20
7.432912416290501
 30
0.0
  0
VERTEX
  8
0
 10
2.316780302673578
 20
7.4989083553663995
 30
0.0
  0
SEQEND
  8
0
  0
POLYLINE
  8
0
 62
0
 70
0
 66
1
 10
0.0
 20
0.0
 30
0.0
  0
VERTEX
  8
0
 10
2.389426965266466
 20
7.352932892274101
 30
0.0
  0
VERTEX
  8
0
 10
2.358731206506491
 20
7.432912416290501
 30
0.0
  0
SEQEND
  8
0
  0
LINE
  8
0
 62
0
 10
2.27551157400012
 20
7.352932892274101
 30
0.0
 11
2.389426965266466
 21
7.352932892274101
 31
0.0
  0
POLYLINE
  8
0
 62
0
 70
0
 66
1
 10
0.0
 20
0.0
 30
0.0
  0
VERTEX
  8
0
 10
2.220600236207247
 20
7.4630966181867
 30
0.0
  0
VERTEX
  8
0
 10
2.27551157400012
 20
7.352932892274101
 30
0.0
  0
SEQEND
  8
0
  0
POLYLINE
  8
0
 62
0
 70
0
 66
1
 10
0.0
 20
0.0
 30
0.0
  0
VERTEX
  8
0
 10
2.141473356634378
 20
7.5244881357066
 30
0.0
  0
VERTEX
  8
0
 10
2.220600236207247
 20
7.4630966181867
 30
0.0
  0
SEQEND
  8
0
  0
LINE
  8
0
 62
0
 10
2.141473356634378
 20
7.6394267897122
 30
0.0
 11
2.141473356634378
 21
7.5244881357066
 31
0.0
  0
LINE
  8
0
 62
0
 10
2.14999995008111
 20
7.2448155428283005
 30
0.0
 11
2.14999995008111
 21
6.9150065495633
 31
0.0
  0
LINE
  8
0
 62
0
 10
2.260845776647329
 20
7.2448155428283005
 30
0.0
 11
2.14999995008111
 21
7.2448155428283005
 31
0.0
  0
LINE
  8
0
 62
0
 10
2.260845776647329
 20
7.021418563555899
 30
0.0
 11
2.260845776647329
 21
7.2448155428283005
 31
0.0
  0
LINE
  8
0
 62
0
 10
2.3358799032866973
 20
7.009481317829314
 30
0.0
 11
2.260845776647329
 21
7.021418563555899
 31
0.0
  0
POLYLINE
  8
0
 62
0
 70
0
 66
1
 10
0.0
 20
0.0
 30
0.0
  0
VERTEX
  8
0
 10
2.319508817046881
 20
7.055354430805901
 30
0.0
  0
VERTEX
  8
0
 10
2.335879903286695
 20
7.0094813178293
 30
0.0
  0
SEQEND
  8
0
  0
POLYLINE
  8
0
 62
0
 70
0
 66
1
 10
0.0
 20
0.0
 30
0.0
  0
VERTEX
  8
0
 10
2.314051788300276
 20
7.100204374175499
 30
0.0
  0
VERTEX
  8
0
 10
2.319508817046881
 20
7.055354430805901
 30
0.0
  0
SEQEND
  8
0
  0
POLYLINE
  8
0
 62
0
 70
0
 66
1
 10
0.0
 20
0.0
 30
0.0
  0
VERTEX
  8
0
 10
2.359413344413042
 20
7.2219642396085
 30
0.0
  0
VERTEX
  8
0
 10
2.314051788300276
 20
7.100204374175499
 30
0.0
  0
SEQEND
  8
0
  0
POLYLINE
  8
0
 62
0
 70
0
 66
1
 10
0.0
 20
0.0
 30
0.0
  0
VERTEX
  8
0
 10
2.473669823259115
 20
7.2686900342815
 30
0.0
  0
VERTEX
  8
0
 10
2.359413344413042
 20
7.2219642396085
 30
0.0
  0
SEQEND
  8
0
  0
POLYLINE
  8
0
 62
0
 70
0
 66
1
 10
0.0
 20
0.0
 30
0.0
  0
VERTEX
  8
0
 10
2.56678032502532
 20
7.244645036291301
 30
0.0
  0
VERTEX
  8
0
 10
2.473669823259115
 20
7.2686900342815
 30
0.0
  0
SEQEND
  8
0
  0
POLYLINE
  8
0
 62
0
 70
0
 66
1
 10
0.0
 20
0.0
 30
0.0
  0
VERTEX
  8
0
 10
2.634993147104979
 20
7.176432214211699
 30
0.0
  0
VERTEX
  8
0
 10
2.56678032502532
 20
7.244645036291301
 30
0.0
  0
SEQEND
  8
0
  0
POLYLINE
  8
0
 62
0
 70
0
 66
1
 10
0.0
 20
0.0
 30
0.0
  0
VERTEX
  8
0
 10
2.658526550978422
 20
7.0633694487623995
 30
0.0
  0
VERTEX
  8
0
 10
2.634993147104979
 20
7.176432214211699
 30
0.0
  0
SEQEND
  8
0
  0
POLYLINE
  8
0
 62
0
 70
0
 66
1
 10
0.0
 20
0.0
 30
0.0
  0
VERTEX
  8
0
 10
2.649147313088179
 20
6.978615005966301
 30
0.0
  0
VERTEX
  8
0
 10
2.658526550978422
 20
7.0633694487623995
 30
0.0
  0
SEQEND
  8
0
  0
POLYLINE
  8
0
 62
0
 70
0
 66
1
 10
0.0
 20
0.0
 30
0.0
  0
VERTEX
  8
0
 10
2.621180068701506
 20
6.918587717693301
 30
0.0
  0
VERTEX
  8
0
 10
2.649147313088179
 20
6.978615005966301
 30
0.0
  0
SEQEND
  8
0
  0
POLYLINE
  8
0
 62
0
 70
0
 66
1
 10
0.0
 20
0.0
 30
0.0
  0
VERTEX
  8
0
 10
2.579058658331633
 20
6.8785126837902
 30
0.0
  0
VERTEX
  8
0
 10
2.621180068701506
 20
6.918587717693301
 30
0.0
  0
SEQEND
  8
0
  0
POLYLINE
  8
0
 62
0
 70
0
 66
1
 10
0.0
 20
0.0
 30
0.0
  0
VERTEX
  8
0
 10
2.5203956179320812
 20
6.8529328755103
 30
0.0
  0
VERTEX
  8
0
 10
2.579058658331633
 20
6.8785126837902
 30
0.0
  0
SEQEND
  8
0
  0
LINE
  8
0
 62
0
 10
2.5050477199256416
 20
6.9934513005428
 30
0.0
 11
2.5203956179320812
 21
6.8529328755103
 31
0.0
  0
POLYLINE
  8
0
 62
0
 70
0
 66
1
 10
0.0
 20
0.0
 30
0.0
  0
VERTEX
  8
0
 10
2.556377898901701
 20
7.017325791996001
 30
0.0
  0
VERTEX
  8
0
 10
2.505047719925642
 20
6.9934513005428
 30
0.0
  0
SEQEND
  8
0
  0
POLYLINE
  8
0
 62
0
 70
0
 66
1
 10
0.0
 20
0.0
 30
0.0
  0
VERTEX
  8
0
 10
2.573942642658949
 20
7.0620051915757
 30
0.0
  0
VERTEX
  8
0
 10
2.556377898901701
 20
7.017325791996001
 30
0.0
  0
SEQEND
  8
0
  0
POLYLINE
  8
0
 62
0
 70
0
 66
1
 10
0.0
 20
0.0
 30
0.0
  0
VERTEX
  8
0
 10
2.551944058388472
 20
7.1099246996455
 30
0.0
  0
VERTEX
  8
0
 10
2.573942642658949
 20
7.0620051915757
 30
0.0
  0
SEQEND
  8
0
  0
POLYLINE
  8
0
 62
0
 70
0
 66
1
 10
0.0
 20
0.0
 30
0.0
  0
VERTEX
  8
0
 10
2.486289169639349
 20
7.1288537564687005
 30
0.0
  0
VERTEX
  8
0
 10
2.551944058388472
 20
7.1099246996455
 30
0.0
  0
SEQEND
  8
0
  0
POLYLINE
  8
0
 62
0
 70
0
 66
1
 10
0.0
 20
0.0
 30
0.0
  0
VERTEX
  8
0
 10
2.420804861932993
 20
7.109754155855599
 30
0.0
  0
VERTEX
  8
0
 10
2.486289169639349
 20
7.1288537564687005
 30
0.0
  0
SEQEND
  8
0
  0
POLYLINE
  8
0
 62
0
 70
0
 66
1
 10
0.0
 20
0.0
 30
0.0
  0
VERTEX
  8
0
 10
2.399999972432852
 20
7.0589356082492
 30
0.0
  0
VERTEX
  8
0
 10
2.420804861932993
 20
7.109754155855599
 30
0.0
  0
SEQEND
  8
0
  0
POLYLINE
  8
0
 62
0
 70
0
 66
1
 10
0.0
 20
0.0
 30
0.0
  0
VERTEX
  8
0
 10
2.409890804439783
 20
7.0200543063693
 30
0.0
  0
VERTEX
  8
0
 10
2.399999972432852
 20
7.0589356082492
 30
0.0
  0
SEQEND
  8
0
  0
POLYLINE
  8
0
 62
0
 70
0
 66
1
 10
0.0
 20
0.0
 30
0.0
  0
VERTEX
  8
0
 10
2.435811709612608
 20
6.9893585289828
 30
0.0
  0
VERTEX
  8
0
 10
2.409890804439783
 20
7.0200543063693
 30
0.0
  0
SEQEND
  8
0
  0
LINE
  8
0
 62
0
 10
2.4187584854662454
 20
6.871009278576799
 30
0.0
 11
2.435811709612608
 21
6.9893585289828
 31
0.0
  0
LINE
  8
0
 62
0
 10
2.1499999500811
 20
6.915006549563239
 30
0.0
 11
2.418758485466242
 21
6.8710092785768
 31
0.0
  0
LINE
  8
0
 62
0
 10
1.9999999999999984
 20
6.85
 30
0.0
 11
2.799999999999999
 21
6.85
 31
0.0
  0
LINE
  8
0
 62
0
 10
2.799999999999999
 20
8.25
 30
0.0
 11
1.9999999999999987
 21
8.25
 31
0.0
  0
LINE
  8
0
 62
0
 10
1.9999999999999987
 20
8.25
 30
0.0
 11
1.9999999999999987
 21
6.85
 31
0.0
  0
LINE
  8
0
 62
0
 10
2.799999999999999
 20
6.85
 30
0.0
 11
2.799999999999999
 21
8.25
 31
0.0
  0
LINE
  8
0
 62
0
 10
2.799999999999999
 20
8.25
 30
0.0
 11
2.799999999999999
 21
8.55
 31
0.0
  0
LINE
  8
0
 62
0
 10
1.9999999999999987
 20
8.55
 30
0.0
 11
1.9999999999999987
 21
8.25
 31
0.0
  0
LINE
  8
0
 62
0
 10
2.799999999999999
 20
6.550000000000001
 30
0.0
 11
2.799999999999999
 21
6.85
 31
0.0
  0
LINE
  8
0
 62
0
 10
1.9999999999999987
 20
6.85
 30
0.0
 11
1.9999999999999987
 21
6.550000000000001
 31
0.0
  0
LINE
  8
0
 62
0
 10
19.3
 20
8.55
 30
0.0
 11
19.30369990715402
 21
9.097666475035787
 31
0.0
  0
POLYLINE
  8
0
 62
0
 70
0
 66
1
 10
0.0
 20
0.0
 30
0.0
  0
VERTEX
  8
0
 10
19.429174429022872
 20
8.727814445342998
 30
0.0
  0
VERTEX
  8
0
 10
19.303699907154016
 20
9.0976664750358
 30
0.0
  0
SEQEND
  8
0
  0
LINE
  8
0
 62
0
 10
18.5
 20
8.55
 30
0.0
 11
18.559302736592695
 21
9.126164552522313
 31
0.0
  0
POLYLINE
  8
0
 62
0
 70
0
 66
1
 10
0.0
 20
0.0
 30
0.0
  0
VERTEX
  8
0
 10
19.303699907154016
 20
9.0976664750358
 30
0.0
  0
VERTEX
  8
0
 10
18.5593027365927
 20
9.1261645525223
 30
0.0
  0
SEQEND
  8
0
  0
LINE
  8
0
 62
0
 10
19.3
 20
8.55
 30
0.0
 11
18.5
 21
8.55
 31
0.0
  0
POLYLINE
  8
0
 62
0
 70
0
 66
1
 10
0.0
 20
0.0
 30
0.0
  0
VERTEX
  8
0
 10
18.5593027365927
 20
9.1261645525223
 30
0.0
  0
VERTEX
  8
0
 10
18.358814205783837
 20
8.825334997213414
 30
0.0
  0
SEQEND
  8
0
  0
LINE
  8
0
 62
0
 10
18.5
 20
6.550000000000001
 30
0.0
 11
18.48457664371115
 21
5.8748285817819905
 31
0.0
  0
POLYLINE
  8
0
 62
0
 70
0
 66
1
 10
0.0
 20
0.0
 30
0.0
  0
VERTEX
  8
0
 10
18.319558575300682
 20
6.2459200102369685
 30
0.0
  0
VERTEX
  8
0
 10
18.48457664371115
 20
5.874828581781999
 30
0.0
  0
SEQEND
  8
0
  0
LINE
  8
0
 62
0
 10
19.3
 20
6.550000000000001
 30
0.0
 11
19.409124258831167
 21
5.854122745126215
 31
0.0
  0
POLYLINE
  8
0
 62
0
 70
0
 66
1
 10
0.0
 20
0.0
 30
0.0
  0
VERTEX
  8
0
 10
18.48457664371115
 20
5.874828581781999
 30
0.0
  0
VERTEX
  8
0
 10
19.409124258831163
 20
5.854122745126199
 30
0.0
  0
SEQEND
  8
0
  0
LINE
  8
0
 62
0
 10
18.5
 20
6.550000000000001
 30
0.0
 11
19.3
 21
6.550000000000001
 31
0.0
  0
POLYLINE
  8
0
 62
0
 70
0
 66
1
 10
0.0
 20
0.0
 30
0.0
  0
VERTEX
  8
0
 10
19.409124258831163
 20
5.854122745126199
 30
0.0
  0
VERTEX
  8
0
 10
19.56432229674378
 20
6.352871736367361
 30
0.0
  0
SEQEND
  8
0
  0
LINE
  8
0
 62
0
 10
19.14999995753169
 20
7.7802862743847
 30
0.0
 11
19.14999995753169
 21
8.1970665375702
 31
0.0
  0
POLYLINE
  8
0
 62
0
 70
0
 66
1
 10
0.0
 20
0.0
 30
0.0
  0
VERTEX
  8
0
 10
19.033867608755827
 20
7.8237718860619
 30
0.0
  0
VERTEX
  8
0
 10
19.14999995753169
 20
7.7802862743847
 30
0.0
  0
SEQEND
  8
0
  0
POLYLINE
  8
0
 62
0
 70
0
 66
1
 10
0.0
 20
0.0
 30
0.0
  0
VERTEX
  8
0
 10
18.905457001179457
 20
7.960027060937101
 30
0.0
  0
VERTEX
  8
0
 10
19.033867608755827
 20
7.8237718860619
 30
0.0
  0
SEQEND
  8
0
  0
POLYLINE
  8
0
 62
0
 70
0
 66
1
 10
0.0
 20
0.0
 30
0.0
  0
VERTEX
  8
0
 10
18.836562041193247
 20
8.0381307522766
 30
0.0
  0
VERTEX
  8
0
 10
18.905457001179457
 20
7.960027060937101
 30
0.0
  0
SEQEND
  8
0
  0
POLYLINE
  8
0
 62
0
 70
0
 66
1
 10
0.0
 20
0.0
 30
0.0
  0
VERTEX
  8
0
 10
18.791882622987032
 20
8.0551839391701
 30
0.0
  0
VERTEX
  8
0
 10
18.836562041193247
 20
8.0381307522766
 30
0.0
  0
SEQEND
  8
0
  0
POLYLINE
  8
0
 62
0
 70
0
 66
1
 10
0.0
 20
0.0
 30
0.0
  0
VERTEX
  8
0
 10
18.752830777317286
 20
8.0383012215607
 30
0.0
  0
VERTEX
  8
0
 10
18.791882622987032
 20
8.0551839391701
 30
0.0
  0
SEQEND
  8
0
  0
POLYLINE
  8
0
 62
0
 70
0
 66
1
 10
0.0
 20
0.0
 30
0.0
  0
VERTEX
  8
0
 10
18.736630234867334
 20
7.995838723611101
 30
0.0
  0
VERTEX
  8
0
 10
18.752830777317286
 20
8.0383012215607
 30
0.0
  0
SEQEND
  8
0
  0
POLYLINE
  8
0
 62
0
 70
0
 66
1
 10
0.0
 20
0.0
 30
0.0
  0
VERTEX
  8
0
 10
18.753342408686876
 20
7.952353111933901
 30
0.0
  0
VERTEX
  8
0
 10
18.736630234867334
 20
7.995838723611101
 30
0.0
  0
SEQEND
  8
0
  0
POLYLINE
  8
0
 62
0
 70
0
 66
1
 10
0.0
 20
0.0
 30
0.0
  0
VERTEX
  8
0
 10
18.812346499413252
 20
7.929672352503999
 30
0.0
  0
VERTEX
  8
0
 10
18.753342408686876
 20
7.952353111933901
 30
0.0
  0
SEQEND
  8
0
  0
LINE
  8
0
 62
0
 10
18.80109135434032
 20
7.7905181567185
 30
0.0
 11
18.812346499413252
 21
7.929672352503999
 31
0.0
  0
POLYLINE
  8
0
 62
0
 70
0
 66
1
 10
0.0
 20
0.0
 30
0.0
  0
VERTEX
  8
0
 10
18.709515634924173
 20
7.820531777571899
 30
0.0
  0
VERTEX
  8
0
 10
18.801091354340315
 20
7.7905181567185
 30
0.0
  0
SEQEND
  8
0
  0
POLYLINE
  8
0
 62
0
 70
0
 66
1
 10
0.0
 20
0.0
 30
0.0
  0
VERTEX
  8
0
 10
18.659038174897432
 20
7.8820938388816995
 30
0.0
  0
VERTEX
  8
0
 10
18.709515634924173
 20
7.820531777571899
 30
0.0
  0
SEQEND
  8
0
  0
POLYLINE
  8
0
 62
0
 70
0
 66
1
 10
0.0
 20
0.0
 30
0.0
  0
VERTEX
  8
0
 10
18.64147335663438
 20
7.992087058257299
 30
0.0
  0
VERTEX
  8
0
 10
18.659038174897432
 20
7.8820938388816995
 30
0.0
  0
SEQEND
  8
0
  0
POLYLINE
  8
0
 62
0
 70
0
 66
1
 10
0.0
 20
0.0
 30
0.0
  0
VERTEX
  8
0
 10
18.658185493201017
 20
8.1061728815548
 30
0.0
  0
VERTEX
  8
0
 10
18.64147335663438
 20
7.992087058257299
 30
0.0
  0
SEQEND
  8
0
  0
POLYLINE
  8
0
 62
0
 70
0
 66
1
 10
0.0
 20
0.0
 30
0.0
  0
VERTEX
  8
0
 10
18.709515634924173
 20
8.1702930252068
 30
0.0
  0
VERTEX
  8
0
 10
18.658185493201017
 20
8.1061728815548
 30
0.0
  0
SEQEND
  8
0
  0
POLYLINE
  8
0
 62
0
 70
0
 66
1
 10
0.0
 20
0.0
 30
0.0
  0
VERTEX
  8
0
 10
18.78710773214698
 20
8.1936559597962
 30
0.0
  0
VERTEX
  8
0
 10
18.709515634924173
 20
8.1702930252068
 30
0.0
  0
SEQEND
  8
0
  0
POLYLINE
  8
0
 62
0
 70
0
 66
1
 10
0.0
 20
0.0
 30
0.0
  0
VERTEX
  8
0
 10
18.874420154839754
 20
8.1668822984211
 30
0.0
  0
VERTEX
  8
0
 10
18.78710773214698
 20
8.1936559597962
 30
0.0
  0
SEQEND
  8
0
  0
POLYLINE
  8
0
 62
0
 70
0
 66
1
 10
0.0
 20
0.0
 30
0.0
  0
VERTEX
  8
0
 10
18.965825330466032
 20
8.0695085744374
 30
0.0
  0
VERTEX
  8
0
 10
18.874420154839754
 20
8.1668822984211
 30
0.0
  0
SEQEND
  8
0
  0
POLYLINE
  8
0
 62
0
 70
0
 66
1
 10
0.0
 20
0.0
 30
0.0
  0
VERTEX
  8
0
 10
19.006411995738745
 20
8.0134036163799
 30
0.0
  0
VERTEX
  8
0
 10
18.965825330466032
 20
8.0695085744374
 30
0.0
  0
SEQEND
  8
0
  0
POLYLINE
  8
0
 62
0
 70
0
 66
1
 10
0.0
 20
0.0
 30
0.0
  0
VERTEX
  8
0
 10
19.03676662966609
 20
7.980149738024901
 30
0.0
  0
VERTEX
  8
0
 10
19.006411995738745
 20
8.0134036163799
 30
0.0
  0
SEQEND
  8
0
  0
LINE
  8
0
 62
0
 10
19.03676662966609
 20
8.1970665375702
 30
0.0
 11
19.03676662966609
 21
7.980149738024901
 31
0.0
  0
LINE
  8
0
 62
0
 10
19.14999995753169
 20
8.1970665375702
 30
0.0
 11
19.03676662966609
 21
8.1970665375702
 31
0.0
  0
LINE
  8
0
 62
0
 10
19.14999995753169
 20
7.6394267897122
 30
0.0
 11
18.64147335663438
 21
7.6394267897122
 31
0.0
  0
LINE
  8
0
 62
0
 10
19.14999995753169
 20
7.4989083553663995
 30
0.0
 11
19.14999995753169
 21
7.6394267897122
 31
0.0
  0
LINE
  8
0
 62
0
 10
18.81678030267358
 20
7.4989083553663995
 30
0.0
 11
19.14999995753169
 21
7.4989083553663995
 31
0.0
  0
POLYLINE
  8
0
 62
0
 70
0
 66
1
 10
0.0
 20
0.0
 30
0.0
  0
VERTEX
  8
0
 10
18.85873120650649
 20
7.432912416290501
 30
0.0
  0
VERTEX
  8
0
 10
18.81678030267358
 20
7.4989083553663995
 30
0.0
  0
SEQEND
  8
0
  0
POLYLINE
  8
0
 62
0
 70
0
 66
1
 10
0.0
 20
0.0
 30
0.0
  0
VERTEX
  8
0
 10
18.889426965266466
 20
7.352932892274101
 30
0.0
  0
VERTEX
  8
0
 10
18.85873120650649
 20
7.432912416290501
 30
0.0
  0
SEQEND
  8
0
  0
LINE
  8
0
 62
0
 10
18.77551157400012
 20
7.352932892274101
 30
0.0
 11
18.889426965266466
 21
7.352932892274101
 31
0.0
  0
POLYLINE
  8
0
 62
0
 70
0
 66
1
 10
0.0
 20
0.0
 30
0.0
  0
VERTEX
  8
0
 10
18.720600236207247
 20
7.4630966181867
 30
0.0
  0
VERTEX
  8
0
 10
18.77551157400012
 20
7.352932892274101
 30
0.0
  0
SEQEND
  8
0
  0
POLYLINE
  8
0
 62
0
 70
0
 66
1
 10
0.0
 20
0.0
 30
0.0
  0
VERTEX
  8
0
 10
18.64147335663438
 20
7.5244881357066
 30
0.0
  0
VERTEX
  8
0
 10
18.720600236207247
 20
7.4630966181867
 30
0.0
  0
SEQEND
  8
0
  0
LINE
  8
0
 62
0
 10
18.64147335663438
 20
7.6394267897122
 30
0.0
 11
18.64147335663438
 21
7.5244881357066
 31
0.0
  0
LINE
  8
0
 62
0
 10
18.64999995008111
 20
7.2448155428283005
 30
0.0
 11
18.64999995008111
 21
6.9150065495633
 31
0.0
  0
LINE
  8
0
 62
0
 10
18.76084577664733
 20
7.2448155428283005
 30
0.0
 11
18.64999995008111
 21
7.2448155428283005
 31
0.0
  0
LINE
  8
0
 62
0
 10
18.76084577664733
 20
7.021418563555899
 30
0.0
 11
18.76084577664733
 21
7.2448155428283005
 31
0.0
  0
LINE
  8
0
 62
0
 10
18.8358799032867
 20
7.009481317829314
 30
0.0
 11
18.76084577664733
 21
7.021418563555899
 31
0.0
  0
POLYLINE
  8
0
 62
0
 70
0
 66
1
 10
0.0
 20
0.0
 30
0.0
  0
VERTEX
  8
0
 10
18.81950881704688
 20
7.055354430805901
 30
0.0
  0
VERTEX
  8
0
 10
18.835879903286695
 20
7.0094813178293
 30
0.0
  0
SEQEND
  8
0
  0
POLYLINE
  8
0
 62
0
 70
0
 66
1
 10
0.0
 20
0.0
 30
0.0
  0
VERTEX
  8
0
 10
18.814051788300276
 20
7.100204374175499
 30
0.0
  0
VERTEX
  8
0
 10
18.81950881704688
 20
7.055354430805901
 30
0.0
  0
SEQEND
  8
0
  0
POLYLINE
  8
0
 62
0
 70
0
 66
1
 10
0.0
 20
0.0
 30
0.0
  0
VERTEX
  8
0
 10
18.859413344413042
 20
7.2219642396085
 30
0.0
  0
VERTEX
  8
0
 10
18.814051788300276
 20
7.100204374175499
 30
0.0
  0
SEQEND
  8
0
  0
POLYLINE
  8
0
 62
0
 70
0
 66
1
 10
0.0
 20
0.0
 30
0.0
  0
VERTEX
  8
0
 10
18.973669823259115
 20
7.2686900342815
 30
0.0
  0
VERTEX
  8
0
 10
18.859413344413042
 20
7.2219642396085
 30
0.0
  0
SEQEND
  8
0
  0
POLYLINE
  8
0
 62
0
 70
0
 66
1
 10
0.0
 20
0.0
 30
0.0
  0
VERTEX
  8
0
 10
19.06678032502532
 20
7.244645036291301
 30
0.0
  0
VERTEX
  8
0
 10
18.973669823259115
 20
7.2686900342815
 30
0.0
  0
SEQEND
  8
0
  0
POLYLINE
  8
0
 62
0
 70
0
 66
1
 10
0.0
 20
0.0
 30
0.0
  0
VERTEX
  8
0
 10
19.13499314710498
 20
7.176432214211699
 30
0.0
  0
VERTEX
  8
0
 10
19.06678032502532
 20
7.244645036291301
 30
0.0
  0
SEQEND
  8
0
  0
POLYLINE
  8
0
 62
0
 70
0
 66
1
 10
0.0
 20
0.0
 30
0.0
  0
VERTEX
  8
0
 10
19.158526550978422
 20
7.0633694487623995
 30
0.0
  0
VERTEX
  8
0
 10
19.13499314710498
 20
7.176432214211699
 30
0.0
  0
SEQEND
  8
0
  0
POLYLINE
  8
0
 62
0
 70
0
 66
1
 10
0.0
 20
0.0
 30
0.0
  0
VERTEX
  8
0
 10
19.14914731308818
 20
6.978615005966301
 30
0.0
  0
VERTEX
  8
0
 10
19.158526550978422
 20
7.0633694487623995
 30
0.0
  0
SEQEND
  8
0
  0
POLYLINE
  8
0
 62
0
 70
0
 66
1
 10
0.0
 20
0.0
 30
0.0
  0
VERTEX
  8
0
 10
19.121180068701506
 20
6.918587717693301
 30
0.0
  0
VERTEX
  8
0
 10
19.14914731308818
 20
6.978615005966301
 30
0.0
  0
SEQEND
  8
0
  0
POLYLINE
  8
0
 62
0
 70
0
 66
1
 10
0.0
 20
0.0
 30
0.0
  0
VERTEX
  8
0
 10
19.079058658331633
 20
6.8785126837902
 30
0.0
  0
VERTEX
  8
0
 10
19.121180068701506
 20
6.918587717693301
 30
0.0
  0
SEQEND
  8
0
  0
POLYLINE
  8
0
 62
0
 70
0
 66
1
 10
0.0
 20
0.0
 30
0.0
  0
VERTEX
  8
0
 10
19.02039561793208
 20
6.8529328755103
 30
0.0
  0
VERTEX
  8
0
 10
19.079058658331633
 20
6.8785126837902
 30
0.0
  0
SEQEND
  8
0
  0
LINE
  8
0
 62
0
 10
19.005047719925642
 20
6.9934513005428
 30
0.0
 11
19.02039561793208
 21
6.8529328755103
 31
0.0
  0
POLYLINE
  8
0
 62
0
 70
0
 66
1
 10
0.0
 20
0.0
 30
0.0
  0
VERTEX
  8
0
 10
19.0563778989017
 20
7.017325791996001
 30
0.0
  0
VERTEX
  8
0
 10
19.005047719925642
 20
6.9934513005428
 30
0.0
  0
SEQEND
  8
0
  0
POLYLINE
  8
0
 62
0
 70
0
 66
1
 10
0.0
 20
0.0
 30
0.0
  0
VERTEX
  8
0
 10
19.07394264265895
 20
7.0620051915757
 30
0.0
  0
VERTEX
  8
0
 10
19.0563778989017
 20
7.017325791996001
 30
0.0
  0
SEQEND
  8
0
  0
POLYLINE
  8
0
 62
0
 70
0
 66
1
 10
0.0
 20
0.0
 30
0.0
  0
VERTEX
  8
0
 10
19.05194405838847
 20
7.1099246996455
 30
0.0
  0
VERTEX
  8
0
 10
19.07394264265895
 20
7.0620051915757
 30
0.0
  0
SEQEND
  8
0
  0
POLYLINE
  8
0
 62
0
 70
0
 66
1
 10
0.0
 20
0.0
 30
0.0
  0
VERTEX
  8
0
 10
18.98628916963935
 20
7.1288537564687005
 30
0.0
  0
VERTEX
  8
0
 10
19.05194405838847
 20
7.1099246996455
 30
0.0
  0
SEQEND
  8
0
  0
POLYLINE
  8
0
 62
0
 70
0
 66
1
 10
0.0
 20
0.0
 30
0.0
  0
VERTEX
  8
0
 10
18.920804861932993
 20
7.109754155855599
 30
0.0
  0
VERTEX
  8
0
 10
18.98628916963935
 20
7.1288537564687005
 30
0.0
  0
SEQEND
  8
0
  0
POLYLINE
  8
0
 62
0
 70
0
 66
1
 10
0.0
 20
0.0
 30
0.0
  0
VERTEX
  8
0
 10
18.899999972432852
 20
7.0589356082492
 30
0.0
  0
VERTEX
  8
0
 10
18.920804861932993
 20
7.109754155855599
 30
0.0
  0
SEQEND
  8
0
  0
POLYLINE
  8
0
 62
0
 70
0
 66
1
 10
0.0
 20
0.0
 30
0.0
  0
VERTEX
  8
0
 10
18.909890804439783
 20
7.0200543063693
 30
0.0
  0
VERTEX
  8
0
 10
18.899999972432852
 20
7.0589356082492
 30
0.0
  0
SEQEND
  8
0
  0
POLYLINE
  8
0
 62
0
 70
0
 66
1
 10
0.0
 20
0.0
 30
0.0
  0
VERTEX
  8
0
 10
18.935811709612608
 20
6.9893585289828
 30
0.0
  0
VERTEX
  8
0
 10
18.909890804439783
 20
7.0200543063693
 30
0.0
  0
SEQEND
  8
0
  0
LINE
  8
0
 62
0
 10
18.918758485466245
 20
6.871009278576799
 30
0.0
 11
18.935811709612608
 21
6.9893585289828
 31
0.0
  0
LINE
  8
0
 62
0
 10
18.6499999500811
 20
6.915006549563239
 30
0.0
 11
18.918758485466242
 21
6.8710092785768
 31
0.0
  0
LINE
  8
0
 62
0
 10
18.5
 20
6.85
 30
0.0
 11
19.3
 21
6.85
 31
0.0
  0
LINE
  8
0
 62
0
 10
19.3
 20
8.25
 30
0.0
 11
18.5
 21
8.25
 31
0.0
  0
LINE
  8
0
 62
0
 10
18.5
 20
8.25
 30
0.0
 11
18.5
 21
6.85
 31
0.0
  0
LINE
  8
0
 62
0
 10
19.3
 20
6.85
 30
0.0
 11
19.3
 21
8.25
 31
0.0
  0
LINE
  8
0
 62
0
 10
19.3
 20
8.25
 30
0.0
 11
19.3
 21
8.55
 31
0.0
  0
LINE
  8
0
 62
0
 10
18.5
 20
8.55
 30
0.0
 11
18.5
 21
8.25
 31
0.0
  0
LINE
  8
0
 62
0
 10
19.3
 20
6.550000000000001
 30
0.0
 11
19.3
 21
6.85
 31
0.0
  0
LINE
  8
0
 62
0
 10
18.5
 20
6.85
 30
0.0
 11
18.5
 21
6.550000000000001
 31
0.0
  0
ARC
  8
0
 62
0
 10
0.999999999999999
 20
11.8
 30
0.0
 40
1.0
 50
90.00000000000018
 51
-180.0
  0
LINE
  8
0
 62
0
 10
-7.225416114969383e-16
 20
11.8
 30
0.0
 11
-6.123233995736708e-17
 21
1.0
 31
0.0
  0
ARC
  8
0
 62
0
 10
1.0
 20
1.0
 30
0.0
 40
1.0
 50
-180.0
 51
-89.99999999999997
  0
LINE
  8
0
 62
0
 10
1.0
 20
0.0
 30
0.0
 11
6.450000000000001
 21
0.0
 31
0.0
  0
LINE
  8
0
 62
0
 10
15.399999999999999
 20
0.0
 30
0.0
 11
20.7
 21
0.0
 31
0.0
  0
ARC
  8
0
 62
0
 10
20.7
 20
1.0
 30
0.0
 40
1.0
 50
-90.0
 51
0.0
  0
LINE
  8
0
 62
0
 10
21.7
 20
1.0
 30
0.0
 11
21.7
 21
11.8
 31
0.0
  0
ARC
  8
0
 62
0
 10
20.7
 20
11.8
 30
0.0
 40
1.0
 50
-0.0
 51
90.0
  0
LINE
  8
0
 62
0
 10
20.7
 20
12.8
 30
0.0
 11
0.9999999999999964
 21
12.8
 31
0.0
  0
LINE
  8
0
 62
0
 10
15.500000000009553
 20
5.94999999999259
 30
0.0
 11
15.500000000009305
 21
4.75
 31
0.0
  0
ARC
  8
0
 62
0
 10
15.0999999999986
 20
4.75
 30
0.0
 40
0.399999999992902
 50
-41.409622107815075
 51
0.0
  0
LINE
  8
0
 62
0
 10
14.699999999996622
 20
5.9
 30
0.0
 11
14.699999999996226
 21
5.95000000001399
 31
0.0
  0
ARC
  8
0
 62
0
 10
15.0999999999987
 20
5.95000000000329
 30
0.0
 40
0.400000000010889
 50
-0.0
 51
180.0
  0
LINE
  8
0
 62
0
 10
15.5000000000094
 20
1.4499999999807498
 30
0.0
 11
15.5000000000094
 21
0.75
 31
0.0
  0
ARC
  8
0
 62
0
 10
15.1000000000101
 20
0.75
 30
0.0
 40
0.400000000004381
 50
-41.40962211216995
 51
-0.0
  0
ARC
  8
0
 62
0
 10
15.1000000000075
 20
1.44999999998075
 30
0.0
 40
0.400000000001817
 50
-0.0
 51
41.40962211119035
  0
LINE
  8
0
 62
0
 10
6.999999999998603
 20
5.95000000000503
 30
0.0
 11
6.999999999998604
 21
5.9
 31
0.0
  0
ARC
  8
0
 62
0
 10
6.60000000000026
 20
4.75000000000306
 30
0.0
 40
0.400000000001594
 50
180.0
 51
-112.0243128369898
  0
LINE
  8
0
 62
0
 10
6.199999999998669
 20
4.75000000000314
 30
0.0
 11
6.199999999997449
 21
5.9500000000055
 31
0.0
  0
ARC
  8
0
 62
0
 10
6.59999999999741
 20
5.95000000000526
 30
0.0
 40
0.400000000001193
 50
-0.0
 51
180.0
  0
ARC
  8
0
 62
0
 10
6.59999999999711
 20
0.75
 30
0.0
 40
0.39999999999867
 50
-180.0
 51
-112.02431283667258
  0
LINE
  8
0
 62
0
 10
6.19999999999844
 20
0.75
 30
0.0
 11
6.19999999999844
 21
1.4499999999807498
 31
0.0
  0
ARC
  8
0
 62
0
 10
6.60000000000026
 20
1.44999999998075
 30
0.0
 40
0.400000000001817
 50
112.02431283697688
 51
-180.0
  0
CIRCLE
  8
0
 62
0
 10
19.2
 20
2.5
 30
0.0
 40
1.65
  0
CIRCLE
  8
0
 62
0
 10
2.5
 20
2.5
 30
0.0
 40
1.65
  0
CIRCLE
  8
0
 62
0
 10
9.58
 20
11.55
 30
0.0
 40
1.0
  0
CIRCLE
  8
0
 62
0
 10
9.58
 20
11.55
 30
0.0
 40
0.5
  0
CIRCLE
  8
0
 62
0
 10
17.2
 20
11.55
 30
0.0
 40
1.0
  0
CIRCLE
  8
0
 62
0
 10
17.2
 20
11.55
 30
0.0
 40
0.5
  0
CIRCLE
  8
0
 62
0
 10
7.04
 20
11.55
 30
0.0
 40
1.0
  0
CIRCLE
  8
0
 62
0
 10
7.04
 20
11.55
 30
0.0
 40
0.5
  0
CIRCLE
  8
0
 62
0
 10
12.12
 20
11.55
 30
0.0
 40
1.0
  0
CIRCLE
  8
0
 62
0
 10
12.12
 20
11.55
 30
0.0
 40
0.5
  0
CIRCLE
  8
0
 62
0
 10
14.66
 20
11.55
 30
0.0
 40
1.0
  0
CIRCLE
  8
0
 62
0
 10
14.66
 20
11.55
 30
0.0
 40
0.5
  0
CIRCLE
  8
0
 62
0
 10
4.5
 20
11.55
 30
0.0
 40
1.0
  0
CIRCLE
  8
0
 62
0
 10
4.5
 20
11.55
 30
0.0
 40
0.5
  0
LINE
  8
0
 62
0
 10
9.449692656993868
 20
9.04548093667254
 30
0.0
 11
9.48885052442551
 21
8.86949166646227
 31
0.0
  0
POLYLINE
  8
0
 62
0
 70
0
 66
1
 10
0.0
 20
0.0
 30
0.0
  0
VERTEX
  8
0
 10
9.44573312044144
 20
8.8501329719089
 30
0.0
  0
VERTEX
  8
0
 10
9.454522330076355
 20
8.8553680071616
 30
0.0
  0
SEQEND
  8
0
  0
POLYLINE
  8
0
 62
0
 70
0
 66
1
 10
0.0
 20
0.0
 30
0.0
  0
VERTEX
  8
0
 10
9.47980261699273
 20
8.8665375377248
 30
0.0
  0
VERTEX
  8
0
 10
9.48885052442551
 20
8.86949166646227
 30
0.0
  0
SEQEND
  8
0
  0
POLYLINE
  8
0
 62
0
 70
0
 66
1
 10
0.0
 20
0.0
 30
0.0
  0
VERTEX
  8
0
 10
9.48885052442551
 20
8.86949166646227
 30
0.0
  0
VERTEX
  8
0
 10
9.44573312044144
 20
8.8501329719089
 30
0.0
  0
SEQEND
  8
0
  0
POLYLINE
  8
0
 62
0
 70
0
 66
1
 10
0.0
 20
0.0
 30
0.0
  0
VERTEX
  8
0
 10
9.41053538560867
 20
8.80921557536349
 30
0.0
  0
VERTEX
  8
0
 10
9.416181546985948
 20
8.818593846066149
 30
0.0
  0
SEQEND
  8
0
  0
POLYLINE
  8
0
 62
0
 70
0
 66
1
 10
0.0
 20
0.0
 30
0.0
  0
VERTEX
  8
0
 10
9.430363210651585
 20
8.836761008188098
 30
0.0
  0
VERTEX
  8
0
 10
9.44573312044144
 20
8.8501329719089
 30
0.0
  0
SEQEND
  8
0
  0
POLYLINE
  8
0
 62
0
 70
0
 66
1
 10
0.0
 20
0.0
 30
0.0
  0
VERTEX
  8
0
 10
9.44573312044144
 20
8.8501329719089
 30
0.0
  0
VERTEX
  8
0
 10
9.41053538560867
 20
8.80921557536349
 30
0.0
  0
SEQEND
  8
0
  0
POLYLINE
  8
0
 62
0
 70
0
 66
1
 10
0.0
 20
0.0
 30
0.0
  0
VERTEX
  8
0
 10
9.39821570158005
 20
8.75509887924418
 30
0.0
  0
VERTEX
  8
0
 10
9.398854433290479
 20
8.766343062101605
 30
0.0
  0
SEQEND
  8
0
  0
POLYLINE
  8
0
 62
0
 70
0
 66
1
 10
0.0
 20
0.0
 30
0.0
  0
VERTEX
  8
0
 10
9.410531645720846
 20
8.809206805679537
 30
0.0
  0
VERTEX
  8
0
 10
9.41053538560867
 20
8.80921557536349
 30
0.0
  0
SEQEND
  8
0
  0
POLYLINE
  8
0
 62
0
 70
0
 66
1
 10
0.0
 20
0.0
 30
0.0
  0
VERTEX
  8
0
 10
9.41053538560867
 20
8.80921557536349
 30
0.0
  0
VERTEX
  8
0
 10
9.39821570158005
 20
8.75509887924418
 30
0.0
  0
SEQEND
  8
0
  0
POLYLINE
  8
0
 62
0
 70
0
 66
1
 10
0.0
 20
0.0
 30
0.0
  0
VERTEX
  8
0
 10
9.45271044015885
 20
8.65126535287127
 30
0.0
  0
VERTEX
  8
0
 10
9.423376472172725
 20
8.678756530540074
 30
0.0
  0
SEQEND
  8
0
  0
POLYLINE
  8
0
 62
0
 70
0
 66
1
 10
0.0
 20
0.0
 30
0.0
  0
VERTEX
  8
0
 10
9.423115927939124
 20
8.679059162319273
 30
0.0
  0
VERTEX
  8
0
 10
9.423114233449358
 20
8.679061137268768
 30
0.0
  0
SEQEND
  8
0
  0
POLYLINE
  8
0
 62
0
 70
0
 66
1
 10
0.0
 20
0.0
 30
0.0
  0
VERTEX
  8
0
 10
9.416880605282254
 20
8.687065603486054
 30
0.0
  0
VERTEX
  8
0
 10
9.416879243349241
 20
8.687067554136622
 30
0.0
  0
SEQEND
  8
0
  0
POLYLINE
  8
0
 62
0
 70
0
 66
1
 10
0.0
 20
0.0
 30
0.0
  0
VERTEX
  8
0
 10
9.4012331832955
 20
8.730166451485433
 30
0.0
  0
VERTEX
  8
0
 10
9.39821570158005
 20
8.75509887924418
 30
0.0
  0
SEQEND
  8
0
  0
POLYLINE
  8
0
 62
0
 70
0
 66
1
 10
0.0
 20
0.0
 30
0.0
  0
VERTEX
  8
0
 10
9.39821570158005
 20
8.75509887924418
 30
0.0
  0
VERTEX
  8
0
 10
9.45271044015885
 20
8.65126535287127
 30
0.0
  0
SEQEND
  8
0
  0
POLYLINE
  8
0
 62
0
 70
0
 66
1
 10
0.0
 20
0.0
 30
0.0
  0
VERTEX
  8
0
 10
9.551362288933788
 20
8.62461029920637
 30
0.0
  0
VERTEX
  8
0
 10
9.551342543524454
 20
8.624611165327359
 30
0.0
  0
SEQEND
  8
0
  0
POLYLINE
  8
0
 62
0
 70
0
 66
1
 10
0.0
 20
0.0
 30
0.0
  0
VERTEX
  8
0
 10
9.517467201116338
 20
8.62803459351506
 30
0.0
  0
VERTEX
  8
0
 10
9.512222933753337
 20
8.629043983634773
 30
0.0
  0
SEQEND
  8
0
  0
POLYLINE
  8
0
 62
0
 70
0
 66
1
 10
0.0
 20
0.0
 30
0.0
  0
VERTEX
  8
0
 10
9.45271044015885
 20
8.65126535287127
 30
0.0
  0
VERTEX
  8
0
 10
9.57970469236374
 20
8.62398698916659
 30
0.0
  0
SEQEND
  8
0
  0
POLYLINE
  8
0
 62
0
 70
0
 66
1
 10
0.0
 20
0.0
 30
0.0
  0
VERTEX
  8
0
 10
9.72670345544815
 20
8.65654498329386
 30
0.0
  0
VERTEX
  8
0
 10
9.689901797556342
 20
8.639093476489561
 30
0.0
  0
SEQEND
  8
0
  0
POLYLINE
  8
0
 62
0
 70
0
 66
1
 10
0.0
 20
0.0
 30
0.0
  0
VERTEX
  8
0
 10
9.610687538673155
 20
8.62425664228553
 30
0.0
  0
VERTEX
  8
0
 10
9.57970469236374
 20
8.62398698916659
 30
0.0
  0
SEQEND
  8
0
  0
POLYLINE
  8
0
 62
0
 70
0
 66
1
 10
0.0
 20
0.0
 30
0.0
  0
VERTEX
  8
0
 10
9.57970469236374
 20
8.62398698916659
 30
0.0
  0
VERTEX
  8
0
 10
9.72670345544815
 20
8.65654498329386
 30
0.0
  0
SEQEND
  8
0
  0
POLYLINE
  8
0
 62
0
 70
0
 66
1
 10
0.0
 20
0.0
 30
0.0
  0
VERTEX
  8
0
 10
9.764387235293489
 20
8.725779347036553
 30
0.0
  0
VERTEX
  8
0
 10
9.764386133994684
 20
8.725770960515645
 30
0.0
  0
SEQEND
  8
0
  0
POLYLINE
  8
0
 62
0
 70
0
 66
1
 10
0.0
 20
0.0
 30
0.0
  0
VERTEX
  8
0
 10
9.72670345544815
 20
8.65654498329386
 30
0.0
  0
VERTEX
  8
0
 10
9.76647286653519
 20
8.74805927267298
 30
0.0
  0
SEQEND
  8
0
  0
POLYLINE
  8
0
 62
0
 70
0
 66
1
 10
0.0
 20
0.0
 30
0.0
  0
VERTEX
  8
0
 10
9.76647286653519
 20
8.74805927267298
 30
0.0
  0
VERTEX
  8
0
 10
9.73435490369797
 20
8.83451387276873
 30
0.0
  0
SEQEND
  8
0
  0
POLYLINE
  8
0
 62
0
 70
0
 66
1
 10
0.0
 20
0.0
 30
0.0
  0
VERTEX
  8
0
 10
9.64108078718185
 20
8.87697115531191
 30
0.0
  0
VERTEX
  8
0
 10
9.661313910925077
 20
8.871836718775917
 30
0.0
  0
SEQEND
  8
0
  0
POLYLINE
  8
0
 62
0
 70
0
 66
1
 10
0.0
 20
0.0
 30
0.0
  0
VERTEX
  8
0
 10
9.700443427284096
 20
8.85694929959639
 30
0.0
  0
VERTEX
  8
0
 10
9.73435490369797
 20
8.83451387276873
 30
0.0
  0
SEQEND
  8
0
  0
POLYLINE
  8
0
 62
0
 70
0
 66
1
 10
0.0
 20
0.0
 30
0.0
  0
VERTEX
  8
0
 10
9.73435490369797
 20
8.83451387276873
 30
0.0
  0
VERTEX
  8
0
 10
9.64108078718185
 20
8.87697115531191
 30
0.0
  0
SEQEND
  8
0
  0
LINE
  8
0
 62
0
 10
9.641080787181853
 20
8.876971155311908
 30
0.0
 11
9.693877389431
 21
9.05164048066363
 31
0.0
  0
POLYLINE
  8
0
 62
0
 70
0
 66
1
 10
0.0
 20
0.0
 30
0.0
  0
VERTEX
  8
0
 10
9.81663017511368
 20
8.99620398869738
 30
0.0
  0
VERTEX
  8
0
 10
9.793788463911707
 20
9.01102206397878
 30
0.0
  0
SEQEND
  8
0
  0
POLYLINE
  8
0
 62
0
 70
0
 66
1
 10
0.0
 20
0.0
 30
0.0
  0
VERTEX
  8
0
 10
9.792554090300548
 20
9.011790068743109
 30
0.0
  0
VERTEX
  8
0
 10
9.792546029434673
 20
9.011795067672622
 30
0.0
  0
SEQEND
  8
0
  0
POLYLINE
  8
0
 62
0
 70
0
 66
1
 10
0.0
 20
0.0
 30
0.0
  0
VERTEX
  8
0
 10
9.777152778428546
 20
9.02087486196009
 30
0.0
  0
VERTEX
  8
0
 10
9.777148809277175
 20
9.02087706547737
 30
0.0
  0
SEQEND
  8
0
  0
POLYLINE
  8
0
 62
0
 70
0
 66
1
 10
0.0
 20
0.0
 30
0.0
  0
VERTEX
  8
0
 10
9.776622959655684
 20
9.0211682918879
 30
0.0
  0
VERTEX
  8
0
 10
9.776619998193267
 20
9.021169928032647
 30
0.0
  0
SEQEND
  8
0
  0
POLYLINE
  8
0
 62
0
 70
0
 66
1
 10
0.0
 20
0.0
 30
0.0
  0
VERTEX
  8
0
 10
9.76185024544188
 20
9.028727080698031
 30
0.0
  0
VERTEX
  8
0
 10
9.761846864677794
 20
9.028728662657413
 30
0.0
  0
SEQEND
  8
0
  0
POLYLINE
  8
0
 62
0
 70
0
 66
1
 10
0.0
 20
0.0
 30
0.0
  0
VERTEX
  8
0
 10
9.693896666683312
 20
9.051635152667506
 30
0.0
  0
VERTEX
  8
0
 10
9.693877389431
 20
9.05164048066363
 30
0.0
  0
SEQEND
  8
0
  0
POLYLINE
  8
0
 62
0
 70
0
 66
1
 10
0.0
 20
0.0
 30
0.0
  0
VERTEX
  8
0
 10
9.693877389431
 20
9.05164048066363
 30
0.0
  0
VERTEX
  8
0
 10
9.81663017511368
 20
8.99620398869738
 30
0.0
  0
SEQEND
  8
0
  0
POLYLINE
  8
0
 62
0
 70
0
 66
1
 10
0.0
 20
0.0
 30
0.0
  0
VERTEX
  8
0
 10
9.89098518133163
 20
8.90226975074038
 30
0.0
  0
VERTEX
  8
0
 10
9.879492315248866
 20
8.923728605366048
 30
0.0
  0
SEQEND
  8
0
  0
POLYLINE
  8
0
 62
0
 70
0
 66
1
 10
0.0
 20
0.0
 30
0.0
  0
VERTEX
  8
0
 10
9.859857251644131
 20
8.953801542427392
 30
0.0
  0
VERTEX
  8
0
 10
9.859759160272743
 20
8.953925521799638
 30
0.0
  0
SEQEND
  8
0
  0
POLYLINE
  8
0
 62
0
 70
0
 66
1
 10
0.0
 20
0.0
 30
0.0
  0
VERTEX
  8
0
 10
9.836218210359064
 20
8.97884300666794
 30
0.0
  0
VERTEX
  8
0
 10
9.836167982563305
 20
8.978889594240297
 30
0.0
  0
SEQEND
  8
0
  0
POLYLINE
  8
0
 62
0
 70
0
 66
1
 10
0.0
 20
0.0
 30
0.0
  0
VERTEX
  8
0
 10
9.816660407407852
 20
8.996177796935829
 30
0.0
  0
VERTEX
  8
0
 10
9.81663017511368
 20
8.99620398869738
 30
0.0
  0
SEQEND
  8
0
  0
POLYLINE
  8
0
 62
0
 70
0
 66
1
 10
0.0
 20
0.0
 30
0.0
  0
VERTEX
  8
0
 10
9.81663017511368
 20
8.99620398869738
 30
0.0
  0
VERTEX
  8
0
 10
9.89098518133163
 20
8.90226975074038
 30
0.0
  0
SEQEND
  8
0
  0
POLYLINE
  8
0
 62
0
 70
0
 66
1
 10
0.0
 20
0.0
 30
0.0
  0
VERTEX
  8
0
 10
9.91606383562088
 20
8.75949859609828
 30
0.0
  0
VERTEX
  8
0
 10
9.915156889015172
 20
8.78881347048103
 30
0.0
  0
SEQEND
  8
0
  0
POLYLINE
  8
0
 62
0
 70
0
 66
1
 10
0.0
 20
0.0
 30
0.0
  0
VERTEX
  8
0
 10
9.915063816313888
 20
8.790771882286773
 30
0.0
  0
VERTEX
  8
0
 10
9.915063187981247
 20
8.790784674122776
 30
0.0
  0
SEQEND
  8
0
  0
POLYLINE
  8
0
 62
0
 70
0
 66
1
 10
0.0
 20
0.0
 30
0.0
  0
VERTEX
  8
0
 10
9.90997878737774
 20
8.837568622265048
 30
0.0
  0
VERTEX
  8
0
 10
9.909977586153607
 20
8.837574934723133
 30
0.0
  0
SEQEND
  8
0
  0
POLYLINE
  8
0
 62
0
 70
0
 66
1
 10
0.0
 20
0.0
 30
0.0
  0
VERTEX
  8
0
 10
9.89101138524817
 20
8.902194164004582
 30
0.0
  0
VERTEX
  8
0
 10
9.89098518133163
 20
8.90226975074038
 30
0.0
  0
SEQEND
  8
0
  0
POLYLINE
  8
0
 62
0
 70
0
 66
1
 10
0.0
 20
0.0
 30
0.0
  0
VERTEX
  8
0
 10
9.89098518133163
 20
8.90226975074038
 30
0.0
  0
VERTEX
  8
0
 10
9.91606383562088
 20
8.75949859609828
 30
0.0
  0
SEQEND
  8
0
  0
POLYLINE
  8
0
 62
0
 70
0
 66
1
 10
0.0
 20
0.0
 30
0.0
  0
VERTEX
  8
0
 10
9.88550632238388
 20
8.5876892506145
 30
0.0
  0
VERTEX
  8
0
 10
9.89694011440007
 20
8.621050519277254
 30
0.0
  0
SEQEND
  8
0
  0
POLYLINE
  8
0
 62
0
 70
0
 66
1
 10
0.0
 20
0.0
 30
0.0
  0
VERTEX
  8
0
 10
9.89747138449383
 20
8.622706932325787
 30
0.0
  0
VERTEX
  8
0
 10
9.897474838855967
 20
8.622717755470894
 30
0.0
  0
SEQEND
  8
0
  0
POLYLINE
  8
0
 62
0
 70
0
 66
1
 10
0.0
 20
0.0
 30
0.0
  0
VERTEX
  8
0
 10
9.903543762012797
 20
8.643226245570336
 30
0.0
  0
VERTEX
  8
0
 10
9.903545213859116
 20
8.64323163966915
 30
0.0
  0
SEQEND
  8
0
  0
POLYLINE
  8
0
 62
0
 70
0
 66
1
 10
0.0
 20
0.0
 30
0.0
  0
VERTEX
  8
0
 10
9.903731536358777
 20
8.643926563752826
 30
0.0
  0
VERTEX
  8
0
 10
9.903732583874323
 20
8.643930485825692
 30
0.0
  0
SEQEND
  8
0
  0
POLYLINE
  8
0
 62
0
 70
0
 66
1
 10
0.0
 20
0.0
 30
0.0
  0
VERTEX
  8
0
 10
9.908283119512197
 20
8.663261958544355
 30
0.0
  0
VERTEX
  8
0
 10
9.90828394391078
 20
8.663266061893388
 30
0.0
  0
SEQEND
  8
0
  0
POLYLINE
  8
0
 62
0
 70
0
 66
1
 10
0.0
 20
0.0
 30
0.0
  0
VERTEX
  8
0
 10
9.915546261087187
 20
8.739033649926723
 30
0.0
  0
VERTEX
  8
0
 10
9.91606383562088
 20
8.75949859609828
 30
0.0
  0
SEQEND
  8
0
  0
POLYLINE
  8
0
 62
0
 70
0
 66
1
 10
0.0
 20
0.0
 30
0.0
  0
VERTEX
  8
0
 10
9.91606383562088
 20
8.75949859609828
 30
0.0
  0
VERTEX
  8
0
 10
9.88550632238388
 20
8.5876892506145
 30
0.0
  0
SEQEND
  8
0
  0
POLYLINE
  8
0
 62
0
 70
0
 66
1
 10
0.0
 20
0.0
 30
0.0
  0
VERTEX
  8
0
 10
9.77800517320633
 20
8.47263649096713
 30
0.0
  0
VERTEX
  8
0
 10
9.811149087446276
 20
8.496442980135097
 30
0.0
  0
SEQEND
  8
0
  0
POLYLINE
  8
0
 62
0
 70
0
 66
1
 10
0.0
 20
0.0
 30
0.0
  0
VERTEX
  8
0
 10
9.843182877193653
 20
8.525411101372574
 30
0.0
  0
VERTEX
  8
0
 10
9.843912622692251
 20
8.52622160743933
 30
0.0
  0
SEQEND
  8
0
  0
POLYLINE
  8
0
 62
0
 70
0
 66
1
 10
0.0
 20
0.0
 30
0.0
  0
VERTEX
  8
0
 10
9.856326261835463
 20
8.541568080371928
 30
0.0
  0
VERTEX
  8
0
 10
9.856329506936596
 20
8.541572480459768
 30
0.0
  0
SEQEND
  8
0
  0
POLYLINE
  8
0
 62
0
 70
0
 66
1
 10
0.0
 20
0.0
 30
0.0
  0
VERTEX
  8
0
 10
9.868035804971178
 20
8.558699778664716
 30
0.0
  0
VERTEX
  8
0
 10
9.868041760815
 20
8.558709087290797
 30
0.0
  0
SEQEND
  8
0
  0
POLYLINE
  8
0
 62
0
 70
0
 66
1
 10
0.0
 20
0.0
 30
0.0
  0
VERTEX
  8
0
 10
9.868950670997993
 20
8.560135966398288
 30
0.0
  0
VERTEX
  8
0
 10
9.88550632238388
 20
8.5876892506145
 30
0.0
  0
SEQEND
  8
0
  0
POLYLINE
  8
0
 62
0
 70
0
 66
1
 10
0.0
 20
0.0
 30
0.0
  0
VERTEX
  8
0
 10
9.88550632238388
 20
8.5876892506145
 30
0.0
  0
VERTEX
  8
0
 10
9.77800517320633
 20
8.47263649096713
 30
0.0
  0
SEQEND
  8
0
  0
POLYLINE
  8
0
 62
0
 70
0
 66
1
 10
0.0
 20
0.0
 30
0.0
  0
VERTEX
  8
0
 10
9.58102433919907
 20
8.42423945656046
 30
0.0
  0
VERTEX
  8
0
 10
9.62240966326373
 20
8.426171293290771
 30
0.0
  0
SEQEND
  8
0
  0
POLYLINE
  8
0
 62
0
 70
0
 66
1
 10
0.0
 20
0.0
 30
0.0
  0
VERTEX
  8
0
 10
9.703506134186531
 20
8.440271845614257
 30
0.0
  0
VERTEX
  8
0
 10
9.77800517320633
 20
8.47263649096713
 30
0.0
  0
SEQEND
  8
0
  0
POLYLINE
  8
0
 62
0
 70
0
 66
1
 10
0.0
 20
0.0
 30
0.0
  0
VERTEX
  8
0
 10
9.77800517320633
 20
8.47263649096713
 30
0.0
  0
VERTEX
  8
0
 10
9.58102433919907
 20
8.42423945656046
 30
0.0
  0
SEQEND
  8
0
  0
POLYLINE
  8
0
 62
0
 70
0
 66
1
 10
0.0
 20
0.0
 30
0.0
  0
VERTEX
  8
0
 10
9.33502464532852
 20
8.50937411179766
 30
0.0
  0
VERTEX
  8
0
 10
9.378995232843065
 20
8.477973125540625
 30
0.0
  0
SEQEND
  8
0
  0
POLYLINE
  8
0
 62
0
 70
0
 66
1
 10
0.0
 20
0.0
 30
0.0
  0
VERTEX
  8
0
 10
9.381265950008274
 20
8.476470108619647
 30
0.0
  0
VERTEX
  8
0
 10
9.381280751863677
 20
8.476460367119401
 30
0.0
  0
SEQEND
  8
0
  0
POLYLINE
  8
0
 62
0
 70
0
 66
1
 10
0.0
 20
0.0
 30
0.0
  0
VERTEX
  8
0
 10
9.409766993170834
 20
8.4592951867855
 30
0.0
  0
VERTEX
  8
0
 10
9.409773983909599
 20
8.45929141129027
 30
0.0
  0
SEQEND
  8
0
  0
POLYLINE
  8
0
 62
0
 70
0
 66
1
 10
0.0
 20
0.0
 30
0.0
  0
VERTEX
  8
0
 10
9.410753437716203
 20
8.458764774759798
 30
0.0
  0
VERTEX
  8
0
 10
9.410758927954603
 20
8.458761835869115
 30
0.0
  0
SEQEND
  8
0
  0
POLYLINE
  8
0
 62
0
 70
0
 66
1
 10
0.0
 20
0.0
 30
0.0
  0
VERTEX
  8
0
 10
9.581004361334971
 20
8.424240397275835
 30
0.0
  0
VERTEX
  8
0
 10
9.58102433919907
 20
8.42423945656046
 30
0.0
  0
SEQEND
  8
0
  0
POLYLINE
  8
0
 62
0
 70
0
 66
1
 10
0.0
 20
0.0
 30
0.0
  0
VERTEX
  8
0
 10
9.58102433919907
 20
8.42423945656046
 30
0.0
  0
VERTEX
  8
0
 10
9.33502464532852
 20
8.50937411179766
 30
0.0
  0
SEQEND
  8
0
  0
POLYLINE
  8
0
 62
0
 70
0
 66
1
 10
0.0
 20
0.0
 30
0.0
  0
VERTEX
  8
0
 10
9.24906521081924
 20
8.75025913110003
 30
0.0
  0
VERTEX
  8
0
 10
9.252554271386044
 20
8.696966855136695
 30
0.0
  0
SEQEND
  8
0
  0
POLYLINE
  8
0
 62
0
 70
0
 66
1
 10
0.0
 20
0.0
 30
0.0
  0
VERTEX
  8
0
 10
9.25288802887789
 20
8.693525543153061
 30
0.0
  0
VERTEX
  8
0
 10
9.25289027042165
 20
8.69350312121849
 30
0.0
  0
SEQEND
  8
0
  0
POLYLINE
  8
0
 62
0
 70
0
 66
1
 10
0.0
 20
0.0
 30
0.0
  0
VERTEX
  8
0
 10
9.253183051792332
 20
8.690648288258968
 30
0.0
  0
VERTEX
  8
0
 10
9.253184742161249
 20
8.690632217771675
 30
0.0
  0
SEQEND
  8
0
  0
POLYLINE
  8
0
 62
0
 70
0
 66
1
 10
0.0
 20
0.0
 30
0.0
  0
VERTEX
  8
0
 10
9.270052147942716
 20
8.61346559185295
 30
0.0
  0
VERTEX
  8
0
 10
9.270055273679478
 20
8.613457414690272
 30
0.0
  0
SEQEND
  8
0
  0
POLYLINE
  8
0
 62
0
 70
0
 66
1
 10
0.0
 20
0.0
 30
0.0
  0
VERTEX
  8
0
 10
9.33501859372377
 20
8.509382072832762
 30
0.0
  0
VERTEX
  8
0
 10
9.33502464532852
 20
8.50937411179766
 30
0.0
  0
SEQEND
  8
0
  0
POLYLINE
  8
0
 62
0
 70
0
 66
1
 10
0.0
 20
0.0
 30
0.0
  0
VERTEX
  8
0
 10
9.33502464532852
 20
8.50937411179766
 30
0.0
  0
VERTEX
  8
0
 10
9.24906521081924
 20
8.75025913110003
 30
0.0
  0
SEQEND
  8
0
  0
POLYLINE
  8
0
 62
0
 70
0
 66
1
 10
0.0
 20
0.0
 30
0.0
  0
VERTEX
  8
0
 10
9.2983421587944
 20
8.94186720242724
 30
0.0
  0
VERTEX
  8
0
 10
9.279864713947287
 20
8.905897769697596
 30
0.0
  0
SEQEND
  8
0
  0
POLYLINE
  8
0
 62
0
 70
0
 66
1
 10
0.0
 20
0.0
 30
0.0
  0
VERTEX
  8
0
 10
9.261540808981215
 20
8.859636911089137
 30
0.0
  0
VERTEX
  8
0
 10
9.26138429880142
 20
8.85909721245989
 30
0.0
  0
SEQEND
  8
0
  0
POLYLINE
  8
0
 62
0
 70
0
 66
1
 10
0.0
 20
0.0
 30
0.0
  0
VERTEX
  8
0
 10
9.249065522707554
 20
8.750269126235128
 30
0.0
  0
VERTEX
  8
0
 10
9.24906521081924
 20
8.75025913110003
 30
0.0
  0
SEQEND
  8
0
  0
POLYLINE
  8
0
 62
0
 70
0
 66
1
 10
0.0
 20
0.0
 30
0.0
  0
VERTEX
  8
0
 10
9.24906521081924
 20
8.75025913110003
 30
0.0
  0
VERTEX
  8
0
 10
9.2983421587944
 20
8.94186720242724
 30
0.0
  0
SEQEND
  8
0
  0
POLYLINE
  8
0
 62
0
 70
0
 66
1
 10
0.0
 20
0.0
 30
0.0
  0
VERTEX
  8
0
 10
9.44969265699387
 20
9.04548093667254
 30
0.0
  0
VERTEX
  8
0
 10
9.414657909042193
 20
9.031569880368941
 30
0.0
  0
SEQEND
  8
0
  0
POLYLINE
  8
0
 62
0
 70
0
 66
1
 10
0.0
 20
0.0
 30
0.0
  0
VERTEX
  8
0
 10
9.412435634561337
 20
9.030620837367769
 30
0.0
  0
VERTEX
  8
0
 10
9.412421151417584
 20
9.03061461134143
 30
0.0
  0
SEQEND
  8
0
  0
POLYLINE
  8
0
 62
0
 70
0
 66
1
 10
0.0
 20
0.0
 30
0.0
  0
VERTEX
  8
0
 10
9.410579129365557
 20
9.029818258833231
 30
0.0
  0
VERTEX
  8
0
 10
9.410568754559309
 20
9.02981374774831
 30
0.0
  0
SEQEND
  8
0
  0
POLYLINE
  8
0
 62
0
 70
0
 66
1
 10
0.0
 20
0.0
 30
0.0
  0
VERTEX
  8
0
 10
9.36162432396235
 20
9.00321121016814
 30
0.0
  0
VERTEX
  8
0
 10
9.361619442324999
 20
9.003207760170252
 30
0.0
  0
SEQEND
  8
0
  0
POLYLINE
  8
0
 62
0
 70
0
 66
1
 10
0.0
 20
0.0
 30
0.0
  0
VERTEX
  8
0
 10
9.298448373958948
 20
8.941986861676495
 30
0.0
  0
VERTEX
  8
0
 10
9.2983421587944
 20
8.94186720242724
 30
0.0
  0
SEQEND
  8
0
  0
POLYLINE
  8
0
 62
0
 70
0
 66
1
 10
0.0
 20
0.0
 30
0.0
  0
VERTEX
  8
0
 10
9.2983421587944
 20
8.94186720242724
 30
0.0
  0
VERTEX
  8
0
 10
9.44969265699387
 20
9.04548093667254
 30
0.0
  0
SEQEND
  8
0
  0
LINE
  8
0
 62
0
 10
9.449692656993868
 20
9.74635735144839
 30
0.0
 11
9.488850524425509
 21
9.57036837926135
 31
0.0
  0
POLYLINE
  8
0
 62
0
 70
0
 66
1
 10
0.0
 20
0.0
 30
0.0
  0
VERTEX
  8
0
 10
9.44573312044144
 20
9.55100968470797
 30
0.0
  0
VERTEX
  8
0
 10
9.454522420097565
 20
9.556244574030329
 30
0.0
  0
SEQEND
  8
0
  0
POLYLINE
  8
0
 62
0
 70
0
 66
1
 10
0.0
 20
0.0
 30
0.0
  0
VERTEX
  8
0
 10
9.47980268161014
 20
9.56741411411178
 30
0.0
  0
VERTEX
  8
0
 10
9.48885052442551
 20
9.57036837926135
 30
0.0
  0
SEQEND
  8
0
  0
POLYLINE
  8
0
 62
0
 70
0
 66
1
 10
0.0
 20
0.0
 30
0.0
  0
VERTEX
  8
0
 10
9.48885052442551
 20
9.57036837926135
 30
0.0
  0
VERTEX
  8
0
 10
9.44573312044144
 20
9.55100968470797
 30
0.0
  0
SEQEND
  8
0
  0
POLYLINE
  8
0
 62
0
 70
0
 66
1
 10
0.0
 20
0.0
 30
0.0
  0
VERTEX
  8
0
 10
9.41053538560867
 20
9.51009199013934
 30
0.0
  0
VERTEX
  8
0
 10
9.416181502819713
 20
9.519470350874338
 30
0.0
  0
SEQEND
  8
0
  0
POLYLINE
  8
0
 62
0
 70
0
 66
1
 10
0.0
 20
0.0
 30
0.0
  0
VERTEX
  8
0
 10
9.445725732886954
 20
9.551003662574926
 30
0.0
  0
VERTEX
  8
0
 10
9.44573312044144
 20
9.55100968470797
 30
0.0
  0
SEQEND
  8
0
  0
POLYLINE
  8
0
 62
0
 70
0
 66
1
 10
0.0
 20
0.0
 30
0.0
  0
VERTEX
  8
0
 10
9.44573312044144
 20
9.55100968470797
 30
0.0
  0
VERTEX
  8
0
 10
9.41053538560867
 20
9.51009199013934
 30
0.0
  0
SEQEND
  8
0
  0
POLYLINE
  8
0
 62
0
 70
0
 66
1
 10
0.0
 20
0.0
 30
0.0
  0
VERTEX
  8
0
 10
9.39821570158005
 20
9.45597544303164
 30
0.0
  0
VERTEX
  8
0
 10
9.398854441086996
 20
9.46721959482428
 30
0.0
  0
SEQEND
  8
0
  0
POLYLINE
  8
0
 62
0
 70
0
 66
1
 10
0.0
 20
0.0
 30
0.0
  0
VERTEX
  8
0
 10
9.410531645720665
 20
9.51008322045546
 30
0.0
  0
VERTEX
  8
0
 10
9.41053538560867
 20
9.51009199013934
 30
0.0
  0
SEQEND
  8
0
  0
POLYLINE
  8
0
 62
0
 70
0
 66
1
 10
0.0
 20
0.0
 30
0.0
  0
VERTEX
  8
0
 10
9.41053538560867
 20
9.51009199013934
 30
0.0
  0
VERTEX
  8
0
 10
9.39821570158005
 20
9.45597544303164
 30
0.0
  0
SEQEND
  8
0
  0
POLYLINE
  8
0
 62
0
 70
0
 66
1
 10
0.0
 20
0.0
 30
0.0
  0
VERTEX
  8
0
 10
9.45271044015884
 20
9.35214176764712
 30
0.0
  0
VERTEX
  8
0
 10
9.433879302124193
 20
9.368715972806218
 30
0.0
  0
SEQEND
  8
0
  0
POLYLINE
  8
0
 62
0
 70
0
 66
1
 10
0.0
 20
0.0
 30
0.0
  0
VERTEX
  8
0
 10
9.432854885066966
 20
9.369696809759489
 30
0.0
  0
VERTEX
  8
0
 10
9.43284821942269
 20
9.369703237004767
 30
0.0
  0
SEQEND
  8
0
  0
POLYLINE
  8
0
 62
0
 70
0
 66
1
 10
0.0
 20
0.0
 30
0.0
  0
VERTEX
  8
0
 10
9.412160562873057
 20
9.395542496603067
 30
0.0
  0
VERTEX
  8
0
 10
9.41215842792484
 20
9.395546419916052
 30
0.0
  0
SEQEND
  8
0
  0
POLYLINE
  8
0
 62
0
 70
0
 66
1
 10
0.0
 20
0.0
 30
0.0
  0
VERTEX
  8
0
 10
9.411839502594216
 20
9.396138997513635
 30
0.0
  0
VERTEX
  8
0
 10
9.39821570158005
 20
9.45597544303164
 30
0.0
  0
SEQEND
  8
0
  0
POLYLINE
  8
0
 62
0
 70
0
 66
1
 10
0.0
 20
0.0
 30
0.0
  0
VERTEX
  8
0
 10
9.39821570158005
 20
9.45597544303164
 30
0.0
  0
VERTEX
  8
0
 10
9.45271044015884
 20
9.35214176764712
 30
0.0
  0
SEQEND
  8
0
  0
POLYLINE
  8
0
 62
0
 70
0
 66
1
 10
0.0
 20
0.0
 30
0.0
  0
VERTEX
  8
0
 10
9.57970469236374
 20
9.32486370196566
 30
0.0
  0
VERTEX
  8
0
 10
9.55314260556035
 20
9.325412453230806
 30
0.0
  0
SEQEND
  8
0
  0
POLYLINE
  8
0
 62
0
 70
0
 66
1
 10
0.0
 20
0.0
 30
0.0
  0
VERTEX
  8
0
 10
9.453000318402918
 20
9.35200733721979
 30
0.0
  0
VERTEX
  8
0
 10
9.45271044015884
 20
9.35214176764712
 30
0.0
  0
SEQEND
  8
0
  0
POLYLINE
  8
0
 62
0
 70
0
 66
1
 10
0.0
 20
0.0
 30
0.0
  0
VERTEX
  8
0
 10
9.45271044015884
 20
9.35214176764712
 30
0.0
  0
VERTEX
  8
0
 10
9.57970469236374
 20
9.32486370196566
 30
0.0
  0
SEQEND
  8
0
  0
POLYLINE
  8
0
 62
0
 70
0
 66
1
 10
0.0
 20
0.0
 30
0.0
  0
VERTEX
  8
0
 10
9.72670345544815
 20
9.35742154708132
 30
0.0
  0
VERTEX
  8
0
 10
9.699075898122246
 20
9.34392632928588
 30
0.0
  0
SEQEND
  8
0
  0
POLYLINE
  8
0
 62
0
 70
0
 66
1
 10
0.0
 20
0.0
 30
0.0
  0
VERTEX
  8
0
 10
9.620481798233019
 20
9.325524838680728
 30
0.0
  0
VERTEX
  8
0
 10
9.57970469236374
 20
9.32486370196566
 30
0.0
  0
SEQEND
  8
0
  0
POLYLINE
  8
0
 62
0
 70
0
 66
1
 10
0.0
 20
0.0
 30
0.0
  0
VERTEX
  8
0
 10
9.57970469236374
 20
9.32486370196566
 30
0.0
  0
VERTEX
  8
0
 10
9.72670345544815
 20
9.35742154708132
 30
0.0
  0
SEQEND
  8
0
  0
POLYLINE
  8
0
 62
0
 70
0
 66
1
 10
0.0
 20
0.0
 30
0.0
  0
VERTEX
  8
0
 10
9.764387235253793
 20
9.42665591052166
 30
0.0
  0
VERTEX
  8
0
 10
9.764386133994684
 20
9.426647524303103
 30
0.0
  0
SEQEND
  8
0
  0
POLYLINE
  8
0
 62
0
 70
0
 66
1
 10
0.0
 20
0.0
 30
0.0
  0
VERTEX
  8
0
 10
9.72670345544815
 20
9.35742154708132
 30
0.0
  0
VERTEX
  8
0
 10
9.76647286653519
 20
9.44893583646044
 30
0.0
  0
SEQEND
  8
0
  0
POLYLINE
  8
0
 62
0
 70
0
 66
1
 10
0.0
 20
0.0
 30
0.0
  0
VERTEX
  8
0
 10
9.76647286653519
 20
9.44893583646044
 30
0.0
  0
VERTEX
  8
0
 10
9.73435490369797
 20
9.53539028754458
 30
0.0
  0
SEQEND
  8
0
  0
POLYLINE
  8
0
 62
0
 70
0
 66
1
 10
0.0
 20
0.0
 30
0.0
  0
VERTEX
  8
0
 10
9.64108078718185
 20
9.57784786811099
 30
0.0
  0
VERTEX
  8
0
 10
9.661313955500756
 20
9.57271344337368
 30
0.0
  0
SEQEND
  8
0
  0
POLYLINE
  8
0
 62
0
 70
0
 66
1
 10
0.0
 20
0.0
 30
0.0
  0
VERTEX
  8
0
 10
9.717686438907023
 20
9.547218230677256
 30
0.0
  0
VERTEX
  8
0
 10
9.73435490369797
 20
9.53539028754458
 30
0.0
  0
SEQEND
  8
0
  0
POLYLINE
  8
0
 62
0
 70
0
 66
1
 10
0.0
 20
0.0
 30
0.0
  0
VERTEX
  8
0
 10
9.73435490369797
 20
9.53539028754458
 30
0.0
  0
VERTEX
  8
0
 10
9.64108078718185
 20
9.57784786811099
 30
0.0
  0
SEQEND
  8
0
  0
LINE
  8
0
 62
0
 10
9.641080787181851
 20
9.57784786811099
 30
0.0
 11
9.693877389430996
 21
9.752516895439483
 31
0.0
  0
POLYLINE
  8
0
 62
0
 70
0
 66
1
 10
0.0
 20
0.0
 30
0.0
  0
VERTEX
  8
0
 10
9.81663017511368
 20
9.69708040347323
 30
0.0
  0
VERTEX
  8
0
 10
9.782124275647504
 20
9.718931222537249
 30
0.0
  0
SEQEND
  8
0
  0
POLYLINE
  8
0
 62
0
 70
0
 66
1
 10
0.0
 20
0.0
 30
0.0
  0
VERTEX
  8
0
 10
9.781328473938025
 20
9.71939054912753
 30
0.0
  0
VERTEX
  8
0
 10
9.781323273425548
 20
9.719393541231268
 30
0.0
  0
SEQEND
  8
0
  0
POLYLINE
  8
0
 62
0
 70
0
 66
1
 10
0.0
 20
0.0
 30
0.0
  0
VERTEX
  8
0
 10
9.76213821342224
 20
9.729468781584677
 30
0.0
  0
VERTEX
  8
0
 10
9.762132700990886
 20
9.729471370929142
 30
0.0
  0
SEQEND
  8
0
  0
POLYLINE
  8
0
 62
0
 70
0
 66
1
 10
0.0
 20
0.0
 30
0.0
  0
VERTEX
  8
0
 10
9.720086681498932
 20
9.74505097080039
 30
0.0
  0
VERTEX
  8
0
 10
9.693877389431
 20
9.75251689543948
 30
0.0
  0
SEQEND
  8
0
  0
POLYLINE
  8
0
 62
0
 70
0
 66
1
 10
0.0
 20
0.0
 30
0.0
  0
VERTEX
  8
0
 10
9.693877389431
 20
9.75251689543948
 30
0.0
  0
VERTEX
  8
0
 10
9.81663017511368
 20
9.69708040347323
 30
0.0
  0
SEQEND
  8
0
  0
POLYLINE
  8
0
 62
0
 70
0
 66
1
 10
0.0
 20
0.0
 30
0.0
  0
VERTEX
  8
0
 10
9.89098518133163
 20
9.60314646353945
 30
0.0
  0
VERTEX
  8
0
 10
9.871098554530057
 20
9.638727277002216
 30
0.0
  0
SEQEND
  8
0
  0
POLYLINE
  8
0
 62
0
 70
0
 66
1
 10
0.0
 20
0.0
 30
0.0
  0
VERTEX
  8
0
 10
9.870688362774327
 20
9.639370721706698
 30
0.0
  0
VERTEX
  8
0
 10
9.870685677027923
 20
9.639374919532806
 30
0.0
  0
SEQEND
  8
0
  0
POLYLINE
  8
0
 62
0
 70
0
 66
1
 10
0.0
 20
0.0
 30
0.0
  0
VERTEX
  8
0
 10
9.860329605883054
 20
9.654077657241256
 30
0.0
  0
VERTEX
  8
0
 10
9.86032650745429
 20
9.654081616276482
 30
0.0
  0
SEQEND
  8
0
  0
POLYLINE
  8
0
 62
0
 70
0
 66
1
 10
0.0
 20
0.0
 30
0.0
  0
VERTEX
  8
0
 10
9.834873588585092
 20
9.680961105477847
 30
0.0
  0
VERTEX
  8
0
 10
9.81663017511368
 20
9.69708040347323
 30
0.0
  0
SEQEND
  8
0
  0
POLYLINE
  8
0
 62
0
 70
0
 66
1
 10
0.0
 20
0.0
 30
0.0
  0
VERTEX
  8
0
 10
9.81663017511368
 20
9.69708040347323
 30
0.0
  0
VERTEX
  8
0
 10
9.89098518133163
 20
9.60314646353945
 30
0.0
  0
SEQEND
  8
0
  0
POLYLINE
  8
0
 62
0
 70
0
 66
1
 10
0.0
 20
0.0
 30
0.0
  0
VERTEX
  8
0
 10
9.91606383562088
 20
9.46037515988574
 30
0.0
  0
VERTEX
  8
0
 10
9.915156882153052
 20
9.489690061452109
 30
0.0
  0
SEQEND
  8
0
  0
POLYLINE
  8
0
 62
0
 70
0
 66
1
 10
0.0
 20
0.0
 30
0.0
  0
VERTEX
  8
0
 10
9.915063809172032
 20
9.491648472101827
 30
0.0
  0
VERTEX
  8
0
 10
9.915063180839725
 20
9.491661263888025
 30
0.0
  0
SEQEND
  8
0
  0
POLYLINE
  8
0
 62
0
 70
0
 66
1
 10
0.0
 20
0.0
 30
0.0
  0
VERTEX
  8
0
 10
9.909978786849166
 20
9.538445186486449
 30
0.0
  0
VERTEX
  8
0
 10
9.909977585432276
 20
9.538451499972437
 30
0.0
  0
SEQEND
  8
0
  0
POLYLINE
  8
0
 62
0
 70
0
 66
1
 10
0.0
 20
0.0
 30
0.0
  0
VERTEX
  8
0
 10
9.890998283264693
 20
9.603108670162493
 30
0.0
  0
VERTEX
  8
0
 10
9.89098518133163
 20
9.60314646353945
 30
0.0
  0
SEQEND
  8
0
  0
POLYLINE
  8
0
 62
0
 70
0
 66
1
 10
0.0
 20
0.0
 30
0.0
  0
VERTEX
  8
0
 10
9.89098518133163
 20
9.60314646353945
 30
0.0
  0
VERTEX
  8
0
 10
9.91606383562088
 20
9.46037515988574
 30
0.0
  0
SEQEND
  8
0
  0
POLYLINE
  8
0
 62
0
 70
0
 66
1
 10
0.0
 20
0.0
 30
0.0
  0
VERTEX
  8
0
 10
9.88550632238388
 20
9.28856566539034
 30
0.0
  0
VERTEX
  8
0
 10
9.896940123196462
 20
9.321926962543195
 30
0.0
  0
SEQEND
  8
0
  0
POLYLINE
  8
0
 62
0
 70
0
 66
1
 10
0.0
 20
0.0
 30
0.0
  0
VERTEX
  8
0
 10
9.897471392505746
 20
9.323583373437629
 30
0.0
  0
VERTEX
  8
0
 10
9.89747484720601
 20
9.32359419764405
 30
0.0
  0
SEQEND
  8
0
  0
POLYLINE
  8
0
 62
0
 70
0
 66
1
 10
0.0
 20
0.0
 30
0.0
  0
VERTEX
  8
0
 10
9.903543761521334
 20
9.344102659863289
 30
0.0
  0
VERTEX
  8
0
 10
9.903545217235331
 20
9.344108068332046
 30
0.0
  0
SEQEND
  8
0
  0
POLYLINE
  8
0
 62
0
 70
0
 66
1
 10
0.0
 20
0.0
 30
0.0
  0
VERTEX
  8
0
 10
9.908254077115885
 20
9.363994023312971
 30
0.0
  0
VERTEX
  8
0
 10
9.908255212132728
 20
9.36399965724947
 30
0.0
  0
SEQEND
  8
0
  0
POLYLINE
  8
0
 62
0
 70
0
 66
1
 10
0.0
 20
0.0
 30
0.0
  0
VERTEX
  8
0
 10
9.916063608247386
 20
9.46036516247101
 30
0.0
  0
VERTEX
  8
0
 10
9.91606383562088
 20
9.46037515988574
 30
0.0
  0
SEQEND
  8
0
  0
POLYLINE
  8
0
 62
0
 70
0
 66
1
 10
0.0
 20
0.0
 30
0.0
  0
VERTEX
  8
0
 10
9.91606383562088
 20
9.46037515988574
 30
0.0
  0
VERTEX
  8
0
 10
9.88550632238388
 20
9.28856566539034
 30
0.0
  0
SEQEND
  8
0
  0
POLYLINE
  8
0
 62
0
 70
0
 66
1
 10
0.0
 20
0.0
 30
0.0
  0
VERTEX
  8
0
 10
9.77800517320633
 20
9.17351290574297
 30
0.0
  0
VERTEX
  8
0
 10
9.804286212883481
 20
9.192131184509893
 30
0.0
  0
SEQEND
  8
0
  0
POLYLINE
  8
0
 62
0
 70
0
 66
1
 10
0.0
 20
0.0
 30
0.0
  0
VERTEX
  8
0
 10
9.805931497599481
 20
9.193356030579064
 30
0.0
  0
VERTEX
  8
0
 10
9.805942222580695
 20
9.193364051193642
 30
0.0
  0
SEQEND
  8
0
  0
POLYLINE
  8
0
 62
0
 70
0
 66
1
 10
0.0
 20
0.0
 30
0.0
  0
VERTEX
  8
0
 10
9.80730467282143
 20
9.194386950599975
 30
0.0
  0
VERTEX
  8
0
 10
9.80731234991897
 20
9.194392737344042
 30
0.0
  0
SEQEND
  8
0
  0
POLYLINE
  8
0
 62
0
 70
0
 66
1
 10
0.0
 20
0.0
 30
0.0
  0
VERTEX
  8
0
 10
9.842786064458092
 20
9.225850942143394
 30
0.0
  0
VERTEX
  8
0
 10
9.842789345262814
 20
9.225854539863507
 30
0.0
  0
SEQEND
  8
0
  0
POLYLINE
  8
0
 62
0
 70
0
 66
1
 10
0.0
 20
0.0
 30
0.0
  0
VERTEX
  8
0
 10
9.843798030906811
 20
9.226970088824201
 30
0.0
  0
VERTEX
  8
0
 10
9.843800961457971
 20
9.226973357503468
 30
0.0
  0
SEQEND
  8
0
  0
POLYLINE
  8
0
 62
0
 70
0
 66
1
 10
0.0
 20
0.0
 30
0.0
  0
VERTEX
  8
0
 10
9.853852687615037
 20
9.23914938668747
 30
0.0
  0
VERTEX
  8
0
 10
9.853855333339823
 20
9.23915284811107
 30
0.0
  0
SEQEND
  8
0
  0
POLYLINE
  8
0
 62
0
 70
0
 66
1
 10
0.0
 20
0.0
 30
0.0
  0
VERTEX
  8
0
 10
9.854665383160809
 20
9.240219000464899
 30
0.0
  0
VERTEX
  8
0
 10
9.854668031084385
 20
9.240222506312117
 30
0.0
  0
SEQEND
  8
0
  0
POLYLINE
  8
0
 62
0
 70
0
 66
1
 10
0.0
 20
0.0
 30
0.0
  0
VERTEX
  8
0
 10
9.863859387290269
 20
9.253188983133988
 30
0.0
  0
VERTEX
  8
0
 10
9.863861838164159
 20
9.253192645868515
 30
0.0
  0
SEQEND
  8
0
  0
POLYLINE
  8
0
 62
0
 70
0
 66
1
 10
0.0
 20
0.0
 30
0.0
  0
VERTEX
  8
0
 10
9.864236432058888
 20
9.253753680857148
 30
0.0
  0
VERTEX
  8
0
 10
9.88550632238388
 20
9.28856566539034
 30
0.0
  0
SEQEND
  8
0
  0
POLYLINE
  8
0
 62
0
 70
0
 66
1
 10
0.0
 20
0.0
 30
0.0
  0
VERTEX
  8
0
 10
9.88550632238388
 20
9.28856566539034
 30
0.0
  0
VERTEX
  8
0
 10
9.77800517320633
 20
9.17351290574297
 30
0.0
  0
SEQEND
  8
0
  0
POLYLINE
  8
0
 62
0
 70
0
 66
1
 10
0.0
 20
0.0
 30
0.0
  0
VERTEX
  8
0
 10
9.58102433919907
 20
9.12511602034792
 30
0.0
  0
VERTEX
  8
0
 10
9.622409646747379
 20
9.12704786827919
 30
0.0
  0
SEQEND
  8
0
  0
POLYLINE
  8
0
 62
0
 70
0
 66
1
 10
0.0
 20
0.0
 30
0.0
  0
VERTEX
  8
0
 10
9.703506076236856
 20
9.141148377800087
 30
0.0
  0
VERTEX
  8
0
 10
9.77800517320633
 20
9.17351290574297
 30
0.0
  0
SEQEND
  8
0
  0
POLYLINE
  8
0
 62
0
 70
0
 66
1
 10
0.0
 20
0.0
 30
0.0
  0
VERTEX
  8
0
 10
9.77800517320633
 20
9.17351290574297
 30
0.0
  0
VERTEX
  8
0
 10
9.58102433919907
 20
9.12511602034792
 30
0.0
  0
SEQEND
  8
0
  0
POLYLINE
  8
0
 62
0
 70
0
 66
1
 10
0.0
 20
0.0
 30
0.0
  0
VERTEX
  8
0
 10
9.33502464532852
 20
9.21025052657351
 30
0.0
  0
VERTEX
  8
0
 10
9.402698576654249
 20
9.164107239397811
 30
0.0
  0
SEQEND
  8
0
  0
POLYLINE
  8
0
 62
0
 70
0
 66
1
 10
0.0
 20
0.0
 30
0.0
  0
VERTEX
  8
0
 10
9.421191155104358
 20
9.15432611087928
 30
0.0
  0
VERTEX
  8
0
 10
9.421195802292324
 20
9.154323868805218
 30
0.0
  0
SEQEND
  8
0
  0
POLYLINE
  8
0
 62
0
 70
0
 66
1
 10
0.0
 20
0.0
 30
0.0
  0
VERTEX
  8
0
 10
9.421803776794748
 20
9.15403152438419
 30
0.0
  0
VERTEX
  8
0
 10
9.421807204417972
 20
9.154029881721227
 30
0.0
  0
SEQEND
  8
0
  0
POLYLINE
  8
0
 62
0
 70
0
 66
1
 10
0.0
 20
0.0
 30
0.0
  0
VERTEX
  8
0
 10
9.438874039991111
 20
9.146641427495894
 30
0.0
  0
VERTEX
  8
0
 10
9.438877829715425
 20
9.1466399672125
 30
0.0
  0
SEQEND
  8
0
  0
POLYLINE
  8
0
 62
0
 70
0
 66
1
 10
0.0
 20
0.0
 30
0.0
  0
VERTEX
  8
0
 10
9.52683016965734
 20
9.128415126259998
 30
0.0
  0
VERTEX
  8
0
 10
9.58102433919907
 20
9.12511602034792
 30
0.0
  0
SEQEND
  8
0
  0
POLYLINE
  8
0
 62
0
 70
0
 66
1
 10
0.0
 20
0.0
 30
0.0
  0
VERTEX
  8
0
 10
9.58102433919907
 20
9.12511602034792
 30
0.0
  0
VERTEX
  8
0
 10
9.33502464532852
 20
9.21025052657351
 30
0.0
  0
SEQEND
  8
0
  0
POLYLINE
  8
0
 62
0
 70
0
 66
1
 10
0.0
 20
0.0
 30
0.0
  0
VERTEX
  8
0
 10
9.24906521081924
 20
9.45113554587588
 30
0.0
  0
VERTEX
  8
0
 10
9.255893258216453
 20
9.370303156192678
 30
0.0
  0
SEQEND
  8
0
  0
POLYLINE
  8
0
 62
0
 70
0
 66
1
 10
0.0
 20
0.0
 30
0.0
  0
VERTEX
  8
0
 10
9.270955916277384
 20
9.312019292633707
 30
0.0
  0
VERTEX
  8
0
 10
9.27095834861764
 20
9.312013150769799
 30
0.0
  0
SEQEND
  8
0
  0
POLYLINE
  8
0
 62
0
 70
0
 66
1
 10
0.0
 20
0.0
 30
0.0
  0
VERTEX
  8
0
 10
9.284005736380655
 20
9.284523779929234
 30
0.0
  0
VERTEX
  8
0
 10
9.284008742461392
 20
9.284518308461191
 30
0.0
  0
SEQEND
  8
0
  0
POLYLINE
  8
0
 62
0
 70
0
 66
1
 10
0.0
 20
0.0
 30
0.0
  0
VERTEX
  8
0
 10
9.284544214634664
 20
9.283548068050951
 30
0.0
  0
VERTEX
  8
0
 10
9.284548331573518
 20
9.283540641856879
 30
0.0
  0
SEQEND
  8
0
  0
POLYLINE
  8
0
 62
0
 70
0
 66
1
 10
0.0
 20
0.0
 30
0.0
  0
VERTEX
  8
0
 10
9.302007293195775
 20
9.255353624677676
 30
0.0
  0
VERTEX
  8
0
 10
9.302017227037176
 20
9.255338955724648
 30
0.0
  0
SEQEND
  8
0
  0
POLYLINE
  8
0
 62
0
 70
0
 66
1
 10
0.0
 20
0.0
 30
0.0
  0
VERTEX
  8
0
 10
9.303546126738741
 20
9.2530943234933
 30
0.0
  0
VERTEX
  8
0
 10
9.33502464532852
 20
9.21025052657351
 30
0.0
  0
SEQEND
  8
0
  0
POLYLINE
  8
0
 62
0
 70
0
 66
1
 10
0.0
 20
0.0
 30
0.0
  0
VERTEX
  8
0
 10
9.33502464532852
 20
9.21025052657351
 30
0.0
  0
VERTEX
  8
0
 10
9.24906521081924
 20
9.45113554587588
 30
0.0
  0
SEQEND
  8
0
  0
POLYLINE
  8
0
 62
0
 70
0
 66
1
 10
0.0
 20
0.0
 30
0.0
  0
VERTEX
  8
0
 10
9.2983421587944
 20
9.64274361720309
 30
0.0
  0
VERTEX
  8
0
 10
9.258972193748276
 20
9.55088816508555
 30
0.0
  0
SEQEND
  8
0
  0
POLYLINE
  8
0
 62
0
 70
0
 66
1
 10
0.0
 20
0.0
 30
0.0
  0
VERTEX
  8
0
 10
9.25874826865439
 20
9.54995977759786
 30
0.0
  0
VERTEX
  8
0
 10
9.258747279231756
 20
9.549955638436158
 30
0.0
  0
SEQEND
  8
0
  0
POLYLINE
  8
0
 62
0
 70
0
 66
1
 10
0.0
 20
0.0
 30
0.0
  0
VERTEX
  8
0
 10
9.258527053209766
 20
9.549026009737837
 30
0.0
  0
VERTEX
  8
0
 10
9.258526131619844
 20
9.549022084136595
 30
0.0
  0
SEQEND
  8
0
  0
POLYLINE
  8
0
 62
0
 70
0
 66
1
 10
0.0
 20
0.0
 30
0.0
  0
VERTEX
  8
0
 10
9.258309569667869
 20
9.548091223778023
 30
0.0
  0
VERTEX
  8
0
 10
9.258308714013117
 20
9.548087512253447
 30
0.0
  0
SEQEND
  8
0
  0
POLYLINE
  8
0
 62
0
 70
0
 66
1
 10
0.0
 20
0.0
 30
0.0
  0
VERTEX
  8
0
 10
9.258095781103378
 20
9.547155429792001
 30
0.0
  0
VERTEX
  8
0
 10
9.258094989512147
 20
9.5471519328533
 30
0.0
  0
SEQEND
  8
0
  0
POLYLINE
  8
0
 62
0
 70
0
 66
1
 10
0.0
 20
0.0
 30
0.0
  0
VERTEX
  8
0
 10
9.257885650590993
 20
9.546218637853363
 30
0.0
  0
VERTEX
  8
0
 10
9.25788492121751
 20
9.54621535600274
 30
0.0
  0
SEQEND
  8
0
  0
POLYLINE
  8
0
 62
0
 70
0
 66
1
 10
0.0
 20
0.0
 30
0.0
  0
VERTEX
  8
0
 10
9.257679141205404
 20
9.545280858035689
 30
0.0
  0
VERTEX
  8
0
 10
9.257678472229777
 20
9.545277791768344
 30
0.0
  0
SEQEND
  8
0
  0
POLYLINE
  8
0
 62
0
 70
0
 66
1
 10
0.0
 20
0.0
 30
0.0
  0
VERTEX
  8
0
 10
9.257476216021303
 20
9.544342100412575
 30
0.0
  0
VERTEX
  8
0
 10
9.257475605649516
 20
9.544339250216693
 30
0.0
  0
SEQEND
  8
0
  0
POLYLINE
  8
0
 62
0
 70
0
 66
1
 10
0.0
 20
0.0
 30
0.0
  0
VERTEX
  8
0
 10
9.257276838113384
 20
9.543402375057605
 30
0.0
  0
VERTEX
  8
0
 10
9.257276284577298
 20
9.543399741414378
 30
0.0
  0
SEQEND
  8
0
  0
POLYLINE
  8
0
 62
0
 70
0
 66
1
 10
0.0
 20
0.0
 30
0.0
  0
VERTEX
  8
0
 10
9.257080970556332
 20
9.542461692044366
 30
0.0
  0
VERTEX
  8
0
 10
9.257080472113685
 20
9.54245927542797
 30
0.0
  0
SEQEND
  8
0
  0
POLYLINE
  8
0
 62
0
 70
0
 66
1
 10
0.0
 20
0.0
 30
0.0
  0
VERTEX
  8
0
 10
9.25688857642485
 20
9.541520061446446
 30
0.0
  0
VERTEX
  8
0
 10
9.256888131359254
 20
9.541517862324056
 30
0.0
  0
SEQEND
  8
0
  0
POLYLINE
  8
0
 62
0
 70
0
 66
1
 10
0.0
 20
0.0
 30
0.0
  0
VERTEX
  8
0
 10
9.256699618793622
 20
9.540577493337432
 30
0.0
  0
VERTEX
  8
0
 10
9.256699225414561
 20
9.54057551216922
 30
0.0
  0
SEQEND
  8
0
  0
POLYLINE
  8
0
 62
0
 70
0
 66
1
 10
0.0
 20
0.0
 30
0.0
  0
VERTEX
  8
0
 10
9.25597741476512
 20
9.536798047262184
 30
0.0
  0
VERTEX
  8
0
 10
9.255635854382506
 20
9.534902296899347
 30
0.0
  0
SEQEND
  8
0
  0
POLYLINE
  8
0
 62
0
 70
0
 66
1
 10
0.0
 20
0.0
 30
0.0
  0
VERTEX
  8
0
 10
9.255147549948312
 20
9.532053854499
 30
0.0
  0
VERTEX
  8
0
 10
9.24906521081924
 20
9.45113554587588
 30
0.0
  0
SEQEND
  8
0
  0
POLYLINE
  8
0
 62
0
 70
0
 66
1
 10
0.0
 20
0.0
 30
0.0
  0
VERTEX
  8
0
 10
9.24906521081924
 20
9.45113554587588
 30
0.0
  0
VERTEX
  8
0
 10
9.2983421587944
 20
9.64274361720309
 30
0.0
  0
SEQEND
  8
0
  0
POLYLINE
  8
0
 62
0
 70
0
 66
1
 10
0.0
 20
0.0
 30
0.0
  0
VERTEX
  8
0
 10
9.44969265699387
 20
9.74635735144839
 30
0.0
  0
VERTEX
  8
0
 10
9.4146578294723
 20
9.73244641085803
 30
0.0
  0
SEQEND
  8
0
  0
POLYLINE
  8
0
 62
0
 70
0
 66
1
 10
0.0
 20
0.0
 30
0.0
  0
VERTEX
  8
0
 10
9.412435556832982
 20
9.731497377086606
 30
0.0
  0
VERTEX
  8
0
 10
9.412421073552043
 20
9.731491151055867
 30
0.0
  0
SEQEND
  8
0
  0
POLYLINE
  8
0
 62
0
 70
0
 66
1
 10
0.0
 20
0.0
 30
0.0
  0
VERTEX
  8
0
 10
9.41057905309886
 20
9.730694806129593
 30
0.0
  0
VERTEX
  8
0
 10
9.410568678172991
 20
9.730690295031184
 30
0.0
  0
SEQEND
  8
0
  0
POLYLINE
  8
0
 62
0
 70
0
 66
1
 10
0.0
 20
0.0
 30
0.0
  0
VERTEX
  8
0
 10
9.361624321896386
 20
9.70408792112866
 30
0.0
  0
VERTEX
  8
0
 10
9.361619443536286
 20
9.704084473449473
 30
0.0
  0
SEQEND
  8
0
  0
POLYLINE
  8
0
 62
0
 70
0
 66
1
 10
0.0
 20
0.0
 30
0.0
  0
VERTEX
  8
0
 10
9.298348797213158
 20
9.642751095932681
 30
0.0
  0
VERTEX
  8
0
 10
9.2983421587944
 20
9.64274361720309
 30
0.0
  0
SEQEND
  8
0
  0
POLYLINE
  8
0
 62
0
 70
0
 66
1
 10
0.0
 20
0.0
 30
0.0
  0
VERTEX
  8
0
 10
9.2983421587944
 20
9.64274361720309
 30
0.0
  0
VERTEX
  8
0
 10
9.44969265699387
 20
9.74635735144839
 30
0.0
  0
SEQEND
  8
0
  0
LINE
  8
0
 62
0
 10
9.56892519235611
 20
9.85679045310244
 30
0.0
 11
9.42197411298752
 21
9.85679045310244
 31
0.0
  0
POLYLINE
  8
0
 62
0
 70
0
 66
1
 10
0.0
 20
0.0
 30
0.0
  0
VERTEX
  8
0
 10
9.38943984523829
 20
9.938240486597872
 30
0.0
  0
VERTEX
  8
0
 10
9.38952594041824
 20
9.93807539334521
 30
0.0
  0
SEQEND
  8
0
  0
POLYLINE
  8
0
 62
0
 70
0
 66
1
 10
0.0
 20
0.0
 30
0.0
  0
VERTEX
  8
0
 10
9.42197411298752
 20
9.85679045310244
 30
0.0
  0
VERTEX
  8
0
 10
9.35113876104355
 20
9.99890163531527
 30
0.0
  0
SEQEND
  8
0
  0
POLYLINE
  8
0
 62
0
 70
0
 66
1
 10
0.0
 20
0.0
 30
0.0
  0
VERTEX
  8
0
 10
9.24906521081924
 20
10.078096538689
 30
0.0
  0
VERTEX
  8
0
 10
9.272022903778096
 20
10.065530637545963
 30
0.0
  0
SEQEND
  8
0
  0
POLYLINE
  8
0
 62
0
 70
0
 66
1
 10
0.0
 20
0.0
 30
0.0
  0
VERTEX
  8
0
 10
9.32289727813685
 20
10.028373688534362
 30
0.0
  0
VERTEX
  8
0
 10
9.35113876104355
 20
9.99890163531527
 30
0.0
  0
SEQEND
  8
0
  0
POLYLINE
  8
0
 62
0
 70
0
 66
1
 10
0.0
 20
0.0
 30
0.0
  0
VERTEX
  8
0
 10
9.35113876104355
 20
9.99890163531527
 30
0.0
  0
VERTEX
  8
0
 10
9.24906521081924
 20
10.078096538689
 30
0.0
  0
SEQEND
  8
0
  0
LINE
  8
0
 62
0
 10
9.24906521081924
 20
10.078096538689
 30
0.0
 11
9.24906521081924
 21
10.2263675629161
 31
0.0
  0
LINE
  8
0
 62
0
 10
9.24906521081924
 20
10.2263675629161
 30
0.0
 11
9.90506439447403
 21
10.2263675629161
 31
0.0
  0
LINE
  8
0
 62
0
 10
9.90506439447403
 20
10.2263675629161
 30
0.0
 11
9.90506439447403
 21
10.0450988112949
 31
0.0
  0
LINE
  8
0
 62
0
 10
9.90506439447403
 20
10.0450988112949
 30
0.0
 11
9.47521119356155
 21
10.0450988112949
 31
0.0
  0
POLYLINE
  8
0
 62
0
 70
0
 66
1
 10
0.0
 20
0.0
 30
0.0
  0
VERTEX
  8
0
 10
9.52932744264603
 20
9.95996400704608
 30
0.0
  0
VERTEX
  8
0
 10
9.519629596513928
 20
9.977703020384345
 30
0.0
  0
SEQEND
  8
0
  0
POLYLINE
  8
0
 62
0
 70
0
 66
1
 10
0.0
 20
0.0
 30
0.0
  0
VERTEX
  8
0
 10
9.519098431082735
 20
9.978655749192647
 30
0.0
  0
VERTEX
  8
0
 10
9.51909495604698
 20
9.978661972738259
 30
0.0
  0
SEQEND
  8
0
  0
POLYLINE
  8
0
 62
0
 70
0
 66
1
 10
0.0
 20
0.0
 30
0.0
  0
VERTEX
  8
0
 10
9.506042164648292
 20
10.000888122828972
 30
0.0
  0
VERTEX
  8
0
 10
9.506038376245328
 20
10.000894177851505
 30
0.0
  0
SEQEND
  8
0
  0
POLYLINE
  8
0
 62
0
 70
0
 66
1
 10
0.0
 20
0.0
 30
0.0
  0
VERTEX
  8
0
 10
9.487278600624457
 20
10.02855784134556
 30
0.0
  0
VERTEX
  8
0
 10
9.47521119356155
 20
10.0450988112949
 30
0.0
  0
SEQEND
  8
0
  0
POLYLINE
  8
0
 62
0
 70
0
 66
1
 10
0.0
 20
0.0
 30
0.0
  0
VERTEX
  8
0
 10
9.47521119356155
 20
10.0450988112949
 30
0.0
  0
VERTEX
  8
0
 10
9.52932744264603
 20
9.95996400704608
 30
0.0
  0
SEQEND
  8
0
  0
POLYLINE
  8
0
 62
0
 70
0
 66
1
 10
0.0
 20
0.0
 30
0.0
  0
VERTEX
  8
0
 10
9.56892519235611
 20
9.85679045310244
 30
0.0
  0
VERTEX
  8
0
 10
9.556190680856238
 20
9.89569399775083
 30
0.0
  0
SEQEND
  8
0
  0
POLYLINE
  8
0
 62
0
 70
0
 66
1
 10
0.0
 20
0.0
 30
0.0
  0
VERTEX
  8
0
 10
9.538495202098371
 20
9.939813446290213
 30
0.0
  0
VERTEX
  8
0
 10
9.52932744264603
 20
9.95996400704608
 30
0.0
  0
SEQEND
  8
0
  0
POLYLINE
  8
0
 62
0
 70
0
 66
1
 10
0.0
 20
0.0
 30
0.0
  0
VERTEX
  8
0
 10
9.52932744264603
 20
9.95996400704608
 30
0.0
  0
VERTEX
  8
0
 10
9.56892519235611
 20
9.85679045310244
 30
0.0
  0
SEQEND
  8
0
  0
LINE
  8
0
 62
0
 10
10.0799998211861
 20
8.05839694010101
 30
0.0
 11
10.0799998211861
 21
10.55
 31
0.0
  0
LINE
  8
0
 62
0
 10
9.08000017881393
 20
8.05839694010101
 30
0.0
 11
10.0799998211861
 21
8.05839694010101
 31
0.0
  0
LINE
  8
0
 62
0
 10
9.08000017881393
 20
10.55
 30
0.0
 11
9.08000017881393
 21
8.05839694010101
 31
0.0
  0
LINE
  8
0
 62
0
 10
10.0799998211861
 20
10.55
 30
0.0
 11
9.08000017881393
 21
10.55
 31
0.0
  0
LINE
  8
0
 62
0
 10
7.36378221750259
 20
9.6170054375194
 30
0.0
 11
7.36378221750259
 21
9.42913725962863
 31
0.0
  0
LINE
  8
0
 62
0
 10
7.363782217502595
 20
9.429137259628623
 30
0.0
 11
7.00963168382645
 21
9.18759211888537
 31
0.0
  0
LINE
  8
0
 62
0
 10
7.00963168382645
 20
9.18759211888537
 30
0.0
 11
7.36378221750259
 21
9.18759211888537
 31
0.0
  0
LINE
  8
0
 62
0
 10
7.36378221750259
 20
9.18759211888537
 30
0.0
 11
7.36378221750259
 21
9.00016382327303
 31
0.0
  0
LINE
  8
0
 62
0
 10
7.36378221750259
 20
9.00016382327303
 30
0.0
 11
6.71878217697144
 21
9.00016382327303
 31
0.0
  0
LINE
  8
0
 62
0
 10
6.71878217697144
 20
9.00016382327303
 30
0.0
 11
6.71878217697144
 21
9.18627217402682
 31
0.0
  0
LINE
  8
0
 62
0
 10
6.718782176971444
 20
9.186272174026815
 30
0.0
 11
7.075627734661107
 21
9.42913725962862
 31
0.0
  0
LINE
  8
0
 62
0
 10
7.0756277346611
 20
9.42913725962863
 30
0.0
 11
6.71878217697144
 21
9.42913725962863
 31
0.0
  0
LINE
  8
0
 62
0
 10
6.71878217697144
 20
9.42913725962863
 30
0.0
 11
6.71878217697144
 21
9.6170054375194
 31
0.0
  0
LINE
  8
0
 62
0
 10
6.71878217697144
 20
9.6170054375194
 30
0.0
 11
7.36378221750259
 21
9.6170054375194
 31
0.0
  0
POLYLINE
  8
0
 62
0
 70
0
 66
1
 10
0.0
 20
0.0
 30
0.0
  0
VERTEX
  8
0
 10
7.29492663383484
 20
10.2567256986164
 30
0.0
  0
VERTEX
  8
0
 10
7.224534168045841
 20
10.309967212460624
 30
0.0
  0
SEQEND
  8
0
  0
POLYLINE
  8
0
 62
0
 70
0
 66
1
 10
0.0
 20
0.0
 30
0.0
  0
VERTEX
  8
0
 10
7.2205965189549115
 20
10.311956789956373
 30
0.0
  0
VERTEX
  8
0
 10
7.19945250988006
 20
10.3220619260333
 30
0.0
  0
SEQEND
  8
0
  0
POLYLINE
  8
0
 62
0
 70
0
 66
1
 10
0.0
 20
0.0
 30
0.0
  0
VERTEX
  8
0
 10
7.19945250988006
 20
10.3220619260333
 30
0.0
  0
VERTEX
  8
0
 10
7.29492663383484
 20
10.2567256986164
 30
0.0
  0
SEQEND
  8
0
  0
POLYLINE
  8
0
 62
0
 70
0
 66
1
 10
0.0
 20
0.0
 30
0.0
  0
VERTEX
  8
0
 10
7.34618335008621
 20
10.1669712363742
 30
0.0
  0
VERTEX
  8
0
 10
7.3392972816622635
 20
10.18622260277954
 30
0.0
  0
SEQEND
  8
0
  0
POLYLINE
  8
0
 62
0
 70
0
 66
1
 10
0.0
 20
0.0
 30
0.0
  0
VERTEX
  8
0
 10
7.338880467765872
 20
10.18731647137358
 30
0.0
  0
VERTEX
  8
0
 10
7.338877735259695
 20
10.187323605815022
 30
0.0
  0
SEQEND
  8
0
  0
POLYLINE
  8
0
 62
0
 70
0
 66
1
 10
0.0
 20
0.0
 30
0.0
  0
VERTEX
  8
0
 10
7.338528541790718
 20
10.188231336110238
 30
0.0
  0
VERTEX
  8
0
 10
7.338526564727523
 20
10.188236452742672
 30
0.0
  0
SEQEND
  8
0
  0
POLYLINE
  8
0
 62
0
 70
0
 66
1
 10
0.0
 20
0.0
 30
0.0
  0
VERTEX
  8
0
 10
7.327459031008149
 20
10.212542440011166
 30
0.0
  0
VERTEX
  8
0
 10
7.3274563131985895
 20
10.212547375423615
 30
0.0
  0
SEQEND
  8
0
  0
POLYLINE
  8
0
 62
0
 70
0
 66
1
 10
0.0
 20
0.0
 30
0.0
  0
VERTEX
  8
0
 10
7.308289238150952
 20
10.240533680871511
 30
0.0
  0
VERTEX
  8
0
 10
7.29492663383484
 20
10.2567256986164
 30
0.0
  0
SEQEND
  8
0
  0
POLYLINE
  8
0
 62
0
 70
0
 66
1
 10
0.0
 20
0.0
 30
0.0
  0
VERTEX
  8
0
 10
7.29492663383484
 20
10.2567256986164
 30
0.0
  0
VERTEX
  8
0
 10
7.34618335008621
 20
10.1669712363742
 30
0.0
  0
SEQEND
  8
0
  0
POLYLINE
  8
0
 62
0
 70
0
 66
1
 10
0.0
 20
0.0
 30
0.0
  0
VERTEX
  8
0
 10
7.36378221750259
 20
10.0481785832904
 30
0.0
  0
VERTEX
  8
0
 10
7.362503151002148
 20
10.072259934392223
 30
0.0
  0
SEQEND
  8
0
  0
POLYLINE
  8
0
 62
0
 70
0
 66
1
 10
0.0
 20
0.0
 30
0.0
  0
VERTEX
  8
0
 10
7.362421049991975
 20
10.073521553068979
 30
0.0
  0
VERTEX
  8
0
 10
7.362420506065473
 20
10.073529796143717
 30
0.0
  0
SEQEND
  8
0
  0
POLYLINE
  8
0
 62
0
 70
0
 66
1
 10
0.0
 20
0.0
 30
0.0
  0
VERTEX
  8
0
 10
7.359555822729992
 20
10.10323863803882
 30
0.0
  0
VERTEX
  8
0
 10
7.359554709006746
 20
10.103246836386907
 30
0.0
  0
SEQEND
  8
0
  0
POLYLINE
  8
0
 62
0
 70
0
 66
1
 10
0.0
 20
0.0
 30
0.0
  0
VERTEX
  8
0
 10
7.355450812554276
 20
10.1271281197522
 30
0.0
  0
VERTEX
  8
0
 10
7.34618335008621
 20
10.1669712363742
 30
0.0
  0
SEQEND
  8
0
  0
POLYLINE
  8
0
 62
0
 70
0
 66
1
 10
0.0
 20
0.0
 30
0.0
  0
VERTEX
  8
0
 10
7.34618335008621
 20
10.1669712363742
 30
0.0
  0
VERTEX
  8
0
 10
7.36378221750259
 20
10.0481785832904
 30
0.0
  0
SEQEND
  8
0
  0
LINE
  8
0
 62
0
 10
7.36378221750259
 20
10.0481785832904
 30
0.0
 11
7.36378221750259
 21
9.75207701316103
 31
0.0
  0
LINE
  8
0
 62
0
 10
7.36378221750259
 20
9.75207701316103
 30
0.0
 11
6.71878217697143
 21
9.75207701316103
 31
0.0
  0
LINE
  8
0
 62
0
 10
6.71878217697143
 20
9.75207701316103
 30
0.0
 11
6.71878217697143
 21
10.0481785832904
 31
0.0
  0
POLYLINE
  8
0
 62
0
 70
0
 66
1
 10
0.0
 20
0.0
 30
0.0
  0
VERTEX
  8
0
 10
6.74254088640213
 20
10.1896299420856
 30
0.0
  0
VERTEX
  8
0
 10
6.733572790843244
 20
10.162092653471504
 30
0.0
  0
SEQEND
  8
0
  0
POLYLINE
  8
0
 62
0
 70
0
 66
1
 10
0.0
 20
0.0
 30
0.0
  0
VERTEX
  8
0
 10
6.733163664750881
 20
10.16074929929184
 30
0.0
  0
VERTEX
  8
0
 10
6.733161003862962
 20
10.160740519559841
 30
0.0
  0
SEQEND
  8
0
  0
POLYLINE
  8
0
 62
0
 70
0
 66
1
 10
0.0
 20
0.0
 30
0.0
  0
VERTEX
  8
0
 10
6.728486518686557
 20
10.144115421747959
 30
0.0
  0
VERTEX
  8
0
 10
6.728485392040307
 20
10.14411102030847
 30
0.0
  0
SEQEND
  8
0
  0
POLYLINE
  8
0
 62
0
 70
0
 66
1
 10
0.0
 20
0.0
 30
0.0
  0
VERTEX
  8
0
 10
6.724853304674443
 20
10.128007998569428
 30
0.0
  0
VERTEX
  8
0
 10
6.7248524348556264
 20
10.128003476011948
 30
0.0
  0
SEQEND
  8
0
  0
POLYLINE
  8
0
 62
0
 70
0
 66
1
 10
0.0
 20
0.0
 30
0.0
  0
VERTEX
  8
0
 10
6.719257564401436
 20
10.068641512072857
 30
0.0
  0
VERTEX
  8
0
 10
6.71878217697143
 20
10.0481785832904
 30
0.0
  0
SEQEND
  8
0
  0
POLYLINE
  8
0
 62
0
 70
0
 66
1
 10
0.0
 20
0.0
 30
0.0
  0
VERTEX
  8
0
 10
6.71878217697143
 20
10.0481785832904
 30
0.0
  0
VERTEX
  8
0
 10
6.74254088640213
 20
10.1896299420856
 30
0.0
  0
SEQEND
  8
0
  0
POLYLINE
  8
0
 62
0
 70
0
 66
1
 10
0.0
 20
0.0
 30
0.0
  0
VERTEX
  8
0
 10
6.81073664665222
 20
10.2787245809101
 30
0.0
  0
VERTEX
  8
0
 10
6.793957762776911
 20
10.263315076017335
 30
0.0
  0
SEQEND
  8
0
  0
POLYLINE
  8
0
 62
0
 70
0
 66
1
 10
0.0
 20
0.0
 30
0.0
  0
VERTEX
  8
0
 10
6.793015804102558
 20
10.26241244437079
 30
0.0
  0
VERTEX
  8
0
 10
6.793009662015888
 20
10.26240653791923
 30
0.0
  0
SEQEND
  8
0
  0
POLYLINE
  8
0
 62
0
 70
0
 66
1
 10
0.0
 20
0.0
 30
0.0
  0
VERTEX
  8
0
 10
6.771865946023366
 20
10.239365574401827
 30
0.0
  0
VERTEX
  8
0
 10
6.771863327910618
 20
10.239362201285948
 30
0.0
  0
SEQEND
  8
0
  0
POLYLINE
  8
0
 62
0
 70
0
 66
1
 10
0.0
 20
0.0
 30
0.0
  0
VERTEX
  8
0
 10
6.762110301646833
 20
10.225369106101192
 30
0.0
  0
VERTEX
  8
0
 10
6.74254088640213
 20
10.1896299420856
 30
0.0
  0
SEQEND
  8
0
  0
POLYLINE
  8
0
 62
0
 70
0
 66
1
 10
0.0
 20
0.0
 30
0.0
  0
VERTEX
  8
0
 10
6.74254088640213
 20
10.1896299420856
 30
0.0
  0
VERTEX
  8
0
 10
6.81073664665222
 20
10.2787245809101
 30
0.0
  0
SEQEND
  8
0
  0
POLYLINE
  8
0
 62
0
 70
0
 66
1
 10
0.0
 20
0.0
 30
0.0
  0
VERTEX
  8
0
 10
6.91413014173508
 20
10.3297613560222
 30
0.0
  0
VERTEX
  8
0
 10
6.891958453118907
 20
10.322563632669262
 30
0.0
  0
SEQEND
  8
0
  0
POLYLINE
  8
0
 62
0
 70
0
 66
1
 10
0.0
 20
0.0
 30
0.0
  0
VERTEX
  8
0
 10
6.858900178645662
 20
10.309130669173523
 30
0.0
  0
VERTEX
  8
0
 10
6.858803322315229
 20
10.30908241858706
 30
0.0
  0
SEQEND
  8
0
  0
POLYLINE
  8
0
 62
0
 70
0
 66
1
 10
0.0
 20
0.0
 30
0.0
  0
VERTEX
  8
0
 10
6.8447033976152545
 20
10.301352223044962
 30
0.0
  0
VERTEX
  8
0
 10
6.81073664665222
 20
10.2787245809101
 30
0.0
  0
SEQEND
  8
0
  0
POLYLINE
  8
0
 62
0
 70
0
 66
1
 10
0.0
 20
0.0
 30
0.0
  0
VERTEX
  8
0
 10
6.81073664665222
 20
10.2787245809101
 30
0.0
  0
VERTEX
  8
0
 10
6.91413014173508
 20
10.3297613560222
 30
0.0
  0
SEQEND
  8
0
  0
POLYLINE
  8
0
 62
0
 70
0
 66
1
 10
0.0
 20
0.0
 30
0.0
  0
VERTEX
  8
0
 10
7.03908233880997
 20
10.3456003963016
 30
0.0
  0
VERTEX
  8
0
 10
7.012259838874208
 20
10.344689287957387
 30
0.0
  0
SEQEND
  8
0
  0
POLYLINE
  8
0
 62
0
 70
0
 66
1
 10
0.0
 20
0.0
 30
0.0
  0
VERTEX
  8
0
 10
6.975605459091987
 20
10.34173786228455
 30
0.0
  0
VERTEX
  8
0
 10
6.975600484656215
 20
10.341737230608176
 30
0.0
  0
SEQEND
  8
0
  0
POLYLINE
  8
0
 62
0
 70
0
 66
1
 10
0.0
 20
0.0
 30
0.0
  0
VERTEX
  8
0
 10
6.934101673867372
 20
10.334265359413756
 30
0.0
  0
VERTEX
  8
0
 10
6.91413014173508
 20
10.3297613560222
 30
0.0
  0
SEQEND
  8
0
  0
POLYLINE
  8
0
 62
0
 70
0
 66
1
 10
0.0
 20
0.0
 30
0.0
  0
VERTEX
  8
0
 10
6.91413014173508
 20
10.3297613560222
 30
0.0
  0
VERTEX
  8
0
 10
7.03908233880997
 20
10.3456003963016
 30
0.0
  0
SEQEND
  8
0
  0
POLYLINE
  8
0
 62
0
 70
0
 66
1
 10
0.0
 20
0.0
 30
0.0
  0
VERTEX
  8
0
 10
7.19945250988006
 20
10.3220619260333
 30
0.0
  0
VERTEX
  8
0
 10
7.160144305486911
 20
10.333324077087791
 30
0.0
  0
SEQEND
  8
0
  0
POLYLINE
  8
0
 62
0
 70
0
 66
1
 10
0.0
 20
0.0
 30
0.0
  0
VERTEX
  8
0
 10
7.159010451159201
 20
10.333614809314806
 30
0.0
  0
VERTEX
  8
0
 10
7.15900304699759
 20
10.333616698429093
 30
0.0
  0
SEQEND
  8
0
  0
POLYLINE
  8
0
 62
0
 70
0
 66
1
 10
0.0
 20
0.0
 30
0.0
  0
VERTEX
  8
0
 10
7.158060203138573
 20
10.333856245555324
 30
0.0
  0
VERTEX
  8
0
 10
7.158054882602711
 20
10.333857591595464
 30
0.0
  0
SEQEND
  8
0
  0
POLYLINE
  8
0
 62
0
 70
0
 66
1
 10
0.0
 20
0.0
 30
0.0
  0
VERTEX
  8
0
 10
7.131831689310078
 20
10.33954893865022
 30
0.0
  0
VERTEX
  8
0
 10
7.131826105830294
 20
10.339549917790086
 30
0.0
  0
SEQEND
  8
0
  0
POLYLINE
  8
0
 62
0
 70
0
 66
1
 10
0.0
 20
0.0
 30
0.0
  0
VERTEX
  8
0
 10
7.071812008105045
 20
10.345008115518182
 30
0.0
  0
VERTEX
  8
0
 10
7.03908233880997
 20
10.3456003963016
 30
0.0
  0
SEQEND
  8
0
  0
POLYLINE
  8
0
 62
0
 70
0
 66
1
 10
0.0
 20
0.0
 30
0.0
  0
VERTEX
  8
0
 10
7.03908233880997
 20
10.3456003963016
 30
0.0
  0
VERTEX
  8
0
 10
7.19945250988006
 20
10.3220619260333
 30
0.0
  0
SEQEND
  8
0
  0
POLYLINE
  8
0
 62
0
 70
0
 66
1
 10
0.0
 20
0.0
 30
0.0
  0
VERTEX
  8
0
 10
6.89037173032761
 20
8.87169197192416
 30
0.0
  0
VERTEX
  8
0
 10
6.85184642425139
 20
8.85825112452426
 30
0.0
  0
SEQEND
  8
0
  0
POLYLINE
  8
0
 62
0
 70
0
 66
1
 10
0.0
 20
0.0
 30
0.0
  0
VERTEX
  8
0
 10
6.832790232203581
 20
8.849459200679796
 30
0.0
  0
VERTEX
  8
0
 10
6.832786609279539
 20
8.849457288623887
 30
0.0
  0
SEQEND
  8
0
  0
POLYLINE
  8
0
 62
0
 70
0
 66
1
 10
0.0
 20
0.0
 30
0.0
  0
VERTEX
  8
0
 10
6.820042398137699
 20
8.842106000050197
 30
0.0
  0
VERTEX
  8
0
 10
6.820038955990143
 20
8.8421038564547
 30
0.0
  0
SEQEND
  8
0
  0
POLYLINE
  8
0
 62
0
 70
0
 66
1
 10
0.0
 20
0.0
 30
0.0
  0
VERTEX
  8
0
 10
6.8071869620631285
 20
8.833607127280741
 30
0.0
  0
VERTEX
  8
0
 10
6.807180236608988
 20
8.83360245470752
 30
0.0
  0
SEQEND
  8
0
  0
POLYLINE
  8
0
 62
0
 70
0
 66
1
 10
0.0
 20
0.0
 30
0.0
  0
VERTEX
  8
0
 10
6.806151843189027
 20
8.832885642012446
 30
0.0
  0
VERTEX
  8
0
 10
6.78719817638397
 20
8.81911501279101
 30
0.0
  0
SEQEND
  8
0
  0
POLYLINE
  8
0
 62
0
 70
0
 66
1
 10
0.0
 20
0.0
 30
0.0
  0
VERTEX
  8
0
 10
6.78719817638397
 20
8.81911501279101
 30
0.0
  0
VERTEX
  8
0
 10
6.89037173032761
 20
8.87169197192416
 30
0.0
  0
SEQEND
  8
0
  0
LINE
  8
0
 62
0
 10
6.89037173032761
 20
8.87169197192416
 30
0.0
 11
6.924689402580265
 21
8.67942377915606
 31
0.0
  0
POLYLINE
  8
0
 62
0
 70
0
 66
1
 10
0.0
 20
0.0
 30
0.0
  0
VERTEX
  8
0
 10
6.86881302833557
 20
8.63916620602831
 30
0.0
  0
VERTEX
  8
0
 10
6.878011211212863
 20
8.649931582368971
 30
0.0
  0
SEQEND
  8
0
  0
POLYLINE
  8
0
 62
0
 70
0
 66
1
 10
0.0
 20
0.0
 30
0.0
  0
VERTEX
  8
0
 10
6.924392333719317
 20
8.67930610606535
 30
0.0
  0
VERTEX
  8
0
 10
6.92468940258026
 20
8.67942377915606
 30
0.0
  0
SEQEND
  8
0
  0
POLYLINE
  8
0
 62
0
 70
0
 66
1
 10
0.0
 20
0.0
 30
0.0
  0
VERTEX
  8
0
 10
6.92468940258026
 20
8.67942377915606
 30
0.0
  0
VERTEX
  8
0
 10
6.86881302833557
 20
8.63916620602831
 30
0.0
  0
SEQEND
  8
0
  0
POLYLINE
  8
0
 62
0
 70
0
 66
1
 10
0.0
 20
0.0
 30
0.0
  0
VERTEX
  8
0
 10
6.8494543337822
 20
8.56679067006335
 30
0.0
  0
VERTEX
  8
0
 10
6.850263491268663
 20
8.58211746398699
 30
0.0
  0
SEQEND
  8
0
  0
POLYLINE
  8
0
 62
0
 70
0
 66
1
 10
0.0
 20
0.0
 30
0.0
  0
VERTEX
  8
0
 10
6.868662264587573
 20
8.63888447965372
 30
0.0
  0
VERTEX
  8
0
 10
6.86881302833557
 20
8.63916620602831
 30
0.0
  0
SEQEND
  8
0
  0
POLYLINE
  8
0
 62
0
 70
0
 66
1
 10
0.0
 20
0.0
 30
0.0
  0
VERTEX
  8
0
 10
6.86881302833557
 20
8.63916620602831
 30
0.0
  0
VERTEX
  8
0
 10
6.8494543337822
 20
8.56679067006335
 30
0.0
  0
SEQEND
  8
0
  0
POLYLINE
  8
0
 62
0
 70
0
 66
1
 10
0.0
 20
0.0
 30
0.0
  0
VERTEX
  8
0
 10
6.860838522911071
 20
8.507889360096312
 30
0.0
  0
VERTEX
  8
0
 10
6.854641883894353
 20
8.526777737253205
 30
0.0
  0
SEQEND
  8
0
  0
POLYLINE
  8
0
 62
0
 70
0
 66
1
 10
0.0
 20
0.0
 30
0.0
  0
VERTEX
  8
0
 10
6.8494543337822
 20
8.56679067006335
 30
0.0
  0
VERTEX
  8
0
 10
6.89499138832092
 20
8.46229717126116
 30
0.0
  0
SEQEND
  8
0
  0
POLYLINE
  8
0
 62
0
 70
0
 66
1
 10
0.0
 20
0.0
 30
0.0
  0
VERTEX
  8
0
 10
7.03908233880997
 20
8.42335954299197
 30
0.0
  0
VERTEX
  8
0
 10
7.008242364728139
 20
8.42430364013466
 30
0.0
  0
SEQEND
  8
0
  0
POLYLINE
  8
0
 62
0
 70
0
 66
1
 10
0.0
 20
0.0
 30
0.0
  0
VERTEX
  8
0
 10
6.895025419526803
 20
8.462277061696035
 30
0.0
  0
VERTEX
  8
0
 10
6.89499138832092
 20
8.46229717126116
 30
0.0
  0
SEQEND
  8
0
  0
POLYLINE
  8
0
 62
0
 70
0
 66
1
 10
0.0
 20
0.0
 30
0.0
  0
VERTEX
  8
0
 10
6.89499138832092
 20
8.46229717126116
 30
0.0
  0
VERTEX
  8
0
 10
7.03908233880997
 20
8.42335954299197
 30
0.0
  0
SEQEND
  8
0
  0
POLYLINE
  8
0
 62
0
 70
0
 66
1
 10
0.0
 20
0.0
 30
0.0
  0
VERTEX
  8
0
 10
7.18867300987244
 20
8.46273720255122
 30
0.0
  0
VERTEX
  8
0
 10
7.16101821300595
 20
8.447105388275517
 30
0.0
  0
SEQEND
  8
0
  0
POLYLINE
  8
0
 62
0
 70
0
 66
1
 10
0.0
 20
0.0
 30
0.0
  0
VERTEX
  8
0
 10
7.0390918637525175
 20
8.423359665284563
 30
0.0
  0
VERTEX
  8
0
 10
7.03908233880997
 20
8.42335954299197
 30
0.0
  0
SEQEND
  8
0
  0
POLYLINE
  8
0
 62
0
 70
0
 66
1
 10
0.0
 20
0.0
 30
0.0
  0
VERTEX
  8
0
 10
7.03908233880997
 20
8.42335954299197
 30
0.0
  0
VERTEX
  8
0
 10
7.18867300987244
 20
8.46273720255122
 30
0.0
  0
SEQEND
  8
0
  0
POLYLINE
  8
0
 62
0
 70
0
 66
1
 10
0.0
 20
0.0
 30
0.0
  0
VERTEX
  8
0
 10
7.231281210566279
 20
8.546108640806407
 30
0.0
  0
VERTEX
  8
0
 10
7.23127998384877
 20
8.546098580394759
 30
0.0
  0
SEQEND
  8
0
  0
POLYLINE
  8
0
 62
0
 70
0
 66
1
 10
0.0
 20
0.0
 30
0.0
  0
VERTEX
  8
0
 10
7.18867300987244
 20
8.46273720255122
 30
0.0
  0
VERTEX
  8
0
 10
7.2335502409935
 20
8.57251033177599
 30
0.0
  0
SEQEND
  8
0
  0
POLYLINE
  8
0
 62
0
 70
0
 66
1
 10
0.0
 20
0.0
 30
0.0
  0
VERTEX
  8
0
 10
7.22387104272842
 20
8.63630637517199
 30
0.0
  0
VERTEX
  8
0
 10
7.228962740734118
 20
8.616505282003619
 30
0.0
  0
SEQEND
  8
0
  0
POLYLINE
  8
0
 62
0
 70
0
 66
1
 10
0.0
 20
0.0
 30
0.0
  0
VERTEX
  8
0
 10
7.233017761193819
 20
8.585483365387523
 30
0.0
  0
VERTEX
  8
0
 10
7.2335502409935
 20
8.57251033177599
 30
0.0
  0
SEQEND
  8
0
  0
POLYLINE
  8
0
 62
0
 70
0
 66
1
 10
0.0
 20
0.0
 30
0.0
  0
VERTEX
  8
0
 10
7.2335502409935
 20
8.57251033177599
 30
0.0
  0
VERTEX
  8
0
 10
7.22387104272842
 20
8.63630637517199
 30
0.0
  0
SEQEND
  8
0
  0
POLYLINE
  8
0
 62
0
 70
0
 66
1
 10
0.0
 20
0.0
 30
0.0
  0
VERTEX
  8
0
 10
7.1908730173111
 20
8.70582208028063
 30
0.0
  0
VERTEX
  8
0
 10
7.198550641208685
 20
8.692424574065866
 30
0.0
  0
SEQEND
  8
0
  0
POLYLINE
  8
0
 62
0
 70
0
 66
1
 10
0.0
 20
0.0
 30
0.0
  0
VERTEX
  8
0
 10
7.223867711388436
 20
8.636315310039976
 30
0.0
  0
VERTEX
  8
0
 10
7.22387104272842
 20
8.63630637517199
 30
0.0
  0
SEQEND
  8
0
  0
POLYLINE
  8
0
 62
0
 70
0
 66
1
 10
0.0
 20
0.0
 30
0.0
  0
VERTEX
  8
0
 10
7.22387104272842
 20
8.63630637517199
 30
0.0
  0
VERTEX
  8
0
 10
7.1908730173111
 20
8.70582208028063
 30
0.0
  0
SEQEND
  8
0
  0
LINE
  8
0
 62
0
 10
7.1908730173111
 20
8.70582208028063
 30
0.0
 11
7.13015674591064
 21
8.70582208028063
 31
0.0
  0
LINE
  8
0
 62
0
 10
7.13015674591064
 20
8.70582208028063
 30
0.0
 11
7.13015674591064
 21
8.57251033177599
 31
0.0
  0
LINE
  8
0
 62
0
 10
7.13015674591064
 20
8.57251033177599
 30
0.0
 11
6.9959649348259
 21
8.57251033177599
 31
0.0
  0
LINE
  8
0
 62
0
 10
6.9959649348259
 20
8.57251033177599
 30
0.0
 11
6.9959649348259
 21
8.88049140563235
 31
0.0
  0
LINE
  8
0
 62
0
 10
6.9959649348259
 20
8.88049140563235
 30
0.0
 11
7.27094798326492
 21
8.88049140563235
 31
0.0
  0
POLYLINE
  8
0
 62
0
 70
0
 66
1
 10
0.0
 20
0.0
 30
0.0
  0
VERTEX
  8
0
 10
7.35300301551819
 20
8.7240810691379
 30
0.0
  0
VERTEX
  8
0
 10
7.337720217866886
 20
8.762047537272476
 30
0.0
  0
SEQEND
  8
0
  0
POLYLINE
  8
0
 62
0
 70
0
 66
1
 10
0.0
 20
0.0
 30
0.0
  0
VERTEX
  8
0
 10
7.33713256647996
 20
8.76343684119323
 30
0.0
  0
VERTEX
  8
0
 10
7.337128718227081
 20
8.763445915152424
 30
0.0
  0
SEQEND
  8
0
  0
POLYLINE
  8
0
 62
0
 70
0
 66
1
 10
0.0
 20
0.0
 30
0.0
  0
VERTEX
  8
0
 10
7.322281751452709
 20
8.795819709094411
 30
0.0
  0
VERTEX
  8
0
 10
7.322277318005286
 20
8.795828539290511
 30
0.0
  0
SEQEND
  8
0
  0
POLYLINE
  8
0
 62
0
 70
0
 66
1
 10
0.0
 20
0.0
 30
0.0
  0
VERTEX
  8
0
 10
7.290398843168095
 20
8.850776541330756
 30
0.0
  0
VERTEX
  8
0
 10
7.27094798326492
 20
8.88049140563235
 30
0.0
  0
SEQEND
  8
0
  0
POLYLINE
  8
0
 62
0
 70
0
 66
1
 10
0.0
 20
0.0
 30
0.0
  0
VERTEX
  8
0
 10
7.27094798326492
 20
8.88049140563235
 30
0.0
  0
VERTEX
  8
0
 10
7.35300301551819
 20
8.7240810691379
 30
0.0
  0
SEQEND
  8
0
  0
POLYLINE
  8
0
 62
0
 70
0
 66
1
 10
0.0
 20
0.0
 30
0.0
  0
VERTEX
  8
0
 10
7.37478165864944
 20
8.56283098449931
 30
0.0
  0
VERTEX
  8
0
 10
7.373881849886116
 20
8.595566133746656
 30
0.0
  0
SEQEND
  8
0
  0
POLYLINE
  8
0
 62
0
 70
0
 66
1
 10
0.0
 20
0.0
 30
0.0
  0
VERTEX
  8
0
 10
7.373796709503279
 20
8.59769129459644
 30
0.0
  0
VERTEX
  8
0
 10
7.373796136989416
 20
8.597705178102053
 30
0.0
  0
SEQEND
  8
0
  0
POLYLINE
  8
0
 62
0
 70
0
 66
1
 10
0.0
 20
0.0
 30
0.0
  0
VERTEX
  8
0
 10
7.369489048289309
 20
8.648726396876599
 30
0.0
  0
VERTEX
  8
0
 10
7.369488059865081
 20
8.648733326400206
 30
0.0
  0
SEQEND
  8
0
  0
POLYLINE
  8
0
 62
0
 70
0
 66
1
 10
0.0
 20
0.0
 30
0.0
  0
VERTEX
  8
0
 10
7.353082805382099
 20
8.72377117631258
 30
0.0
  0
VERTEX
  8
0
 10
7.35300301551819
 20
8.7240810691379
 30
0.0
  0
SEQEND
  8
0
  0
POLYLINE
  8
0
 62
0
 70
0
 66
1
 10
0.0
 20
0.0
 30
0.0
  0
VERTEX
  8
0
 10
7.35300301551819
 20
8.7240810691379
 30
0.0
  0
VERTEX
  8
0
 10
7.37478165864944
 20
8.56283098449931
 30
0.0
  0
SEQEND
  8
0
  0
POLYLINE
  8
0
 62
0
 70
0
 66
1
 10
0.0
 20
0.0
 30
0.0
  0
VERTEX
  8
0
 10
7.33562408924103
 20
8.37562263002619
 30
0.0
  0
VERTEX
  8
0
 10
7.3501902606815825
 20
8.41158027400846
 30
0.0
  0
SEQEND
  8
0
  0
POLYLINE
  8
0
 62
0
 70
0
 66
1
 10
0.0
 20
0.0
 30
0.0
  0
VERTEX
  8
0
 10
7.350875365678523
 20
8.4133888192984
 30
0.0
  0
VERTEX
  8
0
 10
7.350879818464774
 20
8.41340063289195
 30
0.0
  0
SEQEND
  8
0
  0
POLYLINE
  8
0
 62
0
 70
0
 66
1
 10
0.0
 20
0.0
 30
0.0
  0
VERTEX
  8
0
 10
7.3587051830749886
 20
8.435830770661054
 30
0.0
  0
VERTEX
  8
0
 10
7.358707035513033
 20
8.435836620795676
 30
0.0
  0
SEQEND
  8
0
  0
POLYLINE
  8
0
 62
0
 70
0
 66
1
 10
0.0
 20
0.0
 30
0.0
  0
VERTEX
  8
0
 10
7.358947213052039
 20
8.436598113831112
 30
0.0
  0
VERTEX
  8
0
 10
7.35894856205252
 20
8.436602407876418
 30
0.0
  0
SEQEND
  8
0
  0
POLYLINE
  8
0
 62
0
 70
0
 66
1
 10
0.0
 20
0.0
 30
0.0
  0
VERTEX
  8
0
 10
7.364810509101864
 20
8.457833438047174
 30
0.0
  0
VERTEX
  8
0
 10
7.364811596720867
 20
8.457838069120408
 30
0.0
  0
SEQEND
  8
0
  0
POLYLINE
  8
0
 62
0
 70
0
 66
1
 10
0.0
 20
0.0
 30
0.0
  0
VERTEX
  8
0
 10
7.374781378403627
 20
8.56282098842697
 30
0.0
  0
VERTEX
  8
0
 10
7.37478165864944
 20
8.56283098449931
 30
0.0
  0
SEQEND
  8
0
  0
POLYLINE
  8
0
 62
0
 70
0
 66
1
 10
0.0
 20
0.0
 30
0.0
  0
VERTEX
  8
0
 10
7.37478165864944
 20
8.56283098449931
 30
0.0
  0
VERTEX
  8
0
 10
7.33562408924103
 20
8.37562263002619
 30
0.0
  0
SEQEND
  8
0
  0
POLYLINE
  8
0
 62
0
 70
0
 66
1
 10
0.0
 20
0.0
 30
0.0
  0
VERTEX
  8
0
 10
7.21903114557266
 20
8.26342955222353
 30
0.0
  0
VERTEX
  8
0
 10
7.236537074552064
 20
8.274018396748259
 30
0.0
  0
SEQEND
  8
0
  0
POLYLINE
  8
0
 62
0
 70
0
 66
1
 10
0.0
 20
0.0
 30
0.0
  0
VERTEX
  8
0
 10
7.238644778701686
 20
8.275323672336702
 30
0.0
  0
VERTEX
  8
0
 10
7.238658529386587
 20
8.275332221348977
 30
0.0
  0
SEQEND
  8
0
  0
POLYLINE
  8
0
 62
0
 70
0
 66
1
 10
0.0
 20
0.0
 30
0.0
  0
VERTEX
  8
0
 10
7.2860194784774475
 20
8.310540133989544
 30
0.0
  0
VERTEX
  8
0
 10
7.2860252440203315
 20
8.310545657113906
 30
0.0
  0
SEQEND
  8
0
  0
POLYLINE
  8
0
 62
0
 70
0
 66
1
 10
0.0
 20
0.0
 30
0.0
  0
VERTEX
  8
0
 10
7.287556476105635
 20
8.312030489758177
 30
0.0
  0
VERTEX
  8
0
 10
7.287560843408162
 20
8.312034776662282
 30
0.0
  0
SEQEND
  8
0
  0
POLYLINE
  8
0
 62
0
 70
0
 66
1
 10
0.0
 20
0.0
 30
0.0
  0
VERTEX
  8
0
 10
7.316175655958558
 20
8.346511059579072
 30
0.0
  0
VERTEX
  8
0
 10
7.316182736183965
 20
8.34652106325268
 30
0.0
  0
SEQEND
  8
0
  0
POLYLINE
  8
0
 62
0
 70
0
 66
1
 10
0.0
 20
0.0
 30
0.0
  0
VERTEX
  8
0
 10
7.317263701320515
 20
8.348055392698248
 30
0.0
  0
VERTEX
  8
0
 10
7.33562408924103
 20
8.37562263002619
 30
0.0
  0
SEQEND
  8
0
  0
POLYLINE
  8
0
 62
0
 70
0
 66
1
 10
0.0
 20
0.0
 30
0.0
  0
VERTEX
  8
0
 10
7.33562408924103
 20
8.37562263002619
 30
0.0
  0
VERTEX
  8
0
 10
7.21903114557266
 20
8.26342955222353
 30
0.0
  0
SEQEND
  8
0
  0
POLYLINE
  8
0
 62
0
 70
0
 66
1
 10
0.0
 20
0.0
 30
0.0
  0
VERTEX
  8
0
 10
7.04128234624863
 20
8.22361201038584
 30
0.0
  0
VERTEX
  8
0
 10
7.082100920772977
 20
8.225851434936317
 30
0.0
  0
SEQEND
  8
0
  0
POLYLINE
  8
0
 62
0
 70
0
 66
1
 10
0.0
 20
0.0
 30
0.0
  0
VERTEX
  8
0
 10
7.084226432806698
 20
8.226019206537952
 30
0.0
  0
VERTEX
  8
0
 10
7.0842403161883505
 20
8.22602032785015
 30
0.0
  0
SEQEND
  8
0
  0
POLYLINE
  8
0
 62
0
 70
0
 66
1
 10
0.0
 20
0.0
 30
0.0
  0
VERTEX
  8
0
 10
7.1102683193730964
 20
8.228843756372848
 30
0.0
  0
VERTEX
  8
0
 10
7.110275152244304
 20
8.228844722026247
 30
0.0
  0
SEQEND
  8
0
  0
POLYLINE
  8
0
 62
0
 70
0
 66
1
 10
0.0
 20
0.0
 30
0.0
  0
VERTEX
  8
0
 10
7.1348417742212495
 20
8.23332735000201
 30
0.0
  0
VERTEX
  8
0
 10
7.1348485249742195
 20
8.233328895643126
 30
0.0
  0
SEQEND
  8
0
  0
POLYLINE
  8
0
 62
0
 70
0
 66
1
 10
0.0
 20
0.0
 30
0.0
  0
VERTEX
  8
0
 10
7.136848587655808
 20
8.233795397262353
 30
0.0
  0
VERTEX
  8
0
 10
7.136855032921672
 20
8.233796928246017
 30
0.0
  0
SEQEND
  8
0
  0
POLYLINE
  8
0
 62
0
 70
0
 66
1
 10
0.0
 20
0.0
 30
0.0
  0
VERTEX
  8
0
 10
7.159627126756623
 20
8.240230723904876
 30
0.0
  0
VERTEX
  8
0
 10
7.159633315919638
 20
8.24023272784684
 30
0.0
  0
SEQEND
  8
0
  0
POLYLINE
  8
0
 62
0
 70
0
 66
1
 10
0.0
 20
0.0
 30
0.0
  0
VERTEX
  8
0
 10
7.1829917113224955
 20
8.24858485356072
 30
0.0
  0
VERTEX
  8
0
 10
7.183004015662863
 20
8.24858961138856
 30
0.0
  0
SEQEND
  8
0
  0
POLYLINE
  8
0
 62
0
 70
0
 66
1
 10
0.0
 20
0.0
 30
0.0
  0
VERTEX
  8
0
 10
7.184886587785282
 20
8.24932120742505
 30
0.0
  0
VERTEX
  8
0
 10
7.21903114557266
 20
8.26342955222353
 30
0.0
  0
SEQEND
  8
0
  0
POLYLINE
  8
0
 62
0
 70
0
 66
1
 10
0.0
 20
0.0
 30
0.0
  0
VERTEX
  8
0
 10
7.21903114557266
 20
8.26342955222353
 30
0.0
  0
VERTEX
  8
0
 10
7.04128234624863
 20
8.22361201038584
 30
0.0
  0
SEQEND
  8
0
  0
POLYLINE
  8
0
 62
0
 70
0
 66
1
 10
0.0
 20
0.0
 30
0.0
  0
VERTEX
  8
0
 10
6.8575936460495
 20
8.26716929664835
 30
0.0
  0
VERTEX
  8
0
 10
6.894987245680534
 20
8.25067426554936
 30
0.0
  0
SEQEND
  8
0
  0
POLYLINE
  8
0
 62
0
 70
0
 66
1
 10
0.0
 20
0.0
 30
0.0
  0
VERTEX
  8
0
 10
6.896811842246983
 20
8.249924734525857
 30
0.0
  0
VERTEX
  8
0
 10
6.896823764309165
 20
8.249919862284683
 30
0.0
  0
SEQEND
  8
0
  0
POLYLINE
  8
0
 62
0
 70
0
 66
1
 10
0.0
 20
0.0
 30
0.0
  0
VERTEX
  8
0
 10
6.919481742151536
 20
8.2413657551347
 30
0.0
  0
VERTEX
  8
0
 10
6.919487697682753
 20
8.24136371859763
 30
0.0
  0
SEQEND
  8
0
  0
POLYLINE
  8
0
 62
0
 70
0
 66
1
 10
0.0
 20
0.0
 30
0.0
  0
VERTEX
  8
0
 10
6.92025799166724
 20
8.241101365539592
 30
0.0
  0
VERTEX
  8
0
 10
6.920262338004452
 20
8.241099891187005
 30
0.0
  0
SEQEND
  8
0
  0
POLYLINE
  8
0
 62
0
 70
0
 66
1
 10
0.0
 20
0.0
 30
0.0
  0
VERTEX
  8
0
 10
6.941772774647613
 20
8.234699622826591
 30
0.0
  0
VERTEX
  8
0
 10
6.941777402023081
 20
8.234698454045953
 30
0.0
  0
SEQEND
  8
0
  0
POLYLINE
  8
0
 62
0
 70
0
 66
1
 10
0.0
 20
0.0
 30
0.0
  0
VERTEX
  8
0
 10
7.002928413535288
 20
8.225674591912455
 30
0.0
  0
VERTEX
  8
0
 10
7.04128234624863
 20
8.22361201038584
 30
0.0
  0
SEQEND
  8
0
  0
POLYLINE
  8
0
 62
0
 70
0
 66
1
 10
0.0
 20
0.0
 30
0.0
  0
VERTEX
  8
0
 10
7.04128234624863
 20
8.22361201038584
 30
0.0
  0
VERTEX
  8
0
 10
6.8575936460495
 20
8.26716929664835
 30
0.0
  0
SEQEND
  8
0
  0
POLYLINE
  8
0
 62
0
 70
0
 66
1
 10
0.0
 20
0.0
 30
0.0
  0
VERTEX
  8
0
 10
6.73902093410492
 20
8.39476138344035
 30
0.0
  0
VERTEX
  8
0
 10
6.75703098451975
 20
8.363922644510842
 30
0.0
  0
SEQEND
  8
0
  0
POLYLINE
  8
0
 62
0
 70
0
 66
1
 10
0.0
 20
0.0
 30
0.0
  0
VERTEX
  8
0
 10
6.758144814263237
 20
8.362125008143735
 30
0.0
  0
VERTEX
  8
0
 10
6.75815211436127
 20
8.362113285398006
 30
0.0
  0
SEQEND
  8
0
  0
POLYLINE
  8
0
 62
0
 70
0
 66
1
 10
0.0
 20
0.0
 30
0.0
  0
VERTEX
  8
0
 10
6.788191649570866
 20
8.321610132180826
 30
0.0
  0
VERTEX
  8
0
 10
6.788196298546593
 20
8.321605108915643
 30
0.0
  0
SEQEND
  8
0
  0
POLYLINE
  8
0
 62
0
 70
0
 66
1
 10
0.0
 20
0.0
 30
0.0
  0
VERTEX
  8
0
 10
6.790054035807712
 20
8.319627229938977
 30
0.0
  0
VERTEX
  8
0
 10
6.790061725676358
 20
8.319619162396718
 30
0.0
  0
SEQEND
  8
0
  0
POLYLINE
  8
0
 62
0
 70
0
 66
1
 10
0.0
 20
0.0
 30
0.0
  0
VERTEX
  8
0
 10
6.854675083228177
 20
8.269115738634826
 30
0.0
  0
VERTEX
  8
0
 10
6.854693807991076
 20
8.269103244512062
 30
0.0
  0
SEQEND
  8
0
  0
POLYLINE
  8
0
 62
0
 70
0
 66
1
 10
0.0
 20
0.0
 30
0.0
  0
VERTEX
  8
0
 10
6.857560365314092
 20
8.26719148657037
 30
0.0
  0
VERTEX
  8
0
 10
6.8575936460495
 20
8.26716929664835
 30
0.0
  0
SEQEND
  8
0
  0
POLYLINE
  8
0
 62
0
 70
0
 66
1
 10
0.0
 20
0.0
 30
0.0
  0
VERTEX
  8
0
 10
6.8575936460495
 20
8.26716929664835
 30
0.0
  0
VERTEX
  8
0
 10
6.73902093410492
 20
8.39476138344035
 30
0.0
  0
SEQEND
  8
0
  0
POLYLINE
  8
0
 62
0
 70
0
 66
1
 10
0.0
 20
0.0
 30
0.0
  0
VERTEX
  8
0
 10
6.70778303384781
 20
8.57119038691744
 30
0.0
  0
VERTEX
  8
0
 10
6.70895744649059
 20
8.530312939142098
 30
0.0
  0
SEQEND
  8
0
  0
POLYLINE
  8
0
 62
0
 70
0
 66
1
 10
0.0
 20
0.0
 30
0.0
  0
VERTEX
  8
0
 10
6.71573428371684
 20
8.47094732084172
 30
0.0
  0
VERTEX
  8
0
 10
6.715735117851766
 20
8.470943236082595
 30
0.0
  0
SEQEND
  8
0
  0
POLYLINE
  8
0
 62
0
 70
0
 66
1
 10
0.0
 20
0.0
 30
0.0
  0
VERTEX
  8
0
 10
6.720319898584497
 20
8.45172563127603
 30
0.0
  0
VERTEX
  8
0
 10
6.720320952002065
 20
8.451721732586146
 30
0.0
  0
SEQEND
  8
0
  0
POLYLINE
  8
0
 62
0
 70
0
 66
1
 10
0.0
 20
0.0
 30
0.0
  0
VERTEX
  8
0
 10
6.720508325270821
 20
8.451030917377244
 30
0.0
  0
VERTEX
  8
0
 10
6.720509784439991
 20
8.451025558114779
 30
0.0
  0
SEQEND
  8
0
  0
POLYLINE
  8
0
 62
0
 70
0
 66
1
 10
0.0
 20
0.0
 30
0.0
  0
VERTEX
  8
0
 10
6.7266076901804155
 20
8.430639198818255
 30
0.0
  0
VERTEX
  8
0
 10
6.726611159721205
 20
8.430628440916884
 30
0.0
  0
SEQEND
  8
0
  0
POLYLINE
  8
0
 62
0
 70
0
 66
1
 10
0.0
 20
0.0
 30
0.0
  0
VERTEX
  8
0
 10
6.727144777615342
 20
8.428981983512871
 30
0.0
  0
VERTEX
  8
0
 10
6.73902093410492
 20
8.39476138344035
 30
0.0
  0
SEQEND
  8
0
  0
POLYLINE
  8
0
 62
0
 70
0
 66
1
 10
0.0
 20
0.0
 30
0.0
  0
VERTEX
  8
0
 10
6.73902093410492
 20
8.39476138344035
 30
0.0
  0
VERTEX
  8
0
 10
6.70778303384781
 20
8.57119038691744
 30
0.0
  0
SEQEND
  8
0
  0
POLYLINE
  8
0
 62
0
 70
0
 66
1
 10
0.0
 20
0.0
 30
0.0
  0
VERTEX
  8
0
 10
6.72714172840118
 20
8.73112052669749
 30
0.0
  0
VERTEX
  8
0
 10
6.719394023323672
 20
8.699654514088243
 30
0.0
  0
SEQEND
  8
0
  0
POLYLINE
  8
0
 62
0
 70
0
 66
1
 10
0.0
 20
0.0
 30
0.0
  0
VERTEX
  8
0
 10
6.7190831012484455
 20
8.698296210121505
 30
0.0
  0
VERTEX
  8
0
 10
6.719081082116829
 20
8.698287347276104
 30
0.0
  0
SEQEND
  8
0
  0
POLYLINE
  8
0
 62
0
 70
0
 66
1
 10
0.0
 20
0.0
 30
0.0
  0
VERTEX
  8
0
 10
6.707784608916008
 20
8.571510383018808
 30
0.0
  0
VERTEX
  8
0
 10
6.70778303384781
 20
8.57119038691744
 30
0.0
  0
SEQEND
  8
0
  0
POLYLINE
  8
0
 62
0
 70
0
 66
1
 10
0.0
 20
0.0
 30
0.0
  0
VERTEX
  8
0
 10
6.70778303384781
 20
8.57119038691744
 30
0.0
  0
VERTEX
  8
0
 10
6.72714172840118
 20
8.73112052669749
 30
0.0
  0
SEQEND
  8
0
  0
POLYLINE
  8
0
 62
0
 70
0
 66
1
 10
0.0
 20
0.0
 30
0.0
  0
VERTEX
  8
0
 10
6.78719817638397
 20
8.81911501279101
 30
0.0
  0
VERTEX
  8
0
 10
6.771917581264164
 20
8.803755716683584
 30
0.0
  0
SEQEND
  8
0
  0
POLYLINE
  8
0
 62
0
 70
0
 66
1
 10
0.0
 20
0.0
 30
0.0
  0
VERTEX
  8
0
 10
6.771067378340835
 20
8.802862075711277
 30
0.0
  0
VERTEX
  8
0
 10
6.771061840986343
 20
8.802856233868816
 30
0.0
  0
SEQEND
  8
0
  0
POLYLINE
  8
0
 62
0
 70
0
 66
1
 10
0.0
 20
0.0
 30
0.0
  0
VERTEX
  8
0
 10
6.770358061769993
 20
8.802111385859185
 30
0.0
  0
VERTEX
  8
0
 10
6.770354099825165
 20
8.802107179155417
 30
0.0
  0
SEQEND
  8
0
  0
POLYLINE
  8
0
 62
0
 70
0
 66
1
 10
0.0
 20
0.0
 30
0.0
  0
VERTEX
  8
0
 10
6.760634728048862
 20
8.79118578821912
 30
0.0
  0
VERTEX
  8
0
 10
6.760632967711737
 20
8.791183672449769
 30
0.0
  0
SEQEND
  8
0
  0
POLYLINE
  8
0
 62
0
 70
0
 66
1
 10
0.0
 20
0.0
 30
0.0
  0
VERTEX
  8
0
 10
6.7521244893454995
 20
8.780046393316482
 30
0.0
  0
VERTEX
  8
0
 10
6.7521227321213315
 20
8.780043857858372
 30
0.0
  0
SEQEND
  8
0
  0
POLYLINE
  8
0
 62
0
 70
0
 66
1
 10
0.0
 20
0.0
 30
0.0
  0
VERTEX
  8
0
 10
6.727145682587389
 20
8.731129711707633
 30
0.0
  0
VERTEX
  8
0
 10
6.72714172840118
 20
8.73112052669749
 30
0.0
  0
SEQEND
  8
0
  0
POLYLINE
  8
0
 62
0
 70
0
 66
1
 10
0.0
 20
0.0
 30
0.0
  0
VERTEX
  8
0
 10
6.72714172840118
 20
8.73112052669749
 30
0.0
  0
VERTEX
  8
0
 10
6.78719817638397
 20
8.81911501279101
 30
0.0
  0
SEQEND
  8
0
  0
LINE
  8
0
 62
0
 10
7.53999982118606
 20
10.55
 30
0.0
 11
6.54000017881393
 21
10.55
 31
0.0
  0
LINE
  8
0
 62
0
 10
6.54000017881393
 20
10.55
 30
0.0
 11
6.54000017881393
 21
7.99961148425244
 31
0.0
  0
LINE
  8
0
 62
0
 10
6.54000017881393
 20
7.99961148425244
 30
0.0
 11
7.53999982118606
 21
7.99961148425244
 31
0.0
  0
LINE
  8
0
 62
0
 10
7.53999982118606
 20
7.99961148425244
 30
0.0
 11
7.53999982118606
 21
10.55
 31
0.0
  0
LINE
  8
0
 62
0
 10
17.07353978395462
 20
9.045480936672543
 30
0.0
 11
17.112696459293367
 21
8.869491666462263
 31
0.0
  0
POLYLINE
  8
0
 62
0
 70
0
 66
1
 10
0.0
 20
0.0
 30
0.0
  0
VERTEX
  8
0
 10
17.0695796513557
 20
8.8501329719089
 30
0.0
  0
VERTEX
  8
0
 10
17.07773895188852
 20
8.855005697653002
 30
0.0
  0
SEQEND
  8
0
  0
POLYLINE
  8
0
 62
0
 70
0
 66
1
 10
0.0
 20
0.0
 30
0.0
  0
VERTEX
  8
0
 10
17.11268738011452
 20
8.869488756331869
 30
0.0
  0
VERTEX
  8
0
 10
17.1126964592934
 20
8.86949166646227
 30
0.0
  0
SEQEND
  8
0
  0
POLYLINE
  8
0
 62
0
 70
0
 66
1
 10
0.0
 20
0.0
 30
0.0
  0
VERTEX
  8
0
 10
17.1126964592934
 20
8.86949166646227
 30
0.0
  0
VERTEX
  8
0
 10
17.0695796513557
 20
8.8501329719089
 30
0.0
  0
SEQEND
  8
0
  0
POLYLINE
  8
0
 62
0
 70
0
 66
1
 10
0.0
 20
0.0
 30
0.0
  0
VERTEX
  8
0
 10
17.0695796513557
 20
8.8501329719089
 30
0.0
  0
VERTEX
  8
0
 10
17.034381916523
 20
8.80921557536349
 30
0.0
  0
SEQEND
  8
0
  0
POLYLINE
  8
0
 62
0
 70
0
 66
1
 10
0.0
 20
0.0
 30
0.0
  0
VERTEX
  8
0
 10
17.0220628285408
 20
8.75509887924418
 30
0.0
  0
VERTEX
  8
0
 10
17.02231648084878
 20
8.760210405284825
 30
0.0
  0
SEQEND
  8
0
  0
POLYLINE
  8
0
 62
0
 70
0
 66
1
 10
0.0
 20
0.0
 30
0.0
  0
VERTEX
  8
0
 10
17.030066124440914
 20
8.798820181022796
 30
0.0
  0
VERTEX
  8
0
 10
17.034381916523
 20
8.80921557536349
 30
0.0
  0
SEQEND
  8
0
  0
POLYLINE
  8
0
 62
0
 70
0
 66
1
 10
0.0
 20
0.0
 30
0.0
  0
VERTEX
  8
0
 10
17.034381916523
 20
8.80921557536349
 30
0.0
  0
VERTEX
  8
0
 10
17.0220628285408
 20
8.75509887924418
 30
0.0
  0
SEQEND
  8
0
  0
POLYLINE
  8
0
 62
0
 70
0
 66
1
 10
0.0
 20
0.0
 30
0.0
  0
VERTEX
  8
0
 10
17.0765569710732
 20
8.65126535287127
 30
0.0
  0
VERTEX
  8
0
 10
17.047222984775686
 20
8.678756476038847
 30
0.0
  0
SEQEND
  8
0
  0
POLYLINE
  8
0
 62
0
 70
0
 66
1
 10
0.0
 20
0.0
 30
0.0
  0
VERTEX
  8
0
 10
17.046962439976344
 20
8.679059108609046
 30
0.0
  0
VERTEX
  8
0
 10
17.04696074548297
 20
8.67906108356374
 30
0.0
  0
SEQEND
  8
0
  0
POLYLINE
  8
0
 62
0
 70
0
 66
1
 10
0.0
 20
0.0
 30
0.0
  0
VERTEX
  8
0
 10
17.04072711432676
 20
8.687065573433005
 30
0.0
  0
VERTEX
  8
0
 10
17.04072575239565
 20
8.687067524090377
 30
0.0
  0
SEQEND
  8
0
  0
POLYLINE
  8
0
 62
0
 70
0
 66
1
 10
0.0
 20
0.0
 30
0.0
  0
VERTEX
  8
0
 10
17.025080038407584
 20
8.730166418555127
 30
0.0
  0
VERTEX
  8
0
 10
17.0220628285408
 20
8.75509887924418
 30
0.0
  0
SEQEND
  8
0
  0
POLYLINE
  8
0
 62
0
 70
0
 66
1
 10
0.0
 20
0.0
 30
0.0
  0
VERTEX
  8
0
 10
17.0220628285408
 20
8.75509887924418
 30
0.0
  0
VERTEX
  8
0
 10
17.0765569710732
 20
8.65126535287127
 30
0.0
  0
SEQEND
  8
0
  0
POLYLINE
  8
0
 62
0
 70
0
 66
1
 10
0.0
 20
0.0
 30
0.0
  0
VERTEX
  8
0
 10
17.2035506272316
 20
8.62398698916659
 30
0.0
  0
VERTEX
  8
0
 10
17.176988670773603
 20
8.624535897861357
 30
0.0
  0
SEQEND
  8
0
  0
POLYLINE
  8
0
 62
0
 70
0
 66
1
 10
0.0
 20
0.0
 30
0.0
  0
VERTEX
  8
0
 10
17.095173078900583
 20
8.642806176095768
 30
0.0
  0
VERTEX
  8
0
 10
17.0765569710732
 20
8.65126535287127
 30
0.0
  0
SEQEND
  8
0
  0
POLYLINE
  8
0
 62
0
 70
0
 66
1
 10
0.0
 20
0.0
 30
0.0
  0
VERTEX
  8
0
 10
17.0765569710732
 20
8.65126535287127
 30
0.0
  0
VERTEX
  8
0
 10
17.2035506272316
 20
8.62398698916659
 30
0.0
  0
SEQEND
  8
0
  0
POLYLINE
  8
0
 62
0
 70
0
 66
1
 10
0.0
 20
0.0
 30
0.0
  0
VERTEX
  8
0
 10
17.3505499863625
 20
8.65654498329386
 30
0.0
  0
VERTEX
  8
0
 10
17.322922363532392
 20
8.643049556415221
 30
0.0
  0
SEQEND
  8
0
  0
POLYLINE
  8
0
 62
0
 70
0
 66
1
 10
0.0
 20
0.0
 30
0.0
  0
VERTEX
  8
0
 10
17.244327730713458
 20
8.624647960072746
 30
0.0
  0
VERTEX
  8
0
 10
17.2035506272316
 20
8.62398698916659
 30
0.0
  0
SEQEND
  8
0
  0
POLYLINE
  8
0
 62
0
 70
0
 66
1
 10
0.0
 20
0.0
 30
0.0
  0
VERTEX
  8
0
 10
17.2035506272316
 20
8.62398698916659
 30
0.0
  0
VERTEX
  8
0
 10
17.3505499863625
 20
8.65654498329386
 30
0.0
  0
SEQEND
  8
0
  0
POLYLINE
  8
0
 62
0
 70
0
 66
1
 10
0.0
 20
0.0
 30
0.0
  0
VERTEX
  8
0
 10
17.3903193974495
 20
8.74805927267298
 30
0.0
  0
VERTEX
  8
0
 10
17.388398665370328
 20
8.727067662060785
 30
0.0
  0
SEQEND
  8
0
  0
POLYLINE
  8
0
 62
0
 70
0
 66
1
 10
0.0
 20
0.0
 30
0.0
  0
VERTEX
  8
0
 10
17.37601957230927
 20
8.687529967857536
 30
0.0
  0
VERTEX
  8
0
 10
17.3505499863625
 20
8.65654498329386
 30
0.0
  0
SEQEND
  8
0
  0
POLYLINE
  8
0
 62
0
 70
0
 66
1
 10
0.0
 20
0.0
 30
0.0
  0
VERTEX
  8
0
 10
17.3505499863625
 20
8.65654498329386
 30
0.0
  0
VERTEX
  8
0
 10
17.3903193974495
 20
8.74805927267298
 30
0.0
  0
SEQEND
  8
0
  0
POLYLINE
  8
0
 62
0
 70
0
 66
1
 10
0.0
 20
0.0
 30
0.0
  0
VERTEX
  8
0
 10
17.3903193974495
 20
8.74805927267298
 30
0.0
  0
VERTEX
  8
0
 10
17.3582020306587
 20
8.83451387276873
 30
0.0
  0
SEQEND
  8
0
  0
POLYLINE
  8
0
 62
0
 70
0
 66
1
 10
0.0
 20
0.0
 30
0.0
  0
VERTEX
  8
0
 10
17.2649279141426
 20
8.87697115531191
 30
0.0
  0
VERTEX
  8
0
 10
17.29034893578013
 20
8.870373279887836
 30
0.0
  0
SEQEND
  8
0
  0
POLYLINE
  8
0
 62
0
 70
0
 66
1
 10
0.0
 20
0.0
 30
0.0
  0
VERTEX
  8
0
 10
17.3582020306587
 20
8.83451387276873
 30
0.0
  0
VERTEX
  8
0
 10
17.2649279141426
 20
8.87697115531191
 30
0.0
  0
SEQEND
  8
0
  0
LINE
  8
0
 62
0
 10
17.264927914142614
 20
8.876971155311907
 30
0.0
 11
17.317724516391767
 21
9.051640480663641
 31
0.0
  0
POLYLINE
  8
0
 62
0
 70
0
 66
1
 10
0.0
 20
0.0
 30
0.0
  0
VERTEX
  8
0
 10
17.440476706028
 20
8.99620398869738
 30
0.0
  0
VERTEX
  8
0
 10
17.423350743972563
 20
9.007406687596474
 30
0.0
  0
SEQEND
  8
0
  0
POLYLINE
  8
0
 62
0
 70
0
 66
1
 10
0.0
 20
0.0
 30
0.0
  0
VERTEX
  8
0
 10
17.407273795343453
 20
9.017296308666964
 30
0.0
  0
VERTEX
  8
0
 10
17.407258042674357
 20
9.017305520566902
 30
0.0
  0
SEQEND
  8
0
  0
POLYLINE
  8
0
 62
0
 70
0
 66
1
 10
0.0
 20
0.0
 30
0.0
  0
VERTEX
  8
0
 10
17.385150482654595
 20
9.028981774952257
 30
0.0
  0
VERTEX
  8
0
 10
17.3177245163918
 20
9.05164048066363
 30
0.0
  0
SEQEND
  8
0
  0
POLYLINE
  8
0
 62
0
 70
0
 66
1
 10
0.0
 20
0.0
 30
0.0
  0
VERTEX
  8
0
 10
17.3177245163918
 20
9.05164048066363
 30
0.0
  0
VERTEX
  8
0
 10
17.440476706028
 20
8.99620398869738
 30
0.0
  0
SEQEND
  8
0
  0
POLYLINE
  8
0
 62
0
 70
0
 66
1
 10
0.0
 20
0.0
 30
0.0
  0
VERTEX
  8
0
 10
17.5148323082924
 20
8.90226975074038
 30
0.0
  0
VERTEX
  8
0
 10
17.468549928577882
 20
8.97068408629049
 30
0.0
  0
SEQEND
  8
0
  0
POLYLINE
  8
0
 62
0
 70
0
 66
1
 10
0.0
 20
0.0
 30
0.0
  0
VERTEX
  8
0
 10
17.458720030357416
 20
8.980084232860378
 30
0.0
  0
VERTEX
  8
0
 10
17.440476706028
 20
8.99620398869738
 30
0.0
  0
SEQEND
  8
0
  0
POLYLINE
  8
0
 62
0
 70
0
 66
1
 10
0.0
 20
0.0
 30
0.0
  0
VERTEX
  8
0
 10
17.440476706028
 20
8.99620398869738
 30
0.0
  0
VERTEX
  8
0
 10
17.5148323082924
 20
8.90226975074038
 30
0.0
  0
SEQEND
  8
0
  0
POLYLINE
  8
0
 62
0
 70
0
 66
1
 10
0.0
 20
0.0
 30
0.0
  0
VERTEX
  8
0
 10
17.5399103665352
 20
8.75949859609828
 30
0.0
  0
VERTEX
  8
0
 10
17.539003044353223
 20
8.788813358255368
 30
0.0
  0
SEQEND
  8
0
  0
POLYLINE
  8
0
 62
0
 70
0
 66
1
 10
0.0
 20
0.0
 30
0.0
  0
VERTEX
  8
0
 10
17.538909950033762
 20
8.790771771480443
 30
0.0
  0
VERTEX
  8
0
 10
17.538909321564162
 20
8.79078456328583
 30
0.0
  0
SEQEND
  8
0
  0
POLYLINE
  8
0
 62
0
 70
0
 66
1
 10
0.0
 20
0.0
 30
0.0
  0
VERTEX
  8
0
 10
17.533824717670175
 20
8.837568618017546
 30
0.0
  0
VERTEX
  8
0
 10
17.533823516285672
 20
8.8375749314962
 30
0.0
  0
SEQEND
  8
0
  0
POLYLINE
  8
0
 62
0
 70
0
 66
1
 10
0.0
 20
0.0
 30
0.0
  0
VERTEX
  8
0
 10
17.514845409392283
 20
8.902231957074592
 30
0.0
  0
VERTEX
  8
0
 10
17.5148323082924
 20
8.90226975074038
 30
0.0
  0
SEQEND
  8
0
  0
POLYLINE
  8
0
 62
0
 70
0
 66
1
 10
0.0
 20
0.0
 30
0.0
  0
VERTEX
  8
0
 10
17.5148323082924
 20
8.90226975074038
 30
0.0
  0
VERTEX
  8
0
 10
17.5399103665352
 20
8.75949859609828
 30
0.0
  0
SEQEND
  8
0
  0
POLYLINE
  8
0
 62
0
 70
0
 66
1
 10
0.0
 20
0.0
 30
0.0
  0
VERTEX
  8
0
 10
17.5093522572517
 20
8.5876892506145
 30
0.0
  0
VERTEX
  8
0
 10
17.533173460960885
 20
8.668738821456271
 30
0.0
  0
SEQEND
  8
0
  0
POLYLINE
  8
0
 62
0
 70
0
 66
1
 10
0.0
 20
0.0
 30
0.0
  0
VERTEX
  8
0
 10
17.534870441032268
 20
8.679211164676422
 30
0.0
  0
VERTEX
  8
0
 10
17.53487077445522
 20
8.679213469209905
 30
0.0
  0
SEQEND
  8
0
  0
POLYLINE
  8
0
 62
0
 70
0
 66
1
 10
0.0
 20
0.0
 30
0.0
  0
VERTEX
  8
0
 10
17.535000321397806
 20
8.680117762996101
 30
0.0
  0
VERTEX
  8
0
 10
17.535000976317896
 20
8.680122380427333
 30
0.0
  0
SEQEND
  8
0
  0
POLYLINE
  8
0
 62
0
 70
0
 66
1
 10
0.0
 20
0.0
 30
0.0
  0
VERTEX
  8
0
 10
17.535228119577273
 20
8.681752855194638
 30
0.0
  0
VERTEX
  8
0
 10
17.535228635302857
 20
8.681756624921713
 30
0.0
  0
SEQEND
  8
0
  0
POLYLINE
  8
0
 62
0
 70
0
 66
1
 10
0.0
 20
0.0
 30
0.0
  0
VERTEX
  8
0
 10
17.53782352115095
 20
8.706916011946438
 30
0.0
  0
VERTEX
  8
0
 10
17.538108734471283
 20
8.710990349685824
 30
0.0
  0
SEQEND
  8
0
  0
POLYLINE
  8
0
 62
0
 70
0
 66
1
 10
0.0
 20
0.0
 30
0.0
  0
VERTEX
  8
0
 10
17.538179181199194
 20
8.712070498433523
 30
0.0
  0
VERTEX
  8
0
 10
17.5399103665352
 20
8.75949859609828
 30
0.0
  0
SEQEND
  8
0
  0
POLYLINE
  8
0
 62
0
 70
0
 66
1
 10
0.0
 20
0.0
 30
0.0
  0
VERTEX
  8
0
 10
17.5399103665352
 20
8.75949859609828
 30
0.0
  0
VERTEX
  8
0
 10
17.5093522572517
 20
8.5876892506145
 30
0.0
  0
SEQEND
  8
0
  0
POLYLINE
  8
0
 62
0
 70
0
 66
1
 10
0.0
 20
0.0
 30
0.0
  0
VERTEX
  8
0
 10
17.4018517041206
 20
8.47263649096713
 30
0.0
  0
VERTEX
  8
0
 10
17.42813309156186
 20
8.491254388277193
 30
0.0
  0
SEQEND
  8
0
  0
POLYLINE
  8
0
 62
0
 70
0
 66
1
 10
0.0
 20
0.0
 30
0.0
  0
VERTEX
  8
0
 10
17.42977843062504
 20
8.49247923903268
 30
0.0
  0
VERTEX
  8
0
 10
17.429789150941897
 20
8.492487255928827
 30
0.0
  0
SEQEND
  8
0
  0
POLYLINE
  8
0
 62
0
 70
0
 66
1
 10
0.0
 20
0.0
 30
0.0
  0
VERTEX
  8
0
 10
17.431151645849063
 20
8.49351015992814
 30
0.0
  0
VERTEX
  8
0
 10
17.43115931887633
 20
8.49351594344303
 30
0.0
  0
SEQEND
  8
0
  0
POLYLINE
  8
0
 62
0
 70
0
 66
1
 10
0.0
 20
0.0
 30
0.0
  0
VERTEX
  8
0
 10
17.46663378328873
 20
8.524974513058323
 30
0.0
  0
VERTEX
  8
0
 10
17.46663716812731
 20
8.524978224920545
 30
0.0
  0
SEQEND
  8
0
  0
POLYLINE
  8
0
 62
0
 70
0
 66
1
 10
0.0
 20
0.0
 30
0.0
  0
VERTEX
  8
0
 10
17.468164906331857
 20
8.526675259834844
 30
0.0
  0
VERTEX
  8
0
 10
17.468171204953887
 20
8.526682346932288
 30
0.0
  0
SEQEND
  8
0
  0
POLYLINE
  8
0
 62
0
 70
0
 66
1
 10
0.0
 20
0.0
 30
0.0
  0
VERTEX
  8
0
 10
17.507843466103747
 20
8.585109037886536
 30
0.0
  0
VERTEX
  8
0
 10
17.507853232791373
 20
8.585125732273974
 30
0.0
  0
SEQEND
  8
0
  0
POLYLINE
  8
0
 62
0
 70
0
 66
1
 10
0.0
 20
0.0
 30
0.0
  0
VERTEX
  8
0
 10
17.509347210279124
 20
8.587680617650477
 30
0.0
  0
VERTEX
  8
0
 10
17.5093522572517
 20
8.5876892506145
 30
0.0
  0
SEQEND
  8
0
  0
POLYLINE
  8
0
 62
0
 70
0
 66
1
 10
0.0
 20
0.0
 30
0.0
  0
VERTEX
  8
0
 10
17.5093522572517
 20
8.5876892506145
 30
0.0
  0
VERTEX
  8
0
 10
17.4018517041206
 20
8.47263649096713
 30
0.0
  0
SEQEND
  8
0
  0
POLYLINE
  8
0
 62
0
 70
0
 66
1
 10
0.0
 20
0.0
 30
0.0
  0
VERTEX
  8
0
 10
17.2048714661598
 20
8.42423945656046
 30
0.0
  0
VERTEX
  8
0
 10
17.24625669000637
 20
8.426171257932673
 30
0.0
  0
SEQEND
  8
0
  0
POLYLINE
  8
0
 62
0
 70
0
 66
1
 10
0.0
 20
0.0
 30
0.0
  0
VERTEX
  8
0
 10
17.24895508972319
 20
8.426357951043252
 30
0.0
  0
VERTEX
  8
0
 10
17.24897270406524
 20
8.42635920718342
 30
0.0
  0
SEQEND
  8
0
  0
POLYLINE
  8
0
 62
0
 70
0
 66
1
 10
0.0
 20
0.0
 30
0.0
  0
VERTEX
  8
0
 10
17.251213482087618
 20
8.426523128465782
 30
0.0
  0
VERTEX
  8
0
 10
17.25122612348522
 20
8.426524076859845
 30
0.0
  0
SEQEND
  8
0
  0
POLYLINE
  8
0
 62
0
 70
0
 66
1
 10
0.0
 20
0.0
 30
0.0
  0
VERTEX
  8
0
 10
17.31306046870653
 20
8.436053425450492
 30
0.0
  0
VERTEX
  8
0
 10
17.313066734010274
 20
8.436055072602645
 30
0.0
  0
SEQEND
  8
0
  0
POLYLINE
  8
0
 62
0
 70
0
 66
1
 10
0.0
 20
0.0
 30
0.0
  0
VERTEX
  8
0
 10
17.3155253561916
 20
8.436715475549297
 30
0.0
  0
VERTEX
  8
0
 10
17.31553446406791
 20
8.436717974043969
 30
0.0
  0
SEQEND
  8
0
  0
POLYLINE
  8
0
 62
0
 70
0
 66
1
 10
0.0
 20
0.0
 30
0.0
  0
VERTEX
  8
0
 10
17.380784937016816
 20
8.462397436444984
 30
0.0
  0
VERTEX
  8
0
 10
17.380802251973044
 20
8.462405691300916
 30
0.0
  0
SEQEND
  8
0
  0
POLYLINE
  8
0
 62
0
 70
0
 66
1
 10
0.0
 20
0.0
 30
0.0
  0
VERTEX
  8
0
 10
17.383450946752905
 20
8.46367290786903
 30
0.0
  0
VERTEX
  8
0
 10
17.4018517041206
 20
8.47263649096713
 30
0.0
  0
SEQEND
  8
0
  0
POLYLINE
  8
0
 62
0
 70
0
 66
1
 10
0.0
 20
0.0
 30
0.0
  0
VERTEX
  8
0
 10
17.4018517041206
 20
8.47263649096713
 30
0.0
  0
VERTEX
  8
0
 10
17.2048714661598
 20
8.42423945656046
 30
0.0
  0
SEQEND
  8
0
  0
POLYLINE
  8
0
 62
0
 70
0
 66
1
 10
0.0
 20
0.0
 30
0.0
  0
VERTEX
  8
0
 10
16.9588711762428
 20
8.50937411179766
 30
0.0
  0
VERTEX
  8
0
 10
17.00284186481541
 20
8.477973061791616
 30
0.0
  0
SEQEND
  8
0
  0
POLYLINE
  8
0
 62
0
 70
0
 66
1
 10
0.0
 20
0.0
 30
0.0
  0
VERTEX
  8
0
 10
17.005112578330376
 20
8.476470048101447
 30
0.0
  0
VERTEX
  8
0
 10
17.005127380217424
 20
8.476460306585649
 30
0.0
  0
SEQEND
  8
0
  0
POLYLINE
  8
0
 62
0
 70
0
 66
1
 10
0.0
 20
0.0
 30
0.0
  0
VERTEX
  8
0
 10
17.033613574718586
 20
8.459295162603828
 30
0.0
  0
VERTEX
  8
0
 10
17.033620566206963
 20
8.459291386705052
 30
0.0
  0
SEQEND
  8
0
  0
POLYLINE
  8
0
 62
0
 70
0
 66
1
 10
0.0
 20
0.0
 30
0.0
  0
VERTEX
  8
0
 10
17.03460001833606
 20
8.458764751255327
 30
0.0
  0
VERTEX
  8
0
 10
17.034605508614717
 20
8.458761812344076
 30
0.0
  0
SEQEND
  8
0
  0
POLYLINE
  8
0
 62
0
 70
0
 66
1
 10
0.0
 20
0.0
 30
0.0
  0
VERTEX
  8
0
 10
17.204861477227293
 20
8.424239926908639
 30
0.0
  0
VERTEX
  8
0
 10
17.2048714661598
 20
8.42423945656046
 30
0.0
  0
SEQEND
  8
0
  0
POLYLINE
  8
0
 62
0
 70
0
 66
1
 10
0.0
 20
0.0
 30
0.0
  0
VERTEX
  8
0
 10
17.2048714661598
 20
8.42423945656046
 30
0.0
  0
VERTEX
  8
0
 10
16.9588711762428
 20
8.50937411179766
 30
0.0
  0
SEQEND
  8
0
  0
POLYLINE
  8
0
 62
0
 70
0
 66
1
 10
0.0
 20
0.0
 30
0.0
  0
VERTEX
  8
0
 10
16.8729117417336
 20
8.75025913110003
 30
0.0
  0
VERTEX
  8
0
 10
16.876400802300385
 20
8.696966855136697
 30
0.0
  0
SEQEND
  8
0
  0
POLYLINE
  8
0
 62
0
 70
0
 66
1
 10
0.0
 20
0.0
 30
0.0
  0
VERTEX
  8
0
 10
16.87673455979249
 20
8.693525543150493
 30
0.0
  0
VERTEX
  8
0
 10
16.876736801335987
 20
8.693503121218486
 30
0.0
  0
SEQEND
  8
0
  0
POLYLINE
  8
0
 62
0
 70
0
 66
1
 10
0.0
 20
0.0
 30
0.0
  0
VERTEX
  8
0
 10
16.877029582706903
 20
8.690648288256753
 30
0.0
  0
VERTEX
  8
0
 10
16.877031273075584
 20
8.690632217771677
 30
0.0
  0
SEQEND
  8
0
  0
POLYLINE
  8
0
 62
0
 70
0
 66
1
 10
0.0
 20
0.0
 30
0.0
  0
VERTEX
  8
0
 10
16.893898678857028
 20
8.613465591852945
 30
0.0
  0
VERTEX
  8
0
 10
16.893901804616277
 20
8.613457414631442
 30
0.0
  0
SEQEND
  8
0
  0
POLYLINE
  8
0
 62
0
 70
0
 66
1
 10
0.0
 20
0.0
 30
0.0
  0
VERTEX
  8
0
 10
16.958859073033338
 20
8.50939003386788
 30
0.0
  0
VERTEX
  8
0
 10
16.9588711762428
 20
8.50937411179766
 30
0.0
  0
SEQEND
  8
0
  0
POLYLINE
  8
0
 62
0
 70
0
 66
1
 10
0.0
 20
0.0
 30
0.0
  0
VERTEX
  8
0
 10
16.9588711762428
 20
8.50937411179766
 30
0.0
  0
VERTEX
  8
0
 10
16.8729117417336
 20
8.75025913110003
 30
0.0
  0
SEQEND
  8
0
  0
POLYLINE
  8
0
 62
0
 70
0
 66
1
 10
0.0
 20
0.0
 30
0.0
  0
VERTEX
  8
0
 10
16.9221880936623
 20
8.94186720242724
 30
0.0
  0
VERTEX
  8
0
 10
16.9035361559414
 20
8.905533846268227
 30
0.0
  0
SEQEND
  8
0
  0
POLYLINE
  8
0
 62
0
 70
0
 66
1
 10
0.0
 20
0.0
 30
0.0
  0
VERTEX
  8
0
 10
16.902689734398564
 20
8.90376093878837
 30
0.0
  0
VERTEX
  8
0
 10
16.902684241927492
 20
8.903749373737398
 30
0.0
  0
SEQEND
  8
0
  0
POLYLINE
  8
0
 62
0
 70
0
 66
1
 10
0.0
 20
0.0
 30
0.0
  0
VERTEX
  8
0
 10
16.893015151640725
 20
8.88168651862746
 30
0.0
  0
VERTEX
  8
0
 10
16.89301295561138
 20
8.881680980830307
 30
0.0
  0
SEQEND
  8
0
  0
POLYLINE
  8
0
 62
0
 70
0
 66
1
 10
0.0
 20
0.0
 30
0.0
  0
VERTEX
  8
0
 10
16.89271601693756
 20
8.880929147360703
 30
0.0
  0
VERTEX
  8
0
 10
16.892714355242408
 20
8.880924922891579
 30
0.0
  0
SEQEND
  8
0
  0
POLYLINE
  8
0
 62
0
 70
0
 66
1
 10
0.0
 20
0.0
 30
0.0
  0
VERTEX
  8
0
 10
16.88545634605401
 20
8.85987320820578
 30
0.0
  0
VERTEX
  8
0
 10
16.885454863755253
 20
8.859868143076339
 30
0.0
  0
SEQEND
  8
0
  0
POLYLINE
  8
0
 62
0
 70
0
 66
1
 10
0.0
 20
0.0
 30
0.0
  0
VERTEX
  8
0
 10
16.874612723370856
 20
8.790805289293246
 30
0.0
  0
VERTEX
  8
0
 10
16.8729117417336
 20
8.75025913110003
 30
0.0
  0
SEQEND
  8
0
  0
POLYLINE
  8
0
 62
0
 70
0
 66
1
 10
0.0
 20
0.0
 30
0.0
  0
VERTEX
  8
0
 10
16.8729117417336
 20
8.75025913110003
 30
0.0
  0
VERTEX
  8
0
 10
16.9221880936623
 20
8.94186720242724
 30
0.0
  0
SEQEND
  8
0
  0
POLYLINE
  8
0
 62
0
 70
0
 66
1
 10
0.0
 20
0.0
 30
0.0
  0
VERTEX
  8
0
 10
17.0735397839546
 20
9.04548093667254
 30
0.0
  0
VERTEX
  8
0
 10
17.054460130649204
 20
9.038085307663529
 30
0.0
  0
SEQEND
  8
0
  0
POLYLINE
  8
0
 62
0
 70
0
 66
1
 10
0.0
 20
0.0
 30
0.0
  0
VERTEX
  8
0
 10
17.051576294811653
 20
9.036939442679678
 30
0.0
  0
VERTEX
  8
0
 10
17.051557486803
 20
9.036931931969765
 30
0.0
  0
SEQEND
  8
0
  0
POLYLINE
  8
0
 62
0
 70
0
 66
1
 10
0.0
 20
0.0
 30
0.0
  0
VERTEX
  8
0
 10
17.049165299072495
 20
9.035972328723842
 30
0.0
  0
VERTEX
  8
0
 10
17.049151816690177
 20
9.035966895198985
 30
0.0
  0
SEQEND
  8
0
  0
POLYLINE
  8
0
 62
0
 70
0
 66
1
 10
0.0
 20
0.0
 30
0.0
  0
VERTEX
  8
0
 10
16.98569392208573
 20
9.00336903053394
 30
0.0
  0
VERTEX
  8
0
 10
16.985687778135222
 20
9.003364701645689
 30
0.0
  0
SEQEND
  8
0
  0
POLYLINE
  8
0
 62
0
 70
0
 66
1
 10
0.0
 20
0.0
 30
0.0
  0
VERTEX
  8
0
 10
16.94751603549016
 20
8.969655793282191
 30
0.0
  0
VERTEX
  8
0
 10
16.9221880936623
 20
8.94186720242724
 30
0.0
  0
SEQEND
  8
0
  0
POLYLINE
  8
0
 62
0
 70
0
 66
1
 10
0.0
 20
0.0
 30
0.0
  0
VERTEX
  8
0
 10
16.9221880936623
 20
8.94186720242724
 30
0.0
  0
VERTEX
  8
0
 10
17.0735397839546
 20
9.04548093667254
 30
0.0
  0
SEQEND
  8
0
  0
LINE
  8
0
 62
0
 10
17.07353978395458
 20
9.746357351448385
 30
0.0
 11
17.11269645929333
 21
9.570368379261334
 31
0.0
  0
POLYLINE
  8
0
 62
0
 70
0
 66
1
 10
0.0
 20
0.0
 30
0.0
  0
VERTEX
  8
0
 10
17.0695796513557
 20
9.55100968470797
 30
0.0
  0
VERTEX
  8
0
 10
17.07773902093911
 20
9.555882264752205
 30
0.0
  0
SEQEND
  8
0
  0
POLYLINE
  8
0
 62
0
 70
0
 66
1
 10
0.0
 20
0.0
 30
0.0
  0
VERTEX
  8
0
 10
17.10297274289656
 20
9.567184232945996
 30
0.0
  0
VERTEX
  8
0
 10
17.1126964592934
 20
9.57036837926135
 30
0.0
  0
SEQEND
  8
0
  0
POLYLINE
  8
0
 62
0
 70
0
 66
1
 10
0.0
 20
0.0
 30
0.0
  0
VERTEX
  8
0
 10
17.1126964592934
 20
9.57036837926135
 30
0.0
  0
VERTEX
  8
0
 10
17.0695796513557
 20
9.55100968470797
 30
0.0
  0
SEQEND
  8
0
  0
POLYLINE
  8
0
 62
0
 70
0
 66
1
 10
0.0
 20
0.0
 30
0.0
  0
VERTEX
  8
0
 10
17.034381916523
 20
9.51009199013934
 30
0.0
  0
VERTEX
  8
0
 10
17.04529494739242
 20
9.52729351132869
 30
0.0
  0
SEQEND
  8
0
  0
POLYLINE
  8
0
 62
0
 70
0
 66
1
 10
0.0
 20
0.0
 30
0.0
  0
VERTEX
  8
0
 10
17.061156206446363
 20
9.544014001834018
 30
0.0
  0
VERTEX
  8
0
 10
17.0695796513557
 20
9.55100968470797
 30
0.0
  0
SEQEND
  8
0
  0
POLYLINE
  8
0
 62
0
 70
0
 66
1
 10
0.0
 20
0.0
 30
0.0
  0
VERTEX
  8
0
 10
17.0695796513557
 20
9.55100968470797
 30
0.0
  0
VERTEX
  8
0
 10
17.034381916523
 20
9.51009199013934
 30
0.0
  0
SEQEND
  8
0
  0
POLYLINE
  8
0
 62
0
 70
0
 66
1
 10
0.0
 20
0.0
 30
0.0
  0
VERTEX
  8
0
 10
17.0220628285408
 20
9.45597544303164
 30
0.0
  0
VERTEX
  8
0
 10
17.02270193166156
 20
9.467219463689931
 30
0.0
  0
SEQEND
  8
0
  0
POLYLINE
  8
0
 62
0
 70
0
 66
1
 10
0.0
 20
0.0
 30
0.0
  0
VERTEX
  8
0
 10
17.030445325036638
 20
9.500654578825092
 30
0.0
  0
VERTEX
  8
0
 10
17.034381916523
 20
9.51009199013934
 30
0.0
  0
SEQEND
  8
0
  0
POLYLINE
  8
0
 62
0
 70
0
 66
1
 10
0.0
 20
0.0
 30
0.0
  0
VERTEX
  8
0
 10
17.034381916523
 20
9.51009199013934
 30
0.0
  0
VERTEX
  8
0
 10
17.0220628285408
 20
9.45597544303164
 30
0.0
  0
SEQEND
  8
0
  0
POLYLINE
  8
0
 62
0
 70
0
 66
1
 10
0.0
 20
0.0
 30
0.0
  0
VERTEX
  8
0
 10
17.0765569710732
 20
9.35214176764712
 30
0.0
  0
VERTEX
  8
0
 10
17.057725803684605
 20
9.36871594233757
 30
0.0
  0
SEQEND
  8
0
  0
POLYLINE
  8
0
 62
0
 70
0
 66
1
 10
0.0
 20
0.0
 30
0.0
  0
VERTEX
  8
0
 10
17.056701378362952
 20
9.369696785052962
 30
0.0
  0
VERTEX
  8
0
 10
17.056694718428286
 20
9.369703206779487
 30
0.0
  0
SEQEND
  8
0
  0
POLYLINE
  8
0
 62
0
 70
0
 66
1
 10
0.0
 20
0.0
 30
0.0
  0
VERTEX
  8
0
 10
17.055850366214315
 20
9.37052232407378
 30
0.0
  0
VERTEX
  8
0
 10
17.055845622499703
 20
9.3705269544917
 30
0.0
  0
SEQEND
  8
0
  0
POLYLINE
  8
0
 62
0
 70
0
 66
1
 10
0.0
 20
0.0
 30
0.0
  0
VERTEX
  8
0
 10
17.03595229031494
 20
9.395643381152121
 30
0.0
  0
VERTEX
  8
0
 10
17.03595066060278
 20
9.395646387158353
 30
0.0
  0
SEQEND
  8
0
  0
POLYLINE
  8
0
 62
0
 70
0
 66
1
 10
0.0
 20
0.0
 30
0.0
  0
VERTEX
  8
0
 10
17.028105331088653
 20
9.416217193171192
 30
0.0
  0
VERTEX
  8
0
 10
17.0220628285408
 20
9.45597544303164
 30
0.0
  0
SEQEND
  8
0
  0
POLYLINE
  8
0
 62
0
 70
0
 66
1
 10
0.0
 20
0.0
 30
0.0
  0
VERTEX
  8
0
 10
17.0220628285408
 20
9.45597544303164
 30
0.0
  0
VERTEX
  8
0
 10
17.0765569710732
 20
9.35214176764712
 30
0.0
  0
SEQEND
  8
0
  0
POLYLINE
  8
0
 62
0
 70
0
 66
1
 10
0.0
 20
0.0
 30
0.0
  0
VERTEX
  8
0
 10
17.2035506272316
 20
9.32486370196566
 30
0.0
  0
VERTEX
  8
0
 10
17.183099573182258
 20
9.325206692254122
 30
0.0
  0
SEQEND
  8
0
  0
POLYLINE
  8
0
 62
0
 70
0
 66
1
 10
0.0
 20
0.0
 30
0.0
  0
VERTEX
  8
0
 10
17.100684920458022
 20
9.341329797292879
 30
0.0
  0
VERTEX
  8
0
 10
17.0765569710732
 20
9.35214176764712
 30
0.0
  0
SEQEND
  8
0
  0
POLYLINE
  8
0
 62
0
 70
0
 66
1
 10
0.0
 20
0.0
 30
0.0
  0
VERTEX
  8
0
 10
17.0765569710732
 20
9.35214176764712
 30
0.0
  0
VERTEX
  8
0
 10
17.2035506272316
 20
9.32486370196566
 30
0.0
  0
SEQEND
  8
0
  0
POLYLINE
  8
0
 62
0
 70
0
 66
1
 10
0.0
 20
0.0
 30
0.0
  0
VERTEX
  8
0
 10
17.3505499863625
 20
9.35742154708132
 30
0.0
  0
VERTEX
  8
0
 10
17.313748228011107
 20
9.339970233191657
 30
0.0
  0
SEQEND
  8
0
  0
POLYLINE
  8
0
 62
0
 70
0
 66
1
 10
0.0
 20
0.0
 30
0.0
  0
VERTEX
  8
0
 10
17.234533557929225
 20
9.325133418137078
 30
0.0
  0
VERTEX
  8
0
 10
17.2035506272316
 20
9.32486370196566
 30
0.0
  0
SEQEND
  8
0
  0
POLYLINE
  8
0
 62
0
 70
0
 66
1
 10
0.0
 20
0.0
 30
0.0
  0
VERTEX
  8
0
 10
17.2035506272316
 20
9.32486370196566
 30
0.0
  0
VERTEX
  8
0
 10
17.3505499863625
 20
9.35742154708132
 30
0.0
  0
SEQEND
  8
0
  0
POLYLINE
  8
0
 62
0
 70
0
 66
1
 10
0.0
 20
0.0
 30
0.0
  0
VERTEX
  8
0
 10
17.3903193974495
 20
9.44893583646044
 30
0.0
  0
VERTEX
  8
0
 10
17.388398665370328
 20
9.427944225848243
 30
0.0
  0
SEQEND
  8
0
  0
POLYLINE
  8
0
 62
0
 70
0
 66
1
 10
0.0
 20
0.0
 30
0.0
  0
VERTEX
  8
0
 10
17.37601957230927
 20
9.388406531644991
 30
0.0
  0
VERTEX
  8
0
 10
17.3505499863625
 20
9.35742154708132
 30
0.0
  0
SEQEND
  8
0
  0
POLYLINE
  8
0
 62
0
 70
0
 66
1
 10
0.0
 20
0.0
 30
0.0
  0
VERTEX
  8
0
 10
17.3505499863625
 20
9.35742154708132
 30
0.0
  0
VERTEX
  8
0
 10
17.3903193974495
 20
9.44893583646044
 30
0.0
  0
SEQEND
  8
0
  0
POLYLINE
  8
0
 62
0
 70
0
 66
1
 10
0.0
 20
0.0
 30
0.0
  0
VERTEX
  8
0
 10
17.3903193974495
 20
9.44893583646044
 30
0.0
  0
VERTEX
  8
0
 10
17.3582020306587
 20
9.53539028754458
 30
0.0
  0
SEQEND
  8
0
  0
POLYLINE
  8
0
 62
0
 70
0
 66
1
 10
0.0
 20
0.0
 30
0.0
  0
VERTEX
  8
0
 10
17.2649279141426
 20
9.57784786811099
 30
0.0
  0
VERTEX
  8
0
 10
17.290348983888727
 20
9.57125000643441
 30
0.0
  0
SEQEND
  8
0
  0
POLYLINE
  8
0
 62
0
 70
0
 66
1
 10
0.0
 20
0.0
 30
0.0
  0
VERTEX
  8
0
 10
17.3582020306587
 20
9.53539028754458
 30
0.0
  0
VERTEX
  8
0
 10
17.2649279141426
 20
9.57784786811099
 30
0.0
  0
SEQEND
  8
0
  0
LINE
  8
0
 62
0
 10
17.26492791414256
 20
9.577847868111
 30
0.0
 11
17.317724516391714
 21
9.752516895439507
 31
0.0
  0
POLYLINE
  8
0
 62
0
 70
0
 66
1
 10
0.0
 20
0.0
 30
0.0
  0
VERTEX
  8
0
 10
17.440476706028
 20
9.69708040347323
 30
0.0
  0
VERTEX
  8
0
 10
17.42335080916085
 20
9.708283200020707
 30
0.0
  0
SEQEND
  8
0
  0
POLYLINE
  8
0
 62
0
 70
0
 66
1
 10
0.0
 20
0.0
 30
0.0
  0
VERTEX
  8
0
 10
17.40727384551819
 20
9.718172935169243
 30
0.0
  0
VERTEX
  8
0
 10
17.40725814251754
 20
9.71818211810691
 30
0.0
  0
SEQEND
  8
0
  0
POLYLINE
  8
0
 62
0
 70
0
 66
1
 10
0.0
 20
0.0
 30
0.0
  0
VERTEX
  8
0
 10
17.38515048265459
 20
9.729858487751324
 30
0.0
  0
VERTEX
  8
0
 10
17.3177245163918
 20
9.75251689543948
 30
0.0
  0
SEQEND
  8
0
  0
POLYLINE
  8
0
 62
0
 70
0
 66
1
 10
0.0
 20
0.0
 30
0.0
  0
VERTEX
  8
0
 10
17.3177245163918
 20
9.75251689543948
 30
0.0
  0
VERTEX
  8
0
 10
17.440476706028
 20
9.69708040347323
 30
0.0
  0
SEQEND
  8
0
  0
POLYLINE
  8
0
 62
0
 70
0
 66
1
 10
0.0
 20
0.0
 30
0.0
  0
VERTEX
  8
0
 10
17.5148323082924
 20
9.60314646353945
 30
0.0
  0
VERTEX
  8
0
 10
17.49494497700921
 20
9.638726926553831
 30
0.0
  0
SEQEND
  8
0
  0
POLYLINE
  8
0
 62
0
 70
0
 66
1
 10
0.0
 20
0.0
 30
0.0
  0
VERTEX
  8
0
 10
17.494534764897715
 20
9.639370384064286
 30
0.0
  0
VERTEX
  8
0
 10
17.494532079018274
 20
9.639374581974891
 30
0.0
  0
SEQEND
  8
0
  0
POLYLINE
  8
0
 62
0
 70
0
 66
1
 10
0.0
 20
0.0
 30
0.0
  0
VERTEX
  8
0
 10
17.484175558411724
 20
9.654077642600006
 30
0.0
  0
VERTEX
  8
0
 10
17.484172459877037
 20
9.654081601717653
 30
0.0
  0
SEQEND
  8
0
  0
POLYLINE
  8
0
 62
0
 70
0
 66
1
 10
0.0
 20
0.0
 30
0.0
  0
VERTEX
  8
0
 10
17.458719921417522
 20
9.68096088207023
 30
0.0
  0
VERTEX
  8
0
 10
17.440476706028
 20
9.69708040347323
 30
0.0
  0
SEQEND
  8
0
  0
POLYLINE
  8
0
 62
0
 70
0
 66
1
 10
0.0
 20
0.0
 30
0.0
  0
VERTEX
  8
0
 10
17.440476706028
 20
9.69708040347323
 30
0.0
  0
VERTEX
  8
0
 10
17.5148323082924
 20
9.60314646353945
 30
0.0
  0
SEQEND
  8
0
  0
POLYLINE
  8
0
 62
0
 70
0
 66
1
 10
0.0
 20
0.0
 30
0.0
  0
VERTEX
  8
0
 10
17.5399103665352
 20
9.46037515988574
 30
0.0
  0
VERTEX
  8
0
 10
17.539003037491103
 20
9.489689949226722
 30
0.0
  0
SEQEND
  8
0
  0
POLYLINE
  8
0
 62
0
 70
0
 66
1
 10
0.0
 20
0.0
 30
0.0
  0
VERTEX
  8
0
 10
17.533447293026047
 20
9.54038402082071
 30
0.0
  0
VERTEX
  8
0
 10
17.533446007766507
 20
9.540390477037283
 30
0.0
  0
SEQEND
  8
0
  0
POLYLINE
  8
0
 62
0
 70
0
 66
1
 10
0.0
 20
0.0
 30
0.0
  0
VERTEX
  8
0
 10
17.527815753560922
 20
9.563344633258776
 30
0.0
  0
VERTEX
  8
0
 10
17.527813954818775
 20
9.563350927963134
 30
0.0
  0
SEQEND
  8
0
  0
POLYLINE
  8
0
 62
0
 70
0
 66
1
 10
0.0
 20
0.0
 30
0.0
  0
VERTEX
  8
0
 10
17.527537298938093
 20
9.564314210340644
 30
0.0
  0
VERTEX
  8
0
 10
17.5148323082924
 20
9.60314646353945
 30
0.0
  0
SEQEND
  8
0
  0
POLYLINE
  8
0
 62
0
 70
0
 66
1
 10
0.0
 20
0.0
 30
0.0
  0
VERTEX
  8
0
 10
17.5148323082924
 20
9.60314646353945
 30
0.0
  0
VERTEX
  8
0
 10
17.5399103665352
 20
9.46037515988574
 30
0.0
  0
SEQEND
  8
0
  0
POLYLINE
  8
0
 62
0
 70
0
 66
1
 10
0.0
 20
0.0
 30
0.0
  0
VERTEX
  8
0
 10
17.5093522572517
 20
9.28856566539034
 30
0.0
  0
VERTEX
  8
0
 10
17.516107203791655
 20
9.307889360920477
 30
0.0
  0
SEQEND
  8
0
  0
POLYLINE
  8
0
 62
0
 70
0
 66
1
 10
0.0
 20
0.0
 30
0.0
  0
VERTEX
  8
0
 10
17.51685716619266
 20
9.310085860948108
 30
0.0
  0
VERTEX
  8
0
 10
17.516862047543867
 20
9.31010021098631
 30
0.0
  0
SEQEND
  8
0
  0
POLYLINE
  8
0
 62
0
 70
0
 66
1
 10
0.0
 20
0.0
 30
0.0
  0
VERTEX
  8
0
 10
17.517481328920294
 20
9.311926805478354
 30
0.0
  0
VERTEX
  8
0
 10
17.517484813557683
 20
9.31193711869341
 30
0.0
  0
SEQEND
  8
0
  0
POLYLINE
  8
0
 62
0
 70
0
 66
1
 10
0.0
 20
0.0
 30
0.0
  0
VERTEX
  8
0
 10
17.532083109562922
 20
9.363904312264667
 30
0.0
  0
VERTEX
  8
0
 10
17.53208421936999
 20
9.36390981151214
 30
0.0
  0
SEQEND
  8
0
  0
POLYLINE
  8
0
 62
0
 70
0
 66
1
 10
0.0
 20
0.0
 30
0.0
  0
VERTEX
  8
0
 10
17.53883917459696
 20
9.425065629759809
 30
0.0
  0
VERTEX
  8
0
 10
17.5399103665352
 20
9.46037515988574
 30
0.0
  0
SEQEND
  8
0
  0
POLYLINE
  8
0
 62
0
 70
0
 66
1
 10
0.0
 20
0.0
 30
0.0
  0
VERTEX
  8
0
 10
17.5399103665352
 20
9.46037515988574
 30
0.0
  0
VERTEX
  8
0
 10
17.5093522572517
 20
9.28856566539034
 30
0.0
  0
SEQEND
  8
0
  0
POLYLINE
  8
0
 62
0
 70
0
 66
1
 10
0.0
 20
0.0
 30
0.0
  0
VERTEX
  8
0
 10
17.4018517041206
 20
9.17351290574297
 30
0.0
  0
VERTEX
  8
0
 10
17.42813309156186
 20
9.19213080305304
 30
0.0
  0
SEQEND
  8
0
  0
POLYLINE
  8
0
 62
0
 70
0
 66
1
 10
0.0
 20
0.0
 30
0.0
  0
VERTEX
  8
0
 10
17.42977843062504
 20
9.193355653808526
 30
0.0
  0
VERTEX
  8
0
 10
17.429789150941897
 20
9.193363670704674
 30
0.0
  0
SEQEND
  8
0
  0
POLYLINE
  8
0
 62
0
 70
0
 66
1
 10
0.0
 20
0.0
 30
0.0
  0
VERTEX
  8
0
 10
17.431151645849063
 20
9.194386574703989
 30
0.0
  0
VERTEX
  8
0
 10
17.431159318876333
 20
9.19439235821888
 30
0.0
  0
SEQEND
  8
0
  0
POLYLINE
  8
0
 62
0
 70
0
 66
1
 10
0.0
 20
0.0
 30
0.0
  0
VERTEX
  8
0
 10
17.466633783288735
 20
9.225850927834175
 30
0.0
  0
VERTEX
  8
0
 10
17.466637168127306
 20
9.225854639696392
 30
0.0
  0
SEQEND
  8
0
  0
POLYLINE
  8
0
 62
0
 70
0
 66
1
 10
0.0
 20
0.0
 30
0.0
  0
VERTEX
  8
0
 10
17.468164906331857
 20
9.227551674610693
 30
0.0
  0
VERTEX
  8
0
 10
17.468171204953887
 20
9.227558761708138
 30
0.0
  0
SEQEND
  8
0
  0
POLYLINE
  8
0
 62
0
 70
0
 66
1
 10
0.0
 20
0.0
 30
0.0
  0
VERTEX
  8
0
 10
17.507843466103754
 20
9.28598545266238
 30
0.0
  0
VERTEX
  8
0
 10
17.507853232791366
 20
9.286002147049814
 30
0.0
  0
SEQEND
  8
0
  0
POLYLINE
  8
0
 62
0
 70
0
 66
1
 10
0.0
 20
0.0
 30
0.0
  0
VERTEX
  8
0
 10
17.50934721027913
 20
9.288557032426317
 30
0.0
  0
VERTEX
  8
0
 10
17.5093522572517
 20
9.28856566539034
 30
0.0
  0
SEQEND
  8
0
  0
POLYLINE
  8
0
 62
0
 70
0
 66
1
 10
0.0
 20
0.0
 30
0.0
  0
VERTEX
  8
0
 10
17.5093522572517
 20
9.28856566539034
 30
0.0
  0
VERTEX
  8
0
 10
17.4018517041206
 20
9.17351290574297
 30
0.0
  0
SEQEND
  8
0
  0
POLYLINE
  8
0
 62
0
 70
0
 66
1
 10
0.0
 20
0.0
 30
0.0
  0
VERTEX
  8
0
 10
17.2048714661598
 20
9.12511602034792
 30
0.0
  0
VERTEX
  8
0
 10
17.24625667348991
 20
9.127047832921148
 30
0.0
  0
SEQEND
  8
0
  0
POLYLINE
  8
0
 62
0
 70
0
 66
1
 10
0.0
 20
0.0
 30
0.0
  0
VERTEX
  8
0
 10
17.248955077332898
 20
9.127234526799544
 30
0.0
  0
VERTEX
  8
0
 10
17.248972687793938
 20
9.127235782665917
 30
0.0
  0
SEQEND
  8
0
  0
POLYLINE
  8
0
 62
0
 70
0
 66
1
 10
0.0
 20
0.0
 30
0.0
  0
VERTEX
  8
0
 10
17.251213469391352
 20
9.127399704568246
 30
0.0
  0
VERTEX
  8
0
 10
17.2512261074346
 20
9.12740065271257
 30
0.0
  0
SEQEND
  8
0
  0
POLYLINE
  8
0
 62
0
 70
0
 66
1
 10
0.0
 20
0.0
 30
0.0
  0
VERTEX
  8
0
 10
17.313060468211294
 20
9.136929989941567
 30
0.0
  0
VERTEX
  8
0
 10
17.31306682699621
 20
9.136931661666479
 30
0.0
  0
SEQEND
  8
0
  0
POLYLINE
  8
0
 62
0
 70
0
 66
1
 10
0.0
 20
0.0
 30
0.0
  0
VERTEX
  8
0
 10
17.40127714612541
 20
9.173230979098195
 30
0.0
  0
VERTEX
  8
0
 10
17.4018517041206
 20
9.17351290574297
 30
0.0
  0
SEQEND
  8
0
  0
POLYLINE
  8
0
 62
0
 70
0
 66
1
 10
0.0
 20
0.0
 30
0.0
  0
VERTEX
  8
0
 10
17.4018517041206
 20
9.17351290574297
 30
0.0
  0
VERTEX
  8
0
 10
17.2048714661598
 20
9.12511602034792
 30
0.0
  0
SEQEND
  8
0
  0
POLYLINE
  8
0
 62
0
 70
0
 66
1
 10
0.0
 20
0.0
 30
0.0
  0
VERTEX
  8
0
 10
16.9588711762428
 20
9.21025052657351
 30
0.0
  0
VERTEX
  8
0
 10
16.991947830613377
 20
9.186277759938326
 30
0.0
  0
SEQEND
  8
0
  0
POLYLINE
  8
0
 62
0
 70
0
 66
1
 10
0.0
 20
0.0
 30
0.0
  0
VERTEX
  8
0
 10
16.994620826503954
 20
9.18442434109885
 30
0.0
  0
VERTEX
  8
0
 10
16.99463823683871
 20
9.184412330335565
 30
0.0
  0
SEQEND
  8
0
  0
POLYLINE
  8
0
 62
0
 70
0
 66
1
 10
0.0
 20
0.0
 30
0.0
  0
VERTEX
  8
0
 10
16.996864402374438
 20
9.18288339626397
 30
0.0
  0
VERTEX
  8
0
 10
16.996876921107106
 20
9.182874837341593
 30
0.0
  0
SEQEND
  8
0
  0
POLYLINE
  8
0
 62
0
 70
0
 66
1
 10
0.0
 20
0.0
 30
0.0
  0
VERTEX
  8
0
 10
17.15067716610899
 20
9.128415081966812
 30
0.0
  0
VERTEX
  8
0
 10
17.2048714661598
 20
9.12511602034792
 30
0.0
  0
SEQEND
  8
0
  0
POLYLINE
  8
0
 62
0
 70
0
 66
1
 10
0.0
 20
0.0
 30
0.0
  0
VERTEX
  8
0
 10
17.2048714661598
 20
9.12511602034792
 30
0.0
  0
VERTEX
  8
0
 10
16.9588711762428
 20
9.21025052657351
 30
0.0
  0
SEQEND
  8
0
  0
POLYLINE
  8
0
 62
0
 70
0
 66
1
 10
0.0
 20
0.0
 30
0.0
  0
VERTEX
  8
0
 10
16.8729117417336
 20
9.45113554587588
 30
0.0
  0
VERTEX
  8
0
 10
16.87640080230038
 20
9.397843269912544
 30
0.0
  0
SEQEND
  8
0
  0
POLYLINE
  8
0
 62
0
 70
0
 66
1
 10
0.0
 20
0.0
 30
0.0
  0
VERTEX
  8
0
 10
16.87673455702638
 20
9.39440198560093
 30
0.0
  0
VERTEX
  8
0
 10
16.87673680133599
 20
9.394379535994332
 30
0.0
  0
SEQEND
  8
0
  0
POLYLINE
  8
0
 62
0
 70
0
 66
1
 10
0.0
 20
0.0
 30
0.0
  0
VERTEX
  8
0
 10
16.877029580194105
 20
9.391524726925422
 30
0.0
  0
VERTEX
  8
0
 10
16.877031273075588
 20
9.391508632547522
 30
0.0
  0
SEQEND
  8
0
  0
POLYLINE
  8
0
 62
0
 70
0
 66
1
 10
0.0
 20
0.0
 30
0.0
  0
VERTEX
  8
0
 10
16.893898678857028
 20
9.314342006628795
 30
0.0
  0
VERTEX
  8
0
 10
16.893901562189985
 20
9.314334463576037
 30
0.0
  0
SEQEND
  8
0
  0
POLYLINE
  8
0
 62
0
 70
0
 66
1
 10
0.0
 20
0.0
 30
0.0
  0
VERTEX
  8
0
 10
16.894990942361762
 20
9.311544992735863
 30
0.0
  0
VERTEX
  8
0
 10
16.894994617067873
 20
9.311535779571313
 30
0.0
  0
SEQEND
  8
0
  0
POLYLINE
  8
0
 62
0
 70
0
 66
1
 10
0.0
 20
0.0
 30
0.0
  0
VERTEX
  8
0
 10
16.942096247001817
 20
9.23252296352609
 30
0.0
  0
VERTEX
  8
0
 10
16.942107453686432
 20
9.23250780506975
 30
0.0
  0
SEQEND
  8
0
  0
POLYLINE
  8
0
 62
0
 70
0
 66
1
 10
0.0
 20
0.0
 30
0.0
  0
VERTEX
  8
0
 10
16.944100156501133
 20
9.229821171160866
 30
0.0
  0
VERTEX
  8
0
 10
16.944115838591728
 20
9.22980009374925
 30
0.0
  0
SEQEND
  8
0
  0
POLYLINE
  8
0
 62
0
 70
0
 66
1
 10
0.0
 20
0.0
 30
0.0
  0
VERTEX
  8
0
 10
16.946525305767402
 20
9.226572576223004
 30
0.0
  0
VERTEX
  8
0
 10
16.9588711762428
 20
9.21025052657351
 30
0.0
  0
SEQEND
  8
0
  0
POLYLINE
  8
0
 62
0
 70
0
 66
1
 10
0.0
 20
0.0
 30
0.0
  0
VERTEX
  8
0
 10
16.9588711762428
 20
9.21025052657351
 30
0.0
  0
VERTEX
  8
0
 10
16.8729117417336
 20
9.45113554587588
 30
0.0
  0
SEQEND
  8
0
  0
POLYLINE
  8
0
 62
0
 70
0
 66
1
 10
0.0
 20
0.0
 30
0.0
  0
VERTEX
  8
0
 10
16.9221880936623
 20
9.64274361720309
 30
0.0
  0
VERTEX
  8
0
 10
16.882818739720097
 20
9.55088812054708
 30
0.0
  0
SEQEND
  8
0
  0
POLYLINE
  8
0
 62
0
 70
0
 66
1
 10
0.0
 20
0.0
 30
0.0
  0
VERTEX
  8
0
 10
16.882594817809796
 20
9.549959736479769
 30
0.0
  0
VERTEX
  8
0
 10
16.882593828302767
 20
9.549955596921913
 30
0.0
  0
SEQEND
  8
0
  0
POLYLINE
  8
0
 62
0
 70
0
 66
1
 10
0.0
 20
0.0
 30
0.0
  0
VERTEX
  8
0
 10
16.882373605360055
 20
9.549025971662473
 30
0.0
  0
VERTEX
  8
0
 10
16.882372683691322
 20
9.549022045685664
 30
0.0
  0
SEQEND
  8
0
  0
POLYLINE
  8
0
 62
0
 70
0
 66
1
 10
0.0
 20
0.0
 30
0.0
  0
VERTEX
  8
0
 10
16.882156124715564
 20
9.54809118878401
 30
0.0
  0
VERTEX
  8
0
 10
16.882155268987454
 20
9.54808747690449
 30
0.0
  0
SEQEND
  8
0
  0
POLYLINE
  8
0
 62
0
 70
0
 66
1
 10
0.0
 20
0.0
 30
0.0
  0
VERTEX
  8
0
 10
16.881942338952122
 20
9.547155397917544
 30
0.0
  0
VERTEX
  8
0
 10
16.881941547292847
 20
9.54715190064455
 30
0.0
  0
SEQEND
  8
0
  0
POLYLINE
  8
0
 62
0
 70
0
 66
1
 10
0.0
 20
0.0
 30
0.0
  0
VERTEX
  8
0
 10
16.88173221114554
 20
9.546218609136249
 30
0.0
  0
VERTEX
  8
0
 10
16.881731481709192
 20
9.546215326972007
 30
0.0
  0
SEQEND
  8
0
  0
POLYLINE
  8
0
 62
0
 70
0
 66
1
 10
0.0
 20
0.0
 30
0.0
  0
VERTEX
  8
0
 10
16.88152570437161
 20
9.545280832513278
 30
0.0
  0
VERTEX
  8
0
 10
16.88152503533817
 20
9.545277765953026
 30
0.0
  0
SEQEND
  8
0
  0
POLYLINE
  8
0
 62
0
 70
0
 66
1
 10
0.0
 20
0.0
 30
0.0
  0
VERTEX
  8
0
 10
16.881322781706142
 20
9.544342078121804
 30
0.0
  0
VERTEX
  8
0
 10
16.881322171281465
 20
9.544339227653758
 30
0.0
  0
SEQEND
  8
0
  0
POLYLINE
  8
0
 62
0
 70
0
 66
1
 10
0.0
 20
0.0
 30
0.0
  0
VERTEX
  8
0
 10
16.881123406224937
 20
9.543402356034989
 30
0.0
  0
VERTEX
  8
0
 10
16.881122852640754
 20
9.54339972214037
 30
0.0
  0
SEQEND
  8
0
  0
POLYLINE
  8
0
 62
0
 70
0
 66
1
 10
0.0
 20
0.0
 30
0.0
  0
VERTEX
  8
0
 10
16.880927541003807
 20
9.542461676326003
 30
0.0
  0
VERTEX
  8
0
 10
16.880927042517726
 20
9.542459259479015
 30
0.0
  0
SEQEND
  8
0
  0
POLYLINE
  8
0
 62
0
 70
0
 66
1
 10
0.0
 20
0.0
 30
0.0
  0
VERTEX
  8
0
 10
16.880735149118543
 20
9.541520049068009
 30
0.0
  0
VERTEX
  8
0
 10
16.88073470401405
 20
9.541517849735854
 30
0.0
  0
SEQEND
  8
0
  0
POLYLINE
  8
0
 62
0
 70
0
 66
1
 10
0.0
 20
0.0
 30
0.0
  0
VERTEX
  8
0
 10
16.88054619364496
 20
9.54057748433417
 30
0.0
  0
VERTEX
  8
0
 10
16.88054580023141
 20
9.540575502977049
 30
0.0
  0
SEQEND
  8
0
  0
POLYLINE
  8
0
 62
0
 70
0
 66
1
 10
0.0
 20
0.0
 30
0.0
  0
VERTEX
  8
0
 10
16.878994140415607
 20
9.532053877388895
 30
0.0
  0
VERTEX
  8
0
 10
16.8729117417336
 20
9.45113554587588
 30
0.0
  0
SEQEND
  8
0
  0
POLYLINE
  8
0
 62
0
 70
0
 66
1
 10
0.0
 20
0.0
 30
0.0
  0
VERTEX
  8
0
 10
16.8729117417336
 20
9.45113554587588
 30
0.0
  0
VERTEX
  8
0
 10
16.9221880936623
 20
9.64274361720309
 30
0.0
  0
SEQEND
  8
0
  0
POLYLINE
  8
0
 62
0
 70
0
 66
1
 10
0.0
 20
0.0
 30
0.0
  0
VERTEX
  8
0
 10
17.0735397839546
 20
9.74635735144839
 30
0.0
  0
VERTEX
  8
0
 10
17.03850463942915
 20
9.732446561253202
 30
0.0
  0
SEQEND
  8
0
  0
POLYLINE
  8
0
 62
0
 70
0
 66
1
 10
0.0
 20
0.0
 30
0.0
  0
VERTEX
  8
0
 10
17.036282327823677
 20
9.731497528036302
 30
0.0
  0
VERTEX
  8
0
 10
17.03626784512558
 20
9.731491302367651
 30
0.0
  0
SEQEND
  8
0
  0
POLYLINE
  8
0
 62
0
 70
0
 66
1
 10
0.0
 20
0.0
 30
0.0
  0
VERTEX
  8
0
 10
17.034425792412137
 20
9.730694957622394
 30
0.0
  0
VERTEX
  8
0
 10
17.03441541802588
 20
9.730690446837837
 30
0.0
  0
SEQEND
  8
0
  0
POLYLINE
  8
0
 62
0
 70
0
 66
1
 10
0.0
 20
0.0
 30
0.0
  0
VERTEX
  8
0
 10
16.985470268621423
 20
9.704087927565899
 30
0.0
  0
VERTEX
  8
0
 10
16.985465371934087
 20
9.704084466946401
 30
0.0
  0
SEQEND
  8
0
  0
POLYLINE
  8
0
 62
0
 70
0
 66
1
 10
0.0
 20
0.0
 30
0.0
  0
VERTEX
  8
0
 10
16.923887618704345
 20
9.644658042812468
 30
0.0
  0
VERTEX
  8
0
 10
16.9221880936623
 20
9.64274361720309
 30
0.0
  0
SEQEND
  8
0
  0
POLYLINE
  8
0
 62
0
 70
0
 66
1
 10
0.0
 20
0.0
 30
0.0
  0
VERTEX
  8
0
 10
16.9221880936623
 20
9.64274361720309
 30
0.0
  0
VERTEX
  8
0
 10
17.0735397839546
 20
9.74635735144839
 30
0.0
  0
SEQEND
  8
0
  0
POLYLINE
  8
0
 62
0
 70
0
 66
1
 10
0.0
 20
0.0
 30
0.0
  0
VERTEX
  8
0
 10
16.8955698513985
 20
9.93840530505404
 30
0.0
  0
VERTEX
  8
0
 10
16.905336415419853
 20
9.919831707120714
 30
0.0
  0
SEQEND
  8
0
  0
POLYLINE
  8
0
 62
0
 70
0
 66
1
 10
0.0
 20
0.0
 30
0.0
  0
VERTEX
  8
0
 10
16.905955277909356
 20
9.91872028449972
 30
0.0
  0
VERTEX
  8
0
 10
16.905959334351873
 20
9.91871303549065
 30
0.0
  0
SEQEND
  8
0
  0
POLYLINE
  8
0
 62
0
 70
0
 66
1
 10
0.0
 20
0.0
 30
0.0
  0
VERTEX
  8
0
 10
16.922777237544366
 20
9.893408047377942
 30
0.0
  0
VERTEX
  8
0
 10
16.922779879946056
 20
9.893404838335544
 30
0.0
  0
SEQEND
  8
0
  0
POLYLINE
  8
0
 62
0
 70
0
 66
1
 10
0.0
 20
0.0
 30
0.0
  0
VERTEX
  8
0
 10
16.923554127489933
 20
9.892474361321574
 30
0.0
  0
VERTEX
  8
0
 10
16.923556629998966
 20
9.892471385138881
 30
0.0
  0
SEQEND
  8
0
  0
POLYLINE
  8
0
 62
0
 70
0
 66
1
 10
0.0
 20
0.0
 30
0.0
  0
VERTEX
  8
0
 10
16.943851472924923
 20
9.872570316087579
 30
0.0
  0
VERTEX
  8
0
 10
16.943857395658977
 20
9.872565293353407
 30
0.0
  0
SEQEND
  8
0
  0
POLYLINE
  8
0
 62
0
 70
0
 66
1
 10
0.0
 20
0.0
 30
0.0
  0
VERTEX
  8
0
 10
16.94476592538819
 20
9.871797972376694
 30
0.0
  0
VERTEX
  8
0
 10
16.9606867337227
 20
9.8589904605411
 30
0.0
  0
SEQEND
  8
0
  0
POLYLINE
  8
0
 62
0
 70
0
 66
1
 10
0.0
 20
0.0
 30
0.0
  0
VERTEX
  8
0
 10
16.9606867337227
 20
9.8589904605411
 30
0.0
  0
VERTEX
  8
0
 10
16.8955698513985
 20
9.93840530505404
 30
0.0
  0
SEQEND
  8
0
  0
POLYLINE
  8
0
 62
0
 70
0
 66
1
 10
0.0
 20
0.0
 30
0.0
  0
VERTEX
  8
0
 10
16.8729117417335
 20
10.0802965461276
 30
0.0
  0
VERTEX
  8
0
 10
16.873532271804137
 20
10.0512443860387
 30
0.0
  0
SEQEND
  8
0
  0
POLYLINE
  8
0
 62
0
 70
0
 66
1
 10
0.0
 20
0.0
 30
0.0
  0
VERTEX
  8
0
 10
16.878738080122694
 20
9.998642413002681
 30
0.0
  0
VERTEX
  8
0
 10
16.878739161356894
 20
9.998636686247822
 30
0.0
  0
SEQEND
  8
0
  0
POLYLINE
  8
0
 62
0
 70
0
 66
1
 10
0.0
 20
0.0
 30
0.0
  0
VERTEX
  8
0
 10
16.883385172064
 20
9.978335347418259
 30
0.0
  0
VERTEX
  8
0
 10
16.883386645210006
 20
9.978329774030268
 30
0.0
  0
SEQEND
  8
0
  0
POLYLINE
  8
0
 62
0
 70
0
 66
1
 10
0.0
 20
0.0
 30
0.0
  0
VERTEX
  8
0
 10
16.883613231567182
 20
9.977476691395495
 30
0.0
  0
VERTEX
  8
0
 10
16.8955698513985
 20
9.93840530505404
 30
0.0
  0
SEQEND
  8
0
  0
POLYLINE
  8
0
 62
0
 70
0
 66
1
 10
0.0
 20
0.0
 30
0.0
  0
VERTEX
  8
0
 10
16.8955698513985
 20
9.93840530505404
 30
0.0
  0
VERTEX
  8
0
 10
16.8729117417335
 20
10.0802965461276
 30
0.0
  0
SEQEND
  8
0
  0
POLYLINE
  8
0
 62
0
 70
0
 66
1
 10
0.0
 20
0.0
 30
0.0
  0
VERTEX
  8
0
 10
16.8944707417488
 20
10.2274675666355
 30
0.0
  0
VERTEX
  8
0
 10
16.883350964559465
 20
10.188130693997074
 30
0.0
  0
SEQEND
  8
0
  0
POLYLINE
  8
0
 62
0
 70
0
 66
1
 10
0.0
 20
0.0
 30
0.0
  0
VERTEX
  8
0
 10
16.88312317281821
 20
10.187210522429673
 30
0.0
  0
VERTEX
  8
0
 10
16.883121691444707
 20
10.187204509132691
 30
0.0
  0
SEQEND
  8
0
  0
POLYLINE
  8
0
 62
0
 70
0
 66
1
 10
0.0
 20
0.0
 30
0.0
  0
VERTEX
  8
0
 10
16.878463231970603
 20
10.165323341368255
 30
0.0
  0
VERTEX
  8
0
 10
16.87846216155261
 20
10.165317217000169
 30
0.0
  0
SEQEND
  8
0
  0
POLYLINE
  8
0
 62
0
 70
0
 66
1
 10
0.0
 20
0.0
 30
0.0
  0
VERTEX
  8
0
 10
16.873464625525834
 20
10.110327590921255
 30
0.0
  0
VERTEX
  8
0
 10
16.8729117417335
 20
10.0802965461276
 30
0.0
  0
SEQEND
  8
0
  0
POLYLINE
  8
0
 62
0
 70
0
 66
1
 10
0.0
 20
0.0
 30
0.0
  0
VERTEX
  8
0
 10
16.8729117417335
 20
10.0802965461276
 30
0.0
  0
VERTEX
  8
0
 10
16.8944707417488
 20
10.2274675666355
 30
0.0
  0
SEQEND
  8
0
  0
POLYLINE
  8
0
 62
0
 70
0
 66
1
 10
0.0
 20
0.0
 30
0.0
  0
VERTEX
  8
0
 10
16.9606867337227
 20
10.3101824223064
 30
0.0
  0
VERTEX
  8
0
 10
16.943880266871858
 20
10.296504553309674
 30
0.0
  0
SEQEND
  8
0
  0
POLYLINE
  8
0
 62
0
 70
0
 66
1
 10
0.0
 20
0.0
 30
0.0
  0
VERTEX
  8
0
 10
16.913716833060562
 20
10.263235466155068
 30
0.0
  0
VERTEX
  8
0
 10
16.8944707417488
 20
10.2274675666355
 30
0.0
  0
SEQEND
  8
0
  0
POLYLINE
  8
0
 62
0
 70
0
 66
1
 10
0.0
 20
0.0
 30
0.0
  0
VERTEX
  8
0
 10
16.8944707417488
 20
10.2274675666355
 30
0.0
  0
VERTEX
  8
0
 10
16.9606867337227
 20
10.3101824223064
 30
0.0
  0
SEQEND
  8
0
  0
POLYLINE
  8
0
 62
0
 70
0
 66
1
 10
0.0
 20
0.0
 30
0.0
  0
VERTEX
  8
0
 10
17.0607796216011
 20
10.3403206168674
 30
0.0
  0
VERTEX
  8
0
 10
17.020424585970996
 20
10.335861869139146
 30
0.0
  0
SEQEND
  8
0
  0
POLYLINE
  8
0
 62
0
 70
0
 66
1
 10
0.0
 20
0.0
 30
0.0
  0
VERTEX
  8
0
 10
16.979388536408067
 20
10.320564864725037
 30
0.0
  0
VERTEX
  8
0
 10
16.9606867337227
 20
10.3101824223064
 30
0.0
  0
SEQEND
  8
0
  0
POLYLINE
  8
0
 62
0
 70
0
 66
1
 10
0.0
 20
0.0
 30
0.0
  0
VERTEX
  8
0
 10
16.9606867337227
 20
10.3101824223064
 30
0.0
  0
VERTEX
  8
0
 10
17.0607796216011
 20
10.3403206168674
 30
0.0
  0
SEQEND
  8
0
  0
POLYLINE
  8
0
 62
0
 70
0
 66
1
 10
0.0
 20
0.0
 30
0.0
  0
VERTEX
  8
0
 10
17.1734133267403
 20
10.3057827054523
 30
0.0
  0
VERTEX
  8
0
 10
17.15230282475619
 20
10.317360428467378
 30
0.0
  0
SEQEND
  8
0
  0
POLYLINE
  8
0
 62
0
 70
0
 66
1
 10
0.0
 20
0.0
 30
0.0
  0
VERTEX
  8
0
 10
17.15101530795889
 20
10.318026568570401
 30
0.0
  0
VERTEX
  8
0
 10
17.151006890332287
 20
10.318030901177224
 30
0.0
  0
SEQEND
  8
0
  0
POLYLINE
  8
0
 62
0
 70
0
 66
1
 10
0.0
 20
0.0
 30
0.0
  0
VERTEX
  8
0
 10
17.11910270648702
 20
10.331478397934431
 30
0.0
  0
VERTEX
  8
0
 10
17.119098204422944
 20
10.33147977410538
 30
0.0
  0
SEQEND
  8
0
  0
POLYLINE
  8
0
 62
0
 70
0
 66
1
 10
0.0
 20
0.0
 30
0.0
  0
VERTEX
  8
0
 10
17.10120944972136
 20
10.335754930078242
 30
0.0
  0
VERTEX
  8
0
 10
17.0607796216011
 20
10.3403206168674
 30
0.0
  0
SEQEND
  8
0
  0
POLYLINE
  8
0
 62
0
 70
0
 66
1
 10
0.0
 20
0.0
 30
0.0
  0
VERTEX
  8
0
 10
17.0607796216011
 20
10.3403206168674
 30
0.0
  0
VERTEX
  8
0
 10
17.1734133267403
 20
10.3057827054523
 30
0.0
  0
SEQEND
  8
0
  0
POLYLINE
  8
0
 62
0
 70
0
 66
1
 10
0.0
 20
0.0
 30
0.0
  0
VERTEX
  8
0
 10
17.2913256192207
 20
10.1801703869365
 30
0.0
  0
VERTEX
  8
0
 10
17.26714829050713
 20
10.213171686370572
 30
0.0
  0
SEQEND
  8
0
  0
POLYLINE
  8
0
 62
0
 70
0
 66
1
 10
0.0
 20
0.0
 30
0.0
  0
VERTEX
  8
0
 10
17.229278294585868
 20
10.257567167043126
 30
0.0
  0
VERTEX
  8
0
 10
17.229275631872575
 20
10.25756985098098
 30
0.0
  0
SEQEND
  8
0
  0
POLYLINE
  8
0
 62
0
 70
0
 66
1
 10
0.0
 20
0.0
 30
0.0
  0
VERTEX
  8
0
 10
17.216431396244463
 20
10.269863807707235
 30
0.0
  0
VERTEX
  8
0
 10
17.216428714615787
 20
10.269866256123098
 30
0.0
  0
SEQEND
  8
0
  0
POLYLINE
  8
0
 62
0
 70
0
 66
1
 10
0.0
 20
0.0
 30
0.0
  0
VERTEX
  8
0
 10
17.215952990569598
 20
10.270299937075864
 30
0.0
  0
VERTEX
  8
0
 10
17.21594930752019
 20
10.270303289451626
 30
0.0
  0
SEQEND
  8
0
  0
POLYLINE
  8
0
 62
0
 70
0
 66
1
 10
0.0
 20
0.0
 30
0.0
  0
VERTEX
  8
0
 10
17.214801811653302
 20
10.271343957793635
 30
0.0
  0
VERTEX
  8
0
 10
17.214797999132593
 20
10.271347402912559
 30
0.0
  0
SEQEND
  8
0
  0
POLYLINE
  8
0
 62
0
 70
0
 66
1
 10
0.0
 20
0.0
 30
0.0
  0
VERTEX
  8
0
 10
17.201554751993783
 20
10.282891019286433
 30
0.0
  0
VERTEX
  8
0
 10
17.201546998208972
 20
10.282897567241163
 30
0.0
  0
SEQEND
  8
0
  0
POLYLINE
  8
0
 62
0
 70
0
 66
1
 10
0.0
 20
0.0
 30
0.0
  0
VERTEX
  8
0
 10
17.200358551270327
 20
10.283898797975745
 30
0.0
  0
VERTEX
  8
0
 10
17.1734133267403
 20
10.3057827054523
 30
0.0
  0
SEQEND
  8
0
  0
POLYLINE
  8
0
 62
0
 70
0
 66
1
 10
0.0
 20
0.0
 30
0.0
  0
VERTEX
  8
0
 10
17.1734133267403
 20
10.3057827054523
 30
0.0
  0
VERTEX
  8
0
 10
17.2913256192207
 20
10.1801703869365
 30
0.0
  0
SEQEND
  8
0
  0
POLYLINE
  8
0
 62
0
 70
0
 66
1
 10
0.0
 20
0.0
 30
0.0
  0
VERTEX
  8
0
 10
17.3436823391914
 20
10.1077951489948
 30
0.0
  0
VERTEX
  8
0
 10
17.337462145765535
 20
10.115928690908579
 30
0.0
  0
SEQEND
  8
0
  0
POLYLINE
  8
0
 62
0
 70
0
 66
1
 10
0.0
 20
0.0
 30
0.0
  0
VERTEX
  8
0
 10
17.301477132767253
 20
10.165462606865614
 30
0.0
  0
VERTEX
  8
0
 10
17.2913256192207
 20
10.1801703869365
 30
0.0
  0
SEQEND
  8
0
  0
POLYLINE
  8
0
 62
0
 70
0
 66
1
 10
0.0
 20
0.0
 30
0.0
  0
VERTEX
  8
0
 10
17.2913256192207
 20
10.1801703869365
 30
0.0
  0
VERTEX
  8
0
 10
17.3436823391914
 20
10.1077951489948
 30
0.0
  0
SEQEND
  8
0
  0
POLYLINE
  8
0
 62
0
 70
0
 66
1
 10
0.0
 20
0.0
 30
0.0
  0
VERTEX
  8
0
 10
17.3828402066231
 20
10.0648976861499
 30
0.0
  0
VERTEX
  8
0
 10
17.37474864530141
 20
10.073240837224093
 30
0.0
  0
SEQEND
  8
0
  0
POLYLINE
  8
0
 62
0
 70
0
 66
1
 10
0.0
 20
0.0
 30
0.0
  0
VERTEX
  8
0
 10
17.357059984197036
 20
10.092292771334456
 30
0.0
  0
VERTEX
  8
0
 10
17.3436823391914
 20
10.1077951489948
 30
0.0
  0
SEQEND
  8
0
  0
POLYLINE
  8
0
 62
0
 70
0
 66
1
 10
0.0
 20
0.0
 30
0.0
  0
VERTEX
  8
0
 10
17.3436823391914
 20
10.1077951489948
 30
0.0
  0
VERTEX
  8
0
 10
17.3828402066231
 20
10.0648976861499
 30
0.0
  0
SEQEND
  8
0
  0
LINE
  8
0
 62
0
 10
17.3828402066231
 20
10.0648976861499
 30
0.0
 11
17.3828402066231
 21
10.3447200356983
 31
0.0
  0
LINE
  8
0
 62
0
 10
17.3828402066231
 20
10.3447200356983
 30
0.0
 11
17.5289109253883
 21
10.3447200356983
 31
0.0
  0
LINE
  8
0
 62
0
 10
17.5289109253883
 20
10.3447200356983
 30
0.0
 11
17.5289109253883
 21
9.80707362284884
 31
0.0
  0
POLYLINE
  8
0
 62
0
 70
0
 66
1
 10
0.0
 20
0.0
 30
0.0
  0
VERTEX
  8
0
 10
17.3791006112099
 20
9.86316993823275
 30
0.0
  0
VERTEX
  8
0
 10
17.407158711839973
 20
9.846840963775858
 30
0.0
  0
SEQEND
  8
0
  0
POLYLINE
  8
0
 62
0
 70
0
 66
1
 10
0.0
 20
0.0
 30
0.0
  0
VERTEX
  8
0
 10
17.40884880540795
 20
9.845902637305493
 30
0.0
  0
VERTEX
  8
0
 10
17.40885985600883
 20
9.845896527306486
 30
0.0
  0
SEQEND
  8
0
  0
POLYLINE
  8
0
 62
0
 70
0
 66
1
 10
0.0
 20
0.0
 30
0.0
  0
VERTEX
  8
0
 10
17.45073946479221
 20
9.826053730120115
 30
0.0
  0
VERTEX
  8
0
 10
17.450745367479353
 20
9.826051512516624
 30
0.0
  0
SEQEND
  8
0
  0
POLYLINE
  8
0
 62
0
 70
0
 66
1
 10
0.0
 20
0.0
 30
0.0
  0
VERTEX
  8
0
 10
17.453072312339916
 20
9.825192090371113
 30
0.0
  0
VERTEX
  8
0
 10
17.453081788336718
 20
9.825188650430999
 30
0.0
  0
SEQEND
  8
0
  0
POLYLINE
  8
0
 62
0
 70
0
 66
1
 10
0.0
 20
0.0
 30
0.0
  0
VERTEX
  8
0
 10
17.525211532380084
 20
9.807742065078926
 30
0.0
  0
VERTEX
  8
0
 10
17.525231458121517
 20
9.807738459535019
 30
0.0
  0
SEQEND
  8
0
  0
POLYLINE
  8
0
 62
0
 70
0
 66
1
 10
0.0
 20
0.0
 30
0.0
  0
VERTEX
  8
0
 10
17.528281110369154
 20
9.807187344002926
 30
0.0
  0
VERTEX
  8
0
 10
17.5289109253883
 20
9.80707362284884
 30
0.0
  0
SEQEND
  8
0
  0
POLYLINE
  8
0
 62
0
 70
0
 66
1
 10
0.0
 20
0.0
 30
0.0
  0
VERTEX
  8
0
 10
17.5289109253883
 20
9.80707362284884
 30
0.0
  0
VERTEX
  8
0
 10
17.3791006112099
 20
9.86316993823275
 30
0.0
  0
SEQEND
  8
0
  0
POLYLINE
  8
0
 62
0
 70
0
 66
1
 10
0.0
 20
0.0
 30
0.0
  0
VERTEX
  8
0
 10
17.2134509587288
 20
10.0389392673038
 30
0.0
  0
VERTEX
  8
0
 10
17.26343494321016
 20
9.974226474862984
 30
0.0
  0
SEQEND
  8
0
  0
POLYLINE
  8
0
 62
0
 70
0
 66
1
 10
0.0
 20
0.0
 30
0.0
  0
VERTEX
  8
0
 10
17.303208774758815
 20
9.929928435246799
 30
0.0
  0
VERTEX
  8
0
 10
17.30321231044153
 20
9.929924882482235
 30
0.0
  0
SEQEND
  8
0
  0
POLYLINE
  8
0
 62
0
 70
0
 66
1
 10
0.0
 20
0.0
 30
0.0
  0
VERTEX
  8
0
 10
17.32042748547885
 20
9.913363635757051
 30
0.0
  0
VERTEX
  8
0
 10
17.320431068595582
 20
9.913360323284282
 30
0.0
  0
SEQEND
  8
0
  0
POLYLINE
  8
0
 62
0
 70
0
 66
1
 10
0.0
 20
0.0
 30
0.0
  0
VERTEX
  8
0
 10
17.321066325680917
 20
9.912773816285435
 30
0.0
  0
VERTEX
  8
0
 10
17.3210712702895
 20
9.912769257083106
 30
0.0
  0
SEQEND
  8
0
  0
POLYLINE
  8
0
 62
0
 70
0
 66
1
 10
0.0
 20
0.0
 30
0.0
  0
VERTEX
  8
0
 10
17.322602999313094
 20
9.911361269373906
 30
0.0
  0
VERTEX
  8
0
 10
17.322608062058443
 20
9.91135662983107
 30
0.0
  0
SEQEND
  8
0
  0
POLYLINE
  8
0
 62
0
 70
0
 66
1
 10
0.0
 20
0.0
 30
0.0
  0
VERTEX
  8
0
 10
17.34023684059411
 20
9.895688088010537
 30
0.0
  0
VERTEX
  8
0
 10
17.340247142815556
 20
9.895679175203403
 30
0.0
  0
SEQEND
  8
0
  0
POLYLINE
  8
0
 62
0
 70
0
 66
1
 10
0.0
 20
0.0
 30
0.0
  0
VERTEX
  8
0
 10
17.341825615323724
 20
9.894316377972338
 30
0.0
  0
VERTEX
  8
0
 10
17.3791006112099
 20
9.86316993823275
 30
0.0
  0
SEQEND
  8
0
  0
POLYLINE
  8
0
 62
0
 70
0
 66
1
 10
0.0
 20
0.0
 30
0.0
  0
VERTEX
  8
0
 10
17.3791006112099
 20
9.86316993823275
 30
0.0
  0
VERTEX
  8
0
 10
17.2134509587288
 20
10.0389392673038
 30
0.0
  0
SEQEND
  8
0
  0
POLYLINE
  8
0
 62
0
 70
0
 66
1
 10
0.0
 20
0.0
 30
0.0
  0
VERTEX
  8
0
 10
17.1245756649971
 20
10.1396931706928
 30
0.0
  0
VERTEX
  8
0
 10
17.13958336071958
 20
10.125768355651406
 30
0.0
  0
SEQEND
  8
0
  0
POLYLINE
  8
0
 62
0
 70
0
 66
1
 10
0.0
 20
0.0
 30
0.0
  0
VERTEX
  8
0
 10
17.19737041707935
 20
10.060628800461355
 30
0.0
  0
VERTEX
  8
0
 10
17.2134509587288
 20
10.0389392673038
 30
0.0
  0
SEQEND
  8
0
  0
POLYLINE
  8
0
 62
0
 70
0
 66
1
 10
0.0
 20
0.0
 30
0.0
  0
VERTEX
  8
0
 10
17.2134509587288
 20
10.0389392673038
 30
0.0
  0
VERTEX
  8
0
 10
17.1245756649971
 20
10.1396931706928
 30
0.0
  0
SEQEND
  8
0
  0
POLYLINE
  8
0
 62
0
 70
0
 66
1
 10
0.0
 20
0.0
 30
0.0
  0
VERTEX
  8
0
 10
17.0669391655922
 20
10.16169145694
 30
0.0
  0
VERTEX
  8
0
 10
17.087013221839122
 20
10.158486103396655
 30
0.0
  0
SEQEND
  8
0
  0
POLYLINE
  8
0
 62
0
 70
0
 66
1
 10
0.0
 20
0.0
 30
0.0
  0
VERTEX
  8
0
 10
17.113981642993195
 20
10.146639164282382
 30
0.0
  0
VERTEX
  8
0
 10
17.1245756649971
 20
10.1396931706928
 30
0.0
  0
SEQEND
  8
0
  0
POLYLINE
  8
0
 62
0
 70
0
 66
1
 10
0.0
 20
0.0
 30
0.0
  0
VERTEX
  8
0
 10
17.1245756649971
 20
10.1396931706928
 30
0.0
  0
VERTEX
  8
0
 10
17.0669391655922
 20
10.16169145694
 30
0.0
  0
SEQEND
  8
0
  0
POLYLINE
  8
0
 62
0
 70
0
 66
1
 10
0.0
 20
0.0
 30
0.0
  0
VERTEX
  8
0
 10
17.0165625119209
 20
10.139913111832
 30
0.0
  0
VERTEX
  8
0
 10
17.03241580974678
 20
10.152408572757956
 30
0.0
  0
SEQEND
  8
0
  0
POLYLINE
  8
0
 62
0
 70
0
 66
1
 10
0.0
 20
0.0
 30
0.0
  0
VERTEX
  8
0
 10
17.055547714808746
 20
10.160393255385
 30
0.0
  0
VERTEX
  8
0
 10
17.0669391655922
 20
10.16169145694
 30
0.0
  0
SEQEND
  8
0
  0
POLYLINE
  8
0
 62
0
 70
0
 66
1
 10
0.0
 20
0.0
 30
0.0
  0
VERTEX
  8
0
 10
17.0669391655922
 20
10.16169145694
 30
0.0
  0
VERTEX
  8
0
 10
17.0165625119209
 20
10.139913111832
 30
0.0
  0
SEQEND
  8
0
  0
POLYLINE
  8
0
 62
0
 70
0
 66
1
 10
0.0
 20
0.0
 30
0.0
  0
VERTEX
  8
0
 10
17.0165625119209
 20
10.139913111832
 30
0.0
  0
VERTEX
  8
0
 10
16.9956639313698
 20
10.0851364432834
 30
0.0
  0
SEQEND
  8
0
  0
POLYLINE
  8
0
 62
0
 70
0
 66
1
 10
0.0
 20
0.0
 30
0.0
  0
VERTEX
  8
0
 10
17.017222931385
 20
10.0290398298763
 30
0.0
  0
VERTEX
  8
0
 10
17.005344772609078
 20
10.045428191574004
 30
0.0
  0
SEQEND
  8
0
  0
POLYLINE
  8
0
 62
0
 70
0
 66
1
 10
0.0
 20
0.0
 30
0.0
  0
VERTEX
  8
0
 10
16.996747509090028
 20
10.07265279746506
 30
0.0
  0
VERTEX
  8
0
 10
16.9956639313698
 20
10.0851364432834
 30
0.0
  0
SEQEND
  8
0
  0
POLYLINE
  8
0
 62
0
 70
0
 66
1
 10
0.0
 20
0.0
 30
0.0
  0
VERTEX
  8
0
 10
16.9956639313698
 20
10.0851364432834
 30
0.0
  0
VERTEX
  8
0
 10
17.017222931385
 20
10.0290398298763
 30
0.0
  0
SEQEND
  8
0
  0
POLYLINE
  8
0
 62
0
 70
0
 66
1
 10
0.0
 20
0.0
 30
0.0
  0
VERTEX
  8
0
 10
17.0933380627632
 20
9.99978169789538
 30
0.0
  0
VERTEX
  8
0
 10
17.07320214964939
 20
10.003075461129953
 30
0.0
  0
SEQEND
  8
0
  0
POLYLINE
  8
0
 62
0
 70
0
 66
1
 10
0.0
 20
0.0
 30
0.0
  0
VERTEX
  8
0
 10
17.030986873160003
 20
10.01965278252364
 30
0.0
  0
VERTEX
  8
0
 10
17.017222931385
 20
10.0290398298763
 30
0.0
  0
SEQEND
  8
0
  0
POLYLINE
  8
0
 62
0
 70
0
 66
1
 10
0.0
 20
0.0
 30
0.0
  0
VERTEX
  8
0
 10
17.017222931385
 20
10.0290398298763
 30
0.0
  0
VERTEX
  8
0
 10
17.0933380627632
 20
9.99978169789538
 30
0.0
  0
SEQEND
  8
0
  0
LINE
  8
0
 62
0
 10
17.093338062763216
 20
9.99978169789538
 30
0.0
 11
17.07881837129593
 21
9.820272773411128
 31
0.0
  0
POLYLINE
  8
0
 62
0
 70
0
 66
1
 10
0.0
 20
0.0
 30
0.0
  0
VERTEX
  8
0
 10
16.9606867337227
 20
9.8589904605411
 30
0.0
  0
VERTEX
  8
0
 10
16.9972390897802
 20
9.840846906410523
 30
0.0
  0
SEQEND
  8
0
  0
POLYLINE
  8
0
 62
0
 70
0
 66
1
 10
0.0
 20
0.0
 30
0.0
  0
VERTEX
  8
0
 10
17.053978828669766
 20
9.824452580874617
 30
0.0
  0
VERTEX
  8
0
 10
17.0788183712959
 20
9.82027277341113
 30
0.0
  0
SEQEND
  8
0
  0
POLYLINE
  8
0
 62
0
 70
0
 66
1
 10
0.0
 20
0.0
 30
0.0
  0
VERTEX
  8
0
 10
17.0788183712959
 20
9.82027277341113
 30
0.0
  0
VERTEX
  8
0
 10
16.9606867337227
 20
9.8589904605411
 30
0.0
  0
SEQEND
  8
0
  0
LINE
  8
0
 62
0
 10
17.6999998211861
 20
8.22299621647698
 30
0.0
 11
17.6999998211861
 21
10.55
 31
0.0
  0
LINE
  8
0
 62
0
 10
16.7000001788139
 20
8.22299621647698
 30
0.0
 11
17.6999998211861
 21
8.22299621647698
 31
0.0
  0
LINE
  8
0
 62
0
 10
16.7000001788139
 20
10.55
 30
0.0
 11
16.7000001788139
 21
8.22299621647698
 31
0.0
  0
LINE
  8
0
 62
0
 10
17.6999998211861
 20
10.55
 30
0.0
 11
16.7000001788139
 21
10.55
 31
0.0
  0
POLYLINE
  8
0
 62
0
 70
0
 66
1
 10
0.0
 20
0.0
 30
0.0
  0
VERTEX
  8
0
 10
12.2375795149803
 20
9.83039215197787
 30
0.0
  0
VERTEX
  8
0
 10
12.1256062293053
 20
9.84535142770037
 30
0.0
  0
SEQEND
  8
0
  0
POLYLINE
  8
0
 62
0
 70
0
 66
1
 10
0.0
 20
0.0
 30
0.0
  0
VERTEX
  8
0
 10
11.9852551722527
 20
9.8119135200046
 30
0.0
  0
VERTEX
  8
0
 10
12.018519306825308
 20
9.829049537868425
 30
0.0
  0
SEQEND
  8
0
  0
POLYLINE
  8
0
 62
0
 70
0
 66
1
 10
0.0
 20
0.0
 30
0.0
  0
VERTEX
  8
0
 10
12.054855446116004
 20
9.840872174270933
 30
0.0
  0
VERTEX
  8
0
 10
12.1256062293053
 20
9.84535142770037
 30
0.0
  0
SEQEND
  8
0
  0
POLYLINE
  8
0
 62
0
 70
0
 66
1
 10
0.0
 20
0.0
 30
0.0
  0
VERTEX
  8
0
 10
12.1256062293053
 20
9.84535142770037
 30
0.0
  0
VERTEX
  8
0
 10
11.9852551722527
 20
9.8119135200046
 30
0.0
  0
SEQEND
  8
0
  0
POLYLINE
  8
0
 62
0
 70
0
 66
1
 10
0.0
 20
0.0
 30
0.0
  0
VERTEX
  8
0
 10
11.9474175477028
 20
9.70104023804888
 30
0.0
  0
VERTEX
  8
0
 10
11.970056599561335
 20
9.79139884837657
 30
0.0
  0
SEQEND
  8
0
  0
POLYLINE
  8
0
 62
0
 70
0
 66
1
 10
0.0
 20
0.0
 30
0.0
  0
VERTEX
  8
0
 10
11.9852551722527
 20
9.8119135200046
 30
0.0
  0
VERTEX
  8
0
 10
11.9474175477028
 20
9.70104023804888
 30
0.0
  0
SEQEND
  8
0
  0
LINE
  8
0
 62
0
 10
11.9474175477028
 20
9.70104023804888
 30
0.0
 11
11.9474175477028
 21
9.65132340779528
 31
0.0
  0
LINE
  8
0
 62
0
 10
11.9474175477028
 20
9.65132340779528
 30
0.0
 11
12.2998359704018
 21
9.65132340779528
 31
0.0
  0
LINE
  8
0
 62
0
 10
12.2998359704018
 20
9.65132340779528
 30
0.0
 11
12.2998359704018
 21
9.70016017546877
 31
0.0
  0
POLYLINE
  8
0
 62
0
 70
0
 66
1
 10
0.0
 20
0.0
 30
0.0
  0
VERTEX
  8
0
 10
12.2859766983986
 20
9.78903487315402
 30
0.0
  0
VERTEX
  8
0
 10
12.292428907149404
 20
9.7693015472875
 30
0.0
  0
SEQEND
  8
0
  0
POLYLINE
  8
0
 62
0
 70
0
 66
1
 10
0.0
 20
0.0
 30
0.0
  0
VERTEX
  8
0
 10
12.298762159962342
 20
9.736463233890372
 30
0.0
  0
VERTEX
  8
0
 10
12.2998359704018
 20
9.70016017546877
 30
0.0
  0
SEQEND
  8
0
  0
POLYLINE
  8
0
 62
0
 70
0
 66
1
 10
0.0
 20
0.0
 30
0.0
  0
VERTEX
  8
0
 10
12.2998359704018
 20
9.70016017546877
 30
0.0
  0
VERTEX
  8
0
 10
12.2859766983986
 20
9.78903487315402
 30
0.0
  0
SEQEND
  8
0
  0
POLYLINE
  8
0
 62
0
 70
0
 66
1
 10
0.0
 20
0.0
 30
0.0
  0
VERTEX
  8
0
 10
12.2375795149803
 20
9.83039215197787
 30
0.0
  0
VERTEX
  8
0
 10
12.261570565767524
 20
9.816889261333332
 30
0.0
  0
SEQEND
  8
0
  0
POLYLINE
  8
0
 62
0
 70
0
 66
1
 10
0.0
 20
0.0
 30
0.0
  0
VERTEX
  8
0
 10
12.278207042594293
 20
9.799997800000614
 30
0.0
  0
VERTEX
  8
0
 10
12.2859766983986
 20
9.78903487315402
 30
0.0
  0
SEQEND
  8
0
  0
POLYLINE
  8
0
 62
0
 70
0
 66
1
 10
0.0
 20
0.0
 30
0.0
  0
VERTEX
  8
0
 10
12.2859766983986
 20
9.78903487315402
 30
0.0
  0
VERTEX
  8
0
 10
12.2375795149803
 20
9.83039215197787
 30
0.0
  0
SEQEND
  8
0
  0
POLYLINE
  8
0
 62
0
 70
0
 66
1
 10
0.0
 20
0.0
 30
0.0
  0
VERTEX
  8
0
 10
4.30817189604044
 20
8.66094455113635
 30
0.0
  0
VERTEX
  8
0
 10
4.309500197809888
 20
8.68743312448139
 30
0.0
  0
SEQEND
  8
0
  0
POLYLINE
  8
0
 62
0
 70
0
 66
1
 10
0.0
 20
0.0
 30
0.0
  0
VERTEX
  8
0
 10
4.323737953878166
 20
8.724034902928157
 30
0.0
  0
VERTEX
  8
0
 10
4.32401089906693
 20
8.72452065339312
 30
0.0
  0
SEQEND
  8
0
  0
POLYLINE
  8
0
 62
0
 70
0
 66
1
 10
0.0
 20
0.0
 30
0.0
  0
VERTEX
  8
0
 10
4.32401089906693
 20
8.72452065339312
 30
0.0
  0
VERTEX
  8
0
 10
4.30817189604044
 20
8.66094455113635
 30
0.0
  0
SEQEND
  8
0
  0
LINE
  8
0
 62
0
 10
4.30817189604044
 20
8.66094455113635
 30
0.0
 11
4.30817189604044
 21
8.57295006504282
 31
0.0
  0
LINE
  8
0
 62
0
 10
4.30817189604044
 20
8.57295006504282
 30
0.0
 11
4.43048431515694
 21
8.57295006504282
 31
0.0
  0
LINE
  8
0
 62
0
 10
4.43048431515694
 20
8.57295006504282
 30
0.0
 11
4.43048431515694
 21
8.65962475528941
 31
0.0
  0
POLYLINE
  8
0
 62
0
 70
0
 66
1
 10
0.0
 20
0.0
 30
0.0
  0
VERTEX
  8
0
 10
4.41442529648543
 20
8.72452065339312
 30
0.0
  0
VERTEX
  8
0
 10
4.419518169915712
 20
8.71525683766942
 30
0.0
  0
SEQEND
  8
0
  0
POLYLINE
  8
0
 62
0
 70
0
 66
1
 10
0.0
 20
0.0
 30
0.0
  0
VERTEX
  8
0
 10
4.427705417368333
 20
8.694653182065824
 30
0.0
  0
VERTEX
  8
0
 10
4.43048431515694
 20
8.65962475528941
 30
0.0
  0
SEQEND
  8
0
  0
POLYLINE
  8
0
 62
0
 70
0
 66
1
 10
0.0
 20
0.0
 30
0.0
  0
VERTEX
  8
0
 10
4.43048431515694
 20
8.65962475528941
 30
0.0
  0
VERTEX
  8
0
 10
4.41442529648543
 20
8.72452065339312
 30
0.0
  0
SEQEND
  8
0
  0
POLYLINE
  8
0
 62
0
 70
0
 66
1
 10
0.0
 20
0.0
 30
0.0
  0
VERTEX
  8
0
 10
4.41442529648543
 20
8.72452065339312
 30
0.0
  0
VERTEX
  8
0
 10
4.36800817936659
 20
8.74277964225039
 30
0.0
  0
SEQEND
  8
0
  0
POLYLINE
  8
0
 62
0
 70
0
 66
1
 10
0.0
 20
0.0
 30
0.0
  0
VERTEX
  8
0
 10
4.332008567125882
 20
8.73136688787608
 30
0.0
  0
VERTEX
  8
0
 10
4.3320112898695555
 20
8.731369040991048
 30
0.0
  0
SEQEND
  8
0
  0
POLYLINE
  8
0
 62
0
 70
0
 66
1
 10
0.0
 20
0.0
 30
0.0
  0
VERTEX
  8
0
 10
4.36800817936659
 20
8.74277964225039
 30
0.0
  0
VERTEX
  8
0
 10
4.32401089906693
 20
8.72452065339312
 30
0.0
  0
SEQEND
  8
0
  0
POLYLINE
  8
0
 62
0
 70
0
 66
1
 10
0.0
 20
0.0
 30
0.0
  0
VERTEX
  8
0
 10
14.6668890023232
 20
9.5505695044063
 30
0.0
  0
VERTEX
  8
0
 10
14.712360683749045
 20
9.54936137222083
 30
0.0
  0
SEQEND
  8
0
  0
POLYLINE
  8
0
 62
0
 70
0
 66
1
 10
0.0
 20
0.0
 30
0.0
  0
VERTEX
  8
0
 10
14.768335683856044
 20
9.538625269496176
 30
0.0
  0
VERTEX
  8
0
 10
14.7788622879982
 20
9.5356102286838
 30
0.0
  0
SEQEND
  8
0
  0
POLYLINE
  8
0
 62
0
 70
0
 66
1
 10
0.0
 20
0.0
 30
0.0
  0
VERTEX
  8
0
 10
14.7788622879982
 20
9.5356102286838
 30
0.0
  0
VERTEX
  8
0
 10
14.6668890023232
 20
9.5505695044063
 30
0.0
  0
SEQEND
  8
0
  0
POLYLINE
  8
0
 62
0
 70
0
 66
1
 10
0.0
 20
0.0
 30
0.0
  0
VERTEX
  8
0
 10
14.5265379452705
 20
9.51713159671053
 30
0.0
  0
VERTEX
  8
0
 10
14.559802079843202
 20
9.534267614574357
 30
0.0
  0
SEQEND
  8
0
  0
POLYLINE
  8
0
 62
0
 70
0
 66
1
 10
0.0
 20
0.0
 30
0.0
  0
VERTEX
  8
0
 10
14.596138219133902
 20
9.546090250976867
 30
0.0
  0
VERTEX
  8
0
 10
14.6668890023232
 20
9.5505695044063
 30
0.0
  0
SEQEND
  8
0
  0
POLYLINE
  8
0
 62
0
 70
0
 66
1
 10
0.0
 20
0.0
 30
0.0
  0
VERTEX
  8
0
 10
14.6668890023232
 20
9.5505695044063
 30
0.0
  0
VERTEX
  8
0
 10
14.5265379452705
 20
9.51713159671053
 30
0.0
  0
SEQEND
  8
0
  0
POLYLINE
  8
0
 62
0
 70
0
 66
1
 10
0.0
 20
0.0
 30
0.0
  0
VERTEX
  8
0
 10
14.497990238856824
 20
9.472269752953748
 30
0.0
  0
VERTEX
  8
0
 10
14.514274545581866
 20
9.500827113298158
 30
0.0
  0
SEQEND
  8
0
  0
POLYLINE
  8
0
 62
0
 70
0
 66
1
 10
0.0
 20
0.0
 30
0.0
  0
VERTEX
  8
0
 10
14.5265379452705
 20
9.51713159671053
 30
0.0
  0
VERTEX
  8
0
 10
14.4886997246742
 20
9.40625831475482
 30
0.0
  0
SEQEND
  8
0
  0
LINE
  8
0
 62
0
 10
14.4886997246742
 20
9.40625831475482
 30
0.0
 11
14.4886997246742
 21
9.35654148450121
 31
0.0
  0
LINE
  8
0
 62
0
 10
14.4886997246742
 20
9.35654148450121
 30
0.0
 11
14.8411181473732
 21
9.35654148450121
 31
0.0
  0
LINE
  8
0
 62
0
 10
14.8411181473732
 20
9.35654148450121
 30
0.0
 11
14.8411181473732
 21
9.40537825217471
 31
0.0
  0
POLYLINE
  8
0
 62
0
 70
0
 66
1
 10
0.0
 20
0.0
 30
0.0
  0
VERTEX
  8
0
 10
14.82725887537
 20
9.49425294985995
 30
0.0
  0
VERTEX
  8
0
 10
14.833070233835667
 20
9.476645752409176
 30
0.0
  0
SEQEND
  8
0
  0
POLYLINE
  8
0
 62
0
 70
0
 66
1
 10
0.0
 20
0.0
 30
0.0
  0
VERTEX
  8
0
 10
14.839945086808374
 20
9.442754057348203
 30
0.0
  0
VERTEX
  8
0
 10
14.8411181473732
 20
9.40537825217471
 30
0.0
  0
SEQEND
  8
0
  0
POLYLINE
  8
0
 62
0
 70
0
 66
1
 10
0.0
 20
0.0
 30
0.0
  0
VERTEX
  8
0
 10
14.8411181473732
 20
9.40537825217471
 30
0.0
  0
VERTEX
  8
0
 10
14.82725887537
 20
9.49425294985995
 30
0.0
  0
SEQEND
  8
0
  0
POLYLINE
  8
0
 62
0
 70
0
 66
1
 10
0.0
 20
0.0
 30
0.0
  0
VERTEX
  8
0
 10
14.7788622879982
 20
9.5356102286838
 30
0.0
  0
VERTEX
  8
0
 10
14.790949635397677
 20
9.529469599998915
 30
0.0
  0
SEQEND
  8
0
  0
POLYLINE
  8
0
 62
0
 70
0
 66
1
 10
0.0
 20
0.0
 30
0.0
  0
VERTEX
  8
0
 10
14.818236467511568
 20
9.506851837845353
 30
0.0
  0
VERTEX
  8
0
 10
14.82725887537
 20
9.49425294985995
 30
0.0
  0
SEQEND
  8
0
  0
POLYLINE
  8
0
 62
0
 70
0
 66
1
 10
0.0
 20
0.0
 30
0.0
  0
VERTEX
  8
0
 10
14.82725887537
 20
9.49425294985995
 30
0.0
  0
VERTEX
  8
0
 10
14.7788622879982
 20
9.5356102286838
 30
0.0
  0
SEQEND
  8
0
  0
POLYLINE
  8
0
 62
0
 70
0
 66
1
 10
0.0
 20
0.0
 30
0.0
  0
VERTEX
  8
0
 10
6.90269081830978
 20
10.1119746266864
 30
0.0
  0
VERTEX
  8
0
 10
6.912533608426907
 20
10.117340558795131
 30
0.0
  0
SEQEND
  8
0
  0
POLYLINE
  8
0
 62
0
 70
0
 66
1
 10
0.0
 20
0.0
 30
0.0
  0
VERTEX
  8
0
 10
6.962193692993134
 20
10.138619058874525
 30
0.0
  0
VERTEX
  8
0
 10
7.04304217338562
 20
10.1454128324054
 30
0.0
  0
SEQEND
  8
0
  0
POLYLINE
  8
0
 62
0
 70
0
 66
1
 10
0.0
 20
0.0
 30
0.0
  0
VERTEX
  8
0
 10
7.15501516103744
 20
10.1304538547061
 30
0.0
  0
VERTEX
  8
0
 10
7.179006572163307
 20
10.116950929467503
 30
0.0
  0
SEQEND
  8
0
  0
POLYLINE
  8
0
 62
0
 70
0
 66
1
 10
0.0
 20
0.0
 30
0.0
  0
VERTEX
  8
0
 10
7.19564265247318
 20
10.100059424324058
 30
0.0
  0
VERTEX
  8
0
 10
7.20341204643249
 20
10.0890962778591
 30
0.0
  0
SEQEND
  8
0
  0
POLYLINE
  8
0
 62
0
 70
0
 66
1
 10
0.0
 20
0.0
 30
0.0
  0
VERTEX
  8
0
 10
7.20341204643249
 20
10.0890962778591
 30
0.0
  0
VERTEX
  8
0
 10
7.209863835243739
 20
10.069362801780022
 30
0.0
  0
SEQEND
  8
0
  0
POLYLINE
  8
0
 62
0
 70
0
 66
1
 10
0.0
 20
0.0
 30
0.0
  0
VERTEX
  8
0
 10
7.216196912606044
 20
10.036524551985977
 30
0.0
  0
VERTEX
  8
0
 10
7.21727131843567
 20
10.000221878197
 30
0.0
  0
SEQEND
  8
0
  0
LINE
  8
0
 62
0
 10
6.86485319375992
 20
9.95138481250033
 30
0.0
 11
7.21727131843567
 21
9.95138481250033
 31
0.0
  0
LINE
  8
0
 62
0
 10
7.21727131843567
 20
9.95138481250033
 30
0.0
 11
7.21727131843567
 21
10.000221878197
 31
0.0
  0
POLYLINE
  8
0
 62
0
 70
0
 66
1
 10
0.0
 20
0.0
 30
0.0
  0
VERTEX
  8
0
 10
7.21727131843567
 20
10.000221878197
 30
0.0
  0
VERTEX
  8
0
 10
7.20341204643249
 20
10.0890962778591
 30
0.0
  0
SEQEND
  8
0
  0
POLYLINE
  8
0
 62
0
 70
0
 66
1
 10
0.0
 20
0.0
 30
0.0
  0
VERTEX
  8
0
 10
7.20341204643249
 20
10.0890962778591
 30
0.0
  0
VERTEX
  8
0
 10
7.15501516103744
 20
10.1304538547061
 30
0.0
  0
SEQEND
  8
0
  0
POLYLINE
  8
0
 62
0
 70
0
 66
1
 10
0.0
 20
0.0
 30
0.0
  0
VERTEX
  8
0
 10
7.15501516103744
 20
10.1304538547061
 30
0.0
  0
VERTEX
  8
0
 10
7.04304217338562
 20
10.1454128324054
 30
0.0
  0
SEQEND
  8
0
  0
POLYLINE
  8
0
 62
0
 70
0
 66
1
 10
0.0
 20
0.0
 30
0.0
  0
VERTEX
  8
0
 10
7.04304217338562
 20
10.1454128324054
 30
0.0
  0
VERTEX
  8
0
 10
6.90269081830978
 20
10.1119746266864
 30
0.0
  0
SEQEND
  8
0
  0
POLYLINE
  8
0
 62
0
 70
0
 66
1
 10
0.0
 20
0.0
 30
0.0
  0
VERTEX
  8
0
 10
6.90269081830978
 20
10.1119746266864
 30
0.0
  0
VERTEX
  8
0
 10
6.86485319375992
 20
10.0011016427539
 30
0.0
  0
SEQEND
  8
0
  0
LINE
  8
0
 62
0
 10
6.86485319375992
 20
10.0011016427539
 30
0.0
 11
6.86485319375992
 21
9.95138481250033
 31
0.0
  0
LINE
  8
0
 62
0
 10
12.6199998211861
 20
10.550000000201274
 30
0.0
 11
11.6200001788139
 21
10.5499999997987
 31
0.0
  0
LINE
  8
0
 62
0
 10
11.6200001788139
 20
10.5499999997987
 30
0.0
 11
11.6200001788139
 21
8.93226946203973
 31
0.0
  0
LINE
  8
0
 62
0
 10
11.6200001788139
 20
8.93226946203973
 30
0.0
 11
12.6199998211861
 21
8.93226946203973
 31
0.0
  0
LINE
  8
0
 62
0
 10
12.6199998211861
 20
8.93226946203973
 30
0.0
 11
12.6199998211861
 21
10.5500000002013
 31
0.0
  0
POLYLINE
  8
0
 62
0
 70
0
 66
1
 10
0.0
 20
0.0
 30
0.0
  0
VERTEX
  8
0
 10
12.4463465714455
 20
9.74811747660861
 30
0.0
  0
VERTEX
  8
0
 10
12.445067303330397
 20
9.772198739688564
 30
0.0
  0
SEQEND
  8
0
  0
POLYLINE
  8
0
 62
0
 70
0
 66
1
 10
0.0
 20
0.0
 30
0.0
  0
VERTEX
  8
0
 10
12.444985194012068
 20
9.773460338695422
 30
0.0
  0
VERTEX
  8
0
 10
12.444984650082624
 20
9.773468580875996
 30
0.0
  0
SEQEND
  8
0
  0
POLYLINE
  8
0
 62
0
 70
0
 66
1
 10
0.0
 20
0.0
 30
0.0
  0
VERTEX
  8
0
 10
12.442119876524929
 20
9.803176954396614
 30
0.0
  0
VERTEX
  8
0
 10
12.442118760288913
 20
9.80318517120276
 30
0.0
  0
SEQEND
  8
0
  0
POLYLINE
  8
0
 62
0
 70
0
 66
1
 10
0.0
 20
0.0
 30
0.0
  0
VERTEX
  8
0
 10
12.43359544133391
 20
9.847019088226045
 30
0.0
  0
VERTEX
  8
0
 10
12.4287477040291
 20
9.86690983166918
 30
0.0
  0
SEQEND
  8
0
  0
POLYLINE
  8
0
 62
0
 70
0
 66
1
 10
0.0
 20
0.0
 30
0.0
  0
VERTEX
  8
0
 10
12.4287477040291
 20
9.86690983166918
 30
0.0
  0
VERTEX
  8
0
 10
12.421861650917023
 20
9.886161202364203
 30
0.0
  0
SEQEND
  8
0
  0
POLYLINE
  8
0
 62
0
 70
0
 66
1
 10
0.0
 20
0.0
 30
0.0
  0
VERTEX
  8
0
 10
12.421444837388215
 20
9.887255071520592
 30
0.0
  0
VERTEX
  8
0
 10
12.42144210488443
 20
9.887262205965136
 30
0.0
  0
SEQEND
  8
0
  0
POLYLINE
  8
0
 62
0
 70
0
 66
1
 10
0.0
 20
0.0
 30
0.0
  0
VERTEX
  8
0
 10
12.421092911679553
 20
9.888169936696414
 30
0.0
  0
VERTEX
  8
0
 10
12.421090934617883
 20
9.888175053330844
 30
0.0
  0
SEQEND
  8
0
  0
POLYLINE
  8
0
 62
0
 70
0
 66
1
 10
0.0
 20
0.0
 30
0.0
  0
VERTEX
  8
0
 10
12.410023386511588
 20
9.912481036247602
 30
0.0
  0
VERTEX
  8
0
 10
12.410020668688315
 20
9.912485971663635
 30
0.0
  0
SEQEND
  8
0
  0
POLYLINE
  8
0
 62
0
 70
0
 66
1
 10
0.0
 20
0.0
 30
0.0
  0
VERTEX
  8
0
 10
12.39085340970005
 20
9.940472316961934
 30
0.0
  0
VERTEX
  8
0
 10
12.3774906897545
 20
9.95666429391131
 30
0.0
  0
SEQEND
  8
0
  0
POLYLINE
  8
0
 62
0
 70
0
 66
1
 10
0.0
 20
0.0
 30
0.0
  0
VERTEX
  8
0
 10
12.3774906897545
 20
9.95666429391131
 30
0.0
  0
VERTEX
  8
0
 10
12.360461845203833
 20
9.972735447291756
 30
0.0
  0
SEQEND
  8
0
  0
POLYLINE
  8
0
 62
0
 70
0
 66
1
 10
0.0
 20
0.0
 30
0.0
  0
VERTEX
  8
0
 10
12.359487139162631
 20
9.973620629164644
 30
0.0
  0
VERTEX
  8
0
 10
12.359480768877294
 20
9.97362639620219
 30
0.0
  0
SEQEND
  8
0
  0
POLYLINE
  8
0
 62
0
 70
0
 66
1
 10
0.0
 20
0.0
 30
0.0
  0
VERTEX
  8
0
 10
12.358668733019254
 20
9.974359548801743
 30
0.0
  0
VERTEX
  8
0
 10
12.35866414765541
 20
9.97436367740131
 30
0.0
  0
SEQEND
  8
0
  0
POLYLINE
  8
0
 62
0
 70
0
 66
1
 10
0.0
 20
0.0
 30
0.0
  0
VERTEX
  8
0
 10
12.335268566352658
 20
9.993274320077996
 30
0.0
  0
VERTEX
  8
0
 10
12.335263348480233
 20
9.99327797427005
 30
0.0
  0
SEQEND
  8
0
  0
POLYLINE
  8
0
 62
0
 70
0
 66
1
 10
0.0
 20
0.0
 30
0.0
  0
VERTEX
  8
0
 10
12.282025624399148
 20
10.021995987531737
 30
0.0
  0
VERTEX
  8
0
 10
12.2820165657997
 20
10.0220002233051
 30
0.0
  0
SEQEND
  8
0
  0
POLYLINE
  8
0
 62
0
 70
0
 66
1
 10
0.0
 20
0.0
 30
0.0
  0
VERTEX
  8
0
 10
12.2820165657997
 20
10.0220002233051
 30
0.0
  0
VERTEX
  8
0
 10
12.250650521577704
 20
10.031151596691249
 30
0.0
  0
SEQEND
  8
0
  0
POLYLINE
  8
0
 62
0
 70
0
 66
1
 10
0.0
 20
0.0
 30
0.0
  0
VERTEX
  8
0
 10
12.249210220630228
 20
10.031543387595832
 30
0.0
  0
VERTEX
  8
0
 10
12.249200811660952
 20
10.031545934695975
 30
0.0
  0
SEQEND
  8
0
  0
POLYLINE
  8
0
 62
0
 70
0
 66
1
 10
0.0
 20
0.0
 30
0.0
  0
VERTEX
  8
0
 10
12.232844884532918
 20
10.035689160556004
 30
0.0
  0
VERTEX
  8
0
 10
12.232840075417052
 20
10.035690283836654
 30
0.0
  0
SEQEND
  8
0
  0
POLYLINE
  8
0
 62
0
 70
0
 66
1
 10
0.0
 20
0.0
 30
0.0
  0
VERTEX
  8
0
 10
12.231390829231135
 20
10.036025921419506
 30
0.0
  0
VERTEX
  8
0
 10
12.231386172242201
 20
10.036026990655644
 30
0.0
  0
SEQEND
  8
0
  0
POLYLINE
  8
0
 62
0
 70
0
 66
1
 10
0.0
 20
0.0
 30
0.0
  0
VERTEX
  8
0
 10
12.230783570359819
 20
10.03616483808522
 30
0.0
  0
VERTEX
  8
0
 10
12.230780170820143
 20
10.036165612867215
 30
0.0
  0
SEQEND
  8
0
  0
POLYLINE
  8
0
 62
0
 70
0
 66
1
 10
0.0
 20
0.0
 30
0.0
  0
VERTEX
  8
0
 10
12.214046700096624
 20
10.039548178397599
 30
0.0
  0
VERTEX
  8
0
 10
12.214043115901553
 20
10.039548802435966
 30
0.0
  0
SEQEND
  8
0
  0
POLYLINE
  8
0
 62
0
 70
0
 66
1
 10
0.0
 20
0.0
 30
0.0
  0
VERTEX
  8
0
 10
12.16253748851406
 20
10.044648018233964
 30
0.0
  0
VERTEX
  8
0
 10
12.1216466927528
 20
10.0455386935733
 30
0.0
  0
SEQEND
  8
0
  0
POLYLINE
  8
0
 62
0
 70
0
 66
1
 10
0.0
 20
0.0
 30
0.0
  0
VERTEX
  8
0
 10
12.1216466927528
 20
10.0455386935733
 30
0.0
  0
VERTEX
  8
0
 10
12.096358469774527
 20
10.044695925294635
 30
0.0
  0
SEQEND
  8
0
  0
POLYLINE
  8
0
 62
0
 70
0
 66
1
 10
0.0
 20
0.0
 30
0.0
  0
VERTEX
  8
0
 10
12.036692325749856
 20
10.03828055035456
 30
0.0
  0
VERTEX
  8
0
 10
11.9966944956779
 20
10.0296999513172
 30
0.0
  0
SEQEND
  8
0
  0
POLYLINE
  8
0
 62
0
 70
0
 66
1
 10
0.0
 20
0.0
 30
0.0
  0
VERTEX
  8
0
 10
11.9966944956779
 20
10.0296999513172
 30
0.0
  0
VERTEX
  8
0
 10
11.958085755757503
 20
10.016456974230339
 30
0.0
  0
SEQEND
  8
0
  0
POLYLINE
  8
0
 62
0
 70
0
 66
1
 10
0.0
 20
0.0
 30
0.0
  0
VERTEX
  8
0
 10
11.957422532589398
 20
10.016191243989
 30
0.0
  0
VERTEX
  8
0
 10
11.957418201749851
 20
10.016189502070176
 30
0.0
  0
SEQEND
  8
0
  0
POLYLINE
  8
0
 62
0
 70
0
 66
1
 10
0.0
 20
0.0
 30
0.0
  0
VERTEX
  8
0
 10
11.94201045775033
 20
10.009339923133421
 30
0.0
  0
VERTEX
  8
0
 10
11.94200626131809
 20
10.009337851040868
 30
0.0
  0
SEQEND
  8
0
  0
POLYLINE
  8
0
 62
0
 70
0
 66
1
 10
0.0
 20
0.0
 30
0.0
  0
VERTEX
  8
0
 10
11.912469495786375
 20
9.991914147807748
 30
0.0
  0
VERTEX
  8
0
 10
11.8933007025719
 20
9.97866287818179
 30
0.0
  0
SEQEND
  8
0
  0
POLYLINE
  8
0
 62
0
 70
0
 66
1
 10
0.0
 20
0.0
 30
0.0
  0
VERTEX
  8
0
 10
11.8933007025719
 20
9.97866287818179
 30
0.0
  0
VERTEX
  8
0
 10
11.876521867168954
 20
9.963253436808422
 30
0.0
  0
SEQEND
  8
0
  0
POLYLINE
  8
0
 62
0
 70
0
 66
1
 10
0.0
 20
0.0
 30
0.0
  0
VERTEX
  8
0
 10
11.875579905610195
 20
9.96235080335467
 30
0.0
  0
VERTEX
  8
0
 10
11.87557376350466
 20
9.962344896891022
 30
0.0
  0
SEQEND
  8
0
  0
POLYLINE
  8
0
 62
0
 70
0
 66
1
 10
0.0
 20
0.0
 30
0.0
  0
VERTEX
  8
0
 10
11.854430002183918
 20
9.939303873398435
 30
0.0
  0
VERTEX
  8
0
 10
11.85442738407344
 20
9.939300500276412
 30
0.0
  0
SEQEND
  8
0
  0
POLYLINE
  8
0
 62
0
 70
0
 66
1
 10
0.0
 20
0.0
 30
0.0
  0
VERTEX
  8
0
 10
11.84467459831788
 20
9.925307727119108
 30
0.0
  0
VERTEX
  8
0
 10
11.825105240345
 20
9.88956853738055
 30
0.0
  0
SEQEND
  8
0
  0
POLYLINE
  8
0
 62
0
 70
0
 66
1
 10
0.0
 20
0.0
 30
0.0
  0
VERTEX
  8
0
 10
11.825105240345
 20
9.88956853738055
 30
0.0
  0
VERTEX
  8
0
 10
11.812798669475736
 20
9.850607139171107
 30
0.0
  0
SEQEND
  8
0
  0
POLYLINE
  8
0
 62
0
 70
0
 66
1
 10
0.0
 20
0.0
 30
0.0
  0
VERTEX
  8
0
 10
11.812549683923098
 20
9.849703523070172
 30
0.0
  0
VERTEX
  8
0
 10
11.812548065131361
 20
9.849697618889588
 30
0.0
  0
SEQEND
  8
0
  0
POLYLINE
  8
0
 62
0
 70
0
 66
1
 10
0.0
 20
0.0
 30
0.0
  0
VERTEX
  8
0
 10
11.807462968489165
 20
9.82818029133912
 30
0.0
  0
VERTEX
  8
0
 10
11.807461796632149
 20
9.8281742309715
 30
0.0
  0
SEQEND
  8
0
  0
POLYLINE
  8
0
 62
0
 70
0
 66
1
 10
0.0
 20
0.0
 30
0.0
  0
VERTEX
  8
0
 10
11.80212638155588
 20
9.777117050367567
 30
0.0
  0
VERTEX
  8
0
 10
11.8013468289375
 20
9.74811747660861
 30
0.0
  0
SEQEND
  8
0
  0
LINE
  8
0
 62
0
 10
12.1418854498863
 20
10.1040552555583
 30
0.0
 11
12.1418854498863
 21
10.3645189105533
 31
0.0
  0
LINE
  8
0
 62
0
 10
12.1418854498863
 20
10.3645189105533
 30
0.0
 11
12.2804769778252
 21
10.3645189105533
 31
0.0
  0
LINE
  8
0
 62
0
 10
12.2804769778252
 20
10.3645189105533
 30
0.0
 11
12.2804769778252
 21
10.1040552555583
 31
0.0
  0
LINE
  8
0
 62
0
 10
12.2804769778252
 20
10.1040552555583
 30
0.0
 11
12.1418854498863
 21
10.1040552555583
 31
0.0
  0
LINE
  8
0
 62
0
 10
11.8013468289375
 20
9.45201560845599
 30
0.0
 11
11.8013468289375
 21
9.74811747660861
 31
0.0
  0
POLYLINE
  8
0
 62
0
 70
0
 66
1
 10
0.0
 20
0.0
 30
0.0
  0
VERTEX
  8
0
 10
11.8013468289375
 20
9.74811747660861
 30
0.0
  0
VERTEX
  8
0
 10
11.825105240345
 20
9.88956853738055
 30
0.0
  0
SEQEND
  8
0
  0
POLYLINE
  8
0
 62
0
 70
0
 66
1
 10
0.0
 20
0.0
 30
0.0
  0
VERTEX
  8
0
 10
11.825105240345
 20
9.88956853738055
 30
0.0
  0
VERTEX
  8
0
 10
11.8933007025719
 20
9.97866287818179
 30
0.0
  0
SEQEND
  8
0
  0
POLYLINE
  8
0
 62
0
 70
0
 66
1
 10
0.0
 20
0.0
 30
0.0
  0
VERTEX
  8
0
 10
11.8933007025719
 20
9.97866287818179
 30
0.0
  0
VERTEX
  8
0
 10
11.9966944956779
 20
10.0296999513172
 30
0.0
  0
SEQEND
  8
0
  0
POLYLINE
  8
0
 62
0
 70
0
 66
1
 10
0.0
 20
0.0
 30
0.0
  0
VERTEX
  8
0
 10
11.9966944956779
 20
10.0296999513172
 30
0.0
  0
VERTEX
  8
0
 10
12.1216466927528
 20
10.0455386935733
 30
0.0
  0
SEQEND
  8
0
  0
POLYLINE
  8
0
 62
0
 70
0
 66
1
 10
0.0
 20
0.0
 30
0.0
  0
VERTEX
  8
0
 10
12.1216466927528
 20
10.0455386935733
 30
0.0
  0
VERTEX
  8
0
 10
12.2820165657997
 20
10.0220002233051
 30
0.0
  0
SEQEND
  8
0
  0
POLYLINE
  8
0
 62
0
 70
0
 66
1
 10
0.0
 20
0.0
 30
0.0
  0
VERTEX
  8
0
 10
12.2820165657997
 20
10.0220002233051
 30
0.0
  0
VERTEX
  8
0
 10
12.3774906897545
 20
9.95666429391131
 30
0.0
  0
SEQEND
  8
0
  0
POLYLINE
  8
0
 62
0
 70
0
 66
1
 10
0.0
 20
0.0
 30
0.0
  0
VERTEX
  8
0
 10
12.3774906897545
 20
9.95666429391131
 30
0.0
  0
VERTEX
  8
0
 10
12.4287477040291
 20
9.86690983166918
 30
0.0
  0
SEQEND
  8
0
  0
POLYLINE
  8
0
 62
0
 70
0
 66
1
 10
0.0
 20
0.0
 30
0.0
  0
VERTEX
  8
0
 10
12.4287477040291
 20
9.86690983166918
 30
0.0
  0
VERTEX
  8
0
 10
12.4463465714455
 20
9.74811747660861
 30
0.0
  0
SEQEND
  8
0
  0
LINE
  8
0
 62
0
 10
12.4463465714455
 20
9.74811747660861
 30
0.0
 11
12.4463465714455
 21
9.45201560845599
 31
0.0
  0
LINE
  8
0
 62
0
 10
12.4463465714455
 20
9.45201560845599
 30
0.0
 11
11.8013468289375
 21
9.45201560845599
 31
0.0
  0
POLYLINE
  8
0
 62
0
 70
0
 66
1
 10
0.0
 20
0.0
 30
0.0
  0
VERTEX
  8
0
 10
4.55323665380478
 20
8.67414385071024
 30
0.0
  0
VERTEX
  8
0
 10
4.554670578064151
 20
8.70473289590988
 30
0.0
  0
SEQEND
  8
0
  0
POLYLINE
  8
0
 62
0
 70
0
 66
1
 10
0.0
 20
0.0
 30
0.0
  0
VERTEX
  8
0
 10
4.5656605024998775
 20
8.737976626693696
 30
0.0
  0
VERTEX
  8
0
 10
4.57061558008194
 20
8.74739930024371
 30
0.0
  0
SEQEND
  8
0
  0
POLYLINE
  8
0
 62
0
 70
0
 66
1
 10
0.0
 20
0.0
 30
0.0
  0
VERTEX
  8
0
 10
4.57061558008194
 20
8.74739930024371
 30
0.0
  0
VERTEX
  8
0
 10
4.55323665380478
 20
8.67414385071024
 30
0.0
  0
SEQEND
  8
0
  0
LINE
  8
0
 62
0
 10
4.55323665380478
 20
8.67414385071024
 30
0.0
 11
4.55323665380478
 21
8.57295006504282
 31
0.0
  0
LINE
  8
0
 62
0
 10
4.55323665380478
 20
8.57295006504282
 30
0.0
 11
4.68390858709812
 21
8.57295006504282
 31
0.0
  0
LINE
  8
0
 62
0
 10
4.68390858709812
 20
8.57295006504282
 30
0.0
 11
4.68390858709812
 21
8.6745838820003
 31
0.0
  0
POLYLINE
  8
0
 62
0
 70
0
 66
1
 10
0.0
 20
0.0
 30
0.0
  0
VERTEX
  8
0
 10
4.68390858709812
 20
8.6745838820003
 30
0.0
  0
VERTEX
  8
0
 10
4.66564967274666
 20
8.74717935910449
 30
0.0
  0
SEQEND
  8
0
  0
POLYLINE
  8
0
 62
0
 70
0
 66
1
 10
0.0
 20
0.0
 30
0.0
  0
VERTEX
  8
0
 10
4.61659274041653
 20
8.76829802980647
 30
0.0
  0
VERTEX
  8
0
 10
4.6367090721398005
 20
8.765583171557777
 30
0.0
  0
SEQEND
  8
0
  0
POLYLINE
  8
0
 62
0
 70
0
 66
1
 10
0.0
 20
0.0
 30
0.0
  0
VERTEX
  8
0
 10
4.65082545762912
 20
8.759380303754252
 30
0.0
  0
VERTEX
  8
0
 10
4.66564967274666
 20
8.74717935910449
 30
0.0
  0
SEQEND
  8
0
  0
POLYLINE
  8
0
 62
0
 70
0
 66
1
 10
0.0
 20
0.0
 30
0.0
  0
VERTEX
  8
0
 10
4.66564967274666
 20
8.74717935910449
 30
0.0
  0
VERTEX
  8
0
 10
4.61659274041653
 20
8.76829802980647
 30
0.0
  0
SEQEND
  8
0
  0
POLYLINE
  8
0
 62
0
 70
0
 66
1
 10
0.0
 20
0.0
 30
0.0
  0
VERTEX
  8
0
 10
4.578527518668425
 20
8.7547552930435
 30
0.0
  0
VERTEX
  8
0
 10
4.578530568389457
 20
8.754757931283667
 30
0.0
  0
SEQEND
  8
0
  0
POLYLINE
  8
0
 62
0
 70
0
 66
1
 10
0.0
 20
0.0
 30
0.0
  0
VERTEX
  8
0
 10
4.590799351930619
 20
8.763073235657071
 30
0.0
  0
VERTEX
  8
0
 10
4.606001864382225
 20
8.767160401781295
 30
0.0
  0
SEQEND
  8
0
  0
POLYLINE
  8
0
 62
0
 70
0
 66
1
 10
0.0
 20
0.0
 30
0.0
  0
VERTEX
  8
0
 10
4.61659274041653
 20
8.76829802980647
 30
0.0
  0
VERTEX
  8
0
 10
4.57061558008194
 20
8.74739930024371
 30
0.0
  0
SEQEND
  8
0
  0
LINE
  8
0
 62
0
 10
4.99999988824129
 20
10.55
 30
0.0
 11
4.00000024586916
 21
10.55
 31
0.0
  0
LINE
  8
0
 62
0
 10
4.00000024586916
 20
10.55
 30
0.0
 11
4.00000024586916
 21
7.39999983459711
 31
0.0
  0
LINE
  8
0
 62
0
 10
4.00000024586916
 20
7.39999983459711
 30
0.0
 11
4.99999988824129
 21
7.39999983459711
 31
0.0
  0
LINE
  8
0
 62
0
 10
4.99999988824129
 20
7.39999983459711
 30
0.0
 11
4.99999988824129
 21
10.55
 31
0.0
  0
POLYLINE
  8
0
 62
0
 70
0
 66
1
 10
0.0
 20
0.0
 30
0.0
  0
VERTEX
  8
0
 10
4.82249996602535
 20
8.71594116082415
 30
0.0
  0
VERTEX
  8
0
 10
4.821273222493286
 20
8.736381919672406
 30
0.0
  0
SEQEND
  8
0
  0
POLYLINE
  8
0
 62
0
 70
0
 66
1
 10
0.0
 20
0.0
 30
0.0
  0
VERTEX
  8
0
 10
4.81606184433715
 20
8.787448084212865
 30
0.0
  0
VERTEX
  8
0
 10
4.81370053231716
 20
8.80525574078784
 30
0.0
  0
SEQEND
  8
0
  0
POLYLINE
  8
0
 62
0
 70
0
 66
1
 10
0.0
 20
0.0
 30
0.0
  0
VERTEX
  8
0
 10
4.81370053231716
 20
8.80525574078784
 30
0.0
  0
VERTEX
  8
0
 10
4.811404955260921
 20
8.820956692621419
 30
0.0
  0
SEQEND
  8
0
  0
POLYLINE
  8
0
 62
0
 70
0
 66
1
 10
0.0
 20
0.0
 30
0.0
  0
VERTEX
  8
0
 10
4.804847914148846
 20
8.85034959290807
 30
0.0
  0
VERTEX
  8
0
 10
4.804846103208809
 20
8.850355338495211
 30
0.0
  0
SEQEND
  8
0
  0
POLYLINE
  8
0
 62
0
 70
0
 66
1
 10
0.0
 20
0.0
 30
0.0
  0
VERTEX
  8
0
 10
4.7970826883046485
 20
8.870712075897373
 30
0.0
  0
VERTEX
  8
0
 10
4.7970802994672495
 20
8.870717628044304
 30
0.0
  0
SEQEND
  8
0
  0
POLYLINE
  8
0
 62
0
 70
0
 66
1
 10
0.0
 20
0.0
 30
0.0
  0
VERTEX
  8
0
 10
4.7967137965165625
 20
8.871567010728153
 30
0.0
  0
VERTEX
  8
0
 10
4.79258178710938
 20
8.88093098988757
 30
0.0
  0
SEQEND
  8
0
  0
POLYLINE
  8
0
 62
0
 70
0
 66
1
 10
0.0
 20
0.0
 30
0.0
  0
VERTEX
  8
0
 10
4.79258178710938
 20
8.88093098988757
 30
0.0
  0
VERTEX
  8
0
 10
4.782321902740557
 20
8.89608625837962
 30
0.0
  0
SEQEND
  8
0
  0
POLYLINE
  8
0
 62
0
 70
0
 66
1
 10
0.0
 20
0.0
 30
0.0
  0
VERTEX
  8
0
 10
4.7651569327589485
 20
8.917044888668572
 30
0.0
  0
VERTEX
  8
0
 10
4.765083556771281
 20
8.917118757870048
 30
0.0
  0
SEQEND
  8
0
  0
POLYLINE
  8
0
 62
0
 70
0
 66
1
 10
0.0
 20
0.0
 30
0.0
  0
VERTEX
  8
0
 10
4.729242377223115
 20
8.944715881319626
 30
0.0
  0
VERTEX
  8
0
 10
4.72922577500343
 20
8.94472703328356
 30
0.0
  0
SEQEND
  8
0
  0
POLYLINE
  8
0
 62
0
 70
0
 66
1
 10
0.0
 20
0.0
 30
0.0
  0
VERTEX
  8
0
 10
4.72922577500343
 20
8.94472703328356
 30
0.0
  0
VERTEX
  8
0
 10
4.712095016925792
 20
8.9528629482888
 30
0.0
  0
SEQEND
  8
0
  0
POLYLINE
  8
0
 62
0
 70
0
 66
1
 10
0.0
 20
0.0
 30
0.0
  0
VERTEX
  8
0
 10
4.711122326930207
 20
8.95329755266972
 30
0.0
  0
VERTEX
  8
0
 10
4.711115977599684
 20
8.953300375166794
 30
0.0
  0
SEQEND
  8
0
  0
POLYLINE
  8
0
 62
0
 70
0
 66
1
 10
0.0
 20
0.0
 30
0.0
  0
VERTEX
  8
0
 10
4.710306637031346
 20
8.953658575078787
 30
0.0
  0
VERTEX
  8
0
 10
4.710302072709126
 20
8.953660586153768
 30
0.0
  0
SEQEND
  8
0
  0
POLYLINE
  8
0
 62
0
 70
0
 66
1
 10
0.0
 20
0.0
 30
0.0
  0
VERTEX
  8
0
 10
4.68750687815581
 20
8.961988013356585
 30
0.0
  0
VERTEX
  8
0
 10
4.687501845937963
 20
8.96198938527416
 30
0.0
  0
SEQEND
  8
0
  0
POLYLINE
  8
0
 62
0
 70
0
 66
1
 10
0.0
 20
0.0
 30
0.0
  0
VERTEX
  8
0
 10
4.63919111474767
 20
8.968036780173486
 30
0.0
  0
VERTEX
  8
0
 10
4.63903135597706
 20
8.96804556241259
 30
0.0
  0
SEQEND
  8
0
  0
POLYLINE
  8
0
 62
0
 70
0
 66
1
 10
0.0
 20
0.0
 30
0.0
  0
VERTEX
  8
0
 10
4.63903135597706
 20
8.96804556241259
 30
0.0
  0
VERTEX
  8
0
 10
4.598701756672294
 20
8.963996008310943
 30
0.0
  0
SEQEND
  8
0
  0
POLYLINE
  8
0
 62
0
 70
0
 66
1
 10
0.0
 20
0.0
 30
0.0
  0
VERTEX
  8
0
 10
4.59806409314384
 20
8.963872961109223
 30
0.0
  0
VERTEX
  8
0
 10
4.598059929950203
 20
8.963872148129898
 30
0.0
  0
SEQEND
  8
0
  0
POLYLINE
  8
0
 62
0
 70
0
 66
1
 10
0.0
 20
0.0
 30
0.0
  0
VERTEX
  8
0
 10
4.583274753506311
 20
8.960056682379465
 30
0.0
  0
VERTEX
  8
0
 10
4.583270733292351
 20
8.960055352444064
 30
0.0
  0
SEQEND
  8
0
  0
POLYLINE
  8
0
 62
0
 70
0
 66
1
 10
0.0
 20
0.0
 30
0.0
  0
VERTEX
  8
0
 10
4.555502421278717
 20
8.946970572563444
 30
0.0
  0
VERTEX
  8
0
 10
4.53673771560192
 20
8.93526747813448
 30
0.0
  0
SEQEND
  8
0
  0
POLYLINE
  8
0
 62
0
 70
0
 66
1
 10
0.0
 20
0.0
 30
0.0
  0
VERTEX
  8
0
 10
4.53673771560192
 20
8.93526747813448
 30
0.0
  0
VERTEX
  8
0
 10
4.5203247223355625
 20
8.917667646873396
 30
0.0
  0
SEQEND
  8
0
  0
POLYLINE
  8
0
 62
0
 70
0
 66
1
 10
0.0
 20
0.0
 30
0.0
  0
VERTEX
  8
0
 10
4.519532127749228
 20
8.916764827142146
 30
0.0
  0
VERTEX
  8
0
 10
4.519526979789813
 20
8.916758937147652
 30
0.0
  0
SEQEND
  8
0
  0
POLYLINE
  8
0
 62
0
 70
0
 66
1
 10
0.0
 20
0.0
 30
0.0
  0
VERTEX
  8
0
 10
4.510213927056492
 20
8.905364971630425
 30
0.0
  0
VERTEX
  8
0
 10
4.510211782832552
 20
8.905362129557826
 30
0.0
  0
SEQEND
  8
0
  0
POLYLINE
  8
0
 62
0
 70
0
 66
1
 10
0.0
 20
0.0
 30
0.0
  0
VERTEX
  8
0
 10
4.509915236250052
 20
8.90496782410854
 30
0.0
  0
VERTEX
  8
0
 10
4.5099135773421875
 20
8.904965611308128
 30
0.0
  0
SEQEND
  8
0
  0
POLYLINE
  8
0
 62
0
 70
0
 66
1
 10
0.0
 20
0.0
 30
0.0
  0
VERTEX
  8
0
 10
4.485003943414051
 20
8.852605175125467
 30
0.0
  0
VERTEX
  8
0
 10
4.47932123184204
 20
8.83297398677096
 30
0.0
  0
SEQEND
  8
0
  0
POLYLINE
  8
0
 62
0
 70
0
 66
1
 10
0.0
 20
0.0
 30
0.0
  0
VERTEX
  8
0
 10
4.47932123184204
 20
8.83297398677096
 30
0.0
  0
VERTEX
  8
0
 10
4.47321043459915
 20
8.84847053819198
 30
0.0
  0
SEQEND
  8
0
  0
POLYLINE
  8
0
 62
0
 70
0
 66
1
 10
0.0
 20
0.0
 30
0.0
  0
VERTEX
  8
0
 10
4.4727884839843455
 20
8.849478693519085
 30
0.0
  0
VERTEX
  8
0
 10
4.4727857162830515
 20
8.849485269970792
 30
0.0
  0
SEQEND
  8
0
  0
POLYLINE
  8
0
 62
0
 70
0
 66
1
 10
0.0
 20
0.0
 30
0.0
  0
VERTEX
  8
0
 10
4.472432121031941
 20
8.850321480981883
 30
0.0
  0
VERTEX
  8
0
 10
4.4724301178141985
 20
8.850326195636097
 30
0.0
  0
SEQEND
  8
0
  0
POLYLINE
  8
0
 62
0
 70
0
 66
1
 10
0.0
 20
0.0
 30
0.0
  0
VERTEX
  8
0
 10
4.460866566488601
 20
8.87285316169677
 30
0.0
  0
VERTEX
  8
0
 10
4.460865140497349
 20
8.87285538235619
 30
0.0
  0
SEQEND
  8
0
  0
POLYLINE
  8
0
 62
0
 70
0
 66
1
 10
0.0
 20
0.0
 30
0.0
  0
VERTEX
  8
0
 10
4.436210788659777
 20
8.902482405549351
 30
0.0
  0
VERTEX
  8
0
 10
4.43620393961668
 20
8.9024896918796
 30
0.0
  0
SEQEND
  8
0
  0
POLYLINE
  8
0
 62
0
 70
0
 66
1
 10
0.0
 20
0.0
 30
0.0
  0
VERTEX
  8
0
 10
4.43620393961668
 20
8.9024896918796
 30
0.0
  0
VERTEX
  8
0
 10
4.40221472720735
 20
8.924395908907142
 30
0.0
  0
SEQEND
  8
0
  0
POLYLINE
  8
0
 62
0
 70
0
 66
1
 10
0.0
 20
0.0
 30
0.0
  0
VERTEX
  8
0
 10
4.359612472170024
 20
8.936185818609527
 30
0.0
  0
VERTEX
  8
0
 10
4.33809003770351
 20
8.93812730899081
 30
0.0
  0
SEQEND
  8
0
  0
POLYLINE
  8
0
 62
0
 70
0
 66
1
 10
0.0
 20
0.0
 30
0.0
  0
VERTEX
  8
0
 10
4.33809003770351
 20
8.93812730899081
 30
0.0
  0
VERTEX
  8
0
 10
4.312110985154167
 20
8.935239420428417
 30
0.0
  0
SEQEND
  8
0
  0
POLYLINE
  8
0
 62
0
 70
0
 66
1
 10
0.0
 20
0.0
 30
0.0
  0
VERTEX
  8
0
 10
4.310613205224049
 20
8.935019482152564
 30
0.0
  0
VERTEX
  8
0
 10
4.310603442139456
 20
8.935018018688975
 30
0.0
  0
SEQEND
  8
0
  0
POLYLINE
  8
0
 62
0
 70
0
 66
1
 10
0.0
 20
0.0
 30
0.0
  0
VERTEX
  8
0
 10
4.309361326211694
 20
8.93482855359995
 30
0.0
  0
VERTEX
  8
0
 10
4.309354329973069
 20
8.934827467707747
 30
0.0
  0
SEQEND
  8
0
  0
POLYLINE
  8
0
 62
0
 70
0
 66
1
 10
0.0
 20
0.0
 30
0.0
  0
VERTEX
  8
0
 10
4.27595412938131
 20
8.92588574084017
 30
0.0
  0
VERTEX
  8
0
 10
4.2759507502006615
 20
8.92588429001277
 30
0.0
  0
SEQEND
  8
0
  0
POLYLINE
  8
0
 62
0
 70
0
 66
1
 10
0.0
 20
0.0
 30
0.0
  0
VERTEX
  8
0
 10
4.254922467974662
 20
8.913943021581565
 30
0.0
  0
VERTEX
  8
0
 10
4.22369713872671
 20
8.88819053759799
 30
0.0
  0
SEQEND
  8
0
  0
POLYLINE
  8
0
 62
0
 70
0
 66
1
 10
0.0
 20
0.0
 30
0.0
  0
VERTEX
  8
0
 10
4.22369713872671
 20
8.88819053759799
 30
0.0
  0
VERTEX
  8
0
 10
4.206505712155397
 20
8.862260327416072
 30
0.0
  0
SEQEND
  8
0
  0
POLYLINE
  8
0
 62
0
 70
0
 66
1
 10
0.0
 20
0.0
 30
0.0
  0
VERTEX
  8
0
 10
4.205697758390851
 20
8.8609464475992
 30
0.0
  0
VERTEX
  8
0
 10
4.2056925193808095
 20
8.860937880191358
 30
0.0
  0
SEQEND
  8
0
  0
POLYLINE
  8
0
 62
0
 70
0
 66
1
 10
0.0
 20
0.0
 30
0.0
  0
VERTEX
  8
0
 10
4.196463907408019
 20
8.844492690272958
 30
0.0
  0
VERTEX
  8
0
 10
4.196461851212733
 20
8.844488613670897
 30
0.0
  0
SEQEND
  8
0
  0
POLYLINE
  8
0
 62
0
 70
0
 66
1
 10
0.0
 20
0.0
 30
0.0
  0
VERTEX
  8
0
 10
4.196178595238807
 20
8.843924604253946
 30
0.0
  0
VERTEX
  8
0
 10
4.196177012797419
 20
8.843921439654114
 30
0.0
  0
SEQEND
  8
0
  0
POLYLINE
  8
0
 62
0
 70
0
 66
1
 10
0.0
 20
0.0
 30
0.0
  0
VERTEX
  8
0
 10
4.180068403202343
 20
8.785600191533124
 30
0.0
  0
VERTEX
  8
0
 10
4.1775
 20
8.74497935166583
 30
0.0
  0
SEQEND
  8
0
  0
POLYLINE
  8
0
 62
0
 70
0
 66
1
 10
0.0
 20
0.0
 30
0.0
  0
VERTEX
  8
0
 10
4.60911325156689
 20
9.76483598342165
 30
0.0
  0
VERTEX
  8
0
 10
4.645040436144093
 20
9.770923531747062
 30
0.0
  0
SEQEND
  8
0
  0
POLYLINE
  8
0
 62
0
 70
0
 66
1
 10
0.0
 20
0.0
 30
0.0
  0
VERTEX
  8
0
 10
4.647198895533501
 20
9.77135473223349
 30
0.0
  0
VERTEX
  8
0
 10
4.647212974359546
 20
9.771357582654865
 30
0.0
  0
SEQEND
  8
0
  0
POLYLINE
  8
0
 62
0
 70
0
 66
1
 10
0.0
 20
0.0
 30
0.0
  0
VERTEX
  8
0
 10
4.649003463754205
 20
9.771724247848047
 30
0.0
  0
VERTEX
  8
0
 10
4.64901355675269
 20
9.771726338556345
 30
0.0
  0
SEQEND
  8
0
  0
POLYLINE
  8
0
 62
0
 70
0
 66
1
 10
0.0
 20
0.0
 30
0.0
  0
VERTEX
  8
0
 10
4.697391036518201
 20
9.78657472079769
 30
0.0
  0
VERTEX
  8
0
 10
4.6973958332486285
 20
9.786576876985226
 30
0.0
  0
SEQEND
  8
0
  0
POLYLINE
  8
0
 62
0
 70
0
 66
1
 10
0.0
 20
0.0
 30
0.0
  0
VERTEX
  8
0
 10
4.6994713548712905
 20
9.787527512862184
 30
0.0
  0
VERTEX
  8
0
 10
4.699478789238493
 20
9.787530981534946
 30
0.0
  0
SEQEND
  8
0
  0
POLYLINE
  8
0
 62
0
 70
0
 66
1
 10
0.0
 20
0.0
 30
0.0
  0
VERTEX
  8
0
 10
4.765196395034706
 20
9.832487409123377
 30
0.0
  0
VERTEX
  8
0
 10
4.765208979430467
 20
9.832497730383267
 30
0.0
  0
SEQEND
  8
0
  0
POLYLINE
  8
0
 62
0
 70
0
 66
1
 10
0.0
 20
0.0
 30
0.0
  0
VERTEX
  8
0
 10
4.767437741542516
 20
9.834327519409795
 30
0.0
  0
VERTEX
  8
0
 10
4.767455250543794
 20
9.834341905999922
 30
0.0
  0
SEQEND
  8
0
  0
POLYLINE
  8
0
 62
0
 70
0
 66
1
 10
0.0
 20
0.0
 30
0.0
  0
VERTEX
  8
0
 10
4.77013552212345
 20
9.83654534452135
 30
0.0
  0
VERTEX
  8
0
 10
4.77014324605465
 20
9.83655169596896
 30
0.0
  0
SEQEND
  8
0
  0
POLYLINE
  8
0
 62
0
 70
0
 66
1
 10
0.0
 20
0.0
 30
0.0
  0
VERTEX
  8
0
 10
4.77014324605465
 20
9.83655169596896
 30
0.0
  0
VERTEX
  8
0
 10
4.795674733383171
 20
9.878117525806125
 30
0.0
  0
SEQEND
  8
0
  0
POLYLINE
  8
0
 62
0
 70
0
 66
1
 10
0.0
 20
0.0
 30
0.0
  0
VERTEX
  8
0
 10
4.796683330136626
 20
9.879904736702445
 30
0.0
  0
VERTEX
  8
0
 10
4.796689866662213
 20
9.879916382125646
 30
0.0
  0
SEQEND
  8
0
  0
POLYLINE
  8
0
 62
0
 70
0
 66
1
 10
0.0
 20
0.0
 30
0.0
  0
VERTEX
  8
0
 10
4.808237701375445
 20
9.902223278235844
 30
0.0
  0
VERTEX
  8
0
 10
4.808240242282679
 20
9.902228695408002
 30
0.0
  0
SEQEND
  8
0
  0
POLYLINE
  8
0
 62
0
 70
0
 66
1
 10
0.0
 20
0.0
 30
0.0
  0
VERTEX
  8
0
 10
4.808596478210785
 20
9.902991175069406
 30
0.0
  0
VERTEX
  8
0
 10
4.808598466063927
 20
9.902995446668541
 30
0.0
  0
SEQEND
  8
0
  0
POLYLINE
  8
0
 62
0
 70
0
 66
1
 10
0.0
 20
0.0
 30
0.0
  0
VERTEX
  8
0
 10
4.8301198917999875
 20
9.98338598532261
 30
0.0
  0
VERTEX
  8
0
 10
4.83349925816059
 20
10.0644575058483
 30
0.0
  0
SEQEND
  8
0
  0
POLYLINE
  8
0
 62
0
 70
0
 66
1
 10
0.0
 20
0.0
 30
0.0
  0
VERTEX
  8
0
 10
4.83349925816059
 20
10.0644575058483
 30
0.0
  0
VERTEX
  8
0
 10
4.832498389203505
 20
10.096327660018831
 30
0.0
  0
SEQEND
  8
0
  0
POLYLINE
  8
0
 62
0
 70
0
 66
1
 10
0.0
 20
0.0
 30
0.0
  0
VERTEX
  8
0
 10
4.82649908787255
 20
10.151351994728888
 30
0.0
  0
VERTEX
  8
0
 10
4.826497518997308
 20
10.151359950529162
 30
0.0
  0
SEQEND
  8
0
  0
POLYLINE
  8
0
 62
0
 70
0
 66
1
 10
0.0
 20
0.0
 30
0.0
  0
VERTEX
  8
0
 10
4.819469377305189
 20
10.179711299986028
 30
0.0
  0
VERTEX
  8
0
 10
4.819467113659279
 20
10.179719072352079
 30
0.0
  0
SEQEND
  8
0
  0
POLYLINE
  8
0
 62
0
 70
0
 66
1
 10
0.0
 20
0.0
 30
0.0
  0
VERTEX
  8
0
 10
4.819118974006571
 20
10.180908335733827
 30
0.0
  0
VERTEX
  8
0
 10
4.80644098460674
 20
10.2197678386234
 30
0.0
  0
SEQEND
  8
0
  0
POLYLINE
  8
0
 62
0
 70
0
 66
1
 10
0.0
 20
0.0
 30
0.0
  0
VERTEX
  8
0
 10
4.80644098460674
 20
10.2197678386234
 30
0.0
  0
VERTEX
  8
0
 10
4.794561125183007
 20
10.24228438076296
 30
0.0
  0
SEQEND
  8
0
  0
POLYLINE
  8
0
 62
0
 70
0
 66
1
 10
0.0
 20
0.0
 30
0.0
  0
VERTEX
  8
0
 10
4.793815351480298
 20
10.243617894630324
 30
0.0
  0
VERTEX
  8
0
 10
4.7938104618948785
 20
10.243626594125352
 30
0.0
  0
SEQEND
  8
0
  0
POLYLINE
  8
0
 62
0
 70
0
 66
1
 10
0.0
 20
0.0
 30
0.0
  0
VERTEX
  8
0
 10
4.773541866661551
 20
10.273963734328825
 30
0.0
  0
VERTEX
  8
0
 10
4.773538722106165
 20
10.27396752962054
 30
0.0
  0
SEQEND
  8
0
  0
POLYLINE
  8
0
 62
0
 70
0
 66
1
 10
0.0
 20
0.0
 30
0.0
  0
VERTEX
  8
0
 10
4.772529069399192
 20
10.275172337002994
 30
0.0
  0
VERTEX
  8
0
 10
4.772525581921361
 20
10.275176451615017
 30
0.0
  0
SEQEND
  8
0
  0
POLYLINE
  8
0
 62
0
 70
0
 66
1
 10
0.0
 20
0.0
 30
0.0
  0
VERTEX
  8
0
 10
4.759057999517436
 20
10.289232428834353
 30
0.0
  0
VERTEX
  8
0
 10
4.75905405805391
 20
10.289236127190236
 30
0.0
  0
SEQEND
  8
0
  0
POLYLINE
  8
0
 62
0
 70
0
 66
1
 10
0.0
 20
0.0
 30
0.0
  0
VERTEX
  8
0
 10
4.758449580322022
 20
10.289801132973666
 30
0.0
  0
VERTEX
  8
0
 10
4.72702591657638
 20
10.3156818448566
 30
0.0
  0
SEQEND
  8
0
  0
POLYLINE
  8
0
 62
0
 70
0
 66
1
 10
0.0
 20
0.0
 30
0.0
  0
VERTEX
  8
0
 10
4.72702591657638
 20
10.3156818448566
 30
0.0
  0
VERTEX
  8
0
 10
4.705599278147906
 20
10.327391604620686
 30
0.0
  0
SEQEND
  8
0
  0
POLYLINE
  8
0
 62
0
 70
0
 66
1
 10
0.0
 20
0.0
 30
0.0
  0
VERTEX
  8
0
 10
4.672415535955854
 20
10.341370471314566
 30
0.0
  0
VERTEX
  8
0
 10
4.61263298034668
 20
10.3499998151325
 30
0.0
  0
SEQEND
  8
0
  0
POLYLINE
  8
0
 62
0
 70
0
 66
1
 10
0.0
 20
0.0
 30
0.0
  0
VERTEX
  8
0
 10
4.61263298034668
 20
10.3499998151325
 30
0.0
  0
VERTEX
  8
0
 10
4.592518637997258
 20
10.348602347309086
 30
0.0
  0
SEQEND
  8
0
  0
POLYLINE
  8
0
 62
0
 70
0
 66
1
 10
0.0
 20
0.0
 30
0.0
  0
VERTEX
  8
0
 10
4.591320714338758
 20
10.348491250935478
 30
0.0
  0
VERTEX
  8
0
 10
4.591312892886469
 20
10.34849050977714
 30
0.0
  0
SEQEND
  8
0
  0
POLYLINE
  8
0
 62
0
 70
0
 66
1
 10
0.0
 20
0.0
 30
0.0
  0
VERTEX
  8
0
 10
4.562941747094963
 20
10.343721735502498
 30
0.0
  0
VERTEX
  8
0
 10
4.562937945609829
 20
10.343720713731578
 30
0.0
  0
SEQEND
  8
0
  0
POLYLINE
  8
0
 62
0
 70
0
 66
1
 10
0.0
 20
0.0
 30
0.0
  0
VERTEX
  8
0
 10
4.5618285523907876
 20
10.343416764926621
 30
0.0
  0
VERTEX
  8
0
 10
4.561824999670875
 20
10.343415773054074
 30
0.0
  0
SEQEND
  8
0
  0
POLYLINE
  8
0
 62
0
 70
0
 66
1
 10
0.0
 20
0.0
 30
0.0
  0
VERTEX
  8
0
 10
4.536512590608863
 20
10.333791437588161
 30
0.0
  0
VERTEX
  8
0
 10
4.53650587940262
 20
10.333788339291738
 30
0.0
  0
SEQEND
  8
0
  0
POLYLINE
  8
0
 62
0
 70
0
 66
1
 10
0.0
 20
0.0
 30
0.0
  0
VERTEX
  8
0
 10
4.535479245594144
 20
10.33331193177899
 30
0.0
  0
VERTEX
  8
0
 10
4.51715893089771
 20
10.3242613374256
 30
0.0
  0
SEQEND
  8
0
  0
POLYLINE
  8
0
 62
0
 70
0
 66
1
 10
0.0
 20
0.0
 30
0.0
  0
VERTEX
  8
0
 10
4.51715893089771
 20
10.3242613374256
 30
0.0
  0
VERTEX
  8
0
 10
4.499524704268075
 20
10.310757570324322
 30
0.0
  0
SEQEND
  8
0
  0
POLYLINE
  8
0
 62
0
 70
0
 66
1
 10
0.0
 20
0.0
 30
0.0
  0
VERTEX
  8
0
 10
4.498625730701473
 20
10.310032478239474
 30
0.0
  0
VERTEX
  8
0
 10
4.498619867384628
 20
10.310027730448152
 30
0.0
  0
SEQEND
  8
0
  0
POLYLINE
  8
0
 62
0
 70
0
 66
1
 10
0.0
 20
0.0
 30
0.0
  0
VERTEX
  8
0
 10
4.487869829489936
 20
10.300796408284281
 30
0.0
  0
VERTEX
  8
0
 10
4.487867081066579
 20
10.300793880535082
 30
0.0
  0
SEQEND
  8
0
  0
POLYLINE
  8
0
 62
0
 70
0
 66
1
 10
0.0
 20
0.0
 30
0.0
  0
VERTEX
  8
0
 10
4.478330976631229
 20
10.291248659362598
 30
0.0
  0
VERTEX
  8
0
 10
4.478328464492876
 20
10.291245896013326
 30
0.0
  0
SEQEND
  8
0
  0
POLYLINE
  8
0
 62
0
 70
0
 66
1
 10
0.0
 20
0.0
 30
0.0
  0
VERTEX
  8
0
 10
4.477946376204481
 20
10.290823727753008
 30
0.0
  0
VERTEX
  8
0
 10
4.477837561888441
 20
10.290702811451238
 30
0.0
  0
SEQEND
  8
0
  0
POLYLINE
  8
0
 62
0
 70
0
 66
1
 10
0.0
 20
0.0
 30
0.0
  0
VERTEX
  8
0
 10
4.455819277906882
 20
10.25972806901692
 30
0.0
  0
VERTEX
  8
0
 10
4.44566342025995
 20
10.2419863640331
 30
0.0
  0
SEQEND
  8
0
  0
POLYLINE
  8
0
 62
0
 70
0
 66
1
 10
0.0
 20
0.0
 30
0.0
  0
VERTEX
  8
0
 10
4.44566342025995
 20
10.2419863640331
 30
0.0
  0
VERTEX
  8
0
 10
4.43038825021174
 20
10.204002972970876
 30
0.0
  0
SEQEND
  8
0
  0
POLYLINE
  8
0
 62
0
 70
0
 66
1
 10
0.0
 20
0.0
 30
0.0
  0
VERTEX
  8
0
 10
4.429833181697095
 20
10.202568716323297
 30
0.0
  0
VERTEX
  8
0
 10
4.429829563035384
 20
10.202559345866195
 30
0.0
  0
SEQEND
  8
0
  0
POLYLINE
  8
0
 62
0
 70
0
 66
1
 10
0.0
 20
0.0
 30
0.0
  0
VERTEX
  8
0
 10
4.4174932055369185
 20
10.168383639819092
 30
0.0
  0
VERTEX
  8
0
 10
4.4174900087634885
 20
10.16837397128616
 30
0.0
  0
SEQEND
  8
0
  0
POLYLINE
  8
0
 62
0
 70
0
 66
1
 10
0.0
 20
0.0
 30
0.0
  0
VERTEX
  8
0
 10
4.397143447101188
 20
10.093148148636761
 30
0.0
  0
VERTEX
  8
0
 10
4.38868696779013
 20
10.05477800956
 30
0.0
  0
SEQEND
  8
0
  0
POLYLINE
  8
0
 62
0
 70
0
 66
1
 10
0.0
 20
0.0
 30
0.0
  0
VERTEX
  8
0
 10
4.38868696779013
 20
10.05477800956
 30
0.0
  0
VERTEX
  8
0
 10
4.384511188949378
 20
10.034778187423829
 30
0.0
  0
SEQEND
  8
0
  0
POLYLINE
  8
0
 62
0
 70
0
 66
1
 10
0.0
 20
0.0
 30
0.0
  0
VERTEX
  8
0
 10
4.3718893716430856
 20
10.000422927008453
 30
0.0
  0
VERTEX
  8
0
 10
4.36492844462395
 20
9.98790219416842
 30
0.0
  0
SEQEND
  8
0
  0
POLYLINE
  8
0
 62
0
 70
0
 66
1
 10
0.0
 20
0.0
 30
0.0
  0
VERTEX
  8
0
 10
4.3440262549475746
 20
9.974505392339292
 30
0.0
  0
VERTEX
  8
0
 10
4.344024078171137
 20
9.974504944229928
 30
0.0
  0
SEQEND
  8
0
  0
POLYLINE
  8
0
 62
0
 70
0
 66
1
 10
0.0
 20
0.0
 30
0.0
  0
VERTEX
  8
0
 10
4.3177484592809705
 20
9.977752992041328
 30
0.0
  0
VERTEX
  8
0
 10
4.31768636196852
 20
9.977782517578449
 30
0.0
  0
SEQEND
  8
0
  0
POLYLINE
  8
0
 62
0
 70
0
 66
1
 10
0.0
 20
0.0
 30
0.0
  0
VERTEX
  8
0
 10
4.30135237962007
 20
9.99098196616396
 30
0.0
  0
VERTEX
  8
0
 10
4.295728166515737
 20
10.000642467768106
 30
0.0
  0
SEQEND
  8
0
  0
POLYLINE
  8
0
 62
0
 70
0
 66
1
 10
0.0
 20
0.0
 30
0.0
  0
VERTEX
  8
0
 10
4.287965415829872
 20
10.023105420331083
 30
0.0
  0
VERTEX
  8
0
 10
4.28661330580711
 20
10.0433386861347
 30
0.0
  0
SEQEND
  8
0
  0
POLYLINE
  8
0
 62
0
 70
0
 66
1
 10
0.0
 20
0.0
 30
0.0
  0
VERTEX
  8
0
 10
4.291562987267976
 20
10.081011801864996
 30
0.0
  0
VERTEX
  8
0
 10
4.291595738190821
 20
10.081110434103294
 30
0.0
  0
SEQEND
  8
0
  0
POLYLINE
  8
0
 62
0
 70
0
 66
1
 10
0.0
 20
0.0
 30
0.0
  0
VERTEX
  8
0
 10
4.30641206890345
 20
10.1095546781085
 30
0.0
  0
VERTEX
  8
0
 10
4.314044078176142
 20
10.11635191595969
 30
0.0
  0
SEQEND
  8
0
  0
POLYLINE
  8
0
 62
0
 70
0
 66
1
 10
0.0
 20
0.0
 30
0.0
  0
VERTEX
  8
0
 10
4.355474011480018
 20
10.137853771681414
 30
0.0
  0
VERTEX
  8
0
 10
4.36976811826229
 20
10.1410128175281
 30
0.0
  0
SEQEND
  8
0
  0
POLYLINE
  8
0
 62
0
 70
0
 66
1
 10
0.0
 20
0.0
 30
0.0
  0
VERTEX
  8
0
 10
4.35876882612705
 20
10.3288809954189
 30
0.0
  0
VERTEX
  8
0
 10
4.324691067117445
 20
10.322250453704712
 30
0.0
  0
SEQEND
  8
0
  0
POLYLINE
  8
0
 62
0
 70
0
 66
1
 10
0.0
 20
0.0
 30
0.0
  0
VERTEX
  8
0
 10
4.322511417265603
 20
10.321751234422377
 30
0.0
  0
VERTEX
  8
0
 10
4.322497207221039
 20
10.321747933309554
 30
0.0
  0
SEQEND
  8
0
  0
POLYLINE
  8
0
 62
0
 70
0
 66
1
 10
0.0
 20
0.0
 30
0.0
  0
VERTEX
  8
0
 10
4.32069075382012
 20
10.32132315633736
 30
0.0
  0
VERTEX
  8
0
 10
4.320680576135655
 20
10.321320733749348
 30
0.0
  0
SEQEND
  8
0
  0
POLYLINE
  8
0
 62
0
 70
0
 66
1
 10
0.0
 20
0.0
 30
0.0
  0
VERTEX
  8
0
 10
4.272823474490911
 20
10.303858045125429
 30
0.0
  0
VERTEX
  8
0
 10
4.272818904008131
 20
10.303855499334738
 30
0.0
  0
SEQEND
  8
0
  0
POLYLINE
  8
0
 62
0
 70
0
 66
1
 10
0.0
 20
0.0
 30
0.0
  0
VERTEX
  8
0
 10
4.271503637355694
 20
10.303112567502755
 30
0.0
  0
VERTEX
  8
0
 10
4.271500333401901
 20
10.303110675154379
 30
0.0
  0
SEQEND
  8
0
  0
POLYLINE
  8
0
 62
0
 70
0
 66
1
 10
0.0
 20
0.0
 30
0.0
  0
VERTEX
  8
0
 10
4.257207953145291
 20
10.29370656388358
 30
0.0
  0
VERTEX
  8
0
 10
4.257205138532017
 20
10.293704475774444
 30
0.0
  0
SEQEND
  8
0
  0
POLYLINE
  8
0
 62
0
 70
0
 66
1
 10
0.0
 20
0.0
 30
0.0
  0
VERTEX
  8
0
 10
4.25670575262625
 20
10.293332556884035
 30
0.0
  0
VERTEX
  8
0
 10
4.256701971589633
 20
10.29332973008485
 30
0.0
  0
SEQEND
  8
0
  0
POLYLINE
  8
0
 62
0
 70
0
 66
1
 10
0.0
 20
0.0
 30
0.0
  0
VERTEX
  8
0
 10
4.241771784666019
 20
10.280961037589368
 30
0.0
  0
VERTEX
  8
0
 10
4.21247790545225
 20
10.2516658603214
 30
0.0
  0
SEQEND
  8
0
  0
POLYLINE
  8
0
 62
0
 70
0
 66
1
 10
0.0
 20
0.0
 30
0.0
  0
VERTEX
  8
0
 10
4.21247790545225
 20
10.2516658603214
 30
0.0
  0
VERTEX
  8
0
 10
4.1943432675515275
 20
10.215076139623495
 30
0.0
  0
SEQEND
  8
0
  0
POLYLINE
  8
0
 62
0
 70
0
 66
1
 10
0.0
 20
0.0
 30
0.0
  0
VERTEX
  8
0
 10
4.193589557264033
 20
10.213431840840421
 30
0.0
  0
VERTEX
  8
0
 10
4.193584666580662
 20
10.213421115291034
 30
0.0
  0
SEQEND
  8
0
  0
POLYLINE
  8
0
 62
0
 70
0
 66
1
 10
0.0
 20
0.0
 30
0.0
  0
VERTEX
  8
0
 10
4.184970068710381
 20
10.192974449873075
 30
0.0
  0
VERTEX
  8
0
 10
4.184968110260795
 20
10.192969325527596
 30
0.0
  0
SEQEND
  8
0
  0
POLYLINE
  8
0
 62
0
 70
0
 66
1
 10
0.0
 20
0.0
 30
0.0
  0
VERTEX
  8
0
 10
4.184703110497472
 20
10.192273226502994
 30
0.0
  0
VERTEX
  8
0
 10
4.184701627454684
 20
10.192269315502143
 30
0.0
  0
SEQEND
  8
0
  0
POLYLINE
  8
0
 62
0
 70
0
 66
1
 10
0.0
 20
0.0
 30
0.0
  0
VERTEX
  8
0
 10
4.178198404516453
 20
10.172802205076074
 30
0.0
  0
VERTEX
  8
0
 10
4.178197066358445
 20
10.172797521420378
 30
0.0
  0
SEQEND
  8
0
  0
POLYLINE
  8
0
 62
0
 70
0
 66
1
 10
0.0
 20
0.0
 30
0.0
  0
VERTEX
  8
0
 10
4.167824947479369
 20
10.102911872120298
 30
0.0
  0
VERTEX
  8
0
 10
4.16650070786476
 20
10.0631375609897
 30
0.0
  0
SEQEND
  8
0
  0
POLYLINE
  8
0
 62
0
 70
0
 66
1
 10
0.0
 20
0.0
 30
0.0
  0
VERTEX
  8
0
 10
4.16650070786476
 20
10.0631375609897
 30
0.0
  0
VERTEX
  8
0
 10
4.166661554536529
 20
10.052899933033295
 30
0.0
  0
SEQEND
  8
0
  0
POLYLINE
  8
0
 62
0
 70
0
 66
1
 10
0.0
 20
0.0
 30
0.0
  0
VERTEX
  8
0
 10
4.172962661997106
 20
9.972367096862175
 30
0.0
  0
VERTEX
  8
0
 10
4.172963576021262
 20
9.972362204435502
 30
0.0
  0
SEQEND
  8
0
  0
POLYLINE
  8
0
 62
0
 70
0
 66
1
 10
0.0
 20
0.0
 30
0.0
  0
VERTEX
  8
0
 10
4.176768073672401
 20
9.954930824775136
 30
0.0
  0
VERTEX
  8
0
 10
4.176769251417054
 20
9.954926057696568
 30
0.0
  0
SEQEND
  8
0
  0
POLYLINE
  8
0
 62
0
 70
0
 66
1
 10
0.0
 20
0.0
 30
0.0
  0
VERTEX
  8
0
 10
4.181650637532289
 20
9.936914974577801
 30
0.0
  0
VERTEX
  8
0
 10
4.181653414989092
 20
9.936905460019872
 30
0.0
  0
SEQEND
  8
0
  0
POLYLINE
  8
0
 62
0
 70
0
 66
1
 10
0.0
 20
0.0
 30
0.0
  0
VERTEX
  8
0
 10
4.182080460463527
 20
9.935449657352475
 30
0.0
  0
VERTEX
  8
0
 10
4.19179915428162
 20
9.90452751507983
 30
0.0
  0
SEQEND
  8
0
  0
POLYLINE
  8
0
 62
0
 70
0
 66
1
 10
0.0
 20
0.0
 30
0.0
  0
VERTEX
  8
0
 10
4.19179915428162
 20
9.90452751507983
 30
0.0
  0
VERTEX
  8
0
 10
4.211137015330554
 20
9.868758358900969
 30
0.0
  0
SEQEND
  8
0
  0
POLYLINE
  8
0
 62
0
 70
0
 66
1
 10
0.0
 20
0.0
 30
0.0
  0
VERTEX
  8
0
 10
4.2218273037672
 20
9.853930622246121
 30
0.0
  0
VERTEX
  8
0
 10
4.2218922094167395
 20
9.853852065918634
 30
0.0
  0
SEQEND
  8
0
  0
POLYLINE
  8
0
 62
0
 70
0
 66
1
 10
0.0
 20
0.0
 30
0.0
  0
VERTEX
  8
0
 10
4.238710582576788
 20
9.836584921872298
 30
0.0
  0
VERTEX
  8
0
 10
4.238727002539834
 20
9.83657015119914
 30
0.0
  0
SEQEND
  8
0
  0
POLYLINE
  8
0
 62
0
 70
0
 66
1
 10
0.0
 20
0.0
 30
0.0
  0
VERTEX
  8
0
 10
4.243726061025866
 20
9.83218867250902
 30
0.0
  0
VERTEX
  8
0
 10
4.26131485939026
 20
9.81785282483325
 30
0.0
  0
SEQEND
  8
0
  0
POLYLINE
  8
0
 62
0
 70
0
 66
1
 10
0.0
 20
0.0
 30
0.0
  0
VERTEX
  8
0
 10
4.26131485939026
 20
9.81785282483325
 30
0.0
  0
VERTEX
  8
0
 10
4.27890177024146
 20
9.80814479030944
 30
0.0
  0
SEQEND
  8
0
  0
POLYLINE
  8
0
 62
0
 70
0
 66
1
 10
0.0
 20
0.0
 30
0.0
  0
VERTEX
  8
0
 10
4.279965587462826
 20
9.807591183705895
 30
0.0
  0
VERTEX
  8
0
 10
4.279972542333522
 20
9.807587583215277
 30
0.0
  0
SEQEND
  8
0
  0
POLYLINE
  8
0
 62
0
 70
0
 66
1
 10
0.0
 20
0.0
 30
0.0
  0
VERTEX
  8
0
 10
4.3063394918017215
 20
9.796411841585874
 30
0.0
  0
VERTEX
  8
0
 10
4.306343220532878
 20
9.796410695168387
 30
0.0
  0
SEQEND
  8
0
  0
POLYLINE
  8
0
 62
0
 70
0
 66
1
 10
0.0
 20
0.0
 30
0.0
  0
VERTEX
  8
0
 10
4.307809604329635
 20
9.795970918090472
 30
0.0
  0
VERTEX
  8
0
 10
4.307815618859602
 20
9.795969159413493
 30
0.0
  0
SEQEND
  8
0
  0
POLYLINE
  8
0
 62
0
 70
0
 66
1
 10
0.0
 20
0.0
 30
0.0
  0
VERTEX
  8
0
 10
4.35330343775492
 20
9.789185559091656
 30
0.0
  0
VERTEX
  8
0
 10
4.353316000986941
 20
9.78918458143505
 30
0.0
  0
SEQEND
  8
0
  0
POLYLINE
  8
0
 62
0
 70
0
 66
1
 10
0.0
 20
0.0
 30
0.0
  0
VERTEX
  8
0
 10
4.3552390527339355
 20
9.789035347760075
 30
0.0
  0
VERTEX
  8
0
 10
4.35524902284145
 20
9.78903457513079
 30
0.0
  0
SEQEND
  8
0
  0
POLYLINE
  8
0
 62
0
 70
0
 66
1
 10
0.0
 20
0.0
 30
0.0
  0
VERTEX
  8
0
 10
4.35524902284145
 20
9.78903457513079
 30
0.0
  0
VERTEX
  8
0
 10
4.383804763518487
 20
9.792241906080681
 30
0.0
  0
SEQEND
  8
0
  0
POLYLINE
  8
0
 62
0
 70
0
 66
1
 10
0.0
 20
0.0
 30
0.0
  0
VERTEX
  8
0
 10
4.3854593437631175
 20
9.792488768987123
 30
0.0
  0
VERTEX
  8
0
 10
4.385470117948394
 20
9.792490410748321
 30
0.0
  0
SEQEND
  8
0
  0
POLYLINE
  8
0
 62
0
 70
0
 66
1
 10
0.0
 20
0.0
 30
0.0
  0
VERTEX
  8
0
 10
4.3868420222529085
 20
9.79270322631362
 30
0.0
  0
VERTEX
  8
0
 10
4.386849740147378
 20
9.792704445060718
 30
0.0
  0
SEQEND
  8
0
  0
POLYLINE
  8
0
 62
0
 70
0
 66
1
 10
0.0
 20
0.0
 30
0.0
  0
VERTEX
  8
0
 10
4.423601667136493
 20
9.802837522767371
 30
0.0
  0
VERTEX
  8
0
 10
4.423605578638001
 20
9.802839269798936
 30
0.0
  0
SEQEND
  8
0
  0
POLYLINE
  8
0
 62
0
 70
0
 66
1
 10
0.0
 20
0.0
 30
0.0
  0
VERTEX
  8
0
 10
4.4250756504961934
 20
9.803510154308952
 30
0.0
  0
VERTEX
  8
0
 10
4.4250812791251155
 20
9.803512778074746
 30
0.0
  0
SEQEND
  8
0
  0
POLYLINE
  8
0
 62
0
 70
0
 66
1
 10
0.0
 20
0.0
 30
0.0
  0
VERTEX
  8
0
 10
4.463281938832788
 20
9.830148243465608
 30
0.0
  0
VERTEX
  8
0
 10
4.463291639289327
 20
9.830156837000697
 30
0.0
  0
SEQEND
  8
0
  0
POLYLINE
  8
0
 62
0
 70
0
 66
1
 10
0.0
 20
0.0
 30
0.0
  0
VERTEX
  8
0
 10
4.464774224142056
 20
9.831477263809099
 30
0.0
  0
VERTEX
  8
0
 10
4.47976126313209
 20
9.84535112967715
 30
0.0
  0
SEQEND
  8
0
  0
POLYLINE
  8
0
 62
0
 70
0
 66
1
 10
0.0
 20
0.0
 30
0.0
  0
VERTEX
  8
0
 10
4.47976126313209
 20
9.84535112967715
 30
0.0
  0
VERTEX
  8
0
 10
4.501934177678212
 20
9.879884753837693
 30
0.0
  0
SEQEND
  8
0
  0
POLYLINE
  8
0
 62
0
 70
0
 66
1
 10
0.0
 20
0.0
 30
0.0
  0
VERTEX
  8
0
 10
4.502866019949183
 20
9.881413276345343
 30
0.0
  0
VERTEX
  8
0
 10
4.502872070618082
 20
9.881423234780984
 30
0.0
  0
SEQEND
  8
0
  0
POLYLINE
  8
0
 62
0
 70
0
 66
1
 10
0.0
 20
0.0
 30
0.0
  0
VERTEX
  8
0
 10
4.513885657155182
 20
9.900473173491344
 30
0.0
  0
VERTEX
  8
0
 10
4.513888161658408
 20
9.900477768027134
 30
0.0
  0
SEQEND
  8
0
  0
POLYLINE
  8
0
 62
0
 70
0
 66
1
 10
0.0
 20
0.0
 30
0.0
  0
VERTEX
  8
0
 10
4.558074122215259
 20
10.03232980633732
 30
0.0
  0
VERTEX
  8
0
 10
4.55807640194893
 20
10.032339543011
 30
0.0
  0
SEQEND
  8
0
  0
POLYLINE
  8
0
 62
0
 70
0
 66
1
 10
0.0
 20
0.0
 30
0.0
  0
VERTEX
  8
0
 10
4.55807640194893
 20
10.032339543011
 30
0.0
  0
VERTEX
  8
0
 10
4.567281133176734
 20
10.072092035317603
 30
0.0
  0
SEQEND
  8
0
  0
POLYLINE
  8
0
 62
0
 70
0
 66
1
 10
0.0
 20
0.0
 30
0.0
  0
VERTEX
  8
0
 10
4.58468833099757
 20
10.115310189884891
 30
0.0
  0
VERTEX
  8
0
 10
4.59547406971455
 20
10.1344130932353
 30
0.0
  0
SEQEND
  8
0
  0
POLYLINE
  8
0
 62
0
 70
0
 66
1
 10
0.0
 20
0.0
 30
0.0
  0
VERTEX
  8
0
 10
4.59547406971455
 20
10.1344130932353
 30
0.0
  0
VERTEX
  8
0
 10
4.607324224025926
 20
10.145117108322944
 30
0.0
  0
SEQEND
  8
0
  0
POLYLINE
  8
0
 62
0
 70
0
 66
1
 10
0.0
 20
0.0
 30
0.0
  0
VERTEX
  8
0
 10
4.704743903725279
 20
10.046016342394639
 30
0.0
  0
VERTEX
  8
0
 10
4.7047428204408375
 20
10.046008214062692
 30
0.0
  0
SEQEND
  8
0
  0
POLYLINE
  8
0
 62
0
 70
0
 66
1
 10
0.0
 20
0.0
 30
0.0
  0
VERTEX
  8
0
 10
4.68227123339619
 20
9.995193539670048
 30
0.0
  0
VERTEX
  8
0
 10
4.682266569954203
 20
9.995188127888007
 30
0.0
  0
SEQEND
  8
0
  0
POLYLINE
  8
0
 62
0
 70
0
 66
1
 10
0.0
 20
0.0
 30
0.0
  0
VERTEX
  8
0
 10
4.66762959003448
 20
9.97954264273867
 30
0.0
  0
VERTEX
  8
0
 10
4.649958175344122
 20
9.9693430437095
 30
0.0
  0
SEQEND
  8
0
  0
POLYLINE
  8
0
 62
0
 70
0
 66
1
 10
0.0
 20
0.0
 30
0.0
  0
VERTEX
  8
0
 10
4.612253777115993
 20
9.956952256755086
 30
0.0
  0
VERTEX
  8
0
 10
4.59723397135734
 20
9.95446428647265
 30
0.0
  0
SEQEND
  8
0
  0
POLYLINE
  8
0
 62
0
 70
0
 66
1
 10
0.0
 20
0.0
 30
0.0
  0
VERTEX
  8
0
 10
4.57093185722828
 20
9.46873441329226
 30
0.0
  0
VERTEX
  8
0
 10
4.581142565331209
 20
9.468178372822459
 30
0.0
  0
SEQEND
  8
0
  0
POLYLINE
  8
0
 62
0
 70
0
 66
1
 10
0.0
 20
0.0
 30
0.0
  0
VERTEX
  8
0
 10
4.639028040348757
 20
9.450210245684962
 30
0.0
  0
VERTEX
  8
0
 10
4.65379445791245
 20
9.43947628131136
 30
0.0
  0
SEQEND
  8
0
  0
POLYLINE
  8
0
 62
0
 70
0
 66
1
 10
0.0
 20
0.0
 30
0.0
  0
VERTEX
  8
0
 10
4.68163935566699
 20
9.339587847602582
 30
0.0
  0
VERTEX
  8
0
 10
4.681638565631349
 20
9.339580364117404
 30
0.0
  0
SEQEND
  8
0
  0
POLYLINE
  8
0
 62
0
 70
0
 66
1
 10
0.0
 20
0.0
 30
0.0
  0
VERTEX
  8
0
 10
4.665945457226265
 20
9.294622855162245
 30
0.0
  0
VERTEX
  8
0
 10
4.665942417728617
 20
9.294618311216986
 30
0.0
  0
SEQEND
  8
0
  0
POLYLINE
  8
0
 62
0
 70
0
 66
1
 10
0.0
 20
0.0
 30
0.0
  0
VERTEX
  8
0
 10
4.5617817991972
 20
9.04944077124819
 30
0.0
  0
VERTEX
  8
0
 10
4.5839638413957475
 20
9.050850215561061
 30
0.0
  0
SEQEND
  8
0
  0
POLYLINE
  8
0
 62
0
 70
0
 66
1
 10
0.0
 20
0.0
 30
0.0
  0
VERTEX
  8
0
 10
4.585092904333018
 20
9.050937112256786
 30
0.0
  0
VERTEX
  8
0
 10
4.585100278917384
 20
9.050937687163097
 30
0.0
  0
SEQEND
  8
0
  0
POLYLINE
  8
0
 62
0
 70
0
 66
1
 10
0.0
 20
0.0
 30
0.0
  0
VERTEX
  8
0
 10
4.611660404428358
 20
9.053885488809463
 30
0.0
  0
VERTEX
  8
0
 10
4.611667776188154
 20
9.05388662166821
 30
0.0
  0
SEQEND
  8
0
  0
POLYLINE
  8
0
 62
0
 70
0
 66
1
 10
0.0
 20
0.0
 30
0.0
  0
VERTEX
  8
0
 10
4.670809777203983
 20
9.067916707855485
 30
0.0
  0
VERTEX
  8
0
 10
4.67081940710545
 20
9.06791940322146
 30
0.0
  0
SEQEND
  8
0
  0
POLYLINE
  8
0
 62
0
 70
0
 66
1
 10
0.0
 20
0.0
 30
0.0
  0
VERTEX
  8
0
 10
4.67081940710545
 20
9.06791940322146
 30
0.0
  0
VERTEX
  8
0
 10
4.6869632028133
 20
9.074140411367337
 30
0.0
  0
SEQEND
  8
0
  0
POLYLINE
  8
0
 62
0
 70
0
 66
1
 10
0.0
 20
0.0
 30
0.0
  0
VERTEX
  8
0
 10
4.687827011018319
 20
9.074492119711469
 30
0.0
  0
VERTEX
  8
0
 10
4.687832643324155
 20
9.074494422661896
 30
0.0
  0
SEQEND
  8
0
  0
POLYLINE
  8
0
 62
0
 70
0
 66
1
 10
0.0
 20
0.0
 30
0.0
  0
VERTEX
  8
0
 10
4.688549620941609
 20
9.074788644255728
 30
0.0
  0
VERTEX
  8
0
 10
4.688553660869239
 20
9.074790308159924
 30
0.0
  0
SEQEND
  8
0
  0
POLYLINE
  8
0
 62
0
 70
0
 66
1
 10
0.0
 20
0.0
 30
0.0
  0
VERTEX
  8
0
 10
4.707844246901252
 20
9.083878159296159
 30
0.0
  0
VERTEX
  8
0
 10
4.70784824825752
 20
9.083880365574302
 30
0.0
  0
SEQEND
  8
0
  0
POLYLINE
  8
0
 62
0
 70
0
 66
1
 10
0.0
 20
0.0
 30
0.0
  0
VERTEX
  8
0
 10
4.744998236819568
 20
9.110277097649789
 30
0.0
  0
VERTEX
  8
0
 10
4.7451232278347
 20
9.11037698378787
 30
0.0
  0
SEQEND
  8
0
  0
POLYLINE
  8
0
 62
0
 70
0
 66
1
 10
0.0
 20
0.0
 30
0.0
  0
VERTEX
  8
0
 10
4.7451232278347
 20
9.11037698378787
 30
0.0
  0
VERTEX
  8
0
 10
4.7580893473802774
 20
9.12257122260917
 30
0.0
  0
SEQEND
  8
0
  0
POLYLINE
  8
0
 62
0
 70
0
 66
1
 10
0.0
 20
0.0
 30
0.0
  0
VERTEX
  8
0
 10
4.758872133491104
 20
9.123331294824911
 30
0.0
  0
VERTEX
  8
0
 10
4.758877240196455
 20
9.123336267363822
 30
0.0
  0
SEQEND
  8
0
  0
POLYLINE
  8
0
 62
0
 70
0
 66
1
 10
0.0
 20
0.0
 30
0.0
  0
VERTEX
  8
0
 10
4.7767126377682185
 20
9.142565276966833
 30
0.0
  0
VERTEX
  8
0
 10
4.776714891084307
 20
9.142568062009847
 30
0.0
  0
SEQEND
  8
0
  0
POLYLINE
  8
0
 62
0
 70
0
 66
1
 10
0.0
 20
0.0
 30
0.0
  0
VERTEX
  8
0
 10
4.777451418355446
 20
9.143485517787868
 30
0.0
  0
VERTEX
  8
0
 10
4.777454019280628
 20
9.143488783015377
 30
0.0
  0
SEQEND
  8
0
  0
POLYLINE
  8
0
 62
0
 70
0
 66
1
 10
0.0
 20
0.0
 30
0.0
  0
VERTEX
  8
0
 10
4.794795313172407
 20
9.168919083092899
 30
0.0
  0
VERTEX
  8
0
 10
4.7947996783941615
 20
9.168926225607475
 30
0.0
  0
SEQEND
  8
0
  0
POLYLINE
  8
0
 62
0
 70
0
 66
1
 10
0.0
 20
0.0
 30
0.0
  0
VERTEX
  8
0
 10
4.795466627315191
 20
9.17002008635172
 30
0.0
  0
VERTEX
  8
0
 10
4.80074196100235
 20
9.17879238715395
 30
0.0
  0
SEQEND
  8
0
  0
POLYLINE
  8
0
 62
0
 70
0
 66
1
 10
0.0
 20
0.0
 30
0.0
  0
VERTEX
  8
0
 10
4.80074196100235
 20
9.17879238715395
 30
0.0
  0
VERTEX
  8
0
 10
4.808414801148118
 20
9.196699875843159
 30
0.0
  0
SEQEND
  8
0
  0
POLYLINE
  8
0
 62
0
 70
0
 66
1
 10
0.0
 20
0.0
 30
0.0
  0
VERTEX
  8
0
 10
4.808793176321478
 20
9.19762515959173
 30
0.0
  0
VERTEX
  8
0
 10
4.808795639339541
 20
9.19763120407897
 30
0.0
  0
SEQEND
  8
0
  0
POLYLINE
  8
0
 62
0
 70
0
 66
1
 10
0.0
 20
0.0
 30
0.0
  0
VERTEX
  8
0
 10
4.80910830990045
 20
9.198400870882995
 30
0.0
  0
VERTEX
  8
0
 10
4.809110069573576
 20
9.198405215884163
 30
0.0
  0
SEQEND
  8
0
  0
POLYLINE
  8
0
 62
0
 70
0
 66
1
 10
0.0
 20
0.0
 30
0.0
  0
VERTEX
  8
0
 10
4.816827608282461
 20
9.219958371104724
 30
0.0
  0
VERTEX
  8
0
 10
4.816828988802853
 20
9.219962967740976
 30
0.0
  0
SEQEND
  8
0
  0
POLYLINE
  8
0
 62
0
 70
0
 66
1
 10
0.0
 20
0.0
 30
0.0
  0
VERTEX
  8
0
 10
4.826901692005296
 20
9.27183696162103
 30
0.0
  0
VERTEX
  8
0
 10
4.82690311014652
 20
9.27184686055407
 30
0.0
  0
SEQEND
  8
0
  0
POLYLINE
  8
0
 62
0
 70
0
 66
1
 10
0.0
 20
0.0
 30
0.0
  0
VERTEX
  8
0
 10
4.82690311014652
 20
9.27184686055407
 30
0.0
  0
VERTEX
  8
0
 10
4.829067816750686
 20
9.292340396435705
 30
0.0
  0
SEQEND
  8
0
  0
POLYLINE
  8
0
 62
0
 70
0
 66
1
 10
0.0
 20
0.0
 30
0.0
  0
VERTEX
  8
0
 10
4.833493028136965
 20
9.374260592878834
 30
0.0
  0
VERTEX
  8
0
 10
4.83349925816059
 20
9.37458053221926
 30
0.0
  0
SEQEND
  8
0
  0
POLYLINE
  8
0
 62
0
 70
0
 66
1
 10
0.0
 20
0.0
 30
0.0
  0
VERTEX
  8
0
 10
4.83349925816059
 20
9.37458053221926
 30
0.0
  0
VERTEX
  8
0
 10
4.831949738411023
 20
9.415440118020445
 30
0.0
  0
SEQEND
  8
0
  0
POLYLINE
  8
0
 62
0
 70
0
 66
1
 10
0.0
 20
0.0
 30
0.0
  0
VERTEX
  8
0
 10
4.8318592776294125
 20
9.416801778258964
 30
0.0
  0
VERTEX
  8
0
 10
4.831858674060053
 20
9.41681067481673
 30
0.0
  0
SEQEND
  8
0
  0
POLYLINE
  8
0
 62
0
 70
0
 66
1
 10
0.0
 20
0.0
 30
0.0
  0
VERTEX
  8
0
 10
4.82833494698843
 20
9.448796294819651
 30
0.0
  0
VERTEX
  8
0
 10
4.828333525585221
 20
9.448805076248144
 30
0.0
  0
SEQEND
  8
0
  0
POLYLINE
  8
0
 62
0
 70
0
 66
1
 10
0.0
 20
0.0
 30
0.0
  0
VERTEX
  8
0
 10
4.827991841252816
 20
9.450864960172307
 30
0.0
  0
VERTEX
  8
0
 10
4.82799104115151
 20
9.450869669464382
 30
0.0
  0
SEQEND
  8
0
  0
POLYLINE
  8
0
 62
0
 70
0
 66
1
 10
0.0
 20
0.0
 30
0.0
  0
VERTEX
  8
0
 10
4.824603411432739
 20
9.467796527830131
 30
0.0
  0
VERTEX
  8
0
 10
4.824602352310928
 20
9.467801179716185
 30
0.0
  0
SEQEND
  8
0
  0
POLYLINE
  8
0
 62
0
 70
0
 66
1
 10
0.0
 20
0.0
 30
0.0
  0
VERTEX
  8
0
 10
4.820221580366402
 20
9.485307013006096
 30
0.0
  0
VERTEX
  8
0
 10
4.82021908477982
 20
9.485316266193724
 30
0.0
  0
SEQEND
  8
0
  0
POLYLINE
  8
0
 62
0
 70
0
 66
1
 10
0.0
 20
0.0
 30
0.0
  0
VERTEX
  8
0
 10
4.819835451129672
 20
9.486731869778414
 30
0.0
  0
VERTEX
  8
0
 10
4.81195433974266
 20
9.51405182471499
 30
0.0
  0
SEQEND
  8
0
  0
POLYLINE
  8
0
 62
0
 70
0
 66
1
 10
0.0
 20
0.0
 30
0.0
  0
VERTEX
  8
0
 10
4.81195433974266
 20
9.51405182471499
 30
0.0
  0
VERTEX
  8
0
 10
4.803787937128996
 20
9.531687507139074
 30
0.0
  0
SEQEND
  8
0
  0
POLYLINE
  8
0
 62
0
 70
0
 66
1
 10
0.0
 20
0.0
 30
0.0
  0
VERTEX
  8
0
 10
4.803332395322521
 20
9.532623092273003
 30
0.0
  0
VERTEX
  8
0
 10
4.803329414312476
 20
9.532629191146228
 30
0.0
  0
SEQEND
  8
0
  0
POLYLINE
  8
0
 62
0
 70
0
 66
1
 10
0.0
 20
0.0
 30
0.0
  0
VERTEX
  8
0
 10
4.797451373547182
 20
9.54398826598775
 30
0.0
  0
VERTEX
  8
0
 10
4.797449807687345
 20
9.543991101671562
 30
0.0
  0
SEQEND
  8
0
  0
POLYLINE
  8
0
 62
0
 70
0
 66
1
 10
0.0
 20
0.0
 30
0.0
  0
VERTEX
  8
0
 10
4.797241493917995
 20
9.544367403452613
 30
0.0
  0
VERTEX
  8
0
 10
4.797240319460538
 20
9.544369519705375
 30
0.0
  0
SEQEND
  8
0
  0
POLYLINE
  8
0
 62
0
 70
0
 66
1
 10
0.0
 20
0.0
 30
0.0
  0
VERTEX
  8
0
 10
4.791142297543457
 20
9.554553102412239
 30
0.0
  0
VERTEX
  8
0
 10
4.79114083386929
 20
9.554555355929262
 30
0.0
  0
SEQEND
  8
0
  0
POLYLINE
  8
0
 62
0
 70
0
 66
1
 10
0.0
 20
0.0
 30
0.0
  0
VERTEX
  8
0
 10
4.758542274020187
 20
9.593899525782467
 30
0.0
  0
VERTEX
  8
0
 10
4.75853546500206
 20
9.5939068495296
 30
0.0
  0
SEQEND
  8
0
  0
POLYLINE
  8
0
 62
0
 70
0
 66
1
 10
0.0
 20
0.0
 30
0.0
  0
VERTEX
  8
0
 10
4.75853546500206
 20
9.5939068495296
 30
0.0
  0
VERTEX
  8
0
 10
4.727311954229122
 20
9.620095770712458
 30
0.0
  0
SEQEND
  8
0
  0
POLYLINE
  8
0
 62
0
 70
0
 66
1
 10
0.0
 20
0.0
 30
0.0
  0
VERTEX
  8
0
 10
4.689291363375935
 20
9.641483051074939
 30
0.0
  0
VERTEX
  8
0
 10
4.66971947789192
 20
9.64978352179751
 30
0.0
  0
SEQEND
  8
0
  0
POLYLINE
  8
0
 62
0
 70
0
 66
1
 10
0.0
 20
0.0
 30
0.0
  0
VERTEX
  8
0
 10
4.66971947789192
 20
9.64978352179751
 30
0.0
  0
VERTEX
  8
0
 10
4.648568042106868
 20
9.6559676410508
 30
0.0
  0
SEQEND
  8
0
  0
POLYLINE
  8
0
 62
0
 70
0
 66
1
 10
0.0
 20
0.0
 30
0.0
  0
VERTEX
  8
0
 10
4.647360487589658
 20
9.656301320758313
 30
0.0
  0
VERTEX
  8
0
 10
4.647352598211828
 20
9.656303490439404
 30
0.0
  0
SEQEND
  8
0
  0
POLYLINE
  8
0
 62
0
 70
0
 66
1
 10
0.0
 20
0.0
 30
0.0
  0
VERTEX
  8
0
 10
4.646348439356489
 20
9.656578512538008
 30
0.0
  0
VERTEX
  8
0
 10
4.64634276944387
 20
9.656580058945757
 30
0.0
  0
SEQEND
  8
0
  0
POLYLINE
  8
0
 62
0
 70
0
 66
1
 10
0.0
 20
0.0
 30
0.0
  0
VERTEX
  8
0
 10
4.618370597203243
 20
9.662972666555621
 30
0.0
  0
VERTEX
  8
0
 10
4.618364723840898
 20
9.662973680956187
 30
0.0
  0
SEQEND
  8
0
  0
POLYLINE
  8
0
 62
0
 70
0
 66
1
 10
0.0
 20
0.0
 30
0.0
  0
VERTEX
  8
0
 10
4.561791792245667
 20
9.667601957549852
 30
0.0
  0
VERTEX
  8
0
 10
4.5617817991972
 20
9.66760233035311
 30
0.0
  0
SEQEND
  8
0
  0
LINE
  8
0
 62
0
 10
4.177499999999999
 20
8.37188258757815
 30
0.0
 11
4.177499999999998
 21
8.74497935166583
 31
0.0
  0
POLYLINE
  8
0
 62
0
 70
0
 66
1
 10
0.0
 20
0.0
 30
0.0
  0
VERTEX
  8
0
 10
4.1775
 20
8.74497935166583
 30
0.0
  0
VERTEX
  8
0
 10
4.22369713872671
 20
8.88819053759799
 30
0.0
  0
SEQEND
  8
0
  0
POLYLINE
  8
0
 62
0
 70
0
 66
1
 10
0.0
 20
0.0
 30
0.0
  0
VERTEX
  8
0
 10
4.22369713872671
 20
8.88819053759799
 30
0.0
  0
VERTEX
  8
0
 10
4.33809003770351
 20
8.93812730899081
 30
0.0
  0
SEQEND
  8
0
  0
POLYLINE
  8
0
 62
0
 70
0
 66
1
 10
0.0
 20
0.0
 30
0.0
  0
VERTEX
  8
0
 10
4.33809003770351
 20
8.93812730899081
 30
0.0
  0
VERTEX
  8
0
 10
4.43620393961668
 20
8.9024896918796
 30
0.0
  0
SEQEND
  8
0
  0
POLYLINE
  8
0
 62
0
 70
0
 66
1
 10
0.0
 20
0.0
 30
0.0
  0
VERTEX
  8
0
 10
4.43620393961668
 20
8.9024896918796
 30
0.0
  0
VERTEX
  8
0
 10
4.47932123184204
 20
8.83297398677096
 30
0.0
  0
SEQEND
  8
0
  0
POLYLINE
  8
0
 62
0
 70
0
 66
1
 10
0.0
 20
0.0
 30
0.0
  0
VERTEX
  8
0
 10
4.47932123184204
 20
8.83297398677096
 30
0.0
  0
VERTEX
  8
0
 10
4.53673771560192
 20
8.93526747813448
 30
0.0
  0
SEQEND
  8
0
  0
POLYLINE
  8
0
 62
0
 70
0
 66
1
 10
0.0
 20
0.0
 30
0.0
  0
VERTEX
  8
0
 10
4.53673771560192
 20
8.93526747813448
 30
0.0
  0
VERTEX
  8
0
 10
4.63903135597706
 20
8.96804556241259
 30
0.0
  0
SEQEND
  8
0
  0
POLYLINE
  8
0
 62
0
 70
0
 66
1
 10
0.0
 20
0.0
 30
0.0
  0
VERTEX
  8
0
 10
4.63903135597706
 20
8.96804556241259
 30
0.0
  0
VERTEX
  8
0
 10
4.72922577500343
 20
8.94472703328356
 30
0.0
  0
SEQEND
  8
0
  0
POLYLINE
  8
0
 62
0
 70
0
 66
1
 10
0.0
 20
0.0
 30
0.0
  0
VERTEX
  8
0
 10
4.72922577500343
 20
8.94472703328356
 30
0.0
  0
VERTEX
  8
0
 10
4.79258178710938
 20
8.88093098988757
 30
0.0
  0
SEQEND
  8
0
  0
POLYLINE
  8
0
 62
0
 70
0
 66
1
 10
0.0
 20
0.0
 30
0.0
  0
VERTEX
  8
0
 10
4.79258178710938
 20
8.88093098988757
 30
0.0
  0
VERTEX
  8
0
 10
4.81370053231716
 20
8.80525574078784
 30
0.0
  0
SEQEND
  8
0
  0
POLYLINE
  8
0
 62
0
 70
0
 66
1
 10
0.0
 20
0.0
 30
0.0
  0
VERTEX
  8
0
 10
4.81370053231716
 20
8.80525574078784
 30
0.0
  0
VERTEX
  8
0
 10
4.82249996602535
 20
8.71594116082415
 30
0.0
  0
SEQEND
  8
0
  0
LINE
  8
0
 62
0
 10
4.822499966025358
 20
8.71594116082415
 30
0.0
 11
4.822499966025358
 21
8.37188258757815
 31
0.0
  0
LINE
  8
0
 62
0
 10
4.82249996602535
 20
8.37188258757815
 30
0.0
 11
4.1775
 21
8.37188258757815
 31
0.0
  0
LINE
  8
0
 62
0
 10
4.609113251566887
 20
9.76483598342165
 30
0.0
 11
4.597233971357345
 21
9.95446428647265
 31
0.0
  0
POLYLINE
  8
0
 62
0
 70
0
 66
1
 10
0.0
 20
0.0
 30
0.0
  0
VERTEX
  8
0
 10
4.59723397135734
 20
9.95446428647265
 30
0.0
  0
VERTEX
  8
0
 10
4.66762959003448
 20
9.97954264273867
 30
0.0
  0
SEQEND
  8
0
  0
POLYLINE
  8
0
 62
0
 70
0
 66
1
 10
0.0
 20
0.0
 30
0.0
  0
VERTEX
  8
0
 10
4.66762959003448
 20
9.97954264273867
 30
0.0
  0
VERTEX
  8
0
 10
4.7067871594429
 20
10.0675372778438
 30
0.0
  0
SEQEND
  8
0
  0
POLYLINE
  8
0
 62
0
 70
0
 66
1
 10
0.0
 20
0.0
 30
0.0
  0
VERTEX
  8
0
 10
4.7067871594429
 20
10.0675372778438
 30
0.0
  0
VERTEX
  8
0
 10
4.68676841795444
 20
10.1333133875392
 30
0.0
  0
SEQEND
  8
0
  0
POLYLINE
  8
0
 62
0
 70
0
 66
1
 10
0.0
 20
0.0
 30
0.0
  0
VERTEX
  8
0
 10
4.68676841795444
 20
10.1333133875392
 30
0.0
  0
VERTEX
  8
0
 10
4.64035130083561
 20
10.156411975529
 30
0.0
  0
SEQEND
  8
0
  0
POLYLINE
  8
0
 62
0
 70
0
 66
1
 10
0.0
 20
0.0
 30
0.0
  0
VERTEX
  8
0
 10
4.64035130083561
 20
10.156411975529
 30
0.0
  0
VERTEX
  8
0
 10
4.59547406971455
 20
10.1344130932353
 30
0.0
  0
SEQEND
  8
0
  0
POLYLINE
  8
0
 62
0
 70
0
 66
1
 10
0.0
 20
0.0
 30
0.0
  0
VERTEX
  8
0
 10
4.59547406971455
 20
10.1344130932353
 30
0.0
  0
VERTEX
  8
0
 10
4.55807640194893
 20
10.032339543011
 30
0.0
  0
SEQEND
  8
0
  0
POLYLINE
  8
0
 62
0
 70
0
 66
1
 10
0.0
 20
0.0
 30
0.0
  0
VERTEX
  8
0
 10
4.55807640194893
 20
10.032339543011
 30
0.0
  0
VERTEX
  8
0
 10
4.47976126313209
 20
9.84535112967715
 30
0.0
  0
SEQEND
  8
0
  0
POLYLINE
  8
0
 62
0
 70
0
 66
1
 10
0.0
 20
0.0
 30
0.0
  0
VERTEX
  8
0
 10
4.47976126313209
 20
9.84535112967715
 30
0.0
  0
VERTEX
  8
0
 10
4.35524902284145
 20
9.78903457513079
 30
0.0
  0
SEQEND
  8
0
  0
POLYLINE
  8
0
 62
0
 70
0
 66
1
 10
0.0
 20
0.0
 30
0.0
  0
VERTEX
  8
0
 10
4.35524902284145
 20
9.78903457513079
 30
0.0
  0
VERTEX
  8
0
 10
4.26131485939026
 20
9.81785282483325
 30
0.0
  0
SEQEND
  8
0
  0
POLYLINE
  8
0
 62
0
 70
0
 66
1
 10
0.0
 20
0.0
 30
0.0
  0
VERTEX
  8
0
 10
4.26131485939026
 20
9.81785282483325
 30
0.0
  0
VERTEX
  8
0
 10
4.19179915428162
 20
9.90452751507983
 30
0.0
  0
SEQEND
  8
0
  0
POLYLINE
  8
0
 62
0
 70
0
 66
1
 10
0.0
 20
0.0
 30
0.0
  0
VERTEX
  8
0
 10
4.19179915428162
 20
9.90452751507983
 30
0.0
  0
VERTEX
  8
0
 10
4.16650070786476
 20
10.0631375609897
 30
0.0
  0
SEQEND
  8
0
  0
POLYLINE
  8
0
 62
0
 70
0
 66
1
 10
0.0
 20
0.0
 30
0.0
  0
VERTEX
  8
0
 10
4.16650070786476
 20
10.0631375609897
 30
0.0
  0
VERTEX
  8
0
 10
4.21247790545225
 20
10.2516658603214
 30
0.0
  0
SEQEND
  8
0
  0
POLYLINE
  8
0
 62
0
 70
0
 66
1
 10
0.0
 20
0.0
 30
0.0
  0
VERTEX
  8
0
 10
4.21247790545225
 20
10.2516658603214
 30
0.0
  0
VERTEX
  8
0
 10
4.35876882612705
 20
10.3288809954189
 30
0.0
  0
SEQEND
  8
0
  0
LINE
  8
0
 62
0
 10
4.358768826127051
 20
10.3288809954189
 30
0.0
 11
4.369768118262291
 21
10.1410128175281
 31
0.0
  0
POLYLINE
  8
0
 62
0
 70
0
 66
1
 10
0.0
 20
0.0
 30
0.0
  0
VERTEX
  8
0
 10
4.36976811826229
 20
10.1410128175281
 30
0.0
  0
VERTEX
  8
0
 10
4.30641206890345
 20
10.1095546781085
 30
0.0
  0
SEQEND
  8
0
  0
POLYLINE
  8
0
 62
0
 70
0
 66
1
 10
0.0
 20
0.0
 30
0.0
  0
VERTEX
  8
0
 10
4.30641206890345
 20
10.1095546781085
 30
0.0
  0
VERTEX
  8
0
 10
4.28661330580711
 20
10.0433386861347
 30
0.0
  0
SEQEND
  8
0
  0
POLYLINE
  8
0
 62
0
 70
0
 66
1
 10
0.0
 20
0.0
 30
0.0
  0
VERTEX
  8
0
 10
4.28661330580711
 20
10.0433386861347
 30
0.0
  0
VERTEX
  8
0
 10
4.30135237962007
 20
9.99098196616396
 30
0.0
  0
SEQEND
  8
0
  0
POLYLINE
  8
0
 62
0
 70
0
 66
1
 10
0.0
 20
0.0
 30
0.0
  0
VERTEX
  8
0
 10
4.30135237962007
 20
9.99098196616396
 30
0.0
  0
VERTEX
  8
0
 10
4.33721016138792
 20
9.97338309874758
 30
0.0
  0
SEQEND
  8
0
  0
POLYLINE
  8
0
 62
0
 70
0
 66
1
 10
0.0
 20
0.0
 30
0.0
  0
VERTEX
  8
0
 10
4.33721016138792
 20
9.97338309874758
 30
0.0
  0
VERTEX
  8
0
 10
4.36492844462395
 20
9.98790219416842
 30
0.0
  0
SEQEND
  8
0
  0
POLYLINE
  8
0
 62
0
 70
0
 66
1
 10
0.0
 20
0.0
 30
0.0
  0
VERTEX
  8
0
 10
4.36492844462395
 20
9.98790219416842
 30
0.0
  0
VERTEX
  8
0
 10
4.38868696779013
 20
10.05477800956
 30
0.0
  0
SEQEND
  8
0
  0
POLYLINE
  8
0
 62
0
 70
0
 66
1
 10
0.0
 20
0.0
 30
0.0
  0
VERTEX
  8
0
 10
4.38868696779013
 20
10.05477800956
 30
0.0
  0
VERTEX
  8
0
 10
4.44566342025995
 20
10.2419863640331
 30
0.0
  0
SEQEND
  8
0
  0
POLYLINE
  8
0
 62
0
 70
0
 66
1
 10
0.0
 20
0.0
 30
0.0
  0
VERTEX
  8
0
 10
4.44566342025995
 20
10.2419863640331
 30
0.0
  0
VERTEX
  8
0
 10
4.51715893089771
 20
10.3242613374256
 30
0.0
  0
SEQEND
  8
0
  0
POLYLINE
  8
0
 62
0
 70
0
 66
1
 10
0.0
 20
0.0
 30
0.0
  0
VERTEX
  8
0
 10
4.51715893089771
 20
10.3242613374256
 30
0.0
  0
VERTEX
  8
0
 10
4.61263298034668
 20
10.3499998151325
 30
0.0
  0
SEQEND
  8
0
  0
POLYLINE
  8
0
 62
0
 70
0
 66
1
 10
0.0
 20
0.0
 30
0.0
  0
VERTEX
  8
0
 10
4.61263298034668
 20
10.3499998151325
 30
0.0
  0
VERTEX
  8
0
 10
4.72702591657638
 20
10.3156818448566
 30
0.0
  0
SEQEND
  8
0
  0
POLYLINE
  8
0
 62
0
 70
0
 66
1
 10
0.0
 20
0.0
 30
0.0
  0
VERTEX
  8
0
 10
4.72702591657638
 20
10.3156818448566
 30
0.0
  0
VERTEX
  8
0
 10
4.80644098460674
 20
10.2197678386234
 30
0.0
  0
SEQEND
  8
0
  0
POLYLINE
  8
0
 62
0
 70
0
 66
1
 10
0.0
 20
0.0
 30
0.0
  0
VERTEX
  8
0
 10
4.80644098460674
 20
10.2197678386234
 30
0.0
  0
VERTEX
  8
0
 10
4.83349925816059
 20
10.0644575058483
 30
0.0
  0
SEQEND
  8
0
  0
POLYLINE
  8
0
 62
0
 70
0
 66
1
 10
0.0
 20
0.0
 30
0.0
  0
VERTEX
  8
0
 10
4.83349925816059
 20
10.0644575058483
 30
0.0
  0
VERTEX
  8
0
 10
4.77014324605465
 20
9.83655169596896
 30
0.0
  0
SEQEND
  8
0
  0
POLYLINE
  8
0
 62
0
 70
0
 66
1
 10
0.0
 20
0.0
 30
0.0
  0
VERTEX
  8
0
 10
4.77014324605465
 20
9.83655169596896
 30
0.0
  0
VERTEX
  8
0
 10
4.60911325156689
 20
9.76483598342165
 30
0.0
  0
SEQEND
  8
0
  0
LINE
  8
0
 62
0
 10
4.177499999999996
 20
9.46873441329226
 30
0.0
 11
4.177499999999996
 21
9.66760233035311
 31
0.0
  0
LINE
  8
0
 62
0
 10
4.1775
 20
9.66760233035311
 30
0.0
 11
4.5617817991972
 21
9.66760233035311
 31
0.0
  0
POLYLINE
  8
0
 62
0
 70
0
 66
1
 10
0.0
 20
0.0
 30
0.0
  0
VERTEX
  8
0
 10
4.5617817991972
 20
9.66760233035311
 30
0.0
  0
VERTEX
  8
0
 10
4.66971947789192
 20
9.64978352179751
 30
0.0
  0
SEQEND
  8
0
  0
POLYLINE
  8
0
 62
0
 70
0
 66
1
 10
0.0
 20
0.0
 30
0.0
  0
VERTEX
  8
0
 10
4.66971947789192
 20
9.64978352179751
 30
0.0
  0
VERTEX
  8
0
 10
4.75853546500206
 20
9.5939068495296
 30
0.0
  0
SEQEND
  8
0
  0
POLYLINE
  8
0
 62
0
 70
0
 66
1
 10
0.0
 20
0.0
 30
0.0
  0
VERTEX
  8
0
 10
4.75853546500206
 20
9.5939068495296
 30
0.0
  0
VERTEX
  8
0
 10
4.81195433974266
 20
9.51405182471499
 30
0.0
  0
SEQEND
  8
0
  0
POLYLINE
  8
0
 62
0
 70
0
 66
1
 10
0.0
 20
0.0
 30
0.0
  0
VERTEX
  8
0
 10
4.81195433974266
 20
9.51405182471499
 30
0.0
  0
VERTEX
  8
0
 10
4.83349925816059
 20
9.37458053221926
 30
0.0
  0
SEQEND
  8
0
  0
POLYLINE
  8
0
 62
0
 70
0
 66
1
 10
0.0
 20
0.0
 30
0.0
  0
VERTEX
  8
0
 10
4.83349925816059
 20
9.37458053221926
 30
0.0
  0
VERTEX
  8
0
 10
4.82690311014652
 20
9.27184686055407
 30
0.0
  0
SEQEND
  8
0
  0
POLYLINE
  8
0
 62
0
 70
0
 66
1
 10
0.0
 20
0.0
 30
0.0
  0
VERTEX
  8
0
 10
4.82690311014652
 20
9.27184686055407
 30
0.0
  0
VERTEX
  8
0
 10
4.80074196100235
 20
9.17879238715395
 30
0.0
  0
SEQEND
  8
0
  0
POLYLINE
  8
0
 62
0
 70
0
 66
1
 10
0.0
 20
0.0
 30
0.0
  0
VERTEX
  8
0
 10
4.80074196100235
 20
9.17879238715395
 30
0.0
  0
VERTEX
  8
0
 10
4.7451232278347
 20
9.11037698378787
 30
0.0
  0
SEQEND
  8
0
  0
POLYLINE
  8
0
 62
0
 70
0
 66
1
 10
0.0
 20
0.0
 30
0.0
  0
VERTEX
  8
0
 10
4.7451232278347
 20
9.11037698378787
 30
0.0
  0
VERTEX
  8
0
 10
4.67081940710545
 20
9.06791940322146
 30
0.0
  0
SEQEND
  8
0
  0
POLYLINE
  8
0
 62
0
 70
0
 66
1
 10
0.0
 20
0.0
 30
0.0
  0
VERTEX
  8
0
 10
4.67081940710545
 20
9.06791940322146
 30
0.0
  0
VERTEX
  8
0
 10
4.5617817991972
 20
9.04944077124819
 30
0.0
  0
SEQEND
  8
0
  0
LINE
  8
0
 62
0
 10
4.5617817991972
 20
9.04944077124819
 30
0.0
 11
4.1775
 21
9.04944077124819
 31
0.0
  0
LINE
  8
0
 62
0
 10
4.177499999999997
 20
9.04944077124819
 30
0.0
 11
4.177499999999997
 21
9.2483080922626
 31
0.0
  0
LINE
  8
0
 62
0
 10
4.1775
 20
9.2483080922626
 30
0.0
 11
4.57093185722828
 21
9.2483080922626
 31
0.0
  0
POLYLINE
  8
0
 62
0
 70
0
 66
1
 10
0.0
 20
0.0
 30
0.0
  0
VERTEX
  8
0
 10
4.57093185722828
 20
9.2483080922626
 30
0.0
  0
VERTEX
  8
0
 10
4.65335800290108
 20
9.27756652226672
 30
0.0
  0
SEQEND
  8
0
  0
POLYLINE
  8
0
 62
0
 70
0
 66
1
 10
0.0
 20
0.0
 30
0.0
  0
VERTEX
  8
0
 10
4.65335800290108
 20
9.27756652226672
 30
0.0
  0
VERTEX
  8
0
 10
4.68302859902382
 20
9.35874149193987
 30
0.0
  0
SEQEND
  8
0
  0
POLYLINE
  8
0
 62
0
 70
0
 66
1
 10
0.0
 20
0.0
 30
0.0
  0
VERTEX
  8
0
 10
4.68302859902382
 20
9.35874149193987
 30
0.0
  0
VERTEX
  8
0
 10
4.65379445791245
 20
9.43947628131136
 30
0.0
  0
SEQEND
  8
0
  0
POLYLINE
  8
0
 62
0
 70
0
 66
1
 10
0.0
 20
0.0
 30
0.0
  0
VERTEX
  8
0
 10
4.65379445791245
 20
9.43947628131136
 30
0.0
  0
VERTEX
  8
0
 10
4.57093185722828
 20
9.46873441329226
 30
0.0
  0
SEQEND
  8
0
  0
LINE
  8
0
 62
0
 10
4.57093185722828
 20
9.46873441329226
 30
0.0
 11
4.1775
 21
9.46873441329226
 31
0.0
  0
LINE
  8
0
 62
0
 10
4.177499999999999
 20
7.6072101294063
 30
0.0
 11
4.177499999999998
 21
7.81555771818385
 31
0.0
  0
LINE
  8
0
 62
0
 10
4.177500000000001
 20
7.815557718183847
 30
0.0
 11
4.641671171188358
 21
7.960728108789775
 31
0.0
  0
LINE
  8
0
 62
0
 10
4.64167117118836
 20
7.960728108789771
 30
0.0
 11
4.1775
 21
8.104042410757394
 31
0.0
  0
LINE
  8
0
 62
0
 10
4.177500000000008
 20
8.10404241075739
 30
0.0
 11
4.177500000000007
 21
8.30632671704516
 31
0.0
  0
LINE
  8
0
 62
0
 10
4.177499999999999
 20
8.306326717045158
 30
0.0
 11
4.822499966025349
 21
8.066830336954446
 31
0.0
  0
LINE
  8
0
 62
0
 10
4.822499966025357
 20
8.06683033695445
 30
0.0
 11
4.822499966025358
 21
7.85080373277888
 31
0.0
  0
LINE
  8
0
 62
0
 10
4.822499966025362
 20
7.8508037327788776
 30
0.0
 11
4.1775
 21
7.607210129406299
 31
0.0
  0
LINE
  8
0
 62
0
 10
15.1599998211861
 20
10.55
 30
0.0
 11
14.1600001788139
 21
10.55
 31
0.0
  0
LINE
  8
0
 62
0
 10
14.1600001788139
 20
10.55
 30
0.0
 11
14.1600001788139
 21
8.93226946183845
 31
0.0
  0
LINE
  8
0
 62
0
 10
14.1600001788139
 20
8.93226946183845
 30
0.0
 11
15.1599998211861
 21
8.93226946183845
 31
0.0
  0
LINE
  8
0
 62
0
 10
15.1599998211861
 20
8.93226946183845
 30
0.0
 11
15.1599998211861
 21
10.55
 31
0.0
  0
POLYLINE
  8
0
 62
0
 70
0
 66
1
 10
0.0
 20
0.0
 30
0.0
  0
VERTEX
  8
0
 10
14.9876287484169
 20
9.45333555331454
 30
0.0
  0
VERTEX
  8
0
 10
14.985034973479031
 20
9.494156118305296
 30
0.0
  0
SEQEND
  8
0
  0
POLYLINE
  8
0
 62
0
 70
0
 66
1
 10
0.0
 20
0.0
 30
0.0
  0
VERTEX
  8
0
 10
14.975710505334032
 20
9.548680753516999
 30
0.0
  0
VERTEX
  8
0
 10
14.9700298810005
 20
9.57212790837512
 30
0.0
  0
SEQEND
  8
0
  0
POLYLINE
  8
0
 62
0
 70
0
 66
1
 10
0.0
 20
0.0
 30
0.0
  0
VERTEX
  8
0
 10
14.9700298810005
 20
9.57212790837512
 30
0.0
  0
VERTEX
  8
0
 10
14.963144356726179
 20
9.591379459178428
 30
0.0
  0
SEQEND
  8
0
  0
POLYLINE
  8
0
 62
0
 70
0
 66
1
 10
0.0
 20
0.0
 30
0.0
  0
VERTEX
  8
0
 10
14.962727575643136
 20
9.592473324514629
 30
0.0
  0
VERTEX
  8
0
 10
14.962724843350923
 20
9.59248045893098
 30
0.0
  0
SEQEND
  8
0
  0
POLYLINE
  8
0
 62
0
 70
0
 66
1
 10
0.0
 20
0.0
 30
0.0
  0
VERTEX
  8
0
 10
14.962375676820573
 20
9.5933881863432
 30
0.0
  0
VERTEX
  8
0
 10
14.962373699909515
 20
9.593393302956164
 30
0.0
  0
SEQEND
  8
0
  0
POLYLINE
  8
0
 62
0
 70
0
 66
1
 10
0.0
 20
0.0
 30
0.0
  0
VERTEX
  8
0
 10
14.951306741088642
 20
9.617699122249913
 30
0.0
  0
VERTEX
  8
0
 10
14.95130402332092
 20
9.617704057668043
 30
0.0
  0
SEQEND
  8
0
  0
POLYLINE
  8
0
 62
0
 70
0
 66
1
 10
0.0
 20
0.0
 30
0.0
  0
VERTEX
  8
0
 10
14.932136454240501
 20
9.64569058777922
 30
0.0
  0
VERTEX
  8
0
 10
14.9187734627724
 20
9.66188237061724
 30
0.0
  0
SEQEND
  8
0
  0
POLYLINE
  8
0
 62
0
 70
0
 66
1
 10
0.0
 20
0.0
 30
0.0
  0
VERTEX
  8
0
 10
14.9187734627724
 20
9.66188237061724
 30
0.0
  0
VERTEX
  8
0
 10
14.903924322800538
 20
9.675954698876485
 30
0.0
  0
SEQEND
  8
0
  0
POLYLINE
  8
0
 62
0
 70
0
 66
1
 10
0.0
 20
0.0
 30
0.0
  0
VERTEX
  8
0
 10
14.902869573188969
 20
9.676924859468542
 30
0.0
  0
VERTEX
  8
0
 10
14.90286267268301
 20
9.676931187536166
 30
0.0
  0
SEQEND
  8
0
  0
POLYLINE
  8
0
 62
0
 70
0
 66
1
 10
0.0
 20
0.0
 30
0.0
  0
VERTEX
  8
0
 10
14.87624203369141
 20
9.698707819641335
 30
0.0
  0
VERTEX
  8
0
 10
14.87623821436431
 20
9.698710482358875
 30
0.0
  0
SEQEND
  8
0
  0
POLYLINE
  8
0
 62
0
 70
0
 66
1
 10
0.0
 20
0.0
 30
0.0
  0
VERTEX
  8
0
 10
14.844433919856542
 20
9.717117665132275
 30
0.0
  0
VERTEX
  8
0
 10
14.8232987427711
 20
9.72721830001101
 30
0.0
  0
SEQEND
  8
0
  0
POLYLINE
  8
0
 62
0
 70
0
 66
1
 10
0.0
 20
0.0
 30
0.0
  0
VERTEX
  8
0
 10
14.8232987427711
 20
9.72721830001101
 30
0.0
  0
VERTEX
  8
0
 10
14.791932727784157
 20
9.736369808751277
 30
0.0
  0
SEQEND
  8
0
  0
POLYLINE
  8
0
 62
0
 70
0
 66
1
 10
0.0
 20
0.0
 30
0.0
  0
VERTEX
  8
0
 10
14.790492471981892
 20
9.73676159275796
 30
0.0
  0
VERTEX
  8
0
 10
14.79048306331412
 20
9.736764139811479
 30
0.0
  0
SEQEND
  8
0
  0
POLYLINE
  8
0
 62
0
 70
0
 66
1
 10
0.0
 20
0.0
 30
0.0
  0
VERTEX
  8
0
 10
14.774127648038451
 20
9.740907294342575
 30
0.0
  0
VERTEX
  8
0
 10
14.774122838991444
 20
9.740908417623764
 30
0.0
  0
SEQEND
  8
0
  0
POLYLINE
  8
0
 62
0
 70
0
 66
1
 10
0.0
 20
0.0
 30
0.0
  0
VERTEX
  8
0
 10
14.772673638078885
 20
9.74124404972157
 30
0.0
  0
VERTEX
  8
0
 10
14.772668981323504
 20
9.741245118920126
 30
0.0
  0
SEQEND
  8
0
  0
POLYLINE
  8
0
 62
0
 70
0
 66
1
 10
0.0
 20
0.0
 30
0.0
  0
VERTEX
  8
0
 10
14.772066398259696
 20
9.741382964119513
 30
0.0
  0
VERTEX
  8
0
 10
14.77206299883193
 20
9.7413837388877
 30
0.0
  0
SEQEND
  8
0
  0
POLYLINE
  8
0
 62
0
 70
0
 66
1
 10
0.0
 20
0.0
 30
0.0
  0
VERTEX
  8
0
 10
14.755330050117394
 20
9.744766256281023
 30
0.0
  0
VERTEX
  8
0
 10
14.755326465868741
 20
9.744766880341123
 30
0.0
  0
SEQEND
  8
0
  0
POLYLINE
  8
0
 62
0
 70
0
 66
1
 10
0.0
 20
0.0
 30
0.0
  0
VERTEX
  8
0
 10
14.703819665326282
 20
9.749866207182695
 30
0.0
  0
VERTEX
  8
0
 10
14.6629288697243
 20
9.75075677027926
 30
0.0
  0
SEQEND
  8
0
  0
POLYLINE
  8
0
 62
0
 70
0
 66
1
 10
0.0
 20
0.0
 30
0.0
  0
VERTEX
  8
0
 10
14.6629288697243
 20
9.75075677027926
 30
0.0
  0
VERTEX
  8
0
 10
14.642465766438036
 20
9.750111224681547
 30
0.0
  0
SEQEND
  8
0
  0
POLYLINE
  8
0
 62
0
 70
0
 66
1
 10
0.0
 20
0.0
 30
0.0
  0
VERTEX
  8
0
 10
14.640752380348339
 20
9.750044169408762
 30
0.0
  0
VERTEX
  8
0
 10
14.64074118561393
 20
9.750043721225339
 30
0.0
  0
SEQEND
  8
0
  0
POLYLINE
  8
0
 62
0
 70
0
 66
1
 10
0.0
 20
0.0
 30
0.0
  0
VERTEX
  8
0
 10
14.599545574964441
 20
9.746906402531241
 30
0.0
  0
VERTEX
  8
0
 10
14.599539984527214
 20
9.74690569429478
 30
0.0
  0
SEQEND
  8
0
  0
POLYLINE
  8
0
 62
0
 70
0
 66
1
 10
0.0
 20
0.0
 30
0.0
  0
VERTEX
  8
0
 10
14.562666282589234
 20
9.740438242670933
 30
0.0
  0
VERTEX
  8
0
 10
14.5379772686958
 20
9.7349180280231
 30
0.0
  0
SEQEND
  8
0
  0
POLYLINE
  8
0
 62
0
 70
0
 66
1
 10
0.0
 20
0.0
 30
0.0
  0
VERTEX
  8
0
 10
14.5379772686958
 20
9.7349180280231
 30
0.0
  0
VERTEX
  8
0
 10
14.515805365966216
 20
9.727720543660915
 30
0.0
  0
SEQEND
  8
0
  0
POLYLINE
  8
0
 62
0
 70
0
 66
1
 10
0.0
 20
0.0
 30
0.0
  0
VERTEX
  8
0
 10
14.482746736202706
 20
9.714287652726936
 30
0.0
  0
VERTEX
  8
0
 10
14.482649853229503
 20
9.714239388611166
 30
0.0
  0
SEQEND
  8
0
  0
POLYLINE
  8
0
 62
0
 70
0
 66
1
 10
0.0
 20
0.0
 30
0.0
  0
VERTEX
  8
0
 10
14.468549887153895
 20
9.706509058300025
 30
0.0
  0
VERTEX
  8
0
 10
14.4345834755898
 20
9.68388095488772
 30
0.0
  0
SEQEND
  8
0
  0
POLYLINE
  8
0
 62
0
 70
0
 66
1
 10
0.0
 20
0.0
 30
0.0
  0
VERTEX
  8
0
 10
14.4345834755898
 20
9.68388095488772
 30
0.0
  0
VERTEX
  8
0
 10
14.405178439477321
 20
9.655678307084328
 30
0.0
  0
SEQEND
  8
0
  0
POLYLINE
  8
0
 62
0
 70
0
 66
1
 10
0.0
 20
0.0
 30
0.0
  0
VERTEX
  8
0
 10
14.376905528064203
 20
9.61500062551243
 30
0.0
  0
VERTEX
  8
0
 10
14.3663874173164
 20
9.59478661408648
 30
0.0
  0
SEQEND
  8
0
  0
POLYLINE
  8
0
 62
0
 70
0
 66
1
 10
0.0
 20
0.0
 30
0.0
  0
VERTEX
  8
0
 10
14.3663874173164
 20
9.59478661408648
 30
0.0
  0
VERTEX
  8
0
 10
14.357419114620665
 20
9.567249428789268
 30
0.0
  0
SEQEND
  8
0
  0
POLYLINE
  8
0
 62
0
 70
0
 66
1
 10
0.0
 20
0.0
 30
0.0
  0
VERTEX
  8
0
 10
14.357009979688478
 20
9.565906077712992
 30
0.0
  0
VERTEX
  8
0
 10
14.357007320297358
 20
9.565897303127795
 30
0.0
  0
SEQEND
  8
0
  0
POLYLINE
  8
0
 62
0
 70
0
 66
1
 10
0.0
 20
0.0
 30
0.0
  0
VERTEX
  8
0
 10
14.352332749306264
 20
9.549272234373383
 30
0.0
  0
VERTEX
  8
0
 10
14.35233164017269
 20
9.549267901418046
 30
0.0
  0
SEQEND
  8
0
  0
POLYLINE
  8
0
 62
0
 70
0
 66
1
 10
0.0
 20
0.0
 30
0.0
  0
VERTEX
  8
0
 10
14.35218806015623
 20
9.548704848182542
 30
0.0
  0
VERTEX
  8
0
 10
14.352187253539768
 20
9.548701672867168
 30
0.0
  0
SEQEND
  8
0
  0
POLYLINE
  8
0
 62
0
 70
0
 66
1
 10
0.0
 20
0.0
 30
0.0
  0
VERTEX
  8
0
 10
14.348677099811928
 20
9.5330481529477
 30
0.0
  0
VERTEX
  8
0
 10
14.348676449330505
 20
9.533044761663941
 30
0.0
  0
SEQEND
  8
0
  0
POLYLINE
  8
0
 62
0
 70
0
 66
1
 10
0.0
 20
0.0
 30
0.0
  0
VERTEX
  8
0
 10
14.34402042482034
 20
9.494182646593043
 30
0.0
  0
VERTEX
  8
0
 10
14.342629005909
 20
9.45333555331454
 30
0.0
  0
SEQEND
  8
0
  0
LINE
  8
0
 62
0
 10
14.594732811451
 20
9.84535112967715
 30
0.0
 11
14.594732811451
 21
10.0138606130146
 31
0.0
  0
LINE
  8
0
 62
0
 10
14.594732811451
 20
10.0138606130146
 30
0.0
 11
14.4253435635567
 21
10.0138606130146
 31
0.0
  0
LINE
  8
0
 62
0
 10
14.4253435635567
 20
10.0138606130146
 30
0.0
 11
14.4253435635567
 21
10.1559717952274
 31
0.0
  0
LINE
  8
0
 62
0
 10
14.4253435635567
 20
10.1559717952274
 30
0.0
 11
14.594732811451
 21
10.1559717952274
 31
0.0
  0
LINE
  8
0
 62
0
 10
14.594732811451
 20
10.1559717952274
 30
0.0
 11
14.594732811451
 21
10.3253613411449
 31
0.0
  0
LINE
  8
0
 62
0
 10
14.594732811451
 20
10.3253613411449
 30
0.0
 11
14.7368445897102
 21
10.3253613411449
 31
0.0
  0
LINE
  8
0
 62
0
 10
14.7368445897102
 20
10.3253613411449
 30
0.0
 11
14.7368445897102
 21
10.1559717952274
 31
0.0
  0
LINE
  8
0
 62
0
 10
14.7368445897102
 20
10.1559717952274
 30
0.0
 11
14.9053540730476
 21
10.1559717952274
 31
0.0
  0
LINE
  8
0
 62
0
 10
14.9053540730476
 20
10.1559717952274
 30
0.0
 11
14.9053540730476
 21
10.0138606130146
 31
0.0
  0
LINE
  8
0
 62
0
 10
14.9053540730476
 20
10.0138606130146
 30
0.0
 11
14.7368445897102
 21
10.0138606130146
 31
0.0
  0
LINE
  8
0
 62
0
 10
14.7368445897102
 20
10.0138606130146
 30
0.0
 11
14.7368445897102
 21
9.84535112967715
 31
0.0
  0
LINE
  8
0
 62
0
 10
14.7368445897102
 20
9.84535112967715
 30
0.0
 11
14.594732811451
 21
9.84535112967715
 31
0.0
  0
LINE
  8
0
 62
0
 10
14.342629005909
 20
9.15723368516192
 30
0.0
 11
14.342629005909
 21
9.45333555331454
 31
0.0
  0
POLYLINE
  8
0
 62
0
 70
0
 66
1
 10
0.0
 20
0.0
 30
0.0
  0
VERTEX
  8
0
 10
14.342629005909
 20
9.45333555331454
 30
0.0
  0
VERTEX
  8
0
 10
14.3663874173164
 20
9.59478661408648
 30
0.0
  0
SEQEND
  8
0
  0
POLYLINE
  8
0
 62
0
 70
0
 66
1
 10
0.0
 20
0.0
 30
0.0
  0
VERTEX
  8
0
 10
14.3663874173164
 20
9.59478661408648
 30
0.0
  0
VERTEX
  8
0
 10
14.4345834755898
 20
9.68388095488772
 30
0.0
  0
SEQEND
  8
0
  0
POLYLINE
  8
0
 62
0
 70
0
 66
1
 10
0.0
 20
0.0
 30
0.0
  0
VERTEX
  8
0
 10
14.4345834755898
 20
9.68388095488772
 30
0.0
  0
VERTEX
  8
0
 10
14.5379772686958
 20
9.7349180280231
 30
0.0
  0
SEQEND
  8
0
  0
POLYLINE
  8
0
 62
0
 70
0
 66
1
 10
0.0
 20
0.0
 30
0.0
  0
VERTEX
  8
0
 10
14.5379772686958
 20
9.7349180280231
 30
0.0
  0
VERTEX
  8
0
 10
14.6629288697243
 20
9.75075677027926
 30
0.0
  0
SEQEND
  8
0
  0
POLYLINE
  8
0
 62
0
 70
0
 66
1
 10
0.0
 20
0.0
 30
0.0
  0
VERTEX
  8
0
 10
14.6629288697243
 20
9.75075677027926
 30
0.0
  0
VERTEX
  8
0
 10
14.8232987427711
 20
9.72721830001101
 30
0.0
  0
SEQEND
  8
0
  0
POLYLINE
  8
0
 62
0
 70
0
 66
1
 10
0.0
 20
0.0
 30
0.0
  0
VERTEX
  8
0
 10
14.8232987427711
 20
9.72721830001101
 30
0.0
  0
VERTEX
  8
0
 10
14.9187734627724
 20
9.66188237061724
 30
0.0
  0
SEQEND
  8
0
  0
POLYLINE
  8
0
 62
0
 70
0
 66
1
 10
0.0
 20
0.0
 30
0.0
  0
VERTEX
  8
0
 10
14.9187734627724
 20
9.66188237061724
 30
0.0
  0
VERTEX
  8
0
 10
14.9700298810005
 20
9.57212790837512
 30
0.0
  0
SEQEND
  8
0
  0
POLYLINE
  8
0
 62
0
 70
0
 66
1
 10
0.0
 20
0.0
 30
0.0
  0
VERTEX
  8
0
 10
14.9700298810005
 20
9.57212790837512
 30
0.0
  0
VERTEX
  8
0
 10
14.9876287484169
 20
9.45333555331454
 30
0.0
  0
SEQEND
  8
0
  0
LINE
  8
0
 62
0
 10
14.9876287484169
 20
9.45333555331454
 30
0.0
 11
14.9876287484169
 21
9.15723368516192
 31
0.0
  0
LINE
  8
0
 62
0
 10
14.9876287484169
 20
9.15723368516192
 30
0.0
 11
14.342629005909
 21
9.15723368516192
 31
0.0
  0
LINE
  8
0
 62
0
 10
7.75
 20
5.9
 30
0.0
 11
7.75
 21
-1.3999999999999995
 31
0.0
  0
LINE
  8
0
 62
0
 10
14.100000000000001
 20
-1.3999999999999997
 30
0.0
 11
14.100000000000001
 21
5.9
 31
0.0
  0
LINE
  8
0
 62
0
 10
12.23
 20
5.300000000000001
 30
0.0
 11
12.23
 21
5.9
 31
0.0
  0
LINE
  8
0
 62
0
 10
9.620000000000001
 20
5.300000000000001
 30
0.0
 11
9.620000000000001
 21
5.9
 31
0.0
  0
LINE
  8
0
 62
0
 10
11.9
 20
3.6199999999999997
 30
0.0
 11
11.9
 21
3.8800000000000003
 31
0.0
  0
ARC
  8
0
 62
0
 10
12.14
 20
3.8800000000000003
 30
0.0
 40
0.24
 50
90.0
 51
-180.0
  0
LINE
  8
0
 62
0
 10
12.14
 20
4.119999999999999
 30
0.0
 11
12.98
 21
4.119999999999999
 31
0.0
  0
ARC
  8
0
 62
0
 10
12.98
 20
3.8800000000000003
 30
0.0
 40
0.24
 50
-0.0
 51
90.0
  0
LINE
  8
0
 62
0
 10
13.219999999999999
 20
3.88
 30
0.0
 11
13.219999999999999
 21
3.619999999999999
 31
0.0
  0
ARC
  8
0
 62
0
 10
12.98
 20
3.6199999999999997
 30
0.0
 40
0.24
 50
-90.0
 51
-0.0
  0
LINE
  8
0
 62
0
 10
12.98
 20
3.3800000000000003
 30
0.0
 11
12.14
 21
3.3800000000000003
 31
0.0
  0
ARC
  8
0
 62
0
 10
12.14
 20
3.6199999999999997
 30
0.0
 40
0.24
 50
-180.0
 51
-90.0
  0
LINE
  8
0
 62
0
 10
8.870000000000001
 20
4.119999999999999
 30
0.0
 11
9.71
 21
4.119999999999999
 31
0.0
  0
ARC
  8
0
 62
0
 10
9.71
 20
3.8800000000000003
 30
0.0
 40
0.24
 50
-0.0
 51
90.0
  0
LINE
  8
0
 62
0
 10
9.95
 20
3.88
 30
0.0
 11
9.95
 21
3.619999999999999
 31
0.0
  0
ARC
  8
0
 62
0
 10
9.71
 20
3.6199999999999997
 30
0.0
 40
0.24
 50
-90.0
 51
-0.0
  0
LINE
  8
0
 62
0
 10
9.71
 20
3.3800000000000003
 30
0.0
 11
8.870000000000001
 21
3.3800000000000003
 31
0.0
  0
ARC
  8
0
 62
0
 10
8.870000000000001
 20
3.6199999999999997
 30
0.0
 40
0.24
 50
-180.0
 51
-90.0
  0
LINE
  8
0
 62
0
 10
8.63
 20
3.6199999999999997
 30
0.0
 11
8.63
 21
3.8800000000000003
 31
0.0
  0
ARC
  8
0
 62
0
 10
8.870000000000001
 20
3.8800000000000003
 30
0.0
 40
0.24
 50
90.0
 51
-180.0
  0
ARC
  8
0
 62
0
 10
8.870000000000001
 20
3.8800000000000003
 30
0.0
 40
0.24
 50
90.0
 51
-180.0
  0
ARC
  8
0
 62
0
 10
8.870000000000001
 20
3.6199999999999997
 30
0.0
 40
0.24
 50
-180.0
 51
-90.0
  0
POLYLINE
  8
0
 62
0
 70
0
 66
1
 10
0.0
 20
0.0
 30
0.0
  0
VERTEX
  8
0
 10
8.870000000000001
 20
4.119999999999999
 30
0.0
  0
VERTEX
  8
0
 10
8.870000000000001
 20
3.9999999999999996
 30
0.0
  0
SEQEND
  8
0
  0
POLYLINE
  8
0
 62
0
 70
0
 66
1
 10
0.0
 20
0.0
 30
0.0
  0
VERTEX
  8
0
 10
9.71
 20
4.119999999999999
 30
0.0
  0
VERTEX
  8
0
 10
9.71
 20
3.9999999999999996
 30
0.0
  0
SEQEND
  8
0
  0
POLYLINE
  8
0
 62
0
 70
0
 66
1
 10
0.0
 20
0.0
 30
0.0
  0
VERTEX
  8
0
 10
8.63
 20
3.8800000000000003
 30
0.0
  0
VERTEX
  8
0
 10
8.75
 20
3.8800000000000003
 30
0.0
  0
SEQEND
  8
0
  0
POLYLINE
  8
0
 62
0
 70
0
 66
1
 10
0.0
 20
0.0
 30
0.0
  0
VERTEX
  8
0
 10
9.95
 20
3.8800000000000003
 30
0.0
  0
VERTEX
  8
0
 10
9.83
 20
3.8800000000000003
 30
0.0
  0
SEQEND
  8
0
  0
POLYLINE
  8
0
 62
0
 70
0
 66
1
 10
0.0
 20
0.0
 30
0.0
  0
VERTEX
  8
0
 10
8.63
 20
3.6199999999999997
 30
0.0
  0
VERTEX
  8
0
 10
8.75
 20
3.6199999999999997
 30
0.0
  0
SEQEND
  8
0
  0
POLYLINE
  8
0
 62
0
 70
0
 66
1
 10
0.0
 20
0.0
 30
0.0
  0
VERTEX
  8
0
 10
9.95
 20
3.6199999999999997
 30
0.0
  0
VERTEX
  8
0
 10
9.83
 20
3.6199999999999997
 30
0.0
  0
SEQEND
  8
0
  0
POLYLINE
  8
0
 62
0
 70
0
 66
1
 10
0.0
 20
0.0
 30
0.0
  0
VERTEX
  8
0
 10
8.870000000000001
 20
3.3800000000000003
 30
0.0
  0
VERTEX
  8
0
 10
8.870000000000001
 20
3.5000000000000004
 30
0.0
  0
SEQEND
  8
0
  0
POLYLINE
  8
0
 62
0
 70
0
 66
1
 10
0.0
 20
0.0
 30
0.0
  0
VERTEX
  8
0
 10
9.71
 20
3.3800000000000003
 30
0.0
  0
VERTEX
  8
0
 10
9.71
 20
3.5000000000000004
 30
0.0
  0
SEQEND
  8
0
  0
LINE
  8
0
 62
0
 10
12.629999999999999
 20
5.300000000000001
 30
0.0
 11
12.629999999999999
 21
5.9
 31
0.0
  0
LINE
  8
0
 62
0
 10
9.22
 20
5.300000000000001
 30
0.0
 11
9.22
 21
5.9
 31
0.0
  0
POLYLINE
  8
0
 62
0
 70
0
 66
1
 10
0.0
 20
0.0
 30
0.0
  0
VERTEX
  8
0
 10
11.9
 20
3.6199999999999997
 30
0.0
  0
VERTEX
  8
0
 10
12.02
 20
3.6199999999999997
 30
0.0
  0
SEQEND
  8
0
  0
POLYLINE
  8
0
 62
0
 70
0
 66
1
 10
0.0
 20
0.0
 30
0.0
  0
VERTEX
  8
0
 10
11.9
 20
3.8800000000000003
 30
0.0
  0
VERTEX
  8
0
 10
12.02
 20
3.8800000000000003
 30
0.0
  0
SEQEND
  8
0
  0
POLYLINE
  8
0
 62
0
 70
0
 66
1
 10
0.0
 20
0.0
 30
0.0
  0
VERTEX
  8
0
 10
12.14
 20
3.3800000000000003
 30
0.0
  0
VERTEX
  8
0
 10
12.14
 20
3.5000000000000004
 30
0.0
  0
SEQEND
  8
0
  0
POLYLINE
  8
0
 62
0
 70
0
 66
1
 10
0.0
 20
0.0
 30
0.0
  0
VERTEX
  8
0
 10
12.14
 20
4.119999999999999
 30
0.0
  0
VERTEX
  8
0
 10
12.14
 20
3.9999999999999996
 30
0.0
  0
SEQEND
  8
0
  0
POLYLINE
  8
0
 62
0
 70
0
 66
1
 10
0.0
 20
0.0
 30
0.0
  0
VERTEX
  8
0
 10
12.98
 20
3.3800000000000003
 30
0.0
  0
VERTEX
  8
0
 10
12.98
 20
3.5000000000000004
 30
0.0
  0
SEQEND
  8
0
  0
POLYLINE
  8
0
 62
0
 70
0
 66
1
 10
0.0
 20
0.0
 30
0.0
  0
VERTEX
  8
0
 10
12.98
 20
4.119999999999999
 30
0.0
  0
VERTEX
  8
0
 10
12.98
 20
3.9999999999999996
 30
0.0
  0
SEQEND
  8
0
  0
POLYLINE
  8
0
 62
0
 70
0
 66
1
 10
0.0
 20
0.0
 30
0.0
  0
VERTEX
  8
0
 10
13.219999999999999
 20
3.6199999999999997
 30
0.0
  0
VERTEX
  8
0
 10
13.1
 20
3.6199999999999997
 30
0.0
  0
SEQEND
  8
0
  0
POLYLINE
  8
0
 62
0
 70
0
 66
1
 10
0.0
 20
0.0
 30
0.0
  0
VERTEX
  8
0
 10
13.219999999999999
 20
3.8800000000000003
 30
0.0
  0
VERTEX
  8
0
 10
13.1
 20
3.8800000000000003
 30
0.0
  0
SEQEND
  8
0
  0
POLYLINE
  8
0
 62
0
 70
0
 66
1
 10
0.0
 20
0.0
 30
0.0
  0
VERTEX
  8
0
 10
9.71
 20
3.8800000000000003
 30
0.0
  0
VERTEX
  8
0
 10
9.71
 20
4.0
 30
0.0
  0
SEQEND
  8
0
  0
LINE
  8
0
 62
0
 10
8.870000000000001
 20
3.8800000000000003
 30
0.0
 11
9.71
 21
3.8800000000000003
 31
0.0
  0
POLYLINE
  8
0
 62
0
 70
0
 66
1
 10
0.0
 20
0.0
 30
0.0
  0
VERTEX
  8
0
 10
8.870000000000001
 20
4.0
 30
0.0
  0
VERTEX
  8
0
 10
8.870000000000001
 20
3.8800000000000003
 30
0.0
  0
SEQEND
  8
0
  0
POLYLINE
  8
0
 62
0
 70
0
 66
1
 10
0.0
 20
0.0
 30
0.0
  0
VERTEX
  8
0
 10
8.870000000000001
 20
3.8800000000000003
 30
0.0
  0
VERTEX
  8
0
 10
8.75
 20
3.8800000000000003
 30
0.0
  0
SEQEND
  8
0
  0
POLYLINE
  8
0
 62
0
 70
0
 66
1
 10
0.0
 20
0.0
 30
0.0
  0
VERTEX
  8
0
 10
9.83
 20
3.8800000000000003
 30
0.0
  0
VERTEX
  8
0
 10
9.71
 20
3.8800000000000003
 30
0.0
  0
SEQEND
  8
0
  0
LINE
  8
0
 62
0
 10
8.870000000000001
 20
3.88
 30
0.0
 11
8.870000000000001
 21
3.619999999999999
 31
0.0
  0
POLYLINE
  8
0
 62
0
 70
0
 66
1
 10
0.0
 20
0.0
 30
0.0
  0
VERTEX
  8
0
 10
8.870000000000001
 20
3.6199999999999997
 30
0.0
  0
VERTEX
  8
0
 10
8.75
 20
3.6199999999999997
 30
0.0
  0
SEQEND
  8
0
  0
POLYLINE
  8
0
 62
0
 70
0
 66
1
 10
0.0
 20
0.0
 30
0.0
  0
VERTEX
  8
0
 10
9.71
 20
3.6199999999999997
 30
0.0
  0
VERTEX
  8
0
 10
9.83
 20
3.6199999999999997
 30
0.0
  0
SEQEND
  8
0
  0
LINE
  8
0
 62
0
 10
9.71
 20
3.88
 30
0.0
 11
9.71
 21
3.619999999999999
 31
0.0
  0
POLYLINE
  8
0
 62
0
 70
0
 66
1
 10
0.0
 20
0.0
 30
0.0
  0
VERTEX
  8
0
 10
8.870000000000001
 20
3.4999999999999996
 30
0.0
  0
VERTEX
  8
0
 10
8.870000000000001
 20
3.6199999999999997
 30
0.0
  0
SEQEND
  8
0
  0
POLYLINE
  8
0
 62
0
 70
0
 66
1
 10
0.0
 20
0.0
 30
0.0
  0
VERTEX
  8
0
 10
9.71
 20
3.4999999999999996
 30
0.0
  0
VERTEX
  8
0
 10
9.71
 20
3.6199999999999997
 30
0.0
  0
SEQEND
  8
0
  0
LINE
  8
0
 62
0
 10
8.870000000000001
 20
3.6199999999999997
 30
0.0
 11
9.71
 21
3.6199999999999997
 31
0.0
  0
POLYLINE
  8
0
 62
0
 70
0
 66
1
 10
0.0
 20
0.0
 30
0.0
  0
VERTEX
  8
0
 10
12.14
 20
3.8800000000000003
 30
0.0
  0
VERTEX
  8
0
 10
12.02
 20
3.8800000000000003
 30
0.0
  0
SEQEND
  8
0
  0
LINE
  8
0
 62
0
 10
12.14
 20
3.88
 30
0.0
 11
12.14
 21
3.619999999999999
 31
0.0
  0
POLYLINE
  8
0
 62
0
 70
0
 66
1
 10
0.0
 20
0.0
 30
0.0
  0
VERTEX
  8
0
 10
12.14
 20
3.6199999999999997
 30
0.0
  0
VERTEX
  8
0
 10
12.02
 20
3.6199999999999997
 30
0.0
  0
SEQEND
  8
0
  0
POLYLINE
  8
0
 62
0
 70
0
 66
1
 10
0.0
 20
0.0
 30
0.0
  0
VERTEX
  8
0
 10
12.14
 20
3.4999999999999996
 30
0.0
  0
VERTEX
  8
0
 10
12.14
 20
3.6199999999999997
 30
0.0
  0
SEQEND
  8
0
  0
POLYLINE
  8
0
 62
0
 70
0
 66
1
 10
0.0
 20
0.0
 30
0.0
  0
VERTEX
  8
0
 10
12.14
 20
4.0
 30
0.0
  0
VERTEX
  8
0
 10
12.14
 20
3.8800000000000003
 30
0.0
  0
SEQEND
  8
0
  0
LINE
  8
0
 62
0
 10
12.14
 20
3.6199999999999997
 30
0.0
 11
12.98
 21
3.6199999999999997
 31
0.0
  0
POLYLINE
  8
0
 62
0
 70
0
 66
1
 10
0.0
 20
0.0
 30
0.0
  0
VERTEX
  8
0
 10
12.98
 20
3.6199999999999997
 30
0.0
  0
VERTEX
  8
0
 10
12.98
 20
3.4999999999999996
 30
0.0
  0
SEQEND
  8
0
  0
POLYLINE
  8
0
 62
0
 70
0
 66
1
 10
0.0
 20
0.0
 30
0.0
  0
VERTEX
  8
0
 10
12.98
 20
4.0
 30
0.0
  0
VERTEX
  8
0
 10
12.98
 20
3.8800000000000003
 30
0.0
  0
SEQEND
  8
0
  0
LINE
  8
0
 62
0
 10
12.14
 20
3.8800000000000003
 30
0.0
 11
12.98
 21
3.8800000000000003
 31
0.0
  0
POLYLINE
  8
0
 62
0
 70
0
 66
1
 10
0.0
 20
0.0
 30
0.0
  0
VERTEX
  8
0
 10
13.100000000000001
 20
3.6199999999999997
 30
0.0
  0
VERTEX
  8
0
 10
12.98
 20
3.6199999999999997
 30
0.0
  0
SEQEND
  8
0
  0
POLYLINE
  8
0
 62
0
 70
0
 66
1
 10
0.0
 20
0.0
 30
0.0
  0
VERTEX
  8
0
 10
12.98
 20
3.8800000000000003
 30
0.0
  0
VERTEX
  8
0
 10
13.100000000000001
 20
3.8800000000000003
 30
0.0
  0
SEQEND
  8
0
  0
LINE
  8
0
 62
0
 10
12.98
 20
3.88
 30
0.0
 11
12.98
 21
3.619999999999999
 31
0.0
  0
LINE
  8
0
 62
0
 10
7.68
 20
5.9
 30
0.0
 11
7.68
 21
6.5
 31
0.0
  0
LINE
  8
0
 62
0
 10
8.47
 20
5.9
 30
0.0
 11
8.47
 21
6.5
 31
0.0
  0
LINE
  8
0
 62
0
 10
13.370000000000001
 20
6.5
 30
0.0
 11
13.370000000000001
 21
5.9
 31
0.0
  0
LINE
  8
0
 62
0
 10
14.16
 20
6.5
 30
0.0
 11
14.16
 21
5.9
 31
0.0
  0
POLYLINE
  8
0
 62
0
 70
0
 66
1
 10
0.0
 20
0.0
 30
0.0
  0
VERTEX
  8
0
 10
2.929125404594248
 20
8.727807736457564
 30
0.0
  0
VERTEX
  8
0
 10
2.799999999999999
 20
8.55
 30
0.0
  0
SEQEND
  8
0
  0
POLYLINE
  8
0
 62
0
 70
0
 66
1
 10
0.0
 20
0.0
 30
0.0
  0
VERTEX
  8
0
 10
1.8588067302701483
 20
8.825327829053867
 30
0.0
  0
VERTEX
  8
0
 10
1.9999999999999987
 20
8.55
 30
0.0
  0
SEQEND
  8
0
  0
POLYLINE
  8
0
 62
0
 70
0
 66
1
 10
0.0
 20
0.0
 30
0.0
  0
VERTEX
  8
0
 10
1.819510381388627
 20
6.245905238653956
 30
0.0
  0
VERTEX
  8
0
 10
1.9999999999999996
 20
6.550000000000001
 30
0.0
  0
SEQEND
  8
0
  0
POLYLINE
  8
0
 62
0
 70
0
 66
1
 10
0.0
 20
0.0
 30
0.0
  0
VERTEX
  8
0
 10
3.064286987841265
 20
6.35286000548658
 30
0.0
  0
VERTEX
  8
0
 10
2.799999999999998
 20
6.550000000000001
 30
0.0
  0
SEQEND
  8
0
  0
POLYLINE
  8
0
 62
0
 70
0
 66
1
 10
0.0
 20
0.0
 30
0.0
  0
VERTEX
  8
0
 10
19.42912540459425
 20
8.727807736457564
 30
0.0
  0
VERTEX
  8
0
 10
19.3
 20
8.55
 30
0.0
  0
SEQEND
  8
0
  0
POLYLINE
  8
0
 62
0
 70
0
 66
1
 10
0.0
 20
0.0
 30
0.0
  0
VERTEX
  8
0
 10
18.35880673027015
 20
8.825327829053867
 30
0.0
  0
VERTEX
  8
0
 10
18.5
 20
8.55
 30
0.0
  0
SEQEND
  8
0
  0
POLYLINE
  8
0
 62
0
 70
0
 66
1
 10
0.0
 20
0.0
 30
0.0
  0
VERTEX
  8
0
 10
18.31951038138863
 20
6.245905238653956
 30
0.0
  0
VERTEX
  8
0
 10
18.5
 20
6.550000000000001
 30
0.0
  0
SEQEND
  8
0
  0
POLYLINE
  8
0
 62
0
 70
0
 66
1
 10
0.0
 20
0.0
 30
0.0
  0
VERTEX
  8
0
 10
19.564286987841264
 20
6.35286000548658
 30
0.0
  0
VERTEX
  8
0
 10
19.299999999999997
 20
6.550000000000001
 30
0.0
  0
SEQEND
  8
0
  0
ENDBLK
  0
ENDSEC
  0
SECTION
  2
ENTITIES
  0
INSERT
  2
FACEFEAT
  8
0
 62
0
 10
0.0
 20
0.0
 30
0.0
  0
ENDSEC
  0
EOF
