ISO-10303-21;
HEADER;
FILE_DESCRIPTION (( 'STEP AP214' ),
    '1' );
FILE_NAME ('CUI_DEVICES_PT01-D115D-B104.step',
    '2023-05-03T20:33:08',
    ( '' ),
    ( '' ),
    'SwSTEP 2.0',
    'SolidWorks 2023',
    '' );
FILE_SCHEMA (( 'AUTOMOTIVE_DESIGN' ));
ENDSEC;

DATA;
#1 = ORIENTED_EDGE ( 'NONE', *, *, #4718, .F. ) ;
#2 = ORIENTED_EDGE ( 'NONE', *, *, #1317, .F. ) ;
#3 = AXIS2_PLACEMENT_3D ( 'NONE', #444, #3358, #2576 ) ;
#4 = VECTOR ( 'NONE', #5316, 1000.000000000000114 ) ;
#5 = FILL_AREA_STYLE ('',( #4382 ) ) ;
#6 = DIRECTION ( 'NONE',  ( 0.000000000000000000, 0.000000000000000000, -1.000000000000000000 ) ) ;
#7 = CARTESIAN_POINT ( 'NONE',  ( 1.750000000000000222, -6.700000000000000178, 1.100000000000000089 ) ) ;
#8 = ADVANCED_FACE ( 'NONE', ( #596 ), #8379, .T. ) ;
#9 = DIRECTION ( 'NONE',  ( 0.000000000000000000, 0.000000000000000000, 1.000000000000000000 ) ) ;
#10 = EDGE_CURVE ( 'NONE', #4839, #7810, #2676, .T. ) ;
#11 = CYLINDRICAL_SURFACE ( 'NONE', #3277, 4.099999999999999645 ) ;
#12 = EDGE_CURVE ( 'NONE', #7723, #8942, #7977, .T. ) ;
#13 = EDGE_CURVE ( 'NONE', #6835, #560, #2025, .T. ) ;
#14 = VECTOR ( 'NONE', #1404, 1000.000000000000000 ) ;
#15 = AXIS2_PLACEMENT_3D ( 'NONE', #7936, #3560, #7855 ) ;
#16 = ORIENTED_EDGE ( 'NONE', *, *, #1012, .T. ) ;
#17 = ORIENTED_EDGE ( 'NONE', *, *, #3019, .T. ) ;
#18 = CARTESIAN_POINT ( 'NONE',  ( -4.499999999999992895, 6.873989284057756956E-16, -4.300000000000008704 ) ) ;
#19 = ORIENTED_EDGE ( 'NONE', *, *, #3050, .T. ) ;
#20 = CARTESIAN_POINT ( 'NONE',  ( 4.500000000000003553, -5.150515463917521686, -4.299999999999999822 ) ) ;
#21 = VECTOR ( 'NONE', #6339, 1000.000000000000000 ) ;
#22 = CARTESIAN_POINT ( 'NONE',  ( 4.500000000000002665, -2.450515463917521064, 0.000000000000000000 ) ) ;
#23 = VECTOR ( 'NONE', #7232, 1000.000000000000000 ) ;
#24 = LINE ( 'NONE', #2794, #3703 ) ;
#25 = CARTESIAN_POINT ( 'NONE',  ( 4.500000000000002665, -5.450515463917523284, 4.336808689942017736E-15 ) ) ;
#26 = CONTEXT_DEPENDENT_SHAPE_REPRESENTATION ( #5222, #5969 ) ;
#27 = DIRECTION ( 'NONE',  ( -1.000000000000000000, 0.000000000000000000, 0.000000000000000000 ) ) ;
#28 = VECTOR ( 'NONE', #4114, 1000.000000000000000 ) ;
#29 = VECTOR ( 'NONE', #2982, 1000.000000000000000 ) ;
#30 = ORIENTED_EDGE ( 'NONE', *, *, #1808, .F. ) ;
#31 = EDGE_LOOP ( 'NONE', ( #2466, #5607, #6244, #8677 ) ) ;
#32 = DIRECTION ( 'NONE',  ( 1.000000000000000000, 0.000000000000000000, 0.000000000000000000 ) ) ;
#33 = LINE ( 'NONE', #5658, #8156 ) ;
#34 = CARTESIAN_POINT ( 'NONE',  ( -4.899999999999996803, 0.4494845360824792357, -7.400000000000011013 ) ) ;
#35 = ORIENTED_EDGE ( 'NONE', *, *, #8668, .T. ) ;
#36 = VECTOR ( 'NONE', #8181, 1000.000000000000000 ) ;
#37 = CARTESIAN_POINT ( 'NONE',  ( -4.836441345419223659, -0.5505154639175205977, -10.20000000000000995 ) ) ;
#38 = ORIENTED_EDGE ( 'NONE', *, *, #8584, .T. ) ;
#39 = CYLINDRICAL_SURFACE ( 'NONE', #6256, 0.4000000000000001887 ) ;
#40 = CARTESIAN_POINT ( 'NONE',  ( -0.3999999999999999667, -6.700000000000000178, -5.750000000000000000 ) ) ;
#41 = VECTOR ( 'NONE', #360, 1000.000000000000000 ) ;
#42 = ORIENTED_EDGE ( 'NONE', *, *, #3730, .F. ) ;
#43 = DIRECTION ( 'NONE',  ( 0.000000000000000000, 0.000000000000000000, 1.000000000000000000 ) ) ;
#44 = AXIS2_PLACEMENT_3D ( 'NONE', #3822, #1111, #3055 ) ;
#45 = ORIENTED_EDGE ( 'NONE', *, *, #2490, .T. ) ;
#46 = ORIENTED_EDGE ( 'NONE', *, *, #6020, .F. ) ;
#47 = CARTESIAN_POINT ( 'NONE',  ( 4.900000000000000355, 4.049484536082479380, -4.299999999999999822 ) ) ;
#48 = CARTESIAN_POINT ( 'NONE',  ( -1.090871211463570800, 0.9500000000000040634, 0.5000000000000000000 ) ) ;
#49 = AXIS2_PLACEMENT_3D ( 'NONE', #263, #2388, #5053 ) ;
#50 = VECTOR ( 'NONE', #7714, 1000.000000000000000 ) ;
#51 = LINE ( 'NONE', #3509, #7543 ) ;
#52 = LINE ( 'NONE', #3866, #5661 ) ;
#53 = ORIENTED_EDGE ( 'NONE', *, *, #1823, .T. ) ;
#54 = ADVANCED_FACE ( 'NONE', ( #8898 ), #5487, .F. ) ;
#55 = ORIENTED_EDGE ( 'NONE', *, *, #2165, .F. ) ;
#56 = VECTOR ( 'NONE', #2929, 1000.000000000000000 ) ;
#57 = DIRECTION ( 'NONE',  ( 0.000000000000000000, 1.734723475976806848E-16, -1.000000000000000000 ) ) ;
#58 = DIRECTION ( 'NONE',  ( 0.000000000000000000, 0.000000000000000000, -1.000000000000000000 ) ) ;
#59 = LINE ( 'NONE', #2876, #2401 ) ;
#60 = PLANE ( 'NONE',  #1510 ) ;
#61 = FACE_OUTER_BOUND ( 'NONE', #3918, .T. ) ;
#62 = VECTOR ( 'NONE', #6444, 1000.000000000000000 ) ;
#63 = ORIENTED_EDGE ( 'NONE', *, *, #8254, .T. ) ;
#64 = EDGE_CURVE ( 'NONE', #1645, #5490, #7557, .T. ) ;
#65 = DIRECTION ( 'NONE',  ( 0.000000000000000000, -1.000000000000000000, 0.000000000000000000 ) ) ;
#66 = EDGE_CURVE ( 'NONE', #817, #4462, #6941, .T. ) ;
#67 = ORIENTED_EDGE ( 'NONE', *, *, #4514, .F. ) ;
#68 = ADVANCED_FACE ( 'NONE', ( #2584 ), #647, .F. ) ;
#69 = CARTESIAN_POINT ( 'NONE',  ( 2.999999999999998224, 4.650000000000004796, 5.000000000000000000 ) ) ;
#70 = VECTOR ( 'NONE', #6730, 1000.000000000000000 ) ;
#71 = CIRCLE ( 'NONE', #2276, 0.6500000000000000222 ) ;
#72 = DIRECTION ( 'NONE',  ( 0.000000000000000000, 1.000000000000000000, 0.000000000000000000 ) ) ;
#73 = CARTESIAN_POINT ( 'NONE',  ( -1.734723475976807094E-15, 0.4500000000000040079, 2.500000000000000000 ) ) ;
#74 = FACE_OUTER_BOUND ( 'NONE', #3981, .T. ) ;
#75 = DIRECTION ( 'NONE',  ( 1.000000000000000000, 8.828503404524822102E-16, 0.000000000000000000 ) ) ;
#76 = FACE_OUTER_BOUND ( 'NONE', #7020, .T. ) ;
#77 = CARTESIAN_POINT ( 'NONE',  ( 2.500000000000000000, 0.4000000000000000222, 1.000000000000000000 ) ) ;
#78 = DIRECTION ( 'NONE',  ( 1.000000000000000000, 0.000000000000000000, 0.000000000000000000 ) ) ;
#79 =( GEOMETRIC_REPRESENTATION_CONTEXT ( 3 ) GLOBAL_UNCERTAINTY_ASSIGNED_CONTEXT ( ( #5838 ) ) GLOBAL_UNIT_ASSIGNED_CONTEXT ( ( #8153, #1876, #2480 ) ) REPRESENTATION_CONTEXT ( 'NONE', 'WORKASPACE' ) );
#80 = EDGE_CURVE ( 'NONE', #3242, #1852, #6819, .T. ) ;
#81 = ORIENTED_EDGE ( 'NONE', *, *, #2836, .F. ) ;
#82 = CARTESIAN_POINT ( 'NONE',  ( 3.399999999999998135, -0.05000000000000080075, 0.000000000000000000 ) ) ;
#83 = EDGE_CURVE ( 'NONE', #6469, #7451, #4786, .T. ) ;
#84 = CYLINDRICAL_SURFACE ( 'NONE', #7572, 3.000000000000000444 ) ;
#85 = ORIENTED_EDGE ( 'NONE', *, *, #7455, .T. ) ;
#86 = CARTESIAN_POINT ( 'NONE',  ( 4.099999999999997868, 0.4500000000000040079, 2.500000000000000000 ) ) ;
#87 = ORIENTED_EDGE ( 'NONE', *, *, #7061, .T. ) ;
#88 = PRODUCT_DEFINITION_FORMATION_WITH_SPECIFIED_SOURCE ( 'ANY', '', #1276, .NOT_KNOWN. ) ;
#89 = VECTOR ( 'NONE', #8143, 1000.000000000000000 ) ;
#90 = CARTESIAN_POINT ( 'NONE',  ( -4.500000000000002665, 1.349484536082479647, -0.6000000000000000888 ) ) ;
#91 = FACE_OUTER_BOUND ( 'NONE', #3827, .T. ) ;
#92 = CARTESIAN_POINT ( 'NONE',  ( -1.479999999999999982, 11.50000000000000000, 0.8499999999999999778 ) ) ;
#93 = VERTEX_POINT ( 'NONE', #6128 ) ;
#94 = DIRECTION ( 'NONE',  ( -1.931541112668179251E-15, 0.000000000000000000, 1.000000000000000000 ) ) ;
#95 = VECTOR ( 'NONE', #8684, 1000.000000000000000 ) ;
#96 = CARTESIAN_POINT ( 'NONE',  ( 4.399999999999998579, 5.150000000000004796, 0.000000000000000000 ) ) ;
#97 = ORIENTED_EDGE ( 'NONE', *, *, #3395, .F. ) ;
#98 = DIRECTION ( 'NONE',  ( -1.734723475976807094E-16, 1.000000000000000000, 0.000000000000000000 ) ) ;
#99 = CARTESIAN_POINT ( 'NONE',  ( 1.370000000000000329, 8.500000000000000000, 3.349876971653937385 ) ) ;
#100 = DIRECTION ( 'NONE',  ( -0.000000000000000000, -0.000000000000000000, -1.000000000000000000 ) ) ;
#101 = VERTEX_POINT ( 'NONE', #2764 ) ;
#102 = VERTEX_POINT ( 'NONE', #6221 ) ;
#103 = ORIENTED_EDGE ( 'NONE', *, *, #2840, .T. ) ;
#104 = FACE_OUTER_BOUND ( 'NONE', #2111, .T. ) ;
#105 = LINE ( 'NONE', #7201, #870 ) ;
#106 = LINE ( 'NONE', #2825, #4750 ) ;
#107 = CARTESIAN_POINT ( 'NONE',  ( -0.3999999999999999667, -6.700000000000000178, -4.928191693115928797E-17 ) ) ;
#108 = EDGE_CURVE ( 'NONE', #516, #3373, #7084, .T. ) ;
#109 = DIRECTION ( 'NONE',  ( 0.000000000000000000, -3.469446951953610738E-16, -1.000000000000000000 ) ) ;
#110 = ORIENTED_EDGE ( 'NONE', *, *, #181, .F. ) ;
#111 = VERTEX_POINT ( 'NONE', #1244 ) ;
#112 = DIRECTION ( 'NONE',  ( 0.000000000000000000, 0.000000000000000000, 1.000000000000000000 ) ) ;
#113 = VERTEX_POINT ( 'NONE', #4052 ) ;
#114 = FACE_OUTER_BOUND ( 'NONE', #1566, .T. ) ;
#115 = DIRECTION ( 'NONE',  ( -1.000000000000000000, 0.000000000000000000, 0.000000000000000000 ) ) ;
#116 = CARTESIAN_POINT ( 'NONE',  ( 4.900000000000000355, 4.349484536082479202, -5.800000000000000711 ) ) ;
#117 = CARTESIAN_POINT ( 'NONE',  ( -4.899999999999998579, -1.550515463917520487, -7.400000000000011013 ) ) ;
#118 = EDGE_CURVE ( 'NONE', #2492, #7159, #6864, .T. ) ;
#119 = LINE ( 'NONE', #3576, #7831 ) ;
#120 = DIRECTION ( 'NONE',  ( -0.9999994735200916640, 0.000000000000000000, 0.001026138167772390822 ) ) ;
#121 = FACE_OUTER_BOUND ( 'NONE', #6181, .T. ) ;
#122 = VERTEX_POINT ( 'NONE', #1290 ) ;
#123 = CYLINDRICAL_SURFACE ( 'NONE', #7818, 0.6500000000000000222 ) ;
#124 = DIRECTION ( 'NONE',  ( 0.7071067811865476838, 0.7071067811865474617, 0.000000000000000000 ) ) ;
#125 = DIRECTION ( 'NONE',  ( -0.000000000000000000, -1.000000000000000000, -0.000000000000000000 ) ) ;
#126 = EDGE_CURVE ( 'NONE', #5219, #8210, #2722, .T. ) ;
#127 = ORIENTED_EDGE ( 'NONE', *, *, #7747, .T. ) ;
#128 = DIRECTION ( 'NONE',  ( 0.000000000000000000, 0.000000000000000000, 1.000000000000000000 ) ) ;
#129 = EDGE_CURVE ( 'NONE', #2970, #7436, #4726, .T. ) ;
#130 = EDGE_CURVE ( 'NONE', #3652, #1992, #2807, .T. ) ;
#131 = EDGE_CURVE ( 'NONE', #1291, #1337, #7880, .T. ) ;
#132 = CARTESIAN_POINT ( 'NONE',  ( -0.4500000000000001221, -3.020950878361716718, 2.500000000000000000 ) ) ;
#133 = DIRECTION ( 'NONE',  ( 0.000000000000000000, 0.000000000000000000, -1.000000000000000000 ) ) ;
#134 = VERTEX_POINT ( 'NONE', #7924 ) ;
#135 = CARTESIAN_POINT ( 'NONE',  ( 4.500000000000002665, -3.540251991789402774E-17, -5.800000000000000711 ) ) ;
#136 = CARTESIAN_POINT ( 'NONE',  ( 3.599999999999999645, -5.149999999999998579, 5.000000000000000000 ) ) ;
#137 = ORIENTED_EDGE ( 'NONE', *, *, #3958, .F. ) ;
#138 = DIRECTION ( 'NONE',  ( 0.000000000000000000, 0.000000000000000000, -1.000000000000000000 ) ) ;
#139 = DIRECTION ( 'NONE',  ( 1.000000000000000000, -2.491288438666616105E-16, 0.000000000000000000 ) ) ;
#140 = DIRECTION ( 'NONE',  ( 8.850629979473506011E-17, 1.000000000000000000, 0.000000000000000000 ) ) ;
#141 = VERTEX_POINT ( 'NONE', #3501 ) ;
#142 = VECTOR ( 'NONE', #6498, 1000.000000000000000 ) ;
#143 = ORIENTED_EDGE ( 'NONE', *, *, #754, .F. ) ;
#144 = ORIENTED_EDGE ( 'NONE', *, *, #4173, .T. ) ;
#145 = LINE ( 'NONE', #6325, #4928 ) ;
#146 = LINE ( 'NONE', #2920, #2488 ) ;
#147 = LINE ( 'NONE', #4210, #3292 ) ;
#148 = CARTESIAN_POINT ( 'NONE',  ( -4.400000000000002132, 5.150000000000003020, 5.000000000000000000 ) ) ;
#149 = CARTESIAN_POINT ( 'NONE',  ( 0.000000000000000000, 8.900000000000000355, 0.000000000000000000 ) ) ;
#150 = EDGE_LOOP ( 'NONE', ( #1097, #7672, #2058, #6951, #217, #3555 ) ) ;
#151 = ORIENTED_EDGE ( 'NONE', *, *, #8695, .T. ) ;
#152 = CARTESIAN_POINT ( 'NONE',  ( -4.663541149204271541, 0.4494845360824787917, -9.633847585124243551 ) ) ;
#153 = VERTEX_POINT ( 'NONE', #40 ) ;
#154 = FACE_OUTER_BOUND ( 'NONE', #7334, .T. ) ;
#155 = DIRECTION ( 'NONE',  ( -1.000000000000000000, 1.121588454295349533E-16, 0.000000000000000000 ) ) ;
#156 = DIRECTION ( 'NONE',  ( -0.000000000000000000, -1.000000000000000000, -0.000000000000000000 ) ) ;
#157 = CARTESIAN_POINT ( 'NONE',  ( 4.500000000000002665, -3.550515463917521153, -4.299999999999999822 ) ) ;
#158 = DIRECTION ( 'NONE',  ( 0.000000000000000000, 1.000000000000000000, 0.000000000000000000 ) ) ;
#159 = DIRECTION ( 'NONE',  ( -0.7547095802227765660, 1.880199251759936453E-16, 0.6560590289905020578 ) ) ;
#160 = LINE ( 'NONE', #8507, #2087 ) ;
#161 = ORIENTED_EDGE ( 'NONE', *, *, #6087, .T. ) ;
#162 = ORIENTED_EDGE ( 'NONE', *, *, #6085, .F. ) ;
#163 = CARTESIAN_POINT ( 'NONE',  ( -4.499999999999993783, -5.450515463917523284, -4.300000000000008704 ) ) ;
#164 = CIRCLE ( 'NONE', #6345, 3.399999999999999911 ) ;
#165 = ADVANCED_FACE ( 'NONE', ( #2906 ), #2948, .F. ) ;
#166 = AXIS2_PLACEMENT_3D ( 'NONE', #8789, #2472, #8011 ) ;
#167 = CARTESIAN_POINT ( 'NONE',  ( 0.4000000000000002442, -6.700000000000000178, -1.350000000000000089 ) ) ;
#168 = DIRECTION ( 'NONE',  ( 0.000000000000000000, 1.000000000000000000, 0.000000000000000000 ) ) ;
#170 = VECTOR ( 'NONE', #7729, 1000.000000000000000 ) ;
#169 = CARTESIAN_POINT ( 'NONE',  ( -3.600000000000001865, 5.150000000000003908, 5.000000000000000000 ) ) ;
#171 = AXIS2_PLACEMENT_3D ( 'NONE', #5785, #6298, #7034 ) ;
#172 = FACE_BOUND ( 'NONE', #8594, .T. ) ;
#173 = DIRECTION ( 'NONE',  ( 1.000000000000000000, 8.850629979473510942E-17, 0.000000000000000000 ) ) ;
#174 = ORIENTED_EDGE ( 'NONE', *, *, #5292, .F. ) ;
#175 = CARTESIAN_POINT ( 'NONE',  ( 0.000000000000000000, 13.19999999998344720, -0.4000000000132786226 ) ) ;
#176 = EDGE_CURVE ( 'NONE', #3053, #6980, #1558, .T. ) ;
#177 = DIRECTION ( 'NONE',  ( 0.000000000000000000, -1.000000000000000000, 0.000000000000000000 ) ) ;
#178 = AXIS2_PLACEMENT_3D ( 'NONE', #3520, #5635, #4347 ) ;
#179 = EDGE_CURVE ( 'NONE', #5574, #141, #2673, .T. ) ;
#180 = ORIENTED_EDGE ( 'NONE', *, *, #7913, .T. ) ;
#181 = EDGE_CURVE ( 'NONE', #5847, #6525, #3264, .T. ) ;
#182 = CARTESIAN_POINT ( 'NONE',  ( 3.399999999999998579, 0.9500000000000038414, 0.000000000000000000 ) ) ;
#183 = CARTESIAN_POINT ( 'NONE',  ( 4.399999999999998579, -5.549999999999998934, 1.000000000000000000 ) ) ;
#184 = CIRCLE ( 'NONE', #5338, 3.500000000000000444 ) ;
#185 = DIRECTION ( 'NONE',  ( 1.495451272393799296E-16, 1.000000000000000000, 0.000000000000000000 ) ) ;
#186 = VERTEX_POINT ( 'NONE', #864 ) ;
#187 = VECTOR ( 'NONE', #4201, 1000.000000000000000 ) ;
#188 = EDGE_CURVE ( 'NONE', #1020, #3365, #774, .T. ) ;
#189 = ORIENTED_EDGE ( 'NONE', *, *, #6073, .F. ) ;
#190 = CARTESIAN_POINT ( 'NONE',  ( -4.499999999999989342, -2.550515463917520709, -5.800000000000008704 ) ) ;
#191 = AXIS2_PLACEMENT_3D ( 'NONE', #5613, #8475, #8424 ) ;
#192 = VECTOR ( 'NONE', #7612, 1000.000000000000000 ) ;
#193 = FACE_OUTER_BOUND ( 'NONE', #6299, .T. ) ;
#194 = LINE ( 'NONE', #1936, #326 ) ;
#195 = FACE_OUTER_BOUND ( 'NONE', #5554, .T. ) ;
#196 = EDGE_CURVE ( 'NONE', #4542, #4618, #6309, .T. ) ;
#197 = CARTESIAN_POINT ( 'NONE',  ( -4.899999999999995026, -3.950515463917520620, -4.300000000000008704 ) ) ;
#198 = ORIENTED_EDGE ( 'NONE', *, *, #6650, .F. ) ;
#199 = CIRCLE ( 'NONE', #1379, 0.2000000000000000944 ) ;
#200 = VECTOR ( 'NONE', #3002, 1000.000000000000000 ) ;
#201 = ORIENTED_EDGE ( 'NONE', *, *, #573, .T. ) ;
#202 = DIRECTION ( 'NONE',  ( -1.000000000000000000, 0.000000000000000000, 0.000000000000000000 ) ) ;
#203 = EDGE_LOOP ( 'NONE', ( #5417, #517, #8308, #5938, #1447 ) ) ;
#204 = EDGE_LOOP ( 'NONE', ( #7354, #1119, #433, #1629, #8291, #7041, #3770, #4513 ) ) ;
#205 = CARTESIAN_POINT ( 'NONE',  ( -1.565936075841833697, 8.900000000000000355, -3.517150011924012887 ) ) ;
#206 = PLANE ( 'NONE',  #3622 ) ;
#207 = DIRECTION ( 'NONE',  ( -1.000000000000000000, 0.000000000000000000, 0.000000000000000000 ) ) ;
#208 = CARTESIAN_POINT ( 'NONE',  ( 1.097644678823669562, 10.20000000000000107, -0.5047000102205829730 ) ) ;
#209 = VECTOR ( 'NONE', #2295, 1000.000000000000000 ) ;
#210 = LINE ( 'NONE', #8604, #1390 ) ;
#211 = ORIENTED_EDGE ( 'NONE', *, *, #1795, .T. ) ;
#212 = DIRECTION ( 'NONE',  ( 1.931541112668179251E-15, 0.000000000000000000, -1.000000000000000000 ) ) ;
#213 = ORIENTED_EDGE ( 'NONE', *, *, #3009, .T. ) ;
#214 = CARTESIAN_POINT ( 'NONE',  ( 0.4999999999999987232, 2.950000000000003730, 0.5000000000000000000 ) ) ;
#215 = AXIS2_PLACEMENT_3D ( 'NONE', #7397, #4491, #1028 ) ;
#216 = VECTOR ( 'NONE', #2567, 1000.000000000000000 ) ;
#217 = ORIENTED_EDGE ( 'NONE', *, *, #810, .F. ) ;
#218 = DIRECTION ( 'NONE',  ( -0.000000000000000000, -1.000000000000000000, -0.000000000000000000 ) ) ;
#219 = CARTESIAN_POINT ( 'NONE',  ( -1.479999999999999982, 10.90000000000000036, 1.200000000000000178 ) ) ;
#220 = AXIS2_PLACEMENT_3D ( 'NONE', #909, #5240, #3768 ) ;
#221 = AXIS2_PLACEMENT_3D ( 'NONE', #791, #3012, #2963 ) ;
#222 = CARTESIAN_POINT ( 'NONE',  ( -4.500000000000002665, 4.049484536082480268, -4.900000000000009237 ) ) ;
#223 = ADVANCED_FACE ( 'NONE', ( #5055 ), #2117, .T. ) ;
#224 = CARTESIAN_POINT ( 'NONE',  ( 0.8032336497292296151, 10.20000000000000107, -2.404700010220583106 ) ) ;
#225 = LINE ( 'NONE', #910, #8112 ) ;
#226 = ORIENTED_EDGE ( 'NONE', *, *, #7450, .F. ) ;
#227 = DIRECTION ( 'NONE',  ( 0.000000000000000000, 1.000000000000000000, 0.000000000000000000 ) ) ;
#228 = FACE_BOUND ( 'NONE', #2178, .T. ) ;
#229 = AXIS2_PLACEMENT_3D ( 'NONE', #5791, #8610, #3805 ) ;
#230 = VERTEX_POINT ( 'NONE', #6490 ) ;
#231 = DIRECTION ( 'NONE',  ( 0.000000000000000000, 0.000000000000000000, 1.000000000000000000 ) ) ;
#232 = CARTESIAN_POINT ( 'NONE',  ( -4.500000000000003553, -5.150515463917521686, -4.900000000000009237 ) ) ;
#233 = ADVANCED_FACE ( 'NONE', ( #4923 ), #7749, .T. ) ;
#234 = LINE ( 'NONE', #550, #4918 ) ;
#235 = CIRCLE ( 'NONE', #8923, 3.399999999999999911 ) ;
#236 = ORIENTED_EDGE ( 'NONE', *, *, #1431, .F. ) ;
#237 = AXIS2_PLACEMENT_3D ( 'NONE', #6501, #8623, #5111 ) ;
#238 = EDGE_CURVE ( 'NONE', #5614, #2590, #4964, .T. ) ;
#239 = VERTEX_POINT ( 'NONE', #4232 ) ;
#240 = CARTESIAN_POINT ( 'NONE',  ( -1.089941313553887348, -0.05202383709185196686, 0.5000000000000000000 ) ) ;
#241 = LINE ( 'NONE', #5948, #1952 ) ;
#242 = CYLINDRICAL_SURFACE ( 'NONE', #1649, 1.200000000000061240 ) ;
#243 = EDGE_CURVE ( 'NONE', #9051, #1020, #727, .T. ) ;
#244 = CARTESIAN_POINT ( 'NONE',  ( 3.399999999999998579, 0.9500000000000038414, 0.5000000000000000000 ) ) ;
#245 = EDGE_CURVE ( 'NONE', #3243, #3230, #5104, .T. ) ;
#246 = ORIENTED_EDGE ( 'NONE', *, *, #4190, .T. ) ;
#247 = ADVANCED_FACE ( 'NONE', ( #7145 ), #1464, .F. ) ;
#248 = EDGE_CURVE ( 'NONE', #4108, #5195, #7826, .T. ) ;
#249 = LINE ( 'NONE', #6894, #3269 ) ;
#250 = ORIENTED_EDGE ( 'NONE', *, *, #1241, .F. ) ;
#251 = ORIENTED_EDGE ( 'NONE', *, *, #3903, .F. ) ;
#252 = CARTESIAN_POINT ( 'NONE',  ( 0.000000000000000000, 10.90000000000000036, -0.5047000102205828620 ) ) ;
#253 = CARTESIAN_POINT ( 'NONE',  ( -5.236132948075080229, -1.550515463917520487, -8.396377958773982186 ) ) ;
#254 = FACE_OUTER_BOUND ( 'NONE', #2762, .T. ) ;
#255 = CARTESIAN_POINT ( 'NONE',  ( -0.2999999999999958811, 11.70000000000000462, 2.299999999999999822 ) ) ;
#256 =( NAMED_UNIT ( * ) SI_UNIT ( $, .STERADIAN. ) SOLID_ANGLE_UNIT ( ) );
#257 = CYLINDRICAL_SURFACE ( 'NONE', #8076, 0.9000000000000002442 ) ;
#258 = ORIENTED_EDGE ( 'NONE', *, *, #3231, .T. ) ;
#259 = CARTESIAN_POINT ( 'NONE',  ( -4.499999999999992895, -3.950515463917520620, -4.300000000000008704 ) ) ;
#260 = DIRECTION ( 'NONE',  ( 0.000000000000000000, 0.000000000000000000, -1.000000000000000000 ) ) ;
#261 = EDGE_LOOP ( 'NONE', ( #7848, #7199, #6615, #1198 ) ) ;
#262 = CARTESIAN_POINT ( 'NONE',  ( -4.499999999999988454, 2.449484536082480624, -5.900000000000009237 ) ) ;
#263 = CARTESIAN_POINT ( 'NONE',  ( -5.421010862427522170E-16, 0.4500000000000033418, 0.5000000000000000000 ) ) ;
#264 = LINE ( 'NONE', #7277, #2424 ) ;
#265 = CARTESIAN_POINT ( 'NONE',  ( -3.250000000000000888, -5.549999999999999822, 1.300000000000000266 ) ) ;
#266 = ORIENTED_EDGE ( 'NONE', *, *, #2598, .F. ) ;
#267 = ORIENTED_EDGE ( 'NONE', *, *, #853, .F. ) ;
#268 = CARTESIAN_POINT ( 'NONE',  ( -4.499999999999993783, -5.150515463917520798, -4.300000000000008704 ) ) ;
#269 = DIRECTION ( 'NONE',  ( 0.000000000000000000, -1.000000000000000000, 0.000000000000000000 ) ) ;
#270 = ORIENTED_EDGE ( 'NONE', *, *, #5536, .T. ) ;
#271 = CARTESIAN_POINT ( 'NONE',  ( 4.500000000000002665, -2.550515463917521597, -5.900000000000000355 ) ) ;
#272 = CARTESIAN_POINT ( 'NONE',  ( -4.899999999999998579, -3.950515463917520620, -4.300000000000008704 ) ) ;
#273 = PLANE ( 'NONE',  #2298 ) ;
#274 = VERTEX_POINT ( 'NONE', #7408 ) ;
#275 = ORIENTED_EDGE ( 'NONE', *, *, #4070, .F. ) ;
#276 = EDGE_CURVE ( 'NONE', #3191, #6912, #6721, .T. ) ;
#277 = DIRECTION ( 'NONE',  ( -1.000000000000000000, 0.000000000000000000, 0.000000000000000000 ) ) ;
#278 = CARTESIAN_POINT ( 'NONE',  ( 0.8032336497292293931, 10.90000000000000036, -0.8947000102205829863 ) ) ;
#279 = FACE_OUTER_BOUND ( 'NONE', #377, .T. ) ;
#280 = PLANE ( 'NONE',  #3720 ) ;
#281 = ORIENTED_EDGE ( 'NONE', *, *, #905, .F. ) ;
#282 = VERTEX_POINT ( 'NONE', #4592 ) ;
#283 = VERTEX_POINT ( 'NONE', #3130 ) ;
#284 = ORIENTED_EDGE ( 'NONE', *, *, #8553, .T. ) ;
#285 = ADVANCED_FACE ( 'NONE', ( #5846 ), #8703, .T. ) ;
#286 = VECTOR ( 'NONE', #8289, 1000.000000000000114 ) ;
#287 = DIRECTION ( 'NONE',  ( 2.491288438666616105E-16, 1.000000000000000000, 3.260780805318072864E-31 ) ) ;
#288 = DIRECTION ( 'NONE',  ( -0.000000000000000000, -0.000000000000000000, -1.000000000000000000 ) ) ;
#289 = EDGE_CURVE ( 'NONE', #8759, #1393, #7278, .T. ) ;
#290 = DIRECTION ( 'NONE',  ( 0.000000000000000000, -1.000000000000000000, 0.000000000000000000 ) ) ;
#291 = ADVANCED_FACE ( 'NONE', ( #2434 ), #1092, .T. ) ;
#292 = EDGE_CURVE ( 'NONE', #7190, #1337, #1776, .T. ) ;
#293 = DIRECTION ( 'NONE',  ( -0.000000000000000000, -1.000000000000000000, -0.000000000000000000 ) ) ;
#294 = LINE ( 'NONE', #5912, #6214 ) ;
#295 = DIRECTION ( 'NONE',  ( 2.168404344971008079E-15, 1.000000000000000000, 0.000000000000000000 ) ) ;
#296 = CIRCLE ( 'NONE', #7662, 3.100000000000000977 ) ;
#297 = ORIENTED_EDGE ( 'NONE', *, *, #1871, .F. ) ;
#298 = DIRECTION ( 'NONE',  ( 8.850629979473506011E-17, -1.000000000000000000, -1.734723475976806848E-16 ) ) ;
#299 = VERTEX_POINT ( 'NONE', #5928 ) ;
#300 = FACE_OUTER_BOUND ( 'NONE', #5836, .T. ) ;
#301 = VECTOR ( 'NONE', #7778, 1000.000000000000000 ) ;
#302 = DIRECTION ( 'NONE',  ( 0.000000000000000000, -1.000000000000000000, 0.000000000000000000 ) ) ;
#303 = DIRECTION ( 'NONE',  ( 0.000000000000000000, -1.000000000000000000, 0.000000000000000000 ) ) ;
#304 = LINE ( 'NONE', #3218, #5319 ) ;
#305 = VECTOR ( 'NONE', #2382, 1000.000000000000000 ) ;
#306 = VECTOR ( 'NONE', #3589, 1000.000000000000000 ) ;
#307 = VERTEX_POINT ( 'NONE', #8096 ) ;
#308 = CARTESIAN_POINT ( 'NONE',  ( 0.9827370646086344141, 8.500000000000000000, 3.150274251846084450 ) ) ;
#309 = DIRECTION ( 'NONE',  ( -1.000000000000000000, 0.000000000000000000, 1.618212197739559129E-16 ) ) ;
#310 = VERTEX_POINT ( 'NONE', #4455 ) ;
#311 = VECTOR ( 'NONE', #7031, 1000.000000000000114 ) ;
#312 = FACE_OUTER_BOUND ( 'NONE', #1791, .T. ) ;
#313 = VECTOR ( 'NONE', #5425, 1000.000000000000000 ) ;
#314 = CARTESIAN_POINT ( 'NONE',  ( 2.500000000000000000, 0.4000000000000000222, 1.300000000000000266 ) ) ;
#315 = VERTEX_POINT ( 'NONE', #5333 ) ;
#316 = VECTOR ( 'NONE', #7626, 1000.000000000000000 ) ;
#317 = EDGE_LOOP ( 'NONE', ( #213, #2252, #4097, #4764 ) ) ;
#318 = CARTESIAN_POINT ( 'NONE',  ( -0.7500000000000001110, -6.699999999999999289, -1.349999999999999867 ) ) ;
#319 = CARTESIAN_POINT ( 'NONE',  ( -0.5000000000000000000, 11.49999999999999645, 1.500000000000000000 ) ) ;
#320 = DIRECTION ( 'NONE',  ( 0.000000000000000000, 0.000000000000000000, -1.000000000000000000 ) ) ;
#321 = VECTOR ( 'NONE', #7665, 1000.000000000000000 ) ;
#322 = LINE ( 'NONE', #6641, #8271 ) ;
#323 = ADVANCED_FACE ( 'NONE', ( #6672 ), #3905, .F. ) ;
#324 = ORIENTED_EDGE ( 'NONE', *, *, #7627, .T. ) ;
#325 = ORIENTED_EDGE ( 'NONE', *, *, #511, .T. ) ;
#326 = VECTOR ( 'NONE', #1206, 1000.000000000000000 ) ;
#327 = VERTEX_POINT ( 'NONE', #8148 ) ;
#328 = VERTEX_POINT ( 'NONE', #5974 ) ;
#329 = CARTESIAN_POINT ( 'NONE',  ( -3.250000000000000888, -6.700000000000000178, 0.000000000000000000 ) ) ;
#330 = APPLICATION_CONTEXT ( 'automotive_design' ) ;
#331 = CARTESIAN_POINT ( 'NONE',  ( -5.236132948075079341, 0.4494845360824796243, -8.396377958773982186 ) ) ;
#332 = DIRECTION ( 'NONE',  ( -1.000000000000000000, 1.308519863344574291E-16, 0.000000000000000000 ) ) ;
#333 = FACE_OUTER_BOUND ( 'NONE', #5672, .T. ) ;
#334 = FACE_OUTER_BOUND ( 'NONE', #5537, .T. ) ;
#335 = LINE ( 'NONE', #3114, #6688 ) ;
#336 = EDGE_CURVE ( 'NONE', #1003, #2281, #225, .T. ) ;
#337 = EDGE_LOOP ( 'NONE', ( #4022, #2745 ) ) ;
#338 = EDGE_CURVE ( 'NONE', #6513, #3256, #6624, .T. ) ;
#339 = ADVANCED_FACE ( 'NONE', ( #5241 ), #396, .F. ) ;
#340 = CARTESIAN_POINT ( 'NONE',  ( -2.899999999999999911, -6.400000000000000355, 0.000000000000000000 ) ) ;
#341 = VERTEX_POINT ( 'NONE', #3723 ) ;
#342 = CARTESIAN_POINT ( 'NONE',  ( 1.899999999999999023, 5.100000000000004086, 0.1000000000000000056 ) ) ;
#343 = AXIS2_PLACEMENT_3D ( 'NONE', #8969, #1452, #580 ) ;
#344 = AXIS2_PLACEMENT_3D ( 'NONE', #1553, #7224, #3078 ) ;
#345 = FACE_OUTER_BOUND ( 'NONE', #5496, .T. ) ;
#346 = LINE ( 'NONE', #1911, #2403 ) ;
#347 = EDGE_CURVE ( 'NONE', #410, #2599, #304, .T. ) ;
#348 = DIRECTION ( 'NONE',  ( 0.7071067811865441310, 0.7071067811865507924, 0.000000000000000000 ) ) ;
#349 = AXIS2_PLACEMENT_3D ( 'NONE', #7863, #6431, #2974 ) ;
#350 = EDGE_CURVE ( 'NONE', #6208, #3882, #6014, .T. ) ;
#351 = EDGE_LOOP ( 'NONE', ( #1770, #8717, #2945, #8639 ) ) ;
#352 = CARTESIAN_POINT ( 'NONE',  ( 0.8032336497292296151, 10.20000000000000107, -0.8947000102205828753 ) ) ;
#353 = ORIENTED_EDGE ( 'NONE', *, *, #9040, .F. ) ;
#354 = ORIENTED_EDGE ( 'NONE', *, *, #4633, .F. ) ;
#355 = CARTESIAN_POINT ( 'NONE',  ( -4.899999999999989697, 1.949484536082480179, -5.900000000000010125 ) ) ;
#356 = LINE ( 'NONE', #3185, #666 ) ;
#357 = CIRCLE ( 'NONE', #6404, 0.2000000000000000944 ) ;
#358 =( GEOMETRIC_REPRESENTATION_CONTEXT ( 3 ) GLOBAL_UNCERTAINTY_ASSIGNED_CONTEXT ( ( #3554 ) ) GLOBAL_UNIT_ASSIGNED_CONTEXT ( ( #3690, #7021, #1099 ) ) REPRESENTATION_CONTEXT ( 'NONE', 'WORKASPACE' ) );
#359 = CARTESIAN_POINT ( 'NONE',  ( -5.538016780164189079, 0.4494845360824795688, -8.133954347177784427 ) ) ;
#360 = DIRECTION ( 'NONE',  ( 1.000000000000000000, 0.000000000000000000, 0.000000000000000000 ) ) ;
#361 = EDGE_LOOP ( 'NONE', ( #4379, #3634, #1658, #2368 ) ) ;
#362 = CARTESIAN_POINT ( 'NONE',  ( 4.900000000000000355, 4.349484536082479202, -7.399999999999999467 ) ) ;
#363 = ORIENTED_EDGE ( 'NONE', *, *, #5424, .T. ) ;
#364 = EDGE_CURVE ( 'NONE', #1456, #4252, #264, .T. ) ;
#365 = MECHANICAL_DESIGN_GEOMETRIC_PRESENTATION_REPRESENTATION (  '', ( #6264 ), #4494 ) ;
#366 = ORIENTED_EDGE ( 'NONE', *, *, #7808, .T. ) ;
#367 = ORIENTED_EDGE ( 'NONE', *, *, #1636, .T. ) ;
#368 = ORIENTED_EDGE ( 'NONE', *, *, #3894, .T. ) ;
#369 = CARTESIAN_POINT ( 'NONE',  ( 4.500000000000002665, -3.540251991789402774E-17, -4.299999999999999822 ) ) ;
#370 = CARTESIAN_POINT ( 'NONE',  ( 2.999999999999998224, 4.650000000000004796, 5.599999999999999645 ) ) ;
#371 = CARTESIAN_POINT ( 'NONE',  ( -2.350000000000001865, -3.750000000000000000, 5.599999999999999645 ) ) ;
#372 = VECTOR ( 'NONE', #1807, 1000.000000000000000 ) ;
#373 = CARTESIAN_POINT ( 'NONE',  ( 1.899999999999999023, 5.100000000000004086, 0.1000000000000000056 ) ) ;
#374 = ORIENTED_EDGE ( 'NONE', *, *, #8081, .F. ) ;
#375 = PRODUCT_DEFINITION_SHAPE ( 'NONE', 'NONE',  #4302 ) ;
#376 = VERTEX_POINT ( 'NONE', #8748 ) ;
#377 = EDGE_LOOP ( 'NONE', ( #5827, #3035, #4021, #2411 ) ) ;
#379 = ORIENTED_EDGE ( 'NONE', *, *, #8363, .F. ) ;
#378 = STYLED_ITEM ( 'NONE', ( #714 ), #8204 ) ;
#380 = DIRECTION ( 'NONE',  ( 1.000000000000000000, 0.000000000000000000, 0.000000000000000000 ) ) ;
#381 = CARTESIAN_POINT ( 'NONE',  ( -4.100000000000001421, 0.4500000000000045075, 2.500000000000000000 ) ) ;
#382 = PLANE ( 'NONE',  #5488 ) ;
#383 = EDGE_CURVE ( 'NONE', #419, #5248, #8836, .T. ) ;
#384 = DIRECTION ( 'NONE',  ( -0.4226182617407000519, 0.000000000000000000, -0.9063077870366496036 ) ) ;
#385 = DIRECTION ( 'NONE',  ( -1.000000000000000000, 0.000000000000000000, 0.000000000000000000 ) ) ;
#386 = CARTESIAN_POINT ( 'NONE',  ( 4.500000000000002665, 4.049484536082479380, -4.299999999999999822 ) ) ;
#387 = ORIENTED_EDGE ( 'NONE', *, *, #6386, .T. ) ;
#388 = PLANE ( 'NONE',  #6196 ) ;
#389 = ORIENTED_EDGE ( 'NONE', *, *, #1991, .T. ) ;
#390 = CARTESIAN_POINT ( 'NONE',  ( -0.6700000000000001510, 10.90000000000000036, -0.5999999999999998668 ) ) ;
#391 = EDGE_CURVE ( 'NONE', #5988, #2538, #8267, .T. ) ;
#392 = DIRECTION ( 'NONE',  ( 0.000000000000000000, 1.000000000000000000, 0.000000000000000000 ) ) ;
#393 = EDGE_CURVE ( 'NONE', #8164, #558, #7966, .T. ) ;
#394 = DIRECTION ( 'NONE',  ( -1.931541112668179645E-15, 0.000000000000000000, 1.000000000000000000 ) ) ;
#395 = DIRECTION ( 'NONE',  ( 1.000000000000000000, 0.000000000000000000, 0.000000000000000000 ) ) ;
#396 = PLANE ( 'NONE',  #166 ) ;
#397 = VERTEX_POINT ( 'NONE', #6585 ) ;
#398 = VERTEX_POINT ( 'NONE', #265 ) ;
#399 = DIRECTION ( 'NONE',  ( 8.850629979473506011E-17, -1.000000000000000000, 0.000000000000000000 ) ) ;
#400 = CARTESIAN_POINT ( 'NONE',  ( 0.000000000000000000, -0.5505154639175203757, 4.600000000000000533 ) ) ;
#401 = CARTESIAN_POINT ( 'NONE',  ( -4.500000000000002665, 2.849484536082480091, -4.900000000000009237 ) ) ;
#402 = EDGE_CURVE ( 'NONE', #4873, #1430, #4585, .T. ) ;
#403 = CARTESIAN_POINT ( 'NONE',  ( 4.500000000000002665, -3.540251991789402774E-17, -7.400446128206079166 ) ) ;
#404 = EDGE_CURVE ( 'NONE', #4017, #8482, #6897, .T. ) ;
#405 = EDGE_CURVE ( 'NONE', #3413, #4714, #8370, .T. ) ;
#406 = EDGE_CURVE ( 'NONE', #3115, #7081, #6758, .T. ) ;
#407 = CARTESIAN_POINT ( 'NONE',  ( -4.400000000000002132, 5.100000000000004086, 5.000000000000000000 ) ) ;
#408 = ORIENTED_EDGE ( 'NONE', *, *, #5544, .T. ) ;
#409 = DIRECTION ( 'NONE',  ( -8.850629979473506011E-17, 1.000000000000000000, 0.000000000000000000 ) ) ;
#410 = VERTEX_POINT ( 'NONE', #1963 ) ;
#411 = ORIENTED_EDGE ( 'NONE', *, *, #3789, .T. ) ;
#412 = EDGE_LOOP ( 'NONE', ( #6441, #422, #6933, #8770, #1575 ) ) ;
#413 = ORIENTED_EDGE ( 'NONE', *, *, #1005, .T. ) ;
#414 = AXIS2_PLACEMENT_3D ( 'NONE', #2332, #3623, #3709 ) ;
#415 = CARTESIAN_POINT ( 'NONE',  ( -1.749999999999999778, -6.400000000000000355, -1.350000000000000089 ) ) ;
#416 = DIRECTION ( 'NONE',  ( 0.000000000000000000, 0.000000000000000000, -1.000000000000000000 ) ) ;
#417 = CARTESIAN_POINT ( 'NONE',  ( 2.600000000000000533, 2.849484536082480979, -5.300000000000009592 ) ) ;
#418 = CARTESIAN_POINT ( 'NONE',  ( 4.041334437186267482E-16, 2.549484536082480712, 0.4000000000000001887 ) ) ;
#419 = VERTEX_POINT ( 'NONE', #2057 ) ;
#420 = EDGE_LOOP ( 'NONE', ( #1818, #821, #3524, #8259, #3302, #6935, #9094, #8926, #4328, #7759 ) ) ;
#421 = VERTEX_POINT ( 'NONE', #2707 ) ;
#422 = ORIENTED_EDGE ( 'NONE', *, *, #8068, .F. ) ;
#423 = FACE_OUTER_BOUND ( 'NONE', #9008, .T. ) ;
#424 = DIRECTION ( 'NONE',  ( 0.000000000000000000, 0.000000000000000000, -1.000000000000000000 ) ) ;
#425 = CARTESIAN_POINT ( 'NONE',  ( -3.675000000000000266, 3.649484536082479469, 0.4000000000000000222 ) ) ;
#426 = DIRECTION ( 'NONE',  ( -0.000000000000000000, -0.000000000000000000, -1.000000000000000000 ) ) ;
#427 = DIRECTION ( 'NONE',  ( -8.123545521314933250E-47, -3.260780805318072864E-31, 1.000000000000000000 ) ) ;
#428 = CARTESIAN_POINT ( 'NONE',  ( 0.9827370646086341921, 10.90000000000000036, 3.150274251846084450 ) ) ;
#429 = ORIENTED_EDGE ( 'NONE', *, *, #1907, .F. ) ;
#430 = AXIS2_PLACEMENT_3D ( 'NONE', #1738, #7416, #5891 ) ;
#431 = VERTEX_POINT ( 'NONE', #4774 ) ;
#432 = CARTESIAN_POINT ( 'NONE',  ( -3.100000000000000977, -0.5505154639175203757, 0.4000000000000001887 ) ) ;
#433 = ORIENTED_EDGE ( 'NONE', *, *, #8745, .F. ) ;
#434 = CARTESIAN_POINT ( 'NONE',  ( 0.000000000000000000, 10.20000000000000107, -0.5047000102205828620 ) ) ;
#435 = DIRECTION ( 'NONE',  ( 1.000000000000000000, 0.000000000000000000, 1.776356839400250465E-15 ) ) ;
#436 = VECTOR ( 'NONE', #5132, 1000.000000000000000 ) ;
#437 = ADVANCED_BREP_SHAPE_REPRESENTATION ( '', ( #5253, #804 ), #2871 ) ;
#438 = CYLINDRICAL_SURFACE ( 'NONE', #2856, 0.5000000000000000000 ) ;
#439 = CARTESIAN_POINT ( 'NONE',  ( -1.734723475976807094E-15, 1.000515463917524439, 5.000000000000000000 ) ) ;
#440 = CARTESIAN_POINT ( 'NONE',  ( -3.600000000000001421, -5.950000000000000178, 0.000000000000000000 ) ) ;
#441 = EDGE_CURVE ( 'NONE', #6161, #2015, #5518, .T. ) ;
#442 = EDGE_LOOP ( 'NONE', ( #8269, #835, #8951, #4545 ) ) ;
#443 = ORIENTED_EDGE ( 'NONE', *, *, #5124, .F. ) ;
#444 = CARTESIAN_POINT ( 'NONE',  ( 4.500000000000002665, -1.550515463917522041, -5.800000000000000711 ) ) ;
#445 = VECTOR ( 'NONE', #43, 1000.000000000000000 ) ;
#446 = AXIS2_PLACEMENT_3D ( 'NONE', #1586, #7177, #6573 ) ;
#447 = DIRECTION ( 'NONE',  ( 1.000000000000000000, -2.491288438666616105E-16, 1.931541112668179645E-15 ) ) ;
#448 = CARTESIAN_POINT ( 'NONE',  ( -3.250000000000000888, -6.700000000000000178, 1.100000000000000089 ) ) ;
#449 = DIRECTION ( 'NONE',  ( -1.931541112668179645E-15, 1.551245237481413525E-31, 1.000000000000000000 ) ) ;
#451 = VECTOR ( 'NONE', #4446, 1000.000000000000000 ) ;
#450 = CARTESIAN_POINT ( 'NONE',  ( 4.500000000000002665, 1.949484536082478625, -5.900000000000000355 ) ) ;
#452 = ORIENTED_EDGE ( 'NONE', *, *, #5808, .F. ) ;
#453 = DIRECTION ( 'NONE',  ( 0.000000000000000000, 1.000000000000000000, 0.000000000000000000 ) ) ;
#454 = ORIENTED_EDGE ( 'NONE', *, *, #2029, .T. ) ;
#455 = EDGE_CURVE ( 'NONE', #315, #2907, #7456, .T. ) ;
#456 = VERTEX_POINT ( 'NONE', #440 ) ;
#457 = EDGE_CURVE ( 'NONE', #6937, #5847, #6854, .T. ) ;
#458 = ORIENTED_EDGE ( 'NONE', *, *, #5247, .T. ) ;
#459 = EDGE_CURVE ( 'NONE', #8696, #93, #8199, .T. ) ;
#460 = EDGE_LOOP ( 'NONE', ( #1904, #2849, #3738, #9039 ) ) ;
#461 = VECTOR ( 'NONE', #1862, 1000.000000000000000 ) ;
#462 = ORIENTED_EDGE ( 'NONE', *, *, #4218, .F. ) ;
#463 = CARTESIAN_POINT ( 'NONE',  ( -4.500000000000002665, 0.4494845360824792357, -8.691935007006808402E-15 ) ) ;
#464 = LINE ( 'NONE', #2682, #640 ) ;
#465 = PLANE ( 'NONE',  #7104 ) ;
#466 = VECTOR ( 'NONE', #8086, 1000.000000000000000 ) ;
#467 = ADVANCED_FACE ( 'NONE', ( #582 ), #492, .T. ) ;
#468 = VECTOR ( 'NONE', #94, 1000.000000000000000 ) ;
#469 = ORIENTED_EDGE ( 'NONE', *, *, #5188, .F. ) ;
#470 = SHAPE_REPRESENTATION ( 'PT01-D_BODY', ( #804 ), #4631 ) ;
#471 = VERTEX_POINT ( 'NONE', #9073 ) ;
#472 = EDGE_LOOP ( 'NONE', ( #8598, #6209, #6635, #8451 ) ) ;
#473 = VERTEX_POINT ( 'NONE', #6065 ) ;
#474 = FACE_OUTER_BOUND ( 'NONE', #3698, .T. ) ;
#475 = CARTESIAN_POINT ( 'NONE',  ( -2.500000000000000000, -6.700000000000000178, -1.350000000000000089 ) ) ;
#476 = CARTESIAN_POINT ( 'NONE',  ( 0.000000000000000000, -0.5505154639175203757, 4.600000000000000533 ) ) ;
#477 = DIRECTION ( 'NONE',  ( 0.000000000000000000, 0.000000000000000000, 1.000000000000000000 ) ) ;
#478 = CARTESIAN_POINT ( 'NONE',  ( -4.900000000000000355, 4.349484536082479202, -4.300000000000009592 ) ) ;
#479 = ORIENTED_EDGE ( 'NONE', *, *, #781, .F. ) ;
#480 = CIRCLE ( 'NONE', #1221, 0.6000000000000001998 ) ;
#481 = AXIS2_PLACEMENT_3D ( 'NONE', #3248, #7439, #6050 ) ;
#482 = UNCERTAINTY_MEASURE_WITH_UNIT (LENGTH_MEASURE( 1.000000000000000082E-05 ), #1775, 'distance_accuracy_value', 'NONE');
#483 = ORIENTED_EDGE ( 'NONE', *, *, #7503, .T. ) ;
#484 = PLANE ( 'NONE',  #5896 ) ;
#485 = ORIENTED_EDGE ( 'NONE', *, *, #5249, .F. ) ;
#486 = DIRECTION ( 'NONE',  ( 0.000000000000000000, -1.000000000000000000, 0.000000000000000000 ) ) ;
#487 = DIRECTION ( 'NONE',  ( 1.000000000000000000, 0.000000000000000000, 0.000000000000000000 ) ) ;
#488 = VECTOR ( 'NONE', #7830, 1000.000000000000000 ) ;
#489 = AXIS2_PLACEMENT_3D ( 'NONE', #370, #6597, #8812 ) ;
#490 = LINE ( 'NONE', #3308, #1233 ) ;
#491 =( NAMED_UNIT ( * ) SI_UNIT ( $, .STERADIAN. ) SOLID_ANGLE_UNIT ( ) );
#492 = PLANE ( 'NONE',  #5022 ) ;
#493 = ORIENTED_EDGE ( 'NONE', *, *, #1792, .F. ) ;
#494 = ORIENTED_EDGE ( 'NONE', *, *, #6662, .T. ) ;
#495 = DIRECTION ( 'NONE',  ( 4.396715779998432485E-81, -1.000000000000000000, -3.439160614977206978E-33 ) ) ;
#496 = CIRCLE ( 'NONE', #3872, 0.4000000000000001887 ) ;
#497 = CARTESIAN_POINT ( 'NONE',  ( 2.999999999999998224, 4.650000000000004796, 5.000000000000000000 ) ) ;
#498 = CARTESIAN_POINT ( 'NONE',  ( 3.000000000000000000, -4.750515463917523107, -1.600000000000000089 ) ) ;
#499 = EDGE_CURVE ( 'NONE', #239, #5489, #1280, .T. ) ;
#500 = VECTOR ( 'NONE', #3450, 1000.000000000000000 ) ;
#501 = DIRECTION ( 'NONE',  ( 7.211624427719317894E-17, 1.000000000000000000, -8.673617379884041389E-16 ) ) ;
#502 = ORIENTED_EDGE ( 'NONE', *, *, #2273, .F. ) ;
#503 = FACE_OUTER_BOUND ( 'NONE', #8337, .T. ) ;
#504 = DIRECTION ( 'NONE',  ( -1.000000000000000000, 0.000000000000000000, 0.000000000000000000 ) ) ;
#505 = VERTEX_POINT ( 'NONE', #6946 ) ;
#506 = ORIENTED_EDGE ( 'NONE', *, *, #958, .F. ) ;
#507 = AXIS2_PLACEMENT_3D ( 'NONE', #1077, #6707, #5273 ) ;
#508 = VECTOR ( 'NONE', #7993, 1000.000000000000000 ) ;
#509 = LINE ( 'NONE', #4880, #5441 ) ;
#510 = CARTESIAN_POINT ( 'NONE',  ( 4.900000000000000355, 4.349484536082479202, -4.299999999999999822 ) ) ;
#511 = EDGE_CURVE ( 'NONE', #2119, #2014, #6949, .T. ) ;
#512 = LINE ( 'NONE', #1887, #7990 ) ;
#513 = ADVANCED_FACE ( 'NONE', ( #634 ), #2662, .T. ) ;
#514 = VECTOR ( 'NONE', #6127, 1000.000000000000000 ) ;
#515 = AXIS2_PLACEMENT_3D ( 'NONE', #3377, #1893, #4802 ) ;
#516 = VERTEX_POINT ( 'NONE', #3396 ) ;
#517 = ORIENTED_EDGE ( 'NONE', *, *, #7167, .T. ) ;
#518 = ORIENTED_EDGE ( 'NONE', *, *, #4415, .T. ) ;
#519 = ORIENTED_EDGE ( 'NONE', *, *, #6773, .F. ) ;
#520 = DIRECTION ( 'NONE',  ( -1.794207403895423791E-16, 1.000000000000000000, 0.000000000000000000 ) ) ;
#521 = AXIS2_PLACEMENT_3D ( 'NONE', #6715, #7540, #6667 ) ;
#522 = DIRECTION ( 'NONE',  ( -0.000000000000000000, -0.000000000000000000, -1.000000000000000000 ) ) ;
#523 = DIRECTION ( 'NONE',  ( 0.000000000000000000, 0.000000000000000000, 1.000000000000000000 ) ) ;
#524 = EDGE_CURVE ( 'NONE', #8772, #4693, #6117, .T. ) ;
#525 = FACE_BOUND ( 'NONE', #2413, .T. ) ;
#526 = EDGE_CURVE ( 'NONE', #7471, #9051, #6205, .T. ) ;
#527 = DIRECTION ( 'NONE',  ( -1.000000000000000000, 0.000000000000000000, 0.000000000000000000 ) ) ;
#528 = EDGE_CURVE ( 'NONE', #7525, #6875, #2572, .T. ) ;
#529 = EDGE_CURVE ( 'NONE', #113, #8520, #1181, .T. ) ;
#530 = EDGE_LOOP ( 'NONE', ( #413, #915, #7619, #3655, #2775 ) ) ;
#531 = VECTOR ( 'NONE', #6940, 1000.000000000000000 ) ;
#532 = DIRECTION ( 'NONE',  ( 1.000000000000000000, 0.000000000000000000, 0.000000000000000000 ) ) ;
#533 = ORIENTED_EDGE ( 'NONE', *, *, #9086, .F. ) ;
#534 = ORIENTED_EDGE ( 'NONE', *, *, #3505, .T. ) ;
#535 = CARTESIAN_POINT ( 'NONE',  ( -3.000000000000000000, -4.750515463917523107, -1.600000000000000089 ) ) ;
#536 = PRODUCT_DEFINITION_SHAPE ( 'NONE', 'NONE',  #9131 ) ;
#537 = CARTESIAN_POINT ( 'NONE',  ( 5.238893727143786094, -1.550515463917522041, -8.400000000000000355 ) ) ;
#538 = DIRECTION ( 'NONE',  ( -1.000000000000000000, 0.000000000000000000, 0.000000000000000000 ) ) ;
#539 = DIRECTION ( 'NONE',  ( 1.000000000000000000, 0.000000000000000000, 0.000000000000000000 ) ) ;
#540 = SHAPE_REPRESENTATION_RELATIONSHIP ( 'NONE' , 'NONE' ,  #2116, #4184 ) ;
#541 = DIRECTION ( 'NONE',  ( 8.659560562354932858E-17, -0.7071067811865474617, 0.7071067811865474617 ) ) ;
#542 = ORIENTED_EDGE ( 'NONE', *, *, #644, .T. ) ;
#543 = ORIENTED_EDGE ( 'NONE', *, *, #1055, .T. ) ;
#544 = DIRECTION ( 'NONE',  ( 0.8778780114862311246, -2.187047340575287658E-16, 0.4788843252278996987 ) ) ;
#545 = DIRECTION ( 'NONE',  ( 0.000000000000000000, 0.000000000000000000, 1.000000000000000000 ) ) ;
#546 = PRESENTATION_STYLE_ASSIGNMENT (( #8797 ) ) ;
#547 = FACE_OUTER_BOUND ( 'NONE', #6867, .T. ) ;
#548 = DIRECTION ( 'NONE',  ( 0.000000000000000000, -1.000000000000000000, 0.000000000000000000 ) ) ;
#549 = ORIENTED_EDGE ( 'NONE', *, *, #4679, .T. ) ;
#550 = CARTESIAN_POINT ( 'NONE',  ( -3.261177379365211237, 10.20000000000000107, -0.5047000102205828620 ) ) ;
#551 = CARTESIAN_POINT ( 'NONE',  ( 2.900000000000000799, -6.700000000000000178, 0.000000000000000000 ) ) ;
#552 = EDGE_LOOP ( 'NONE', ( #16, #3463, #5060, #3962, #6686, #8866, #2440 ) ) ;
#553 = ORIENTED_EDGE ( 'NONE', *, *, #4633, .T. ) ;
#554 = ORIENTED_EDGE ( 'NONE', *, *, #1978, .T. ) ;
#555 = DIRECTION ( 'NONE',  ( 0.000000000000000000, 1.000000000000000000, 0.000000000000000000 ) ) ;
#556 = PLANE ( 'NONE',  #3435 ) ;
#557 = DIRECTION ( 'NONE',  ( -0.000000000000000000, -0.000000000000000000, -1.000000000000000000 ) ) ;
#558 = VERTEX_POINT ( 'NONE', #3310 ) ;
#559 = EDGE_CURVE ( 'NONE', #2492, #2746, #8934, .T. ) ;
#560 = VERTEX_POINT ( 'NONE', #8605 ) ;
#561 = ORIENTED_EDGE ( 'NONE', *, *, #2315, .T. ) ;
#562 = ORIENTED_EDGE ( 'NONE', *, *, #810, .T. ) ;
#563 = PLANE ( 'NONE',  #5671 ) ;
#564 = LINE ( 'NONE', #4209, #6466 ) ;
#565 = DIRECTION ( 'NONE',  ( 0.000000000000000000, 0.000000000000000000, 1.000000000000000000 ) ) ;
#566 = LINE ( 'NONE', #6287, #1474 ) ;
#567 = PLANE ( 'NONE',  #3127 ) ;
#568 = EDGE_LOOP ( 'NONE', ( #1160, #7709, #2095, #5200 ) ) ;
#569 = EDGE_CURVE ( 'NONE', #3020, #307, #6395, .T. ) ;
#570 = ORIENTED_EDGE ( 'NONE', *, *, #2547, .T. ) ;
#571 = DIRECTION ( 'NONE',  ( 0.000000000000000000, 0.000000000000000000, -1.000000000000000000 ) ) ;
#572 = VERTEX_POINT ( 'NONE', #4178 ) ;
#573 = EDGE_CURVE ( 'NONE', #4607, #5765, #160, .T. ) ;
#574 = VERTEX_POINT ( 'NONE', #3491 ) ;
#575 = AXIS2_PLACEMENT_3D ( 'NONE', #4708, #7527, #4024 ) ;
#576 = EDGE_CURVE ( 'NONE', #5399, #3538, #3531, .T. ) ;
#577 = DIRECTION ( 'NONE',  ( 1.000000000000000000, 0.000000000000000000, 0.000000000000000000 ) ) ;
#578 = CARTESIAN_POINT ( 'NONE',  ( 4.900000000000001243, -5.150515463917521686, -4.900000000000009237 ) ) ;
#579 = DIRECTION ( 'NONE',  ( -0.000000000000000000, -1.000000000000000000, -0.000000000000000000 ) ) ;
#580 = DIRECTION ( 'NONE',  ( -1.734723475976805517E-15, 0.000000000000000000, 1.000000000000000000 ) ) ;
#581 = VECTOR ( 'NONE', #2211, 1000.000000000000000 ) ;
#582 = FACE_OUTER_BOUND ( 'NONE', #1523, .T. ) ;
#583 = EDGE_CURVE ( 'NONE', #5046, #2766, #6994, .T. ) ;
#584 = ORIENTED_EDGE ( 'NONE', *, *, #2160, .T. ) ;
#585 = VERTEX_POINT ( 'NONE', #5651 ) ;
#586 = PLANE ( 'NONE',  #5309 ) ;
#587 = LINE ( 'NONE', #4778, #3011 ) ;
#588 = DIRECTION ( 'NONE',  ( 1.000000000000000000, 0.000000000000000000, 0.000000000000000000 ) ) ;
#589 = AXIS2_PLACEMENT_3D ( 'NONE', #1783, #4598, #1102 ) ;
#590 = DIRECTION ( 'NONE',  ( 0.000000000000000000, 1.000000000000000000, 0.000000000000000000 ) ) ;
#591 = PRODUCT_RELATED_PRODUCT_CATEGORY ( 'part', '', ( #7304 ) ) ;
#592 = CARTESIAN_POINT ( 'NONE',  ( 1.899999999999996358, -4.200000000000000178, 0.1000000000000000056 ) ) ;
#593 = DIRECTION ( 'NONE',  ( 0.000000000000000000, 1.000000000000000000, 0.000000000000000000 ) ) ;
#594 = VERTEX_POINT ( 'NONE', #7134 ) ;
#595 = PLANE ( 'NONE',  #1534 ) ;
#596 = FACE_OUTER_BOUND ( 'NONE', #7386, .T. ) ;
#597 = VERTEX_POINT ( 'NONE', #2153 ) ;
#598 = ORIENTED_EDGE ( 'NONE', *, *, #1082, .T. ) ;
#599 = AXIS2_PLACEMENT_3D ( 'NONE', #4729, #8330, #6120 ) ;
#600 = DIRECTION ( 'NONE',  ( -2.491288438666622515E-16, -1.000000000000000000, 3.469446951953610738E-16 ) ) ;
#601 = DIRECTION ( 'NONE',  ( 0.000000000000000000, 0.000000000000000000, 1.000000000000000000 ) ) ;
#602 = DIRECTION ( 'NONE',  ( 0.000000000000000000, 0.000000000000000000, -1.000000000000000000 ) ) ;
#603 = CARTESIAN_POINT ( 'NONE',  ( -5.238893727143770107, -1.550515463917520709, -8.400000000000009237 ) ) ;
#604 = ORIENTED_EDGE ( 'NONE', *, *, #4995, .F. ) ;
#605 = AXIS2_PLACEMENT_3D ( 'NONE', #5233, #3036, #1723 ) ;
#606 = CLOSED_SHELL ( 'NONE', ( #2094, #5010, #2839, #8649, #1129, #5750, #5917, #2723, #4806, #684, #2655, #6762, #2288 ) ) ;
#607 = ORIENTED_EDGE ( 'NONE', *, *, #4515, .F. ) ;
#608 = ORIENTED_EDGE ( 'NONE', *, *, #2836, .T. ) ;
#609 = ORIENTED_EDGE ( 'NONE', *, *, #393, .T. ) ;
#610 = CYLINDRICAL_SURFACE ( 'NONE', #1833, 0.4000000000000001887 ) ;
#611 = DIRECTION ( 'NONE',  ( 1.000000000000000000, 0.000000000000000000, 0.000000000000000000 ) ) ;
#612 = DIRECTION ( 'NONE',  ( 1.000000000000000000, 0.000000000000000000, 0.000000000000000000 ) ) ;
#613 = FACE_BOUND ( 'NONE', #7991, .T. ) ;
#614 = VECTOR ( 'NONE', #538, 1000.000000000000000 ) ;
#615 = EDGE_CURVE ( 'NONE', #7465, #7894, #7685, .T. ) ;
#616 = VECTOR ( 'NONE', #212, 1000.000000000000000 ) ;
#617 = DIRECTION ( 'NONE',  ( -0.000000000000000000, -0.000000000000000000, -1.000000000000000000 ) ) ;
#618 = ORIENTED_EDGE ( 'NONE', *, *, #6388, .F. ) ;
#619 = EDGE_LOOP ( 'NONE', ( #9021, #2870, #6300, #1083 ) ) ;
#620 = EDGE_LOOP ( 'NONE', ( #6310, #6401, #6104, #1714 ) ) ;
#621 = CARTESIAN_POINT ( 'NONE',  ( -4.400000000000002132, 0.000000000000000000, 0.000000000000000000 ) ) ;
#622 = EDGE_LOOP ( 'NONE', ( #4975, #1067, #6453, #5306 ) ) ;
#623 = ORIENTED_EDGE ( 'NONE', *, *, #8066, .T. ) ;
#624 = CARTESIAN_POINT ( 'NONE',  ( 2.100000000000000089, -6.699999999999999289, -1.349999999999999867 ) ) ;
#625 = CARTESIAN_POINT ( 'NONE',  ( -1.749999999999999778, -6.700000000000000178, 1.100000000000000089 ) ) ;
#626 = EDGE_CURVE ( 'NONE', #7894, #6396, #3706, .T. ) ;
#627 = LINE ( 'NONE', #1410, #311 ) ;
#628 = CIRCLE ( 'NONE', #7698, 3.850000000000000089 ) ;
#629 = VECTOR ( 'NONE', #8215, 1000.000000000000000 ) ;
#630 = ADVANCED_FACE ( 'NONE', ( #121 ), #1500, .T. ) ;
#631 = EDGE_CURVE ( 'NONE', #8256, #1803, #4909, .T. ) ;
#632 = APPLICATION_PROTOCOL_DEFINITION ( 'draft international standard', 'automotive_design', 1998, #2519 ) ;
#633 = EDGE_CURVE ( 'NONE', #8064, #3667, #8462, .T. ) ;
#634 = FACE_OUTER_BOUND ( 'NONE', #3949, .T. ) ;
#635 = ORIENTED_EDGE ( 'NONE', *, *, #2277, .F. ) ;
#636 = ORIENTED_EDGE ( 'NONE', *, *, #631, .F. ) ;
#637 = DIRECTION ( 'NONE',  ( 0.000000000000000000, 0.000000000000000000, 1.000000000000000000 ) ) ;
#638 = DIRECTION ( 'NONE',  ( 8.850629979473506011E-17, 1.000000000000000000, 0.000000000000000000 ) ) ;
#639 = VECTOR ( 'NONE', #2064, 1000.000000000000000 ) ;
#640 = VECTOR ( 'NONE', #6037, 1000.000000000000000 ) ;
#641 = LINE ( 'NONE', #2853, #8320 ) ;
#642 = ADVANCED_FACE ( 'NONE', ( #7775 ), #2798, .F. ) ;
#643 = FACE_OUTER_BOUND ( 'NONE', #2915, .T. ) ;
#644 = EDGE_CURVE ( 'NONE', #6193, #5521, #1454, .T. ) ;
#645 = EDGE_LOOP ( 'NONE', ( #7701, #2241, #3101, #258 ) ) ;
#646 = DIRECTION ( 'NONE',  ( 0.000000000000000000, 0.000000000000000000, 1.000000000000000000 ) ) ;
#647 = PLANE ( 'NONE',  #1927 ) ;
#648 = VECTOR ( 'NONE', #3619, 1000.000000000000000 ) ;
#649 = ORIENTED_EDGE ( 'NONE', *, *, #7172, .F. ) ;
#650 = ORIENTED_EDGE ( 'NONE', *, *, #2044, .F. ) ;
#651 = ORIENTED_EDGE ( 'NONE', *, *, #2609, .T. ) ;
#652 = CIRCLE ( 'NONE', #5796, 0.6750000000000002665 ) ;
#653 = DIRECTION ( 'NONE',  ( 8.850629979473506011E-17, 1.000000000000000000, 0.000000000000000000 ) ) ;
#654 = CARTESIAN_POINT ( 'NONE',  ( -4.899999999999995026, -5.150515463917520798, -6.800000000000009592 ) ) ;
#655 = CARTESIAN_POINT ( 'NONE',  ( 0.000000000000000000, 10.20000000000000107, -0.5047000102205828620 ) ) ;
#656 = DIRECTION ( 'NONE',  ( 0.000000000000000000, 1.000000000000000000, 0.000000000000000000 ) ) ;
#657 = ORIENTED_EDGE ( 'NONE', *, *, #4062, .T. ) ;
#658 = ORIENTED_EDGE ( 'NONE', *, *, #2328, .F. ) ;
#659 = VECTOR ( 'NONE', #1699, 1000.000000000000000 ) ;
#660 = ORIENTED_EDGE ( 'NONE', *, *, #6087, .F. ) ;
#661 = CARTESIAN_POINT ( 'NONE',  ( 4.500000000000002665, 1.349484536082478980, 1.046690729826380689E-31 ) ) ;
#662 = CARTESIAN_POINT ( 'NONE',  ( 2.500000000000000000, -6.700000000000000178, -1.350000000000000089 ) ) ;
#663 = FACE_OUTER_BOUND ( 'NONE', #9127, .T. ) ;
#664 = CARTESIAN_POINT ( 'NONE',  ( 0.000000000000000000, 13.19999999998344720, 0.000000000000000000 ) ) ;
#665 =( GEOMETRIC_REPRESENTATION_CONTEXT ( 3 ) GLOBAL_UNCERTAINTY_ASSIGNED_CONTEXT ( ( #482 ) ) GLOBAL_UNIT_ASSIGNED_CONTEXT ( ( #1775, #2521, #491 ) ) REPRESENTATION_CONTEXT ( 'NONE', 'WORKASPACE' ) );
#666 = VECTOR ( 'NONE', #1237, 1000.000000000000000 ) ;
#667 = CARTESIAN_POINT ( 'NONE',  ( 1.342230922150143391, 8.900000000000000355, -3.014700010220582538 ) ) ;
#668 = VERTEX_POINT ( 'NONE', #4262 ) ;
#669 = ORIENTED_EDGE ( 'NONE', *, *, #8336, .T. ) ;
#670 = ORIENTED_EDGE ( 'NONE', *, *, #7856, .F. ) ;
#671 = CARTESIAN_POINT ( 'NONE',  ( -1.000000000000000000, 3.804101966249689326, 4.299999999999999822 ) ) ;
#672 = VECTOR ( 'NONE', #4917, 1000.000000000000000 ) ;
#673 = VERTEX_POINT ( 'NONE', #2103 ) ;
#674 = EDGE_CURVE ( 'NONE', #2650, #7786, #2192, .T. ) ;
#675 = DIRECTION ( 'NONE',  ( 1.000000000000000000, 0.000000000000000000, 0.000000000000000000 ) ) ;
#676 = DIRECTION ( 'NONE',  ( 0.000000000000000000, 0.000000000000000000, 1.000000000000000000 ) ) ;
#677 = CARTESIAN_POINT ( 'NONE',  ( -0.4999999999999997780, 11.49999999999999645, 1.500000000000000000 ) ) ;
#678 = VECTOR ( 'NONE', #3391, 1000.000000000000000 ) ;
#679 = CARTESIAN_POINT ( 'NONE',  ( -3.000000000000000000, 3.649484536082479469, 0.4000000000000000222 ) ) ;
#680 = AXIS2_PLACEMENT_3D ( 'NONE', #6614, #295, #2733 ) ;
#681 = CARTESIAN_POINT ( 'NONE',  ( 4.399999999999998579, -5.949999999999998401, 5.000000000000000000 ) ) ;
#682 = ORIENTED_EDGE ( 'NONE', *, *, #3006, .F. ) ;
#683 = CARTESIAN_POINT ( 'NONE',  ( 0.000000000000000000, -2.050000000000001155, 0.000000000000000000 ) ) ;
#684 = ADVANCED_FACE ( 'NONE', ( #764 ), #814, .F. ) ;
#685 = CARTESIAN_POINT ( 'NONE',  ( -3.261177379365211237, 10.90000000000000036, -0.5047000102205828620 ) ) ;
#686 = CARTESIAN_POINT ( 'NONE',  ( 4.500000000000002665, 2.449484536082478847, -5.900000000000000355 ) ) ;
#687 = ORIENTED_EDGE ( 'NONE', *, *, #1899, .T. ) ;
#688 = CARTESIAN_POINT ( 'NONE',  ( 0.000000000000000000, 6.000000000000000000, 0.000000000000000000 ) ) ;
#689 = VERTEX_POINT ( 'NONE', #3624 ) ;
#690 = ORIENTED_EDGE ( 'NONE', *, *, #2029, .F. ) ;
#691 = EDGE_CURVE ( 'NONE', #5147, #7470, #7821, .T. ) ;
#692 = ORIENTED_EDGE ( 'NONE', *, *, #6527, .T. ) ;
#693 = ADVANCED_FACE ( 'NONE', ( #8552 ), #2238, .F. ) ;
#694 = ORIENTED_EDGE ( 'NONE', *, *, #8524, .T. ) ;
#695 = EDGE_CURVE ( 'NONE', #5990, #4179, #4362, .T. ) ;
#696 = ADVANCED_FACE ( 'NONE', ( #991 ), #5877, .T. ) ;
#697 = CARTESIAN_POINT ( 'NONE',  ( 4.500000000000003553, 4.849484536082480091, 0.4000000000000065170 ) ) ;
#698 = DIRECTION ( 'NONE',  ( 0.000000000000000000, 0.000000000000000000, 1.000000000000000000 ) ) ;
#699 = CARTESIAN_POINT ( 'NONE',  ( 4.500000000000002665, 4.349484536082479202, 0.4000000000000000222 ) ) ;
#700 = CARTESIAN_POINT ( 'NONE',  ( -4.900000000000000355, 4.349484536082479202, -4.900000000000009237 ) ) ;
#701 = ORIENTED_EDGE ( 'NONE', *, *, #528, .T. ) ;
#702 = FACE_OUTER_BOUND ( 'NONE', #3948, .T. ) ;
#703 = FACE_OUTER_BOUND ( 'NONE', #4116, .T. ) ;
#704 = CARTESIAN_POINT ( 'NONE',  ( -4.499999999999992895, -3.950515463917520620, -4.300000000000008704 ) ) ;
#705 = CARTESIAN_POINT ( 'NONE',  ( 2.600000000000000533, 0.5000000000000004441, 1.500000000000000000 ) ) ;
#706 = FACE_OUTER_BOUND ( 'NONE', #4855, .T. ) ;
#707 = ORIENTED_EDGE ( 'NONE', *, *, #2789, .F. ) ;
#708 = EDGE_LOOP ( 'NONE', ( #5323, #4553, #5119, #1154 ) ) ;
#709 = CARTESIAN_POINT ( 'NONE',  ( 4.500000000000002665, 2.449484536082478847, -5.900000000000000355 ) ) ;
#710 = ORIENTED_EDGE ( 'NONE', *, *, #5190, .T. ) ;
#711 = CARTESIAN_POINT ( 'NONE',  ( -3.400000000000003464, -0.05202383709185157135, 0.5000000000000000000 ) ) ;
#712 = DIRECTION ( 'NONE',  ( 1.000000000000000000, 0.000000000000000000, 0.000000000000000000 ) ) ;
#713 = DIRECTION ( 'NONE',  ( 0.000000000000000000, 0.000000000000000000, 1.000000000000000000 ) ) ;
#714 = PRESENTATION_STYLE_ASSIGNMENT (( #9017 ) ) ;
#715 = APPLICATION_PROTOCOL_DEFINITION ( 'draft international standard', 'automotive_design', 1998, #5642 ) ;
#716 = CARTESIAN_POINT ( 'NONE',  ( 2.500000000000000000, -6.700000000000000178, -1.350000000000000089 ) ) ;
#717 = ORIENTED_EDGE ( 'NONE', *, *, #2266, .T. ) ;
#718 = ORIENTED_EDGE ( 'NONE', *, *, #3288, .F. ) ;
#719 = CARTESIAN_POINT ( 'NONE',  ( -4.500000000000002665, -3.540251991789402774E-17, -8.673617379884035472E-15 ) ) ;
#720 = CARTESIAN_POINT ( 'NONE',  ( -4.899999999999997691, -5.150515463917520798, -4.300000000000009592 ) ) ;
#721 = CARTESIAN_POINT ( 'NONE',  ( 1.899999999999998801, 3.600000000000003197, 0.1000000000000000056 ) ) ;
#722 = AXIS2_PLACEMENT_3D ( 'NONE', #5491, #1985, #2730 ) ;
#723 = FACE_OUTER_BOUND ( 'NONE', #7087, .T. ) ;
#724 = EDGE_CURVE ( 'NONE', #3870, #1415, #4443, .T. ) ;
#725 = ORIENTED_EDGE ( 'NONE', *, *, #754, .T. ) ;
#726 = LINE ( 'NONE', #5003, #5375 ) ;
#727 = LINE ( 'NONE', #2300, #5468 ) ;
#728 = VERTEX_POINT ( 'NONE', #7268 ) ;
#729 = DIRECTION ( 'NONE',  ( -0.000000000000000000, -9.293161478447175580E-18, -1.000000000000000000 ) ) ;
#730 = AXIS2_PLACEMENT_3D ( 'NONE', #4686, #2626, #6166 ) ;
#731 = ORIENTED_EDGE ( 'NONE', *, *, #1639, .T. ) ;
#732 = ORIENTED_EDGE ( 'NONE', *, *, #3732, .F. ) ;
#733 = PLANE ( 'NONE',  #6173 ) ;
#734 = CYLINDRICAL_SURFACE ( 'NONE', #7706, 0.9000000000000002442 ) ;
#735 = EDGE_CURVE ( 'NONE', #3725, #2599, #3801, .T. ) ;
#736 = DIRECTION ( 'NONE',  ( 0.000000000000000000, 0.000000000000000000, -1.000000000000000000 ) ) ;
#737 = DIRECTION ( 'NONE',  ( 0.000000000000000000, 1.000000000000000000, 0.000000000000000000 ) ) ;
#738 = EDGE_CURVE ( 'NONE', #2985, #7525, #947, .T. ) ;
#739 = ADVANCED_FACE ( 'NONE', ( #3711 ), #8691, .T. ) ;
#740 = ORIENTED_EDGE ( 'NONE', *, *, #245, .F. ) ;
#741 = EDGE_LOOP ( 'NONE', ( #1955, #1864 ) ) ;
#742 = AXIS2_PLACEMENT_3D ( 'NONE', #2393, #1780, #2476 ) ;
#743 = LINE ( 'NONE', #5073, #4337 ) ;
#744 = CARTESIAN_POINT ( 'NONE',  ( -4.900000000000001243, 4.349484536082480091, 0.000000000000000000 ) ) ;
#745 = CARTESIAN_POINT ( 'NONE',  ( 2.999999999999998224, -3.750000000000000000, 5.000000000000000000 ) ) ;
#746 = DIRECTION ( 'NONE',  ( 0.4226182617407018283, 0.000000000000000000, -0.9063077870366488265 ) ) ;
#747 = EDGE_CURVE ( 'NONE', #4140, #7893, #1630, .T. ) ;
#748 = DIRECTION ( 'NONE',  ( 8.850629979473506011E-17, -1.000000000000000000, 0.000000000000000000 ) ) ;
#749 = VECTOR ( 'NONE', #260, 1000.000000000000000 ) ;
#750 = AXIS2_PLACEMENT_3D ( 'NONE', #3412, #6961, #8339 ) ;
#751 = ORIENTED_EDGE ( 'NONE', *, *, #5307, .F. ) ;
#752 = ORIENTED_EDGE ( 'NONE', *, *, #3991, .T. ) ;
#753 = CARTESIAN_POINT ( 'NONE',  ( 0.4500000000000000111, 0.4500000000000040079, 2.500000000000000000 ) ) ;
#754 = EDGE_CURVE ( 'NONE', #8572, #3545, #6526, .T. ) ;
#755 = ORIENTED_EDGE ( 'NONE', *, *, #3069, .T. ) ;
#756 = DIRECTION ( 'NONE',  ( 0.000000000000000000, 0.000000000000000000, -1.000000000000000000 ) ) ;
#757 = MECHANICAL_DESIGN_GEOMETRIC_PRESENTATION_REPRESENTATION (  '', ( #7530 ), #1782 ) ;
#758 = CARTESIAN_POINT ( 'NONE',  ( 0.000000000000000000, -0.5505154639175203757, 0.4000000000000001887 ) ) ;
#759 = DIRECTION ( 'NONE',  ( -8.850629979473506011E-17, 1.000000000000000000, 0.000000000000000000 ) ) ;
#760 = VECTOR ( 'NONE', #4193, 1000.000000000000000 ) ;
#761 = DIRECTION ( 'NONE',  ( -4.321696539984586007E-32, -1.734723475976810053E-16, 1.000000000000000000 ) ) ;
#762 = CARTESIAN_POINT ( 'NONE',  ( 2.600000000000000533, -2.035644895278906395E-16, -5.300000000000009592 ) ) ;
#763 = DIRECTION ( 'NONE',  ( -1.000000000000000000, 0.000000000000000000, 0.000000000000000000 ) ) ;
#764 = FACE_OUTER_BOUND ( 'NONE', #5636, .T. ) ;
#765 = VECTOR ( 'NONE', #7717, 1000.000000000000000 ) ;
#766 = VECTOR ( 'NONE', #1644, 1000.000000000000000 ) ;
#767 = VERTEX_POINT ( 'NONE', #259 ) ;
#768 = ORIENTED_EDGE ( 'NONE', *, *, #790, .F. ) ;
#769 = CARTESIAN_POINT ( 'NONE',  ( -4.500000000000002665, 4.849484536082480091, -8.673617379884035472E-15 ) ) ;
#770 = LINE ( 'NONE', #167, #62 ) ;
#771 = FILL_AREA_STYLE_COLOUR ( '', #5677 ) ;
#772 = DIRECTION ( 'NONE',  ( 0.000000000000000000, 0.000000000000000000, -1.000000000000000000 ) ) ;
#773 = LINE ( 'NONE', #2249, #7582 ) ;
#774 = LINE ( 'NONE', #4323, #1202 ) ;
#775 = AXIS2_PLACEMENT_3D ( 'NONE', #136, #913, #8662 ) ;
#776 = ORIENTED_EDGE ( 'NONE', *, *, #2544, .F. ) ;
#777 = DIRECTION ( 'NONE',  ( 0.000000000000000000, 0.000000000000000000, -1.000000000000000000 ) ) ;
#778 = AXIS2_PLACEMENT_3D ( 'NONE', #879, #8397, #2782 ) ;
#779 = LINE ( 'NONE', #7927, #7254 ) ;
#780 = EDGE_LOOP ( 'NONE', ( #7803, #7988, #3880, #1162, #3964, #4852, #8532 ) ) ;
#781 = EDGE_CURVE ( 'NONE', #6823, #5243, #3075, .T. ) ;
#782 = DIRECTION ( 'NONE',  ( 0.000000000000000000, -1.000000000000000000, 0.000000000000000000 ) ) ;
#783 = FACE_OUTER_BOUND ( 'NONE', #8636, .T. ) ;
#784 = VECTOR ( 'NONE', #698, 1000.000000000000000 ) ;
#785 = DIRECTION ( 'NONE',  ( 1.000000000000000000, 0.000000000000000000, 0.000000000000000000 ) ) ;
#786 = DIRECTION ( 'NONE',  ( 0.000000000000000000, 1.000000000000000000, 0.000000000000000000 ) ) ;
#787 = VERTEX_POINT ( 'NONE', #4400 ) ;
#788 = ORIENTED_EDGE ( 'NONE', *, *, #8863, .T. ) ;
#789 = VECTOR ( 'NONE', #6809, 1000.000000000000000 ) ;
#790 = EDGE_CURVE ( 'NONE', #6618, #421, #7220, .T. ) ;
#791 = CARTESIAN_POINT ( 'NONE',  ( 3.035766082959412415E-15, 0.4500000000000093925, 0.5000000000000000000 ) ) ;
#792 = LINE ( 'NONE', #838, #5435 ) ;
#793 = CARTESIAN_POINT ( 'NONE',  ( -1.734723475976807094E-15, 0.4500000000000040079, 5.000000000000000000 ) ) ;
#794 = DIRECTION ( 'NONE',  ( 1.000000000000000000, 0.000000000000000000, 0.000000000000000000 ) ) ;
#795 = EDGE_CURVE ( 'NONE', #1892, #7969, #5714, .T. ) ;
#796 = CARTESIAN_POINT ( 'NONE',  ( 3.000000000000000000, 3.649484536082479469, 0.4000000000000000222 ) ) ;
#797 = VECTOR ( 'NONE', #4219, 1000.000000000000000 ) ;
#798 = ORIENTED_EDGE ( 'NONE', *, *, #3906, .T. ) ;
#799 = EDGE_LOOP ( 'NONE', ( #3980, #1567, #4661, #6807 ) ) ;
#800 = LINE ( 'NONE', #18, #3111 ) ;
#801 = ORIENTED_EDGE ( 'NONE', *, *, #1697, .F. ) ;
#802 = EDGE_CURVE ( 'NONE', #4830, #1224, #5618, .T. ) ;
#803 = CARTESIAN_POINT ( 'NONE',  ( 2.349999999999998312, 4.650000000000004796, 5.599999999999999645 ) ) ;
#804 = AXIS2_PLACEMENT_3D ( 'NONE', #8613, #956, #3083 ) ;
#805 = AXIS2_PLACEMENT_3D ( 'NONE', #190, #4340, #2919 ) ;
#806 = DIRECTION ( 'NONE',  ( -1.000000000000000000, 1.445602896647339163E-16, 0.000000000000000000 ) ) ;
#807 = EDGE_CURVE ( 'NONE', #5230, #6874, #3592, .T. ) ;
#808 = CARTESIAN_POINT ( 'NONE',  ( -1.900000000000001910, -2.700000000000000622, 0.1000000000000000056 ) ) ;
#809 = ADVANCED_FACE ( 'NONE', ( #2120 ), #7235, .F. ) ;
#810 = EDGE_CURVE ( 'NONE', #932, #2756, #6800, .T. ) ;
#811 = DIRECTION ( 'NONE',  ( -0.000000000000000000, -1.000000000000000000, -0.000000000000000000 ) ) ;
#812 = CARTESIAN_POINT ( 'NONE',  ( 5.538016780164206843, 0.4494845360824787361, -8.133954347177770217 ) ) ;
#813 = LINE ( 'NONE', #6436, #5210 ) ;
#814 = PLANE ( 'NONE',  #4146 ) ;
#815 = STYLED_ITEM ( 'NONE', ( #546 ), #5102 ) ;
#816 = ORIENTED_EDGE ( 'NONE', *, *, #6901, .T. ) ;
#817 = VERTEX_POINT ( 'NONE', #5749 ) ;
#818 = CARTESIAN_POINT ( 'NONE',  ( 0.000000000000000000, -0.5505154639175203757, 0.4000000000000001887 ) ) ;
#819 = LINE ( 'NONE', #4448, #3741 ) ;
#820 = DIRECTION ( 'NONE',  ( 0.000000000000000000, 1.000000000000000000, 0.000000000000000000 ) ) ;
#821 = ORIENTED_EDGE ( 'NONE', *, *, #2311, .T. ) ;
#822 = VECTOR ( 'NONE', #5422, 1000.000000000000000 ) ;
#823 = CARTESIAN_POINT ( 'NONE',  ( 3.399999999999998135, -0.05000000000000100198, 0.5000000000000000000 ) ) ;
#824 = FACE_BOUND ( 'NONE', #1619, .T. ) ;
#825 = DIRECTION ( 'NONE',  ( 1.000000000000000000, 0.000000000000000000, 0.000000000000000000 ) ) ;
#826 = ORIENTED_EDGE ( 'NONE', *, *, #6073, .T. ) ;
#827 = CARTESIAN_POINT ( 'NONE',  ( 0.000000000000000000, 8.900000000000000355, 0.000000000000000000 ) ) ;
#828 = AXIS2_PLACEMENT_3D ( 'NONE', #537, #7635, #2703 ) ;
#829 = PLANE ( 'NONE',  #8877 ) ;
#830 = ORIENTED_EDGE ( 'NONE', *, *, #5752, .F. ) ;
#831 = DIRECTION ( 'NONE',  ( 1.000000000000000000, 1.495451272393799296E-16, 0.000000000000000000 ) ) ;
#832 = CARTESIAN_POINT ( 'NONE',  ( -0.4999999999999997780, 11.70000000000000462, 1.500000000000000000 ) ) ;
#833 = FACE_OUTER_BOUND ( 'NONE', #7720, .T. ) ;
#834 = EDGE_LOOP ( 'NONE', ( #4416, #2448, #2409, #2500 ) ) ;
#835 = ORIENTED_EDGE ( 'NONE', *, *, #2533, .F. ) ;
#836 = ORIENTED_EDGE ( 'NONE', *, *, #2305, .T. ) ;
#837 = LINE ( 'NONE', #2269, #7587 ) ;
#838 = CARTESIAN_POINT ( 'NONE',  ( 0.000000000000000000, 5.950000000000003730, 0.000000000000000000 ) ) ;
#839 = LINE ( 'NONE', #3606, #1222 ) ;
#840 = CARTESIAN_POINT ( 'NONE',  ( 0.8032336497292296151, 11.70000000000000462, -2.404700010220583106 ) ) ;
#841 = LINE ( 'NONE', #3564, #1208 ) ;
#842 = EDGE_CURVE ( 'NONE', #6835, #1427, #1050, .T. ) ;
#843 = ORIENTED_EDGE ( 'NONE', *, *, #8784, .T. ) ;
#844 = VERTEX_POINT ( 'NONE', #912 ) ;
#845 = CARTESIAN_POINT ( 'NONE',  ( -0.4499999999999999556, -3.625230054855794748, 2.500000000000000000 ) ) ;
#846 = EDGE_LOOP ( 'NONE', ( #5158, #6898, #635, #1357 ) ) ;
#847 = DIRECTION ( 'NONE',  ( -2.551063935260010491E-16, 1.000000000000000000, 0.000000000000000000 ) ) ;
#848 = FACE_OUTER_BOUND ( 'NONE', #6237, .T. ) ;
#849 = CARTESIAN_POINT ( 'NONE',  ( -2.600000000000000533, 4.049484536082479380, -5.300000000000009592 ) ) ;
#850 = CARTESIAN_POINT ( 'NONE',  ( -4.500000000000003553, -5.450515463917522396, -8.673617379884035472E-15 ) ) ;
#851 = DIRECTION ( 'NONE',  ( 0.001026138167772244888, 0.000000000000000000, 0.9999994735200917750 ) ) ;
#852 = CARTESIAN_POINT ( 'NONE',  ( -2.291287847475519612, 1.200081081850012845E-13, 1.000000000000115907 ) ) ;
#853 = EDGE_CURVE ( 'NONE', #7436, #7486, #866, .T. ) ;
#854 = DIRECTION ( 'NONE',  ( 0.000000000000000000, -1.000000000000000000, 0.000000000000000000 ) ) ;
#855 = ADVANCED_FACE ( 'NONE', ( #3679 ), #7191, .F. ) ;
#856 = EDGE_CURVE ( 'NONE', #3571, #2873, #8430, .T. ) ;
#857 = ORIENTED_EDGE ( 'NONE', *, *, #6272, .F. ) ;
#858 = DIRECTION ( 'NONE',  ( -1.000000000000000000, 0.000000000000000000, 0.000000000000000000 ) ) ;
#859 = CARTESIAN_POINT ( 'NONE',  ( 0.2999999999999997669, 11.70000000000000462, 0.000000000000000000 ) ) ;
#860 = LINE ( 'NONE', #7962, #2734 ) ;
#861 = DIRECTION ( 'NONE',  ( 1.251002506714043540E-16, 0.000000000000000000, -1.000000000000000000 ) ) ;
#862 = AXIS2_PLACEMENT_3D ( 'NONE', #1304, #8221, #6285 ) ;
#863 = DIRECTION ( 'NONE',  ( 0.000000000000000000, 1.000000000000000000, 0.000000000000000000 ) ) ;
#864 = CARTESIAN_POINT ( 'NONE',  ( 4.900000000000000355, 2.449484536082478847, -5.900000000000000355 ) ) ;
#865 = VERTEX_POINT ( 'NONE', #175 ) ;
#866 = LINE ( 'NONE', #2169, #3121 ) ;
#867 = DIRECTION ( 'NONE',  ( 1.000000000000000000, 0.000000000000000000, 0.000000000000000000 ) ) ;
#868 = ADVANCED_FACE ( 'NONE', ( #1512 ), #4234, .T. ) ;
#869 = EDGE_LOOP ( 'NONE', ( #3779, #429, #4507, #5576, #4656, #8652, #6110, #1600, #1106, #8250 ) ) ;
#870 = VECTOR ( 'NONE', #2964, 1000.000000000000000 ) ;
#871 = DIRECTION ( 'NONE',  ( -0.000000000000000000, -1.000000000000000000, -0.000000000000000000 ) ) ;
#872 = CARTESIAN_POINT ( 'NONE',  ( 4.500000000000002665, 3.982783490763078137E-16, 0.000000000000000000 ) ) ;
#873 = PLANE ( 'NONE',  #3040 ) ;
#874 = ORIENTED_EDGE ( 'NONE', *, *, #2612, .T. ) ;
#875 = VECTOR ( 'NONE', #4241, 1000.000000000000000 ) ;
#876 = VERTEX_POINT ( 'NONE', #4413 ) ;
#877 = CARTESIAN_POINT ( 'NONE',  ( 3.250000000000000888, -5.549999999999999822, 1.000000000000000000 ) ) ;
#878 = CARTESIAN_POINT ( 'NONE',  ( -1.479999999999999982, 10.90000000000000036, 0.4999999999999998890 ) ) ;
#879 = CARTESIAN_POINT ( 'NONE',  ( -3.000000000000000000, 3.649484536082479469, -1.600000000000000089 ) ) ;
#880 = AXIS2_PLACEMENT_3D ( 'NONE', #7553, #1238, #2669 ) ;
#881 = LINE ( 'NONE', #1707, #8428 ) ;
#882 = CYLINDRICAL_SURFACE ( 'NONE', #1938, 3.850000000000000089 ) ;
#883 = ORIENTED_EDGE ( 'NONE', *, *, #7388, .F. ) ;
#884 = ORIENTED_EDGE ( 'NONE', *, *, #6113, .T. ) ;
#885 = LINE ( 'NONE', #3699, #6792 ) ;
#886 = ORIENTED_EDGE ( 'NONE', *, *, #5424, .F. ) ;
#887 = ORIENTED_EDGE ( 'NONE', *, *, #6216, .T. ) ;
#888 = FACE_BOUND ( 'NONE', #990, .T. ) ;
#889 = CARTESIAN_POINT ( 'NONE',  ( 2.600000000000000533, -3.950515463917520620, -4.900000000000010125 ) ) ;
#890 = LINE ( 'NONE', #7176, #6974 ) ;
#891 = EDGE_CURVE ( 'NONE', #8488, #327, #2234, .T. ) ;
#892 = DIRECTION ( 'NONE',  ( 0.000000000000000000, 0.000000000000000000, -1.000000000000000000 ) ) ;
#893 = AXIS2_PLACEMENT_3D ( 'NONE', #8015, #3856, #6676 ) ;
#894 = SURFACE_STYLE_FILL_AREA ( #4949 ) ;
#895 = DIRECTION ( 'NONE',  ( 1.000000000000000000, 0.000000000000000000, 0.000000000000000000 ) ) ;
#896 = VERTEX_POINT ( 'NONE', #8616 ) ;
#897 = CARTESIAN_POINT ( 'NONE',  ( 4.500000000000002665, -2.550515463917521597, 0.000000000000000000 ) ) ;
#898 = EDGE_LOOP ( 'NONE', ( #1696, #1, #4008, #4799 ) ) ;
#899 = DIRECTION ( 'NONE',  ( 0.000000000000000000, 1.000000000000000000, 0.000000000000000000 ) ) ;
#900 = VECTOR ( 'NONE', #5689, 1000.000000000000000 ) ;
#901 = ORIENTED_EDGE ( 'NONE', *, *, #5308, .F. ) ;
#902 = FACE_OUTER_BOUND ( 'NONE', #6313, .T. ) ;
#903 = EDGE_CURVE ( 'NONE', #8389, #1537, #6450, .T. ) ;
#904 = EDGE_CURVE ( 'NONE', #8924, #5230, #2862, .T. ) ;
#905 = EDGE_CURVE ( 'NONE', #5126, #7885, #5106, .T. ) ;
#907 = VECTOR ( 'NONE', #2374, 1000.000000000000000 ) ;
#906 = CARTESIAN_POINT ( 'NONE',  ( -4.900000000000001243, -2.550515463917520265, 0.4000000000000000222 ) ) ;
#908 = VECTOR ( 'NONE', #5008, 1000.000000000000000 ) ;
#909 = CARTESIAN_POINT ( 'NONE',  ( -4.499999999999986677, -1.550515463917520709, -7.400000000000008349 ) ) ;
#910 = CARTESIAN_POINT ( 'NONE',  ( 0.5000000000000002220, 11.50000000000000000, 1.500000000000000000 ) ) ;
#911 = ORIENTED_EDGE ( 'NONE', *, *, #8406, .F. ) ;
#912 = CARTESIAN_POINT ( 'NONE',  ( 2.324999999999999734, -4.750515463917523107, 0.4000000000000000222 ) ) ;
#913 = DIRECTION ( 'NONE',  ( 0.000000000000000000, 0.000000000000000000, -1.000000000000000000 ) ) ;
#914 = CIRCLE ( 'NONE', #6064, 0.6500000000000000222 ) ;
#915 = ORIENTED_EDGE ( 'NONE', *, *, #5426, .F. ) ;
#916 = EDGE_CURVE ( 'NONE', #8851, #1836, #4966, .T. ) ;
#917 = PLANE ( 'NONE',  #6321 ) ;
#918 = CARTESIAN_POINT ( 'NONE',  ( -2.600000000000000533, -2.035644895278906395E-16, 0.000000000000000000 ) ) ;
#919 = EDGE_CURVE ( 'NONE', #3287, #8817, #1467, .T. ) ;
#920 = EDGE_CURVE ( 'NONE', #421, #8069, #6410, .T. ) ;
#921 = CIRCLE ( 'NONE', #5924, 3.300000000000000266 ) ;
#922 = FACE_OUTER_BOUND ( 'NONE', #2882, .T. ) ;
#923 = ORIENTED_EDGE ( 'NONE', *, *, #1256, .T. ) ;
#924 = CIRCLE ( 'NONE', #2845, 0.5000000000000002220 ) ;
#925 = ORIENTED_EDGE ( 'NONE', *, *, #1978, .F. ) ;
#926 = AXIS2_PLACEMENT_3D ( 'NONE', #6024, #5291, #4689 ) ;
#927 = CIRCLE ( 'NONE', #1513, 0.4000000000000001887 ) ;
#928 = CARTESIAN_POINT ( 'NONE',  ( 4.500000000000002665, 4.349484536082479202, -4.299999999999999822 ) ) ;
#929 = DIRECTION ( 'NONE',  ( 0.000000000000000000, -1.000000000000000000, 0.000000000000000000 ) ) ;
#930 = CARTESIAN_POINT ( 'NONE',  ( -2.500000000000000000, -6.700000000000000178, -5.750000000000000000 ) ) ;
#931 = PLANE ( 'NONE',  #1501 ) ;
#932 = VERTEX_POINT ( 'NONE', #5058 ) ;
#933 = VECTOR ( 'NONE', #7542, 1000.000000000000000 ) ;
#934 = VECTOR ( 'NONE', #3858, 1000.000000000000000 ) ;
#935 = CARTESIAN_POINT ( 'NONE',  ( 0.000000000000000000, 0.000000000000000000, 0.5000000000000000000 ) ) ;
#936 = ORIENTED_EDGE ( 'NONE', *, *, #1576, .T. ) ;
#937 = ORIENTED_EDGE ( 'NONE', *, *, #8348, .F. ) ;
#938 = FACE_OUTER_BOUND ( 'NONE', #4674, .T. ) ;
#939 = LINE ( 'NONE', #2886, #4936 ) ;
#940 = CARTESIAN_POINT ( 'NONE',  ( -3.600000000000001421, -5.950000000000000178, 5.000000000000000000 ) ) ;
#941 = DIRECTION ( 'NONE',  ( 0.000000000000000000, -1.000000000000000000, 0.000000000000000000 ) ) ;
#942 = CIRCLE ( 'NONE', #6090, 1.199999999999993072 ) ;
#943 = VECTOR ( 'NONE', #4311, 1000.000000000000000 ) ;
#944 = DIRECTION ( 'NONE',  ( 0.000000000000000000, 1.000000000000000000, -1.018148511238955784E-16 ) ) ;
#945 = CARTESIAN_POINT ( 'NONE',  ( -4.900000000000000355, 4.349484536082479202, -5.800000000000009592 ) ) ;
#946 = ORIENTED_EDGE ( 'NONE', *, *, #7562, .F. ) ;
#947 = LINE ( 'NONE', #3759, #1640 ) ;
#948 = VERTEX_POINT ( 'NONE', #3133 ) ;
#949 = CARTESIAN_POINT ( 'NONE',  ( 1.899999999999998801, 3.600000000000004086, 0.000000000000000000 ) ) ;
#950 = CIRCLE ( 'NONE', #2129, 0.4000000000000001887 ) ;
#951 = ORIENTED_EDGE ( 'NONE', *, *, #3402, .T. ) ;
#952 = CARTESIAN_POINT ( 'NONE',  ( 0.4710170047248282144, 8.500000000000000000, 0.2824361629302609145 ) ) ;
#953 = CARTESIAN_POINT ( 'NONE',  ( -0.6699999999999998179, 11.70000000000000462, 0.6000000000000003109 ) ) ;
#954 = VECTOR ( 'NONE', #6185, 1000.000000000000000 ) ;
#955 = LINE ( 'NONE', #906, #2108 ) ;
#956 = DIRECTION ( 'NONE',  ( 0.000000000000000000, 0.000000000000000000, 1.000000000000000000 ) ) ;
#957 = DIRECTION ( 'NONE',  ( 0.000000000000000000, -1.000000000000000000, 0.000000000000000000 ) ) ;
#958 = EDGE_CURVE ( 'NONE', #2006, #230, #2437, .T. ) ;
#959 = EDGE_LOOP ( 'NONE', ( #7487, #7630, #4372, #3332, #8088, #6492, #2737, #1211 ) ) ;
#960 = DIRECTION ( 'NONE',  ( 2.491288438666617091E-16, 1.000000000000000000, 3.559366888705205925E-31 ) ) ;
#961 = DIRECTION ( 'NONE',  ( 0.000000000000000000, 0.000000000000000000, -1.000000000000000000 ) ) ;
#962 = VECTOR ( 'NONE', #2569, 1000.000000000000000 ) ;
#963 = ORIENTED_EDGE ( 'NONE', *, *, #2498, .T. ) ;
#964 = CARTESIAN_POINT ( 'NONE',  ( -4.400000000000002132, 5.150000000000003020, 0.000000000000000000 ) ) ;
#965 = CARTESIAN_POINT ( 'NONE',  ( 4.900000000000001243, -3.550515463917521153, 0.4000000000000000222 ) ) ;
#966 = PRODUCT_DEFINITION_SHAPE ( 'NONE', 'NONE',  #9130 ) ;
#967 = LINE ( 'NONE', #1565, #7288 ) ;
#968 = VECTOR ( 'NONE', #2146, 1000.000000000000000 ) ;
#969 = ORIENTED_EDGE ( 'NONE', *, *, #7340, .F. ) ;
#970 = EDGE_CURVE ( 'NONE', #2348, #5614, #4712, .T. ) ;
#971 = EDGE_CURVE ( 'NONE', #2348, #4839, #3181, .T. ) ;
#972 = ORIENTED_EDGE ( 'NONE', *, *, #6718, .F. ) ;
#973 = EDGE_CURVE ( 'NONE', #1816, #7159, #5887, .T. ) ;
#974 = ADVANCED_FACE ( 'NONE', ( #6587 ), #2345, .F. ) ;
#975 = CYLINDRICAL_SURFACE ( 'NONE', #3665, 3.500000000000000000 ) ;
#976 = CARTESIAN_POINT ( 'NONE',  ( 0.000000000000000000, 8.500000000000000000, -3.000000000000000444 ) ) ;
#977 = DIRECTION ( 'NONE',  ( 1.000000000000000000, 0.000000000000000000, 1.931541112668179645E-15 ) ) ;
#978 = CARTESIAN_POINT ( 'NONE',  ( 4.286263797015736595E-16, 2.949484536082479291, 0.3999999999999986899 ) ) ;
#979 = EDGE_CURVE ( 'NONE', #7596, #7166, #7282, .T. ) ;
#980 = EDGE_LOOP ( 'NONE', ( #1373, #6569, #4238, #7521 ) ) ;
#981 = ORIENTED_EDGE ( 'NONE', *, *, #5095, .T. ) ;
#982 = VERTEX_POINT ( 'NONE', #268 ) ;
#983 = VERTEX_POINT ( 'NONE', #5933 ) ;
#984 = LINE ( 'NONE', #1854, #4479 ) ;
#985 = CARTESIAN_POINT ( 'NONE',  ( -3.000000000000001776, -3.750000000000000000, 5.599999999999999645 ) ) ;
#986 = CARTESIAN_POINT ( 'NONE',  ( 4.500000000000002665, 0.4494845360824784586, 0.000000000000000000 ) ) ;
#987 = LINE ( 'NONE', #6612, #5888 ) ;
#988 = LINE ( 'NONE', #6613, #5332 ) ;
#989 = CARTESIAN_POINT ( 'NONE',  ( -1.479999999999999982, 11.50000000000000000, 0.8499999999999999778 ) ) ;
#990 = EDGE_LOOP ( 'NONE', ( #8606, #6675 ) ) ;
#991 = FACE_OUTER_BOUND ( 'NONE', #8999, .T. ) ;
#992 = EDGE_LOOP ( 'NONE', ( #5112, #1759, #7767, #3845 ) ) ;
#993 = LINE ( 'NONE', #1678, #7083 ) ;
#994 = ORIENTED_EDGE ( 'NONE', *, *, #7058, .F. ) ;
#995 = DIRECTION ( 'NONE',  ( 0.000000000000000000, 0.000000000000000000, 1.000000000000000000 ) ) ;
#996 =( NAMED_UNIT ( * ) SI_UNIT ( $, .STERADIAN. ) SOLID_ANGLE_UNIT ( ) );
#997 = FACE_OUTER_BOUND ( 'NONE', #3203, .T. ) ;
#998 = SHAPE_REPRESENTATION_RELATIONSHIP ( 'NONE' , 'NONE' ,  #2061, #437 ) ;
#999 = DIRECTION ( 'NONE',  ( 1.000000000000000000, 8.850629979473507244E-17, 0.000000000000000000 ) ) ;
#1000 = ORIENTED_EDGE ( 'NONE', *, *, #3080, .T. ) ;
#1001 = CARTESIAN_POINT ( 'NONE',  ( 2.500000000000000000, -6.700000000000000178, -1.350000000000000089 ) ) ;
#1002 = CARTESIAN_POINT ( 'NONE',  ( -0.2999999999999958811, 11.70000000000000462, 1.500000000000000000 ) ) ;
#1003 = VERTEX_POINT ( 'NONE', #8150 ) ;
#1004 = CARTESIAN_POINT ( 'NONE',  ( -0.4999999999999997780, 11.70000000000000462, 1.500000000000000000 ) ) ;
#1005 = EDGE_CURVE ( 'NONE', #6996, #9050, #8752, .T. ) ;
#1006 = DIRECTION ( 'NONE',  ( 8.850629979473506011E-17, -1.000000000000000000, 0.000000000000000000 ) ) ;
#1007 = VERTEX_POINT ( 'NONE', #1829 ) ;
#1008 = VECTOR ( 'NONE', #3517, 1000.000000000000000 ) ;
#1009 = VERTEX_POINT ( 'NONE', #5848 ) ;
#1010 = CARTESIAN_POINT ( 'NONE',  ( -3.261177379365211237, 10.20000000000000107, -0.5047000102205828620 ) ) ;
#1011 = CARTESIAN_POINT ( 'NONE',  ( 1.342230922150143391, 10.90000000000000036, -3.014700010220582538 ) ) ;
#1012 = EDGE_CURVE ( 'NONE', #1722, #3000, #6626, .T. ) ;
#1013 = DIRECTION ( 'NONE',  ( -0.000000000000000000, -9.293161478447175580E-18, -1.000000000000000000 ) ) ;
#1014 = EDGE_CURVE ( 'NONE', #2227, #1104, #5514, .T. ) ;
#1015 = AXIS2_PLACEMENT_3D ( 'NONE', #3236, #8855, #2542 ) ;
#1016 = FACE_OUTER_BOUND ( 'NONE', #5722, .T. ) ;
#1017 = ADVANCED_FACE ( 'NONE', ( #8707 ), #4643, .T. ) ;
#1018 = ORIENTED_EDGE ( 'NONE', *, *, #7972, .T. ) ;
#1019 = VERTEX_POINT ( 'NONE', #1691 ) ;
#1020 = VERTEX_POINT ( 'NONE', #352 ) ;
#1021 = VERTEX_POINT ( 'NONE', #5285 ) ;
#1022 = DIRECTION ( 'NONE',  ( -2.168404344971008868E-16, 1.000000000000000000, 0.000000000000000000 ) ) ;
#1023 = DIRECTION ( 'NONE',  ( -0.000000000000000000, -0.000000000000000000, -1.000000000000000000 ) ) ;
#1024 = DIRECTION ( 'NONE',  ( 0.000000000000000000, 0.000000000000000000, -1.000000000000000000 ) ) ;
#1025 = PLANE ( 'NONE',  #8541 ) ;
#1026 = EDGE_CURVE ( 'NONE', #3642, #5574, #1096, .T. ) ;
#1027 = DIRECTION ( 'NONE',  ( 0.000000000000000000, 0.000000000000000000, 1.000000000000000000 ) ) ;
#1028 = DIRECTION ( 'NONE',  ( -1.000000000000000000, 2.168404344971008868E-15, 0.000000000000000000 ) ) ;
#1029 = EDGE_LOOP ( 'NONE', ( #3212, #483 ) ) ;
#1030 = EDGE_CURVE ( 'NONE', #5990, #4888, #6723, .T. ) ;
#1031 = LINE ( 'NONE', #4496, #1777 ) ;
#1032 = ORIENTED_EDGE ( 'NONE', *, *, #6317, .F. ) ;
#1033 = DIRECTION ( 'NONE',  ( 1.000000000000000000, 8.850629979473506011E-17, 6.397248167740343292E-32 ) ) ;
#1034 = PRODUCT_DEFINITION_SHAPE ( 'NONE', 'NONE',  #9046 ) ;
#1035 = CIRCLE ( 'NONE', #3128, 0.6750000000000002665 ) ;
#1036 = LINE ( 'NONE', #8050, #6417 ) ;
#1037 = CARTESIAN_POINT ( 'NONE',  ( -0.4999999999999997780, 11.70000000000000462, 2.299999999999999822 ) ) ;
#1038 =( LENGTH_UNIT ( ) NAMED_UNIT ( * ) SI_UNIT ( .MILLI., .METRE. ) );
#1039 = CARTESIAN_POINT ( 'NONE',  ( -3.650000000000001688, -3.750000000000000000, 5.599999999999999645 ) ) ;
#1040 = VECTOR ( 'NONE', #3345, 1000.000000000000114 ) ;
#1041 = AXIS2_PLACEMENT_3D ( 'NONE', #3179, #3853, #5194 ) ;
#1042 = ORIENTED_EDGE ( 'NONE', *, *, #1868, .T. ) ;
#1043 = ORIENTED_EDGE ( 'NONE', *, *, #3453, .T. ) ;
#1044 = CARTESIAN_POINT ( 'NONE',  ( 2.598076211352134290, 0.5000000000002244871, 1.500000000000222933 ) ) ;
#1045 = CARTESIAN_POINT ( 'NONE',  ( -2.600000000000000533, 2.849484536082479647, 0.000000000000000000 ) ) ;
#1046 = DIRECTION ( 'NONE',  ( -1.000000000000000000, 2.491288438666616105E-16, 0.000000000000000000 ) ) ;
#1047 = ORIENTED_EDGE ( 'NONE', *, *, #2162, .T. ) ;
#1048 = AXIS2_PLACEMENT_3D ( 'NONE', #2934, #158, #7949 ) ;
#1049 = FACE_OUTER_BOUND ( 'NONE', #4412, .T. ) ;
#1050 = CIRCLE ( 'NONE', #4735, 0.6000000000000001998 ) ;
#1051 = CARTESIAN_POINT ( 'NONE',  ( -3.400000000000003020, -2.050000000000000711, 0.5000000000000000000 ) ) ;
#1052 = ORIENTED_EDGE ( 'NONE', *, *, #8834, .T. ) ;
#1053 = DIRECTION ( 'NONE',  ( 8.123545521314933250E-47, 3.260780805318072864E-31, -1.000000000000000000 ) ) ;
#1054 = ORIENTED_EDGE ( 'NONE', *, *, #8133, .F. ) ;
#1055 = EDGE_CURVE ( 'NONE', #4002, #1515, #2527, .T. ) ;
#1056 = VERTEX_POINT ( 'NONE', #3726 ) ;
#1057 = ORIENTED_EDGE ( 'NONE', *, *, #5918, .T. ) ;
#1058 = SHAPE_REPRESENTATION ( 'CUI_DEVICES_PT01-D115D-B104', ( #7149, #4203, #4045 ), #5078 ) ;
#1059 = DIRECTION ( 'NONE',  ( 1.000000000000000000, 0.000000000000000000, 1.931541112668179645E-15 ) ) ;
#1060 = DIRECTION ( 'NONE',  ( -1.000000000000000000, 0.000000000000000000, 0.000000000000000000 ) ) ;
#1061 = CARTESIAN_POINT ( 'NONE',  ( 4.500000000000002665, 2.449484536082478847, -4.299999999999999822 ) ) ;
#1062 = AXIS2_PLACEMENT_3D ( 'NONE', #3467, #8992, #7569 ) ;
#1063 = CARTESIAN_POINT ( 'NONE',  ( 2.900000000000000799, -6.700000000000000178, -5.750000000000000000 ) ) ;
#1064 = ORIENTED_EDGE ( 'NONE', *, *, #7048, .F. ) ;
#1065 = EDGE_CURVE ( 'NONE', #3290, #1246, #1035, .T. ) ;
#1066 = ADVANCED_FACE ( 'NONE', ( #5149 ), #7970, .T. ) ;
#1067 = ORIENTED_EDGE ( 'NONE', *, *, #6868, .F. ) ;
#1068 = AXIS2_PLACEMENT_3D ( 'NONE', #6304, #4188, #6265 ) ;
#1069 = AXIS2_PLACEMENT_3D ( 'NONE', #8031, #5212, #4475 ) ;
#1070 = ORIENTED_EDGE ( 'NONE', *, *, #5139, .T. ) ;
#1071 = EDGE_LOOP ( 'NONE', ( #4654, #8865, #4168, #1163 ) ) ;
#1072 = DIRECTION ( 'NONE',  ( 1.000000000000000000, 0.000000000000000000, 0.000000000000000000 ) ) ;
#1073 = PLANE ( 'NONE',  #5238 ) ;
#1074 = CARTESIAN_POINT ( 'NONE',  ( -2.500000000000000000, -6.400000000000000355, -5.750000000000000000 ) ) ;
#1075 = CARTESIAN_POINT ( 'NONE',  ( 4.466912950640278268E-14, 0.4500000000000501932, 0.000000000000000000 ) ) ;
#1076 = LINE ( 'NONE', #8687, #4878 ) ;
#1078 = AXIS2_PLACEMENT_3D ( 'NONE', #5432, #5936, #3183 ) ;
#1077 = CARTESIAN_POINT ( 'NONE',  ( -0.2999999999999958811, 11.70000000000000462, 0.000000000000000000 ) ) ;
#1079 = ORIENTED_EDGE ( 'NONE', *, *, #7896, .F. ) ;
#1080 = EDGE_CURVE ( 'NONE', #7139, #8466, #7326, .T. ) ;
#1081 = DIRECTION ( 'NONE',  ( -1.000000000000000000, 0.000000000000000000, 1.776356839400250465E-15 ) ) ;
#1082 = EDGE_CURVE ( 'NONE', #4055, #7243, #8283, .T. ) ;
#1083 = ORIENTED_EDGE ( 'NONE', *, *, #5365, .F. ) ;
#1084 = ADVANCED_FACE ( 'N', ( #4777 ), #586, .F. ) ;
#1085 = CARTESIAN_POINT ( 'NONE',  ( 4.900000000000000355, 0.4494845360824786806, -5.800000000000000711 ) ) ;
#1086 = ADVANCED_FACE ( 'N', ( #2623 ), #3314, .T. ) ;
#1087 = AXIS2_PLACEMENT_3D ( 'NONE', #5477, #4916, #7738 ) ;
#1088 = FACE_OUTER_BOUND ( 'NONE', #8352, .T. ) ;
#1089 = FACE_OUTER_BOUND ( 'NONE', #337, .T. ) ;
#1090 = DIRECTION ( 'NONE',  ( 1.000000000000000000, 0.000000000000000000, 0.000000000000000000 ) ) ;
#1092 = PLANE ( 'NONE',  #1041 ) ;
#1091 = CIRCLE ( 'NONE', #215, 0.7999999999999999334 ) ;
#1093 = AXIS2_PLACEMENT_3D ( 'NONE', #2653, #1226, #5464 ) ;
#1094 = ORIENTED_EDGE ( 'NONE', *, *, #5113, .T. ) ;
#1095 = ORIENTED_EDGE ( 'NONE', *, *, #7602, .T. ) ;
#1096 = LINE ( 'NONE', #3908, #8251 ) ;
#1097 = ORIENTED_EDGE ( 'NONE', *, *, #6716, .T. ) ;
#1098 = CARTESIAN_POINT ( 'NONE',  ( -4.500000000000002665, -2.550515463917520709, -8.691935007006809980E-15 ) ) ;
#1099 =( NAMED_UNIT ( * ) SI_UNIT ( $, .STERADIAN. ) SOLID_ANGLE_UNIT ( ) );
#1100 = AXIS2_PLACEMENT_3D ( 'NONE', #9122, #2806, #8426 ) ;
#1101 = AXIS2_PLACEMENT_3D ( 'NONE', #6141, #4023, #1944 ) ;
#1102 = DIRECTION ( 'NONE',  ( 1.000000000000000000, 0.000000000000000000, 4.565061778886336016E-16 ) ) ;
#1103 = PLANE ( 'NONE',  #1801 ) ;
#1104 = VERTEX_POINT ( 'NONE', #9023 ) ;
#1105 = CARTESIAN_POINT ( 'NONE',  ( 4.399999999999998579, -5.549999999999998934, 1.300000000000000266 ) ) ;
#1106 = ORIENTED_EDGE ( 'NONE', *, *, #8120, .F. ) ;
#1107 = VECTOR ( 'NONE', #487, 1000.000000000000000 ) ;
#1108 = VERTEX_POINT ( 'NONE', #2060 ) ;
#1109 = ORIENTED_EDGE ( 'NONE', *, *, #1372, .F. ) ;
#1110 = CARTESIAN_POINT ( 'NONE',  ( 0.4999999999999987232, 0.9500000000000040634, 0.5000000000000000000 ) ) ;
#1111 = DIRECTION ( 'NONE',  ( 0.000000000000000000, 1.000000000000000000, 0.000000000000000000 ) ) ;
#1112 = CARTESIAN_POINT ( 'NONE',  ( -4.499999999999993783, -5.450515463917523284, -4.300000000000008704 ) ) ;
#1113 = VECTOR ( 'NONE', #676, 1000.000000000000000 ) ;
#1114 = MECHANICAL_DESIGN_GEOMETRIC_PRESENTATION_REPRESENTATION (  '', ( #378 ), #8187 ) ;
#1115 = CIRCLE ( 'NONE', #5828, 3.300000000000000266 ) ;
#1116 = LINE ( 'NONE', #3150, #7390 ) ;
#1117 = ORIENTED_EDGE ( 'NONE', *, *, #3234, .F. ) ;
#1118 = ORIENTED_EDGE ( 'NONE', *, *, #529, .F. ) ;
#1119 = ORIENTED_EDGE ( 'NONE', *, *, #3836, .F. ) ;
#1120 = VERTEX_POINT ( 'NONE', #1326 ) ;
#1121 = CARTESIAN_POINT ( 'NONE',  ( 4.500000000000003553, 4.849484536082480091, -2.168404344971008868E-15 ) ) ;
#1122 = DIRECTION ( 'NONE',  ( -1.000000000000000000, 0.000000000000000000, -8.881784197001252323E-16 ) ) ;
#1123 = LINE ( 'NONE', #8130, #6516 ) ;
#1124 = CARTESIAN_POINT ( 'NONE',  ( 1.899999999999996358, -2.700000000000000622, 0.1000000000000000056 ) ) ;
#1125 = EDGE_CURVE ( 'NONE', #8944, #4335, #7516, .T. ) ;
#1126 = DIRECTION ( 'NONE',  ( 1.334402673828313339E-16, -1.000000000000000000, 0.000000000000000000 ) ) ;
#1127 = CARTESIAN_POINT ( 'NONE',  ( -4.499999999999992895, 6.873989284057756956E-16, -4.300000000000008704 ) ) ;
#1128 = EDGE_LOOP ( 'NONE', ( #4692, #9087, #8768, #2215 ) ) ;
#1129 = ADVANCED_FACE ( 'NONE', ( #2016 ), #4866, .T. ) ;
#1130 = PRODUCT_DEFINITION_CONTEXT ( 'detailed design', #5163, 'design' ) ;
#1131 = LINE ( 'NONE', #1315, #6784 ) ;
#1132 = EDGE_LOOP ( 'NONE', ( #1788, #5596, #7695, #6865 ) ) ;
#1133 = PLANE ( 'NONE',  #4614 ) ;
#1134 = DIRECTION ( 'NONE',  ( -8.850629979473506011E-17, 1.000000000000000000, 0.000000000000000000 ) ) ;
#1135 = ADVANCED_FACE ( 'NONE', ( #6068 ), #6761, .F. ) ;
#1136 = DIRECTION ( 'NONE',  ( 0.000000000000000000, 0.000000000000000000, 1.000000000000000000 ) ) ;
#1137 = ADVANCED_FACE ( 'N', ( #4820 ), #6900, .T. ) ;
#1138 = EDGE_CURVE ( 'NONE', #5126, #7810, #5567, .T. ) ;
#1139 = DIRECTION ( 'NONE',  ( 1.000000000000000000, 0.000000000000000000, 0.000000000000000000 ) ) ;
#1140 = DIRECTION ( 'NONE',  ( 0.000000000000000000, 0.000000000000000000, 1.000000000000000000 ) ) ;
#1141 = EDGE_LOOP ( 'NONE', ( #553, #8442 ) ) ;
#1142 = ORIENTED_EDGE ( 'NONE', *, *, #1625, .F. ) ;
#1143 = DIRECTION ( 'NONE',  ( 0.000000000000000000, 1.000000000000000000, 0.000000000000000000 ) ) ;
#1144 = DIRECTION ( 'NONE',  ( -0.000000000000000000, -1.000000000000000000, -3.260780805318072864E-31 ) ) ;
#1145 = LINE ( 'NONE', #6072, #1178 ) ;
#1146 = ADVANCED_FACE ( 'NONE', ( #6857 ), #5476, .T. ) ;
#1147 = CARTESIAN_POINT ( 'NONE',  ( 0.5000000000000002220, 11.70000000000000462, 1.500000000000000000 ) ) ;
#1148 = EDGE_LOOP ( 'NONE', ( #7293, #151, #4363, #7640 ) ) ;
#1149 = FACE_OUTER_BOUND ( 'NONE', #1633, .T. ) ;
#1150 = ORIENTED_EDGE ( 'NONE', *, *, #1201, .T. ) ;
#1151 = ORIENTED_EDGE ( 'NONE', *, *, #979, .T. ) ;
#1152 = ADVANCED_FACE ( 'NONE', ( #3950 ), #8977, .F. ) ;
#1153 = ORIENTED_EDGE ( 'NONE', *, *, #6100, .T. ) ;
#1154 = ORIENTED_EDGE ( 'NONE', *, *, #904, .T. ) ;
#1155 = ORIENTED_EDGE ( 'NONE', *, *, #4959, .T. ) ;
#1156 = AXIS2_PLACEMENT_3D ( 'NONE', #6186, #4068, #4803 ) ;
#1157 = CARTESIAN_POINT ( 'NONE',  ( -4.499999999999988454, 1.949484536082480179, -5.900000000000009237 ) ) ;
#1158 = DIRECTION ( 'NONE',  ( 0.000000000000000000, 0.000000000000000000, -1.000000000000000000 ) ) ;
#1159 = CARTESIAN_POINT ( 'NONE',  ( -3.000000000000001776, -3.750000000000000000, 5.000000000000000000 ) ) ;
#1160 = ORIENTED_EDGE ( 'NONE', *, *, #2311, .F. ) ;
#1161 = ORIENTED_EDGE ( 'NONE', *, *, #1026, .F. ) ;
#1162 = ORIENTED_EDGE ( 'NONE', *, *, #6877, .T. ) ;
#1163 = ORIENTED_EDGE ( 'NONE', *, *, #4200, .T. ) ;
#1164 = CARTESIAN_POINT ( 'NONE',  ( -3.000000000000001776, 4.650000000000003908, 5.599999999999999645 ) ) ;
#1165 = DIRECTION ( 'NONE',  ( 0.000000000000000000, 1.000000000000000000, 0.000000000000000000 ) ) ;
#1166 = CARTESIAN_POINT ( 'NONE',  ( 0.8032336497292296151, 10.20000000000000107, -2.404700010220583106 ) ) ;
#1167 = VECTOR ( 'NONE', #6361, 1000.000000000000114 ) ;
#1168 = CARTESIAN_POINT ( 'NONE',  ( -0.3999999999999998002, -6.700000000000000178, -1.350000000000000089 ) ) ;
#1169 = LINE ( 'NONE', #3977, #466 ) ;
#1170 = ORIENTED_EDGE ( 'NONE', *, *, #3515, .F. ) ;
#1171 = VECTOR ( 'NONE', #5152, 1000.000000000000000 ) ;
#1172 = ORIENTED_EDGE ( 'NONE', *, *, #2498, .F. ) ;
#1173 = CARTESIAN_POINT ( 'NONE',  ( -5.238893727143770107, -1.550515463917520931, -8.400000000000009237 ) ) ;
#1174 = VERTEX_POINT ( 'NONE', #1916 ) ;
#1175 = EDGE_CURVE ( 'NONE', #7476, #668, #2665, .T. ) ;
#1176 = DIRECTION ( 'NONE',  ( 1.000000000000000000, 0.000000000000000000, 0.000000000000000000 ) ) ;
#1177 = PLANE ( 'NONE',  #9070 ) ;
#1178 = VECTOR ( 'NONE', #7645, 1000.000000000000000 ) ;
#1179 = DIRECTION ( 'NONE',  ( 0.000000000000000000, 1.000000000000000000, 0.000000000000000000 ) ) ;
#1180 = DIRECTION ( 'NONE',  ( 0.7660444431189794567, 0.6427876096865376976, 0.000000000000000000 ) ) ;
#1181 = LINE ( 'NONE', #3989, #313 ) ;
#1182 = ORIENTED_EDGE ( 'NONE', *, *, #8344, .F. ) ;
#1183 = ORIENTED_EDGE ( 'NONE', *, *, #6932, .T. ) ;
#1184 = AXIS2_PLACEMENT_3D ( 'NONE', #2294, #32, #1552 ) ;
#1185 = EDGE_CURVE ( 'NONE', #3326, #505, #3258, .T. ) ;
#1186 = VECTOR ( 'NONE', #3519, 1000.000000000000000 ) ;
#1187 = CARTESIAN_POINT ( 'NONE',  ( 0.000000000000000000, -5.950000000000000178, 0.000000000000000000 ) ) ;
#1188 = CARTESIAN_POINT ( 'NONE',  ( 2.556853995623897365E-49, -3.650515463917521242, 0.4000000000000001887 ) ) ;
#1189 = EDGE_CURVE ( 'NONE', #8069, #1007, #6260, .T. ) ;
#1190 = DIRECTION ( 'NONE',  ( 0.000000000000000000, 0.000000000000000000, 1.000000000000000000 ) ) ;
#1192 = VECTOR ( 'NONE', #7169, 1000.000000000000114 ) ;
#1191 = CARTESIAN_POINT ( 'NONE',  ( 3.399999999999999911, -0.5505154639175199316, 4.600000000000000533 ) ) ;
#1193 = CIRCLE ( 'NONE', #8155, 3.300000000000000266 ) ;
#1194 = ORIENTED_EDGE ( 'NONE', *, *, #8115, .T. ) ;
#1195 = CARTESIAN_POINT ( 'NONE',  ( 1.750000000000000000, -5.549999999999998934, 1.300000000000000266 ) ) ;
#1196 = CARTESIAN_POINT ( 'NONE',  ( -3.000000000000000000, -4.750515463917523107, 0.4000000000000000222 ) ) ;
#1197 = ADVANCED_FACE ( 'NONE', ( #1874 ), #4867, .T. ) ;
#1198 = ORIENTED_EDGE ( 'NONE', *, *, #6389, .T. ) ;
#1199 = ORIENTED_EDGE ( 'NONE', *, *, #2042, .T. ) ;
#1200 = AXIS2_PLACEMENT_3D ( 'NONE', #4082, #579, #6990 ) ;
#1201 = EDGE_CURVE ( 'NONE', #2551, #1174, #2072, .T. ) ;
#1202 = VECTOR ( 'NONE', #8519, 1000.000000000000000 ) ;
#1203 = EDGE_CURVE ( 'NONE', #9007, #2674, #8391, .T. ) ;
#1204 = ADVANCED_FACE ( 'NONE', ( #4365 ), #8556, .T. ) ;
#1205 = CARTESIAN_POINT ( 'NONE',  ( 4.500000000000003553, -5.150515463917519909, -5.300000000000009592 ) ) ;
#1206 = DIRECTION ( 'NONE',  ( 1.000000000000000000, -2.491288438666616105E-16, 0.000000000000000000 ) ) ;
#1207 = CARTESIAN_POINT ( 'NONE',  ( 3.599999999999999645, -5.949999999999998401, 5.000000000000000000 ) ) ;
#1208 = VECTOR ( 'NONE', #2139, 1000.000000000000000 ) ;
#1209 = AXIS2_PLACEMENT_3D ( 'NONE', #3033, #5136, #5837 ) ;
#1210 = ORIENTED_EDGE ( 'NONE', *, *, #1518, .F. ) ;
#1211 = ORIENTED_EDGE ( 'NONE', *, *, #7158, .F. ) ;
#1212 = VERTEX_POINT ( 'NONE', #2987 ) ;
#1213 = ORIENTED_EDGE ( 'NONE', *, *, #2355, .T. ) ;
#1214 = LINE ( 'NONE', #2738, #8315 ) ;
#1215 = VECTOR ( 'NONE', #736, 1000.000000000000000 ) ;
#1216 = FACE_OUTER_BOUND ( 'NONE', #2610, .T. ) ;
#1217 = DIRECTION ( 'NONE',  ( -0.000000000000000000, -0.000000000000000000, -1.000000000000000000 ) ) ;
#1218 = CARTESIAN_POINT ( 'NONE',  ( -2.324999999999999734, 3.649484536082479469, -1.600000000000000089 ) ) ;
#1219 = DIRECTION ( 'NONE',  ( 0.000000000000000000, 0.000000000000000000, -1.000000000000000000 ) ) ;
#1220 = ORIENTED_EDGE ( 'NONE', *, *, #5495, .F. ) ;
#1221 = AXIS2_PLACEMENT_3D ( 'NONE', #7971, #7838, #961 ) ;
#1222 = VECTOR ( 'NONE', #2180, 1000.000000000000000 ) ;
#1223 = LINE ( 'NONE', #2005, #4278 ) ;
#1224 = VERTEX_POINT ( 'NONE', #4954 ) ;
#1225 = ORIENTED_EDGE ( 'NONE', *, *, #457, .T. ) ;
#1226 = DIRECTION ( 'NONE',  ( -0.000000000000000000, -0.000000000000000000, -1.000000000000000000 ) ) ;
#1227 = CARTESIAN_POINT ( 'NONE',  ( 4.500000000000002665, 2.449484536082478847, 0.000000000000000000 ) ) ;
#1228 = VECTOR ( 'NONE', #139, 1000.000000000000000 ) ;
#1229 = CARTESIAN_POINT ( 'NONE',  ( 0.000000000000000000, -6.700000000000000178, -5.750000000000000000 ) ) ;
#1230 = PLANE ( 'NONE',  #8005 ) ;
#1231 = DIRECTION ( 'NONE',  ( 0.000000000000000000, 0.000000000000000000, -1.000000000000000000 ) ) ;
#1232 = EDGE_LOOP ( 'NONE', ( #7401, #4163 ) ) ;
#1233 = VECTOR ( 'NONE', #6115, 1000.000000000000000 ) ;
#1234 = ORIENTED_EDGE ( 'NONE', *, *, #393, .F. ) ;
#1235 = CARTESIAN_POINT ( 'NONE',  ( -5.238893727143770107, -1.550515463917520709, -8.400000000000009237 ) ) ;
#1236 = CARTESIAN_POINT ( 'NONE',  ( 0.8032336497292295041, 10.90000000000000036, -1.604700010220583728 ) ) ;
#1237 = DIRECTION ( 'NONE',  ( -9.693873272465595811E-47, 1.000000000000000000, 2.123492242164234689E-31 ) ) ;
#1238 = DIRECTION ( 'NONE',  ( 0.000000000000000000, -1.000000000000000000, 1.018148511238955784E-16 ) ) ;
#1239 = AXIS2_PLACEMENT_3D ( 'NONE', #355, #447, #8891 ) ;
#1240 = DIRECTION ( 'NONE',  ( 0.000000000000000000, 0.000000000000000000, -1.000000000000000000 ) ) ;
#1241 = EDGE_CURVE ( 'NONE', #1430, #5252, #3582, .T. ) ;
#1242 = ORIENTED_EDGE ( 'NONE', *, *, #3074, .F. ) ;
#1243 = DIRECTION ( 'NONE',  ( -8.850629979473506011E-17, -1.000000000000000000, -3.260780805318072864E-31 ) ) ;
#1244 = CARTESIAN_POINT ( 'NONE',  ( 5.259901047426962073, 0.4494845360824790137, -9.291887738487536907 ) ) ;
#1245 = EDGE_CURVE ( 'NONE', #5151, #2554, #1616, .T. ) ;
#1246 = VERTEX_POINT ( 'NONE', #3668 ) ;
#1247 = VERTEX_POINT ( 'NONE', #5788 ) ;
#1248 = AXIS2_PLACEMENT_3D ( 'NONE', #7029, #6111, #4123 ) ;
#1249 = LINE ( 'NONE', #5402, #5288 ) ;
#1250 = PLANE ( 'NONE',  #5784 ) ;
#1251 = ADVANCED_FACE ( 'NONE', ( #2106 ), #123, .T. ) ;
#1252 = CARTESIAN_POINT ( 'NONE',  ( 4.900000000000001243, -5.450515463917523284, 0.4000000000000000222 ) ) ;
#1253 = EDGE_CURVE ( 'NONE', #4152, #4714, #2242, .T. ) ;
#1254 = ORIENTED_EDGE ( 'NONE', *, *, #347, .T. ) ;
#1255 = EDGE_CURVE ( 'NONE', #6130, #2812, #5740, .T. ) ;
#1256 = EDGE_CURVE ( 'NONE', #410, #6529, #9115, .T. ) ;
#1257 = ORIENTED_EDGE ( 'NONE', *, *, #5481, .F. ) ;
#1258 = ORIENTED_EDGE ( 'NONE', *, *, #4437, .F. ) ;
#1259 = VERTEX_POINT ( 'NONE', #82 ) ;
#1260 = CARTESIAN_POINT ( 'NONE',  ( 0.4999999999999981681, -0.6408712114635676249, 0.000000000000000000 ) ) ;
#1261 = AXIS2_PLACEMENT_3D ( 'NONE', #1822, #8882, #1906 ) ;
#1262 = FACE_OUTER_BOUND ( 'NONE', #7146, .T. ) ;
#1263 = CARTESIAN_POINT ( 'NONE',  ( 3.250000000000001332, -6.700000000000000178, 1.100000000000000089 ) ) ;
#1264 = CARTESIAN_POINT ( 'NONE',  ( -3.250000000000001332, -5.549999999999998934, 1.300000000000000266 ) ) ;
#1265 = EDGE_CURVE ( 'NONE', #1104, #4254, #4273, .T. ) ;
#1266 = FACE_OUTER_BOUND ( 'NONE', #2457, .T. ) ;
#1267 = VERTEX_POINT ( 'NONE', #3628 ) ;
#1268 = CIRCLE ( 'NONE', #6421, 0.6500000000000000222 ) ;
#1269 = AXIS2_PLACEMENT_3D ( 'NONE', #679, #1367, #8414 ) ;
#1270 = VERTEX_POINT ( 'NONE', #5047 ) ;
#1271 = DIRECTION ( 'NONE',  ( -1.000000000000000000, 0.000000000000000000, 0.000000000000000000 ) ) ;
#1272 = EDGE_CURVE ( 'NONE', #5147, #5990, #1374, .T. ) ;
#1273 = VERTEX_POINT ( 'NONE', #8510 ) ;
#1274 = VERTEX_POINT ( 'NONE', #2801 ) ;
#1275 = DIRECTION ( 'NONE',  ( -8.850629979473506011E-17, -1.000000000000000000, 0.000000000000000000 ) ) ;
#1276 = PRODUCT ( 'PT01_15D_SHAFT', 'PT01_15D_SHAFT', '', ( #4084 ) ) ;
#1277 = DIRECTION ( 'NONE',  ( 0.000000000000000000, 0.000000000000000000, -1.000000000000000000 ) ) ;
#1278 = CARTESIAN_POINT ( 'NONE',  ( 4.900000000000000355, 0.4494845360824787361, -7.399999999999999467 ) ) ;
#1279 = DIRECTION ( 'NONE',  ( -0.000000000000000000, -1.000000000000000000, -0.000000000000000000 ) ) ;
#1280 = LINE ( 'NONE', #4127, #7383 ) ;
#1281 = ORIENTED_EDGE ( 'NONE', *, *, #8022, .F. ) ;
#1282 = ORIENTED_EDGE ( 'NONE', *, *, #1704, .F. ) ;
#1283 = DIRECTION ( 'NONE',  ( -1.000000000000000000, 0.000000000000000000, 0.000000000000000000 ) ) ;
#1284 = CARTESIAN_POINT ( 'NONE',  ( 5.708436666169093954, 0.4494845360824782921, -8.329999999999998295 ) ) ;
#1285 = DIRECTION ( 'NONE',  ( 1.931541112668179251E-15, 0.000000000000000000, -1.000000000000000000 ) ) ;
#1286 = LINE ( 'NONE', #4091, #4853 ) ;
#1287 = DIRECTION ( 'NONE',  ( 0.000000000000000000, 1.000000000000000000, -1.141265444721583511E-16 ) ) ;
#1288 = ORIENTED_EDGE ( 'NONE', *, *, #7559, .F. ) ;
#1289 = DIRECTION ( 'NONE',  ( 0.000000000000000000, 0.000000000000000000, 1.000000000000000000 ) ) ;
#1290 = CARTESIAN_POINT ( 'NONE',  ( 0.6700000000000003730, 11.70000000000000462, 0.5999999999999998668 ) ) ;
#1291 = VERTEX_POINT ( 'NONE', #163 ) ;
#1292 = ORIENTED_EDGE ( 'NONE', *, *, #4399, .T. ) ;
#1293 = ADVANCED_FACE ( 'NONE', ( #6443 ), #6301, .F. ) ;
#1294 = LINE ( 'NONE', #2030, #2199 ) ;
#1295 = CARTESIAN_POINT ( 'NONE',  ( 4.500000000000002665, 1.449484536082478625, 0.000000000000000000 ) ) ;
#1296 = PLANE ( 'NONE',  #8878 ) ;
#1297 = CARTESIAN_POINT ( 'NONE',  ( 0.5000000000000002220, 10.90000000000000036, 1.500000000000000000 ) ) ;
#1298 = ORIENTED_EDGE ( 'NONE', *, *, #3955, .F. ) ;
#1299 = EDGE_LOOP ( 'NONE', ( #2787, #1151, #657, #6066 ) ) ;
#1300 = EDGE_LOOP ( 'NONE', ( #189, #3244, #8176, #4809 ) ) ;
#1301 = VERTEX_POINT ( 'NONE', #7183 ) ;
#1302 = ADVANCED_FACE ( 'NONE', ( #6344 ), #7690, .F. ) ;
#1303 = CARTESIAN_POINT ( 'NONE',  ( 0.000000000000000000, 0.000000000000000000, 0.9999999999999956701 ) ) ;
#1304 = CARTESIAN_POINT ( 'NONE',  ( 4.500000000000003553, -5.450515463917523284, 0.000000000000000000 ) ) ;
#1305 = EDGE_CURVE ( 'NONE', #397, #1019, #6482, .T. ) ;
#1306 = CARTESIAN_POINT ( 'NONE',  ( 1.899999999999996358, -4.200000000000000178, 0.1000000000000000056 ) ) ;
#1307 = EDGE_CURVE ( 'NONE', #5521, #7699, #1457, .T. ) ;
#1308 = CARTESIAN_POINT ( 'NONE',  ( -4.836441345419223659, -1.136301901544424897, -10.20000000000000995 ) ) ;
#1309 = EDGE_CURVE ( 'NONE', #2048, #4962, #8468, .T. ) ;
#1310 = DIRECTION ( 'NONE',  ( -0.000000000000000000, -0.000000000000000000, -1.000000000000000000 ) ) ;
#1311 = VECTOR ( 'NONE', #5875, 1000.000000000000000 ) ;
#1312 = ORIENTED_EDGE ( 'NONE', *, *, #5479, .T. ) ;
#1313 = ORIENTED_EDGE ( 'NONE', *, *, #583, .T. ) ;
#1314 = ORIENTED_EDGE ( 'NONE', *, *, #6476, .T. ) ;
#1315 = CARTESIAN_POINT ( 'NONE',  ( -2.100000000000000089, -6.700000000000000178, -1.350000000000000089 ) ) ;
#1316 = ORIENTED_EDGE ( 'NONE', *, *, #1920, .T. ) ;
#1317 = EDGE_CURVE ( 'NONE', #5497, #1745, #4534, .T. ) ;
#1318 = DIRECTION ( 'NONE',  ( 1.000000000000000000, 0.000000000000000000, 0.000000000000000000 ) ) ;
#1319 = CARTESIAN_POINT ( 'NONE',  ( -1.062518129035794345E-14, 0.4500000000000127232, 0.5000000000000000000 ) ) ;
#1320 = EDGE_CURVE ( 'NONE', #6796, #1267, #7919, .T. ) ;
#1321 = LINE ( 'NONE', #4770, #8562 ) ;
#1322 = AXIS2_PLACEMENT_3D ( 'NONE', #7567, #2591, #5445 ) ;
#1323 = CARTESIAN_POINT ( 'NONE',  ( 0.000000000000000000, 0.000000000000000000, 0.5000000000000000000 ) ) ;
#1324 = ORIENTED_EDGE ( 'NONE', *, *, #3614, .F. ) ;
#1325 = EDGE_LOOP ( 'NONE', ( #6876, #8321, #8660, #3938 ) ) ;
#1326 = CARTESIAN_POINT ( 'NONE',  ( -4.499999999999990230, 1.449484536082479957, -5.800000000000009592 ) ) ;
#1327 = DIRECTION ( 'NONE',  ( 0.000000000000000000, 1.000000000000000000, 0.000000000000000000 ) ) ;
#1328 = LINE ( 'NONE', #1971, #1996 ) ;
#1329 = DIRECTION ( 'NONE',  ( -0.000000000000000000, -0.000000000000000000, -1.000000000000000000 ) ) ;
#1330 = DIRECTION ( 'NONE',  ( 0.000000000000000000, 0.000000000000000000, -1.000000000000000000 ) ) ;
#1331 = ORIENTED_EDGE ( 'NONE', *, *, #8396, .T. ) ;
#1332 = CARTESIAN_POINT ( 'NONE',  ( 3.250000000000000888, -6.400000000000000355, 1.000000000000000000 ) ) ;
#1333 = DIRECTION ( 'NONE',  ( 1.000000000000000000, 0.000000000000000000, 0.000000000000000000 ) ) ;
#1334 = CIRCLE ( 'NONE', #1908, 3.850000000000000089 ) ;
#1335 = ORIENTED_EDGE ( 'NONE', *, *, #6727, .F. ) ;
#1336 = ORIENTED_EDGE ( 'NONE', *, *, #7450, .T. ) ;
#1337 = VERTEX_POINT ( 'NONE', #7355 ) ;
#1338 = AXIS2_PLACEMENT_3D ( 'NONE', #1647, #960, #3771 ) ;
#1339 = CARTESIAN_POINT ( 'NONE',  ( 3.250000000000001332, -6.500000000000001776, 1.300000000000000266 ) ) ;
#1340 = DIRECTION ( 'NONE',  ( -0.000000000000000000, -1.000000000000000000, -0.000000000000000000 ) ) ;
#1341 = PLANE ( 'NONE',  #7399 ) ;
#1342 = DIRECTION ( 'NONE',  ( -1.000000000000000000, -8.850629979473507244E-17, 0.000000000000000000 ) ) ;
#1343 = ADVANCED_FACE ( 'NONE', ( #3843 ), #388, .T. ) ;
#1344 = ORIENTED_EDGE ( 'NONE', *, *, #3441, .F. ) ;
#1345 = VECTOR ( 'NONE', #8047, 1000.000000000000000 ) ;
#1346 = VECTOR ( 'NONE', #7324, 1000.000000000000000 ) ;
#1347 = EDGE_LOOP ( 'NONE', ( #3005, #127, #5584, #7860, #6973, #6089, #7513, #6008, #493, #5140, #3321 ) ) ;
#1348 = ORIENTED_EDGE ( 'NONE', *, *, #573, .F. ) ;
#1349 = LINE ( 'NONE', #4707, #954 ) ;
#1350 = CARTESIAN_POINT ( 'NONE',  ( -0.5000000000000027756, -2.050000000000001155, 0.000000000000000000 ) ) ;
#1351 = CARTESIAN_POINT ( 'NONE',  ( 0.4499999999999982903, -3.020950878361716274, 1.800000000000000488 ) ) ;
#1352 = DIRECTION ( 'NONE',  ( 1.000000000000000000, 0.000000000000000000, 0.000000000000000000 ) ) ;
#1353 = AXIS2_PLACEMENT_3D ( 'NONE', #1719, #385, #6706 ) ;
#1354 = AXIS2_PLACEMENT_3D ( 'NONE', #5044, #1548, #7871 ) ;
#1355 = CARTESIAN_POINT ( 'NONE',  ( 2.999999999999998224, -3.750000000000000000, 5.599999999999999645 ) ) ;
#1356 = EDGE_CURVE ( 'NONE', #7059, #2336, #8694, .T. ) ;
#1357 = ORIENTED_EDGE ( 'NONE', *, *, #7896, .T. ) ;
#1358 = ORIENTED_EDGE ( 'NONE', *, *, #1138, .T. ) ;
#1359 = ORIENTED_EDGE ( 'NONE', *, *, #7226, .F. ) ;
#1360 = LINE ( 'NONE', #7812, #6052 ) ;
#1361 = VECTOR ( 'NONE', #3240, 1000.000000000000000 ) ;
#1362 = ORIENTED_EDGE ( 'NONE', *, *, #350, .T. ) ;
#1363 = FACE_OUTER_BOUND ( 'NONE', #1828, .T. ) ;
#1364 = FACE_OUTER_BOUND ( 'NONE', #3472, .T. ) ;
#1365 = CARTESIAN_POINT ( 'NONE',  ( 4.399999999999998579, -5.549999999999998934, 1.000000000000000000 ) ) ;
#1366 = VECTOR ( 'NONE', #8720, 1000.000000000000000 ) ;
#1368 = AXIS2_PLACEMENT_3D ( 'NONE', #655, #4835, #2595 ) ;
#1367 = DIRECTION ( 'NONE',  ( 0.000000000000000000, 0.000000000000000000, 1.000000000000000000 ) ) ;
#1369 = EDGE_CURVE ( 'NONE', #8783, #7411, #1031, .T. ) ;
#1370 = CARTESIAN_POINT ( 'NONE',  ( -4.900000000000000355, 4.349484536082479202, -4.900000000000009237 ) ) ;
#1371 = EDGE_CURVE ( 'NONE', #4274, #6045, #1624, .T. ) ;
#1372 = EDGE_CURVE ( 'NONE', #6529, #1337, #6007, .T. ) ;
#1373 = ORIENTED_EDGE ( 'NONE', *, *, #276, .T. ) ;
#1374 = LINE ( 'NONE', #683, #2363 ) ;
#1375 = EDGE_CURVE ( 'NONE', #2736, #5359, #3211, .T. ) ;
#1376 = LINE ( 'NONE', #1284, #7417 ) ;
#1377 = VECTOR ( 'NONE', #5529, 1000.000000000000114 ) ;
#1378 = DIRECTION ( 'NONE',  ( 0.000000000000000000, 1.000000000000000000, 0.000000000000000000 ) ) ;
#1379 = AXIS2_PLACEMENT_3D ( 'NONE', #4538, #2618, #1136 ) ;
#1380 = ORIENTED_EDGE ( 'NONE', *, *, #2942, .T. ) ;
#1381 = DIRECTION ( 'NONE',  ( 1.000000000000000000, 0.000000000000000000, 0.000000000000000000 ) ) ;
#1382 = CARTESIAN_POINT ( 'NONE',  ( 0.0008203932499369634770, 11.70000000000000462, -0.5999999999999999778 ) ) ;
#1383 = VECTOR ( 'NONE', #3909, 1000.000000000000114 ) ;
#1384 = EDGE_LOOP ( 'NONE', ( #717, #6354, #7823, #5501 ) ) ;
#1385 = ORIENTED_EDGE ( 'NONE', *, *, #7322, .T. ) ;
#1386 = ORIENTED_EDGE ( 'NONE', *, *, #5538, .F. ) ;
#1387 = VECTOR ( 'NONE', #218, 1000.000000000000000 ) ;
#1388 = CARTESIAN_POINT ( 'NONE',  ( -1.900000000000001910, 3.600000000000003642, 0.1000000000000000056 ) ) ;
#1389 = CARTESIAN_POINT ( 'NONE',  ( 3.499999999999998224, 0.4500000000000040079, 2.500000000000000000 ) ) ;
#1390 = VECTOR ( 'NONE', #8688, 1000.000000000000000 ) ;
#1391 = CARTESIAN_POINT ( 'NONE',  ( 0.2999999999999997669, 11.70000000000000462, 0.000000000000000000 ) ) ;
#1392 = LINE ( 'NONE', #4202, #3746 ) ;
#1393 = VERTEX_POINT ( 'NONE', #7223 ) ;
#1394 = VECTOR ( 'NONE', #1006, 1000.000000000000000 ) ;
#1395 = AXIS2_PLACEMENT_3D ( 'NONE', #5361, #8127, #1022 ) ;
#1396 = ORIENTED_EDGE ( 'NONE', *, *, #1743, .T. ) ;
#1397 = CARTESIAN_POINT ( 'NONE',  ( -3.600000000000001421, 5.950000000000001954, 5.000000000000000000 ) ) ;
#1398 = DIRECTION ( 'NONE',  ( -2.551063935260010491E-16, 1.000000000000000000, 0.000000000000000000 ) ) ;
#1399 = DIRECTION ( 'NONE',  ( -2.551063935260010491E-16, 1.000000000000000000, 0.000000000000000000 ) ) ;
#1400 = LINE ( 'NONE', #705, #1186 ) ;
#1401 = CARTESIAN_POINT ( 'NONE',  ( -4.499999999999991118, 4.049484536082480268, -4.300000000000008704 ) ) ;
#1402 = VERTEX_POINT ( 'NONE', #3168 ) ;
#1403 = ORIENTED_EDGE ( 'NONE', *, *, #7687, .T. ) ;
#1404 = DIRECTION ( 'NONE',  ( 0.000000000000000000, 0.000000000000000000, -1.000000000000000000 ) ) ;
#1405 = CIRCLE ( 'NONE', #521, 0.6750000000000002665 ) ;
#1406 = ORIENTED_EDGE ( 'NONE', *, *, #8301, .F. ) ;
#1407 = CARTESIAN_POINT ( 'NONE',  ( -4.900000000000000355, 4.349484536082479202, -4.300000000000009592 ) ) ;
#1408 = CARTESIAN_POINT ( 'NONE',  ( -4.500000000000001776, 0.000000000000000000, 0.000000000000000000 ) ) ;
#1409 = EDGE_CURVE ( 'NONE', #3855, #5998, #2338, .T. ) ;
#1410 = CARTESIAN_POINT ( 'NONE',  ( -3.400030506350376847, -0.5505154639175209308, -9.416434827598701318 ) ) ;
#1411 = AXIS2_PLACEMENT_3D ( 'NONE', #5090, #2284, #7909 ) ;
#1412 = SURFACE_STYLE_FILL_AREA ( #2101 ) ;
#1413 = ITEM_DEFINED_TRANSFORMATION ( 'NONE', 'NONE', #8172,  #804 ) ;
#1414 = CARTESIAN_POINT ( 'NONE',  ( 1.000000000000000000, 4.426179070414211658, 4.299999999999999822 ) ) ;
#1415 = VERTEX_POINT ( 'NONE', #6530 ) ;
#1416 = CARTESIAN_POINT ( 'NONE',  ( 0.5000000000000002220, 11.70000000000000462, 1.500000000000000000 ) ) ;
#1417 = FACE_OUTER_BOUND ( 'NONE', #4205, .T. ) ;
#1418 = CARTESIAN_POINT ( 'NONE',  ( -1.734723475976807094E-15, 0.4500000000000040079, 4.299999999999999822 ) ) ;
#1419 = EDGE_CURVE ( 'NONE', #6172, #7873, #3761, .T. ) ;
#1420 = ADVANCED_FACE ( 'NONE', ( #5276 ), #3076, .F. ) ;
#1421 = EDGE_CURVE ( 'NONE', #7723, #8944, #3263, .T. ) ;
#1422 = LINE ( 'NONE', #4229, #5782 ) ;
#1423 = ORIENTED_EDGE ( 'NONE', *, *, #4409, .T. ) ;
#1424 = DIRECTION ( 'NONE',  ( 0.000000000000000000, -1.000000000000000000, 0.000000000000000000 ) ) ;
#1425 = CARTESIAN_POINT ( 'NONE',  ( 4.500000000000002665, 3.982783490763078137E-16, 0.000000000000000000 ) ) ;
#1426 = VECTOR ( 'NONE', #4950, 1000.000000000000000 ) ;
#1427 = VERTEX_POINT ( 'NONE', #8828 ) ;
#1428 = CARTESIAN_POINT ( 'NONE',  ( 0.000000000000000000, -0.5505154639175201536, 9.757819552369539906E-17 ) ) ;
#1429 = ORIENTED_EDGE ( 'NONE', *, *, #499, .T. ) ;
#1430 = VERTEX_POINT ( 'NONE', #6661 ) ;
#1431 = EDGE_CURVE ( 'NONE', #6183, #2333, #5099, .T. ) ;
#1432 = CARTESIAN_POINT ( 'NONE',  ( 4.500000000000002665, 1.449484536082478625, -5.900000000000000355 ) ) ;
#1433 = LINE ( 'NONE', #5718, #2109 ) ;
#1434 = DIRECTION ( 'NONE',  ( 1.000000000000000000, 0.000000000000000000, 0.000000000000000000 ) ) ;
#1435 = CARTESIAN_POINT ( 'NONE',  ( 2.349999999999998312, 4.650000000000004796, 5.000000000000000000 ) ) ;
#1436 = EDGE_CURVE ( 'NONE', #5069, #6126, #3408, .T. ) ;
#1437 = VERTEX_POINT ( 'NONE', #949 ) ;
#1438 = ORIENTED_EDGE ( 'NONE', *, *, #674, .F. ) ;
#1439 = CARTESIAN_POINT ( 'NONE',  ( 2.600000000000000533, 4.049484536082481156, -4.900000000000009237 ) ) ;
#1440 = DIRECTION ( 'NONE',  ( -0.000000000000000000, -1.000000000000000000, -0.000000000000000000 ) ) ;
#1441 = CARTESIAN_POINT ( 'NONE',  ( 1.749999999999999778, -5.549999999999999822, 1.000000000000000000 ) ) ;
#1442 = DIRECTION ( 'NONE',  ( 0.000000000000000000, 0.000000000000000000, 1.000000000000000000 ) ) ;
#1443 = PLANE ( 'NONE',  #178 ) ;
#1444 = VERTEX_POINT ( 'NONE', #5183 ) ;
#1445 = ORIENTED_EDGE ( 'NONE', *, *, #1756, .F. ) ;
#1446 = DIRECTION ( 'NONE',  ( 1.000000000000000000, 0.000000000000000000, 0.000000000000000000 ) ) ;
#1447 = ORIENTED_EDGE ( 'NONE', *, *, #2533, .T. ) ;
#1448 = CARTESIAN_POINT ( 'NONE',  ( -0.7500000000000000000, -5.549999999999999822, 1.000000000000000000 ) ) ;
#1449 = DIRECTION ( 'NONE',  ( -1.000000000000000000, 8.850629979473510942E-17, 0.000000000000000000 ) ) ;
#1450 = LINE ( 'NONE', #3954, #2503 ) ;
#1451 = CARTESIAN_POINT ( 'NONE',  ( 5.238893727143786094, -1.550515463917522041, -8.400000000000000355 ) ) ;
#1452 = DIRECTION ( 'NONE',  ( 1.000000000000000000, -2.491288438666616105E-16, 1.931541112668179645E-15 ) ) ;
#1453 = SHAPE_DEFINITION_REPRESENTATION ( #1034, #1058 ) ;
#1454 = LINE ( 'NONE', #8416, #1939 ) ;
#1455 = EDGE_CURVE ( 'NONE', #6629, #1645, #993, .T. ) ;
#1456 = VERTEX_POINT ( 'NONE', #7400 ) ;
#1457 = LINE ( 'NONE', #7737, #5459 ) ;
#1458 = DIRECTION ( 'NONE',  ( 0.000000000000000000, 0.000000000000000000, 1.000000000000000000 ) ) ;
#1459 = CARTESIAN_POINT ( 'NONE',  ( 5.538016780164206843, -1.550515463917522041, -8.133954347177770217 ) ) ;
#1460 = VECTOR ( 'NONE', #8711, 1000.000000000000000 ) ;
#1461 = DIRECTION ( 'NONE',  ( 1.000000000000000000, 0.000000000000000000, 0.000000000000000000 ) ) ;
#1462 = EDGE_LOOP ( 'NONE', ( #5985, #8975, #4808, #4829, #8207, #8382, #1492 ) ) ;
#1463 = FACE_OUTER_BOUND ( 'NONE', #5023, .T. ) ;
#1464 = PLANE ( 'NONE',  #3409 ) ;
#1465 = ADVANCED_FACE ( 'NONE', ( #3895 ), #6712, .F. ) ;
#1466 = ORIENTED_EDGE ( 'NONE', *, *, #6773, .T. ) ;
#1467 = LINE ( 'NONE', #7094, #2808 ) ;
#1468 = AXIS2_PLACEMENT_3D ( 'NONE', #1672, #2372, #2190 ) ;
#1469 = VERTEX_POINT ( 'NONE', #1954 ) ;
#1470 = EDGE_CURVE ( 'NONE', #4800, #7139, #6936, .T. ) ;
#1471 = ORIENTED_EDGE ( 'NONE', *, *, #2273, .T. ) ;
#1472 = CARTESIAN_POINT ( 'NONE',  ( 2.900000000000000355, -6.700000000000000178, -1.350000000000000089 ) ) ;
#1473 = DIRECTION ( 'NONE',  ( 0.000000000000000000, 0.000000000000000000, 1.000000000000000000 ) ) ;
#1474 = VECTOR ( 'NONE', #7666, 1000.000000000000000 ) ;
#1475 = CARTESIAN_POINT ( 'NONE',  ( -1.900000000000001910, -4.200000000000000178, 0.1000000000000000056 ) ) ;
#1476 = FACE_OUTER_BOUND ( 'NONE', #5812, .T. ) ;
#1477 = EDGE_CURVE ( 'NONE', #3422, #3170, #1223, .T. ) ;
#1478 = ORIENTED_EDGE ( 'NONE', *, *, #1253, .T. ) ;
#1479 = EDGE_CURVE ( 'NONE', #876, #8351, #6149, .T. ) ;
#1480 = ORIENTED_EDGE ( 'NONE', *, *, #6447, .T. ) ;
#1481 = EDGE_CURVE ( 'NONE', #7136, #5489, #2373, .T. ) ;
#1482 = EDGE_CURVE ( 'NONE', #560, #4368, #8140, .T. ) ;
#1483 = VECTOR ( 'NONE', #5523, 1000.000000000000000 ) ;
#1484 = CARTESIAN_POINT ( 'NONE',  ( 0.4000000000000009104, -6.400000000000000355, -5.750000000000000000 ) ) ;
#1485 = CARTESIAN_POINT ( 'NONE',  ( -4.499999999999990230, 1.449484536082479513, -5.900000000000009237 ) ) ;
#1486 = DIRECTION ( 'NONE',  ( 0.000000000000000000, 0.000000000000000000, 1.000000000000000000 ) ) ;
#1487 = DIRECTION ( 'NONE',  ( 1.000000000000000000, 0.000000000000000000, 0.000000000000000000 ) ) ;
#1488 = VECTOR ( 'NONE', #3940, 1000.000000000000000 ) ;
#1489 = VECTOR ( 'NONE', #504, 1000.000000000000000 ) ;
#1490 = ORIENTED_EDGE ( 'NONE', *, *, #7228, .T. ) ;
#1491 = CARTESIAN_POINT ( 'NONE',  ( 2.100000000000000089, -6.700000000000000178, -5.750000000000000000 ) ) ;
#1492 = ORIENTED_EDGE ( 'NONE', *, *, #3790, .F. ) ;
#1493 = DIRECTION ( 'NONE',  ( 0.000000000000000000, 1.000000000000000000, 0.000000000000000000 ) ) ;
#1494 = CARTESIAN_POINT ( 'NONE',  ( -4.500000000000001776, 4.349484536082480091, -8.673617379884035472E-15 ) ) ;
#1495 = DIRECTION ( 'NONE',  ( 0.000000000000000000, 1.000000000000000000, 0.000000000000000000 ) ) ;
#1496 = VECTOR ( 'NONE', #854, 1000.000000000000000 ) ;
#1497 = DIRECTION ( 'NONE',  ( -1.000000000000000000, 0.000000000000000000, 0.000000000000000000 ) ) ;
#1498 = DIRECTION ( 'NONE',  ( 1.000000000000000000, -1.308519863344574291E-16, 0.000000000000000000 ) ) ;
#1499 = CARTESIAN_POINT ( 'NONE',  ( -4.500000000000003553, -5.450515463917522396, 0.000000000000000000 ) ) ;
#1500 = PLANE ( 'NONE',  #171 ) ;
#1501 = AXIS2_PLACEMENT_3D ( 'NONE', #2454, #1847, #3786 ) ;
#1502 = ORIENTED_EDGE ( 'NONE', *, *, #4072, .T. ) ;
#1503 = DIRECTION ( 'NONE',  ( 0.000000000000000000, 1.000000000000000000, 0.000000000000000000 ) ) ;
#1504 = CARTESIAN_POINT ( 'NONE',  ( -4.500000000000001776, 4.349484536082479202, 0.4000000000000000222 ) ) ;
#1505 = CARTESIAN_POINT ( 'NONE',  ( 0.000000000000000000, -6.700000000000000178, -1.350000000000000089 ) ) ;
#1506 = VECTOR ( 'NONE', #2644, 1000.000000000000000 ) ;
#1507 = DIRECTION ( 'NONE',  ( 0.000000000000000000, 0.000000000000000000, -1.000000000000000000 ) ) ;
#1508 = PLANE ( 'NONE',  #3897 ) ;
#1509 = DIRECTION ( 'NONE',  ( -5.041199799583462696E-17, 1.000000000000000000, -4.382248128459739893E-17 ) ) ;
#1510 = AXIS2_PLACEMENT_3D ( 'NONE', #107, #5860, #8672 ) ;
#1511 = ORIENTED_EDGE ( 'NONE', *, *, #6882, .T. ) ;
#1512 = FACE_OUTER_BOUND ( 'NONE', #2499, .T. ) ;
#1513 = AXIS2_PLACEMENT_3D ( 'NONE', #4100, #2635, #601 ) ;
#1514 = DIRECTION ( 'NONE',  ( -0.000000000000000000, -0.000000000000000000, -1.000000000000000000 ) ) ;
#1515 = VERTEX_POINT ( 'NONE', #3982 ) ;
#1516 = PLANE ( 'NONE',  #9126 ) ;
#1517 = CARTESIAN_POINT ( 'NONE',  ( -0.7500000000000000000, -6.700000000000000178, 1.100000000000000089 ) ) ;
#1518 = EDGE_CURVE ( 'NONE', #5475, #419, #5324, .T. ) ;
#1519 = AXIS2_PLACEMENT_3D ( 'NONE', #169, #1556, #1687 ) ;
#1520 = VECTOR ( 'NONE', #8621, 1000.000000000000000 ) ;
#1521 = CARTESIAN_POINT ( 'NONE',  ( 0.003233649729229023419, 8.500000000000000000, 3.151279358214723825 ) ) ;
#1522 = VERTEX_POINT ( 'NONE', #6192 ) ;
#1523 = EDGE_LOOP ( 'NONE', ( #8663, #4856, #1943, #6191, #6644 ) ) ;
#1524 = ORIENTED_EDGE ( 'NONE', *, *, #8300, .F. ) ;
#1525 = CIRCLE ( 'NONE', #6681, 0.1500000000000000777 ) ;
#1526 = FACE_OUTER_BOUND ( 'NONE', #2831, .T. ) ;
#1527 = DIRECTION ( 'NONE',  ( -1.000000000000000000, 0.000000000000000000, 0.000000000000000000 ) ) ;
#1528 = CARTESIAN_POINT ( 'NONE',  ( -0.5000000000000017764, 0.9500000000000040634, 0.5000000000000000000 ) ) ;
#1529 = EDGE_CURVE ( 'NONE', #113, #5219, #6247, .T. ) ;
#1530 = CARTESIAN_POINT ( 'NONE',  ( 0.000000000000000000, 8.900000000000000355, 0.000000000000000000 ) ) ;
#1531 = EDGE_CURVE ( 'NONE', #4968, #1056, #5317, .T. ) ;
#1532 = CARTESIAN_POINT ( 'NONE',  ( -1.565936075841833031, 10.20000000000000107, -3.517150011924013331 ) ) ;
#1533 = EDGE_CURVE ( 'NONE', #4929, #3375, #164, .T. ) ;
#1534 = AXIS2_PLACEMENT_3D ( 'NONE', #2484, #8803, #8292 ) ;
#1535 = VECTOR ( 'NONE', #675, 1000.000000000000000 ) ;
#1536 = ORIENTED_EDGE ( 'NONE', *, *, #4849, .F. ) ;
#1537 = VERTEX_POINT ( 'NONE', #5509 ) ;
#1538 = LINE ( 'NONE', #7673, #14 ) ;
#1539 = VERTEX_POINT ( 'NONE', #1817 ) ;
#1540 = PLANE ( 'NONE',  #3018 ) ;
#1541 = PRESENTATION_LAYER_ASSIGNMENT (  '', '', ( #815 ) ) ;
#1542 = CARTESIAN_POINT ( 'NONE',  ( -4.500000000000002665, 3.982783490763078137E-16, 0.000000000000000000 ) ) ;
#1543 = DIRECTION ( 'NONE',  ( -1.000000000000000000, 0.000000000000000000, 0.000000000000000000 ) ) ;
#1544 = ADVANCED_FACE ( 'NONE', ( #7534 ), #2523, .T. ) ;
#1545 = FACE_OUTER_BOUND ( 'NONE', #7670, .T. ) ;
#1546 = DIRECTION ( 'NONE',  ( 0.000000000000000000, 0.000000000000000000, -1.000000000000000000 ) ) ;
#1547 = CARTESIAN_POINT ( 'NONE',  ( 0.4499999999999982903, -3.625230054855794304, 2.500000000000000000 ) ) ;
#1548 = DIRECTION ( 'NONE',  ( 0.000000000000000000, 0.000000000000000000, 1.000000000000000000 ) ) ;
#1549 = AXIS2_PLACEMENT_3D ( 'NONE', #1596, #4367, #4499 ) ;
#1550 = ORIENTED_EDGE ( 'NONE', *, *, #4467, .T. ) ;
#1551 = ORIENTED_EDGE ( 'NONE', *, *, #188, .T. ) ;
#1552 = DIRECTION ( 'NONE',  ( 0.000000000000000000, 0.000000000000000000, -1.000000000000000000 ) ) ;
#1553 = CARTESIAN_POINT ( 'NONE',  ( 5.236132948075096216, -1.550515463917522041, -8.396377958773973305 ) ) ;
#1554 = CARTESIAN_POINT ( 'NONE',  ( 2.500000000000000000, -6.700000000000000178, -5.750000000000000000 ) ) ;
#1555 = VECTOR ( 'NONE', #4836, 1000.000000000000000 ) ;
#1556 = DIRECTION ( 'NONE',  ( 0.000000000000000000, 0.000000000000000000, -1.000000000000000000 ) ) ;
#1557 = CARTESIAN_POINT ( 'NONE',  ( 0.000000000000000000, 13.19999999998344720, 0.000000000000000000 ) ) ;
#1558 = LINE ( 'NONE', #7835, #4281 ) ;
#1559 = ORIENTED_EDGE ( 'NONE', *, *, #8593, .T. ) ;
#1560 = CARTESIAN_POINT ( 'NONE',  ( 0.000000000000000000, 11.70000000000000462, 0.000000000000000000 ) ) ;
#1561 = CARTESIAN_POINT ( 'NONE',  ( 3.399999999999998579, -2.050000000000001155, 0.5000000000000000000 ) ) ;
#1562 = ORIENTED_EDGE ( 'NONE', *, *, #3107, .F. ) ;
#1563 = LINE ( 'NONE', #47, #8971 ) ;
#1564 = LINE ( 'NONE', #965, #2259 ) ;
#1565 = CARTESIAN_POINT ( 'NONE',  ( -5.238893727143770107, 0.4494845360824794023, -8.400000000000009237 ) ) ;
#1566 = EDGE_LOOP ( 'NONE', ( #3600, #2468, #1445, #2585 ) ) ;
#1567 = ORIENTED_EDGE ( 'NONE', *, *, #8363, .T. ) ;
#1568 = EDGE_CURVE ( 'NONE', #6912, #4952, #5418, .T. ) ;
#1569 = ORIENTED_EDGE ( 'NONE', *, *, #2090, .T. ) ;
#1570 = CARTESIAN_POINT ( 'NONE',  ( 3.599999999999999645, 5.150000000000005684, 0.000000000000000000 ) ) ;
#1571 = CARTESIAN_POINT ( 'NONE',  ( 4.900000000000001243, -2.550515463917522041, 0.4000000000000000222 ) ) ;
#1572 = FACE_OUTER_BOUND ( 'NONE', #7387, .T. ) ;
#1573 = DIRECTION ( 'NONE',  ( -0.000000000000000000, -1.000000000000000000, -0.000000000000000000 ) ) ;
#1574 = FACE_OUTER_BOUND ( 'NONE', #1577, .T. ) ;
#1575 = ORIENTED_EDGE ( 'NONE', *, *, #2090, .F. ) ;
#1576 = EDGE_CURVE ( 'NONE', #8910, #8107, #1131, .T. ) ;
#1577 = EDGE_LOOP ( 'NONE', ( #4921, #5905, #3366, #7257, #8483, #6555 ) ) ;
#1578 = DIRECTION ( 'NONE',  ( -1.000000000000000000, 0.000000000000000000, 0.000000000000000000 ) ) ;
#1579 = ADVANCED_FACE ( 'NONE', ( #9009 ), #484, .T. ) ;
#1580 = VERTEX_POINT ( 'NONE', #432 ) ;
#1581 = ORIENTED_EDGE ( 'NONE', *, *, #6100, .F. ) ;
#1582 = CARTESIAN_POINT ( 'NONE',  ( -1.000000000000000000, 3.804101966249689326, 2.500000000000000000 ) ) ;
#1583 = EDGE_CURVE ( 'NONE', #1270, #7533, #4428, .T. ) ;
#1584 = PLANE ( 'NONE',  #6270 ) ;
#1585 = DIRECTION ( 'NONE',  ( 1.000000000000000000, -0.000000000000000000, 1.224646799147353207E-16 ) ) ;
#1586 = CARTESIAN_POINT ( 'NONE',  ( 1.479999999999999982, 11.70000000000000462, 0.8499999999999999778 ) ) ;
#1587 = DIRECTION ( 'NONE',  ( 0.000000000000000000, 0.000000000000000000, -1.000000000000000000 ) ) ;
#1588 = LINE ( 'NONE', #7132, #8810 ) ;
#1589 = CARTESIAN_POINT ( 'NONE',  ( 4.500000000000002665, -3.550515463917521153, 0.000000000000000000 ) ) ;
#1590 = EDGE_CURVE ( 'NONE', #6529, #1393, #8191, .T. ) ;
#1591 = ORIENTED_EDGE ( 'NONE', *, *, #6137, .F. ) ;
#1592 = ORIENTED_EDGE ( 'NONE', *, *, #3830, .T. ) ;
#1593 = CARTESIAN_POINT ( 'NONE',  ( -1.249999999999999334, 8.500000000000000000, 3.152565349772896486 ) ) ;
#1594 = ADVANCED_FACE ( 'NONE', ( #5462 ), #8270, .T. ) ;
#1595 = LINE ( 'NONE', #8559, #209 ) ;
#1596 = CARTESIAN_POINT ( 'NONE',  ( 0.000000000000000000, -0.5505154639175205977, 0.3999999999999986899 ) ) ;
#1597 = CARTESIAN_POINT ( 'NONE',  ( 1.899999999999996358, -4.200000000000000178, 0.000000000000000000 ) ) ;
#1598 = DIRECTION ( 'NONE',  ( 0.000000000000000000, -1.000000000000000000, 1.018148511238955784E-16 ) ) ;
#1599 = DIRECTION ( 'NONE',  ( 1.000000000000000000, 0.000000000000000000, 1.232047923278982446E-16 ) ) ;
#1600 = ORIENTED_EDGE ( 'NONE', *, *, #4947, .T. ) ;
#1601 = CARTESIAN_POINT ( 'NONE',  ( -3.650000000000001688, 4.650000000000003908, 5.599999999999999645 ) ) ;
#1602 = DIRECTION ( 'NONE',  ( 1.000000000000000000, 8.850629979473506011E-17, 0.000000000000000000 ) ) ;
#1603 = ORIENTED_EDGE ( 'NONE', *, *, #5741, .F. ) ;
#1604 = CARTESIAN_POINT ( 'NONE',  ( -1.734723475976807094E-15, 0.4500000000000040079, 2.100000000000000089 ) ) ;
#1605 = DIRECTION ( 'NONE',  ( -2.491288438666616105E-16, -1.000000000000000000, -3.260780805318072864E-31 ) ) ;
#1606 = CARTESIAN_POINT ( 'NONE',  ( -1.342230922150143391, 8.900000000000000355, -3.014700010220582538 ) ) ;
#1607 = ORIENTED_EDGE ( 'NONE', *, *, #2021, .T. ) ;
#1608 = CIRCLE ( 'NONE', #2496, 3.399999999999999911 ) ;
#1609 = ORIENTED_EDGE ( 'NONE', *, *, #1356, .F. ) ;
#1610 = CARTESIAN_POINT ( 'NONE',  ( -4.500000000000002665, 4.849484536082480979, 0.3999999999999913625 ) ) ;
#1611 = CARTESIAN_POINT ( 'NONE',  ( 4.500000000000002665, -3.950515463917521508, -4.299999999999999822 ) ) ;
#1612 = CARTESIAN_POINT ( 'NONE',  ( 4.900000000000000355, 2.449484536082478847, 0.4000000000000000222 ) ) ;
#1613 = EDGE_CURVE ( 'NONE', #7885, #6873, #4077, .T. ) ;
#1614 = LINE ( 'NONE', #7206, #4884 ) ;
#1615 = ORIENTED_EDGE ( 'NONE', *, *, #5590, .F. ) ;
#1616 = CIRCLE ( 'NONE', #6779, 3.100000000000000977 ) ;
#1617 = LINE ( 'NONE', #2280, #7974 ) ;
#1618 = VERTEX_POINT ( 'NONE', #8498 ) ;
#1619 = EDGE_LOOP ( 'NONE', ( #1070, #5463 ) ) ;
#1620 = DIRECTION ( 'NONE',  ( -1.000000000000000000, 0.000000000000000000, 0.000000000000000000 ) ) ;
#1621 = DIRECTION ( 'NONE',  ( 0.000000000000000000, 0.000000000000000000, 1.000000000000000000 ) ) ;
#1622 = LINE ( 'NONE', #8777, #2246 ) ;
#1623 = CARTESIAN_POINT ( 'NONE',  ( 3.399999999999998579, 2.950000000000003286, 0.000000000000000000 ) ) ;
#1624 = CIRCLE ( 'NONE', #4423, 0.4000000000000001887 ) ;
#1625 = EDGE_CURVE ( 'NONE', #7486, #6899, #9063, .T. ) ;
#1626 = CARTESIAN_POINT ( 'NONE',  ( -2.899999999999999911, -6.400000000000000355, -1.349999999999999867 ) ) ;
#1627 = DIRECTION ( 'NONE',  ( -0.000000000000000000, -0.000000000000000000, -1.000000000000000000 ) ) ;
#1628 = ORIENTED_EDGE ( 'NONE', *, *, #7793, .F. ) ;
#1629 = ORIENTED_EDGE ( 'NONE', *, *, #1583, .F. ) ;
#1630 = LINE ( 'NONE', #6577, #616 ) ;
#1631 = DIRECTION ( 'NONE',  ( -0.4067366430758009854, 0.000000000000000000, 0.9135454576426004225 ) ) ;
#1632 = CIRCLE ( 'NONE', #5762, 0.4000000000000001887 ) ;
#1633 = EDGE_LOOP ( 'NONE', ( #6586, #2536, #3141, #7783, #3062, #925, #651, #561, #608, #6092, #7435, #2613, #8219 ) ) ;
#1634 = DIRECTION ( 'NONE',  ( 0.000000000000000000, 0.000000000000000000, 1.000000000000000000 ) ) ;
#1635 = DIRECTION ( 'NONE',  ( -0.000000000000000000, -0.000000000000000000, -1.000000000000000000 ) ) ;
#1636 = EDGE_CURVE ( 'NONE', #1444, #3615, #1538, .T. ) ;
#1638 = VECTOR ( 'NONE', #7915, 1000.000000000000000 ) ;
#1637 = LINE ( 'NONE', #8612, #8144 ) ;
#1639 = EDGE_CURVE ( 'NONE', #3748, #5399, #4854, .T. ) ;
#1640 = VECTOR ( 'NONE', #7954, 1000.000000000000000 ) ;
#1641 = EDGE_CURVE ( 'NONE', #8201, #111, #4900, .T. ) ;
#1642 = EDGE_CURVE ( 'NONE', #2006, #456, #2968, .T. ) ;
#1643 = DIRECTION ( 'NONE',  ( 0.000000000000000000, -1.000000000000000000, 0.000000000000000000 ) ) ;
#1644 = DIRECTION ( 'NONE',  ( -0.000000000000000000, -0.000000000000000000, -1.000000000000000000 ) ) ;
#1645 = VERTEX_POINT ( 'NONE', #4216 ) ;
#1646 = ORIENTED_EDGE ( 'NONE', *, *, #4947, .F. ) ;
#1647 = CARTESIAN_POINT ( 'NONE',  ( -5.236132948075080229, -1.550515463917520487, -8.396377958773982186 ) ) ;
#1648 = CARTESIAN_POINT ( 'NONE',  ( 3.000000000000000000, 3.649484536082479469, 0.000000000000000000 ) ) ;
#1649 = AXIS2_PLACEMENT_3D ( 'NONE', #4426, #5684, #4344 ) ;
#1650 = VECTOR ( 'NONE', #4162, 1000.000000000000000 ) ;
#1651 = VERTEX_POINT ( 'NONE', #671 ) ;
#1652 = LINE ( 'NONE', #7367, #5878 ) ;
#1653 = DIRECTION ( 'NONE',  ( -1.000000000000000000, 0.000000000000000000, 0.000000000000000000 ) ) ;
#1654 = AXIS2_PLACEMENT_3D ( 'NONE', #5889, #2394, #1240 ) ;
#1655 = CARTESIAN_POINT ( 'NONE',  ( -1.000000000000000222, 4.426179070414212546, 2.500000000000000000 ) ) ;
#1656 = ORIENTED_EDGE ( 'NONE', *, *, #3225, .F. ) ;
#1657 = VECTOR ( 'NONE', #523, 1000.000000000000000 ) ;
#1658 = ORIENTED_EDGE ( 'NONE', *, *, #7443, .F. ) ;
#1659 = VECTOR ( 'NONE', #7922, 1000.000000000000000 ) ;
#1660 = VECTOR ( 'NONE', #3518, 1000.000000000000000 ) ;
#1661 = LINE ( 'NONE', #8168, #3090 ) ;
#1662 = CARTESIAN_POINT ( 'NONE',  ( 4.500000000000002665, 2.849484536082478758, -5.300000000000009592 ) ) ;
#1663 = CARTESIAN_POINT ( 'NONE',  ( -3.250000000000001332, -6.400000000000000355, 0.000000000000000000 ) ) ;
#1664 = LINE ( 'NONE', #3371, #2691 ) ;
#1665 = VERTEX_POINT ( 'NONE', #845 ) ;
#1666 = ORIENTED_EDGE ( 'NONE', *, *, #7808, .F. ) ;
#1667 = EDGE_LOOP ( 'NONE', ( #3499, #8281, #5311, #7253 ) ) ;
#1668 = VERTEX_POINT ( 'NONE', #4943 ) ;
#1669 = CARTESIAN_POINT ( 'NONE',  ( -4.499999999999989342, -3.550515463917520265, -6.400000000000009237 ) ) ;
#1670 = DIRECTION ( 'NONE',  ( 1.606225440719265627E-16, 1.000000000000000000, 3.102490474962827050E-31 ) ) ;
#1671 = CARTESIAN_POINT ( 'NONE',  ( 2.600000000000001421, -3.950515463917520620, -5.300000000000009592 ) ) ;
#1672 = CARTESIAN_POINT ( 'NONE',  ( -2.500000000000000000, -6.500000000000001776, 1.100000000000000089 ) ) ;
#1673 = CIRCLE ( 'NONE', #5056, 3.100000000000000977 ) ;
#1674 = CARTESIAN_POINT ( 'NONE',  ( -4.499999999999991118, 2.849484536082480091, -6.800000000000009592 ) ) ;
#1675 = CARTESIAN_POINT ( 'NONE',  ( 0.000000000000000000, 0.000000000000000000, 0.5000000000000000000 ) ) ;
#1676 = ORIENTED_EDGE ( 'NONE', *, *, #1477, .F. ) ;
#1677 = DIRECTION ( 'NONE',  ( 0.7071067811865444641, -0.7071067811865505703, 0.000000000000000000 ) ) ;
#1678 = CARTESIAN_POINT ( 'NONE',  ( 3.250000000000000888, -5.549999999999999822, 1.000000000000000000 ) ) ;
#1679 = CIRCLE ( 'NONE', #4647, 0.3500000000000000333 ) ;
#1680 = VECTOR ( 'NONE', #8819, 1000.000000000000000 ) ;
#1681 = ORIENTED_EDGE ( 'NONE', *, *, #1907, .T. ) ;
#1682 = EDGE_CURVE ( 'NONE', #3927, #4752, #2185, .T. ) ;
#1683 = CARTESIAN_POINT ( 'NONE',  ( -4.967022722742101770, 0.4494845360824796243, -9.132121988513777211 ) ) ;
#1684 = DIRECTION ( 'NONE',  ( 0.000000000000000000, 0.000000000000000000, 1.000000000000000000 ) ) ;
#1685 = AXIS2_PLACEMENT_3D ( 'NONE', #7042, #6352, #2024 ) ;
#1686 = VECTOR ( 'NONE', #6975, 1000.000000000000114 ) ;
#1687 = DIRECTION ( 'NONE',  ( -1.000000000000000000, 0.000000000000000000, 0.000000000000000000 ) ) ;
#1688 = CARTESIAN_POINT ( 'NONE',  ( -2.324999999999999734, -4.750515463917523107, -1.600000000000000089 ) ) ;
#1689 = CARTESIAN_POINT ( 'NONE',  ( 0.000000000000000000, -6.700000000000000178, -1.350000000000000089 ) ) ;
#1690 = ORIENTED_EDGE ( 'NONE', *, *, #1740, .T. ) ;
#1691 = CARTESIAN_POINT ( 'NONE',  ( 0.7500000000000002220, -6.400000000000000355, -1.350000000000000089 ) ) ;
#1692 = EDGE_CURVE ( 'NONE', #3586, #3892, #8704, .T. ) ;
#1693 = PLANE ( 'NONE',  #6668 ) ;
#1694 = VECTOR ( 'NONE', #4870, 1000.000000000000000 ) ;
#1695 = EDGE_CURVE ( 'NONE', #2048, #9038, #4985, .T. ) ;
#1696 = ORIENTED_EDGE ( 'NONE', *, *, #1682, .F. ) ;
#1697 = EDGE_CURVE ( 'NONE', #8218, #6996, #1360, .T. ) ;
#1698 = CARTESIAN_POINT ( 'NONE',  ( 1.479999999999999982, 11.50000000000000000, 0.8499999999999999778 ) ) ;
#1699 = DIRECTION ( 'NONE',  ( 1.000000000000000000, 0.000000000000000000, 0.000000000000000000 ) ) ;
#1700 = VECTOR ( 'NONE', #9068, 1000.000000000000000 ) ;
#1701 = VERTEX_POINT ( 'NONE', #7027 ) ;
#1702 = EDGE_CURVE ( 'NONE', #3740, #767, #800, .T. ) ;
#1703 = VERTEX_POINT ( 'NONE', #8453 ) ;
#1704 = EDGE_CURVE ( 'NONE', #7776, #186, #3613, .T. ) ;
#1705 = FACE_OUTER_BOUND ( 'NONE', #3193, .T. ) ;
#1706 = CARTESIAN_POINT ( 'NONE',  ( 3.675000000000000266, 3.649484536082479469, -1.600000000000000089 ) ) ;
#1707 = CARTESIAN_POINT ( 'NONE',  ( -0.3999999999999998002, -6.400000000000000355, 0.000000000000000000 ) ) ;
#1708 = PRODUCT_RELATED_PRODUCT_CATEGORY ( 'part', '', ( #7603 ) ) ;
#1709 = DIRECTION ( 'NONE',  ( -1.000000000000000000, 4.396715779998431549E-81, -1.278426997811956241E-48 ) ) ;
#1710 = ORIENTED_EDGE ( 'NONE', *, *, #3789, .F. ) ;
#1711 = AXIS2_PLACEMENT_3D ( 'NONE', #4906, #2706, #4175 ) ;
#1712 = EDGE_LOOP ( 'NONE', ( #5667, #2902, #3700, #7639 ) ) ;
#1713 = ORIENTED_EDGE ( 'NONE', *, *, #3716, .F. ) ;
#1714 = ORIENTED_EDGE ( 'NONE', *, *, #6828, .F. ) ;
#1715 = PLANE ( 'NONE',  #2872 ) ;
#1716 = CARTESIAN_POINT ( 'NONE',  ( 0.000000000000000000, 5.100000000000004086, 0.000000000000000000 ) ) ;
#1717 = CARTESIAN_POINT ( 'NONE',  ( 4.900000000000000355, -1.550515463917522041, -7.399999999999999467 ) ) ;
#1718 = CARTESIAN_POINT ( 'NONE',  ( 2.999999999999998224, 4.650000000000004796, 5.599999999999999645 ) ) ;
#1719 = CARTESIAN_POINT ( 'NONE',  ( -4.500000000000002665, -3.540251991789402774E-17, 0.000000000000000000 ) ) ;
#1720 = CARTESIAN_POINT ( 'NONE',  ( -2.500000000000000000, 0.4000000000000000222, 1.000000000000000000 ) ) ;
#1721 = ORIENTED_EDGE ( 'NONE', *, *, #7627, .F. ) ;
#1722 = VERTEX_POINT ( 'NONE', #2925 ) ;
#1723 = DIRECTION ( 'NONE',  ( 0.000000000000000000, 0.000000000000000000, 1.000000000000000000 ) ) ;
#1724 = ORIENTED_EDGE ( 'NONE', *, *, #8631, .F. ) ;
#1725 = DIRECTION ( 'NONE',  ( 0.000000000000000000, 0.000000000000000000, 1.000000000000000000 ) ) ;
#1726 = CARTESIAN_POINT ( 'NONE',  ( 4.500000000000002665, 1.349484536082478980, 0.000000000000000000 ) ) ;
#1727 = DIRECTION ( 'NONE',  ( 1.000000000000000000, -1.734723475976806848E-16, 0.000000000000000000 ) ) ;
#1728 = ADVANCED_FACE ( 'NONE', ( #6333 ), #5730, .F. ) ;
#1729 = DIRECTION ( 'NONE',  ( 0.000000000000000000, 0.000000000000000000, 1.000000000000000000 ) ) ;
#1730 = ORIENTED_EDGE ( 'NONE', *, *, #3213, .F. ) ;
#1731 = EDGE_LOOP ( 'NONE', ( #8249, #8954, #4831, #7973 ) ) ;
#1732 = EDGE_CURVE ( 'NONE', #1992, #1940, #3654, .T. ) ;
#1733 = CARTESIAN_POINT ( 'NONE',  ( -4.899999999999987033, -1.550515463917520709, -7.400446128206087160 ) ) ;
#1734 = ORIENTED_EDGE ( 'NONE', *, *, #1256, .F. ) ;
#1735 = LINE ( 'NONE', #6763, #1969 ) ;
#1736 = CARTESIAN_POINT ( 'NONE',  ( 0.000000000000000000, 13.00000000000000355, 0.000000000000000000 ) ) ;
#1737 = VERTEX_POINT ( 'NONE', #2228 ) ;
#1738 = CARTESIAN_POINT ( 'NONE',  ( -3.000000000000001776, -3.750000000000000000, 5.599999999999999645 ) ) ;
#1739 = DIRECTION ( 'NONE',  ( 0.000000000000000000, 0.000000000000000000, -1.000000000000000000 ) ) ;
#1740 = EDGE_CURVE ( 'NONE', #7885, #4839, #2748, .T. ) ;
#1741 = DIRECTION ( 'NONE',  ( -1.000000000000000000, 1.495451272393799296E-16, 0.000000000000000000 ) ) ;
#1742 = ORIENTED_EDGE ( 'NONE', *, *, #8192, .F. ) ;
#1743 = EDGE_CURVE ( 'NONE', #1851, #5248, #8362, .T. ) ;
#1744 = CIRCLE ( 'NONE', #7350, 3.500000000000000000 ) ;
#1745 = VERTEX_POINT ( 'NONE', #7768 ) ;
#1746 = ORIENTED_EDGE ( 'NONE', *, *, #406, .F. ) ;
#1747 = CYLINDRICAL_SURFACE ( 'NONE', #1751, 0.5000000000000004441 ) ;
#1748 = LINE ( 'NONE', #1706, #6371 ) ;
#1749 = CARTESIAN_POINT ( 'NONE',  ( -5.598656062889739715, -1.550515463917520487, -8.565425263470261896 ) ) ;
#1750 = ADVANCED_FACE ( 'NONE', ( #3485 ), #4253, .F. ) ;
#1751 = AXIS2_PLACEMENT_3D ( 'NONE', #1157, #8718, #4609 ) ;
#1752 = DIRECTION ( 'NONE',  ( 0.000000000000000000, 0.000000000000000000, -1.000000000000000000 ) ) ;
#1753 = EDGE_CURVE ( 'NONE', #3892, #4968, #7070, .T. ) ;
#1754 = ORIENTED_EDGE ( 'NONE', *, *, #1375, .T. ) ;
#1755 = EDGE_CURVE ( 'NONE', #3374, #8723, #4999, .T. ) ;
#1756 = EDGE_CURVE ( 'NONE', #5952, #3344, #3063, .T. ) ;
#1757 = VERTEX_POINT ( 'NONE', #2320 ) ;
#1758 = EDGE_LOOP ( 'NONE', ( #6690, #4276, #5921, #4118, #4742, #2996, #7071 ) ) ;
#1759 = ORIENTED_EDGE ( 'NONE', *, *, #3945, .F. ) ;
#1760 = CARTESIAN_POINT ( 'NONE',  ( -3.000000000000001776, 4.650000000000003908, 5.599999999999999645 ) ) ;
#1761 = CARTESIAN_POINT ( 'NONE',  ( 4.399999999999998579, 5.100000000000004086, 0.1000000000000000056 ) ) ;
#1762 = DIRECTION ( 'NONE',  ( 0.7547095802227707928, 6.679655236515522324E-17, 0.6560590289905086081 ) ) ;
#1763 = CARTESIAN_POINT ( 'NONE',  ( 0.000000000000000000, 10.90000000000000036, -0.5999999999999998668 ) ) ;
#1764 = CARTESIAN_POINT ( 'NONE',  ( 4.900000000000000355, -3.050515463917521153, -5.900000000000000355 ) ) ;
#1765 = DIRECTION ( 'NONE',  ( 0.9999994735200916640, 0.000000000000000000, -0.001026138167770710742 ) ) ;
#1766 = VECTOR ( 'NONE', #4489, 1000.000000000000000 ) ;
#1767 = ORIENTED_EDGE ( 'NONE', *, *, #8580, .T. ) ;
#1768 = UNCERTAINTY_MEASURE_WITH_UNIT (LENGTH_MEASURE( 1.000000000000000082E-05 ), #5054, 'distance_accuracy_value', 'NONE');
#1769 = CARTESIAN_POINT ( 'NONE',  ( 1.565936075841833697, 8.900000000000000355, -3.517150011924013331 ) ) ;
#1770 = ORIENTED_EDGE ( 'NONE', *, *, #1695, .T. ) ;
#1771 = CARTESIAN_POINT ( 'NONE',  ( -3.000000000000000000, -4.750515463917523107, 0.000000000000000000 ) ) ;
#1772 = AXIS2_PLACEMENT_3D ( 'NONE', #7824, #1503, #2850 ) ;
#1773 = PLANE ( 'NONE',  #3470 ) ;
#1774 = CARTESIAN_POINT ( 'NONE',  ( -0.4500000000000001776, -3.020950878361716718, 2.100000000000000089 ) ) ;
#1775 =( LENGTH_UNIT ( ) NAMED_UNIT ( * ) SI_UNIT ( .MILLI., .METRE. ) );
#1776 = LINE ( 'NONE', #1826, #6198 ) ;
#1777 = VECTOR ( 'NONE', #5966, 1000.000000000000000 ) ;
#1778 = CLOSED_SHELL ( 'NONE', ( #6202, #974, #7287, #3777, #223, #9015, #2260, #8757, #6456, #3957, #4574, #8861, #5588 ) ) ;
#1779 = ORIENTED_EDGE ( 'NONE', *, *, #8131, .T. ) ;
#1780 = DIRECTION ( 'NONE',  ( 0.000000000000000000, 0.000000000000000000, 1.000000000000000000 ) ) ;
#1781 = CARTESIAN_POINT ( 'NONE',  ( 3.000000000000000000, -4.750515463917523107, 0.000000000000000000 ) ) ;
#1782 =( GEOMETRIC_REPRESENTATION_CONTEXT ( 3 ) GLOBAL_UNCERTAINTY_ASSIGNED_CONTEXT ( ( #3167 ) ) GLOBAL_UNIT_ASSIGNED_CONTEXT ( ( #8646, #2236, #256 ) ) REPRESENTATION_CONTEXT ( 'NONE', 'WORKASPACE' ) );
#1783 = CARTESIAN_POINT ( 'NONE',  ( -4.899999999999995914, -3.950515463917521508, -4.900000000000009237 ) ) ;
#1784 = VECTOR ( 'NONE', #7917, 1000.000000000000000 ) ;
#1785 = DIRECTION ( 'NONE',  ( 0.000000000000000000, 0.000000000000000000, 1.000000000000000000 ) ) ;
#1786 = ORIENTED_EDGE ( 'NONE', *, *, #7181, .T. ) ;
#1787 = DIRECTION ( 'NONE',  ( 0.000000000000000000, -1.000000000000000000, 0.000000000000000000 ) ) ;
#1788 = ORIENTED_EDGE ( 'NONE', *, *, #8565, .F. ) ;
#1789 = VECTOR ( 'NONE', #8592, 1000.000000000000000 ) ;
#1790 = ORIENTED_EDGE ( 'NONE', *, *, #1272, .F. ) ;
#1791 = EDGE_LOOP ( 'NONE', ( #5797, #5721 ) ) ;
#1792 = EDGE_CURVE ( 'NONE', #5865, #6806, #4138, .T. ) ;
#1793 = CYLINDRICAL_SURFACE ( 'NONE', #4838, 0.6500000000000000222 ) ;
#1794 = DIRECTION ( 'NONE',  ( 1.000000000000000000, -2.491288438666612654E-16, 0.000000000000000000 ) ) ;
#1795 = EDGE_CURVE ( 'NONE', #4603, #2051, #1617, .T. ) ;
#1796 = CARTESIAN_POINT ( 'NONE',  ( 4.500000000000002665, -2.550515463917521597, -5.900000000000000355 ) ) ;
#1797 = AXIS2_PLACEMENT_3D ( 'NONE', #476, #1217, #3297 ) ;
#1798 = DIRECTION ( 'NONE',  ( 0.000000000000000000, 1.000000000000000000, 0.000000000000000000 ) ) ;
#1799 = EDGE_LOOP ( 'NONE', ( #3104, #3093, #4318, #5256, #143, #5886 ) ) ;
#1800 = ORIENTED_EDGE ( 'NONE', *, *, #5982, .T. ) ;
#1801 = AXIS2_PLACEMENT_3D ( 'NONE', #6861, #1785, #6769 ) ;
#1802 = VECTOR ( 'NONE', #6373, 1000.000000000000114 ) ;
#1803 = VERTEX_POINT ( 'NONE', #5085 ) ;
#1804 = ORIENTED_EDGE ( 'NONE', *, *, #1819, .T. ) ;
#1805 = EDGE_CURVE ( 'NONE', #7459, #8961, #5824, .T. ) ;
#1806 = DIRECTION ( 'NONE',  ( -1.000000000000000000, 0.000000000000000000, 0.000000000000000000 ) ) ;
#1807 = DIRECTION ( 'NONE',  ( -8.850629979473506011E-17, -1.000000000000000000, 0.000000000000000000 ) ) ;
#1808 = EDGE_CURVE ( 'NONE', #5297, #5987, #3553, .T. ) ;
#1809 = FACE_OUTER_BOUND ( 'NONE', #2749, .T. ) ;
#1810 = ADVANCED_FACE ( 'NONE', ( #7255 ), #5168, .T. ) ;
#1811 = LINE ( 'NONE', #3161, #4861 ) ;
#1812 = DIRECTION ( 'NONE',  ( 8.850629979473506011E-17, 1.000000000000000000, 0.000000000000000000 ) ) ;
#1814 = VECTOR ( 'NONE', #2769, 1000.000000000000000 ) ;
#1813 = CARTESIAN_POINT ( 'NONE',  ( -4.900000000000000355, 4.349484536082479202, 0.4000000000000000222 ) ) ;
#1815 = VERTEX_POINT ( 'NONE', #4390 ) ;
#1816 = VERTEX_POINT ( 'NONE', #3749 ) ;
#1817 = CARTESIAN_POINT ( 'NONE',  ( 4.900000000000001243, -5.450515463917523284, 0.000000000000000000 ) ) ;
#1818 = ORIENTED_EDGE ( 'NONE', *, *, #1732, .F. ) ;
#1819 = EDGE_CURVE ( 'NONE', #6899, #6513, #885, .T. ) ;
#1820 = DIRECTION ( 'NONE',  ( 0.000000000000000000, 0.000000000000000000, 1.000000000000000000 ) ) ;
#1821 = CIRCLE ( 'NONE', #4915, 1.199999999999963762 ) ;
#1822 = CARTESIAN_POINT ( 'NONE',  ( -3.600000000000001421, -5.150000000000000355, 5.000000000000000000 ) ) ;
#1823 = EDGE_CURVE ( 'NONE', #4755, #3920, #249, .T. ) ;
#1824 = FACE_OUTER_BOUND ( 'NONE', #3854, .T. ) ;
#1826 = CARTESIAN_POINT ( 'NONE',  ( -4.500000000000003553, -5.450515463917523284, 0.4000000000000000222 ) ) ;
#1825 = VECTOR ( 'NONE', #1053, 1000.000000000000000 ) ;
#1827 = VECTOR ( 'NONE', #380, 1000.000000000000000 ) ;
#1828 = EDGE_LOOP ( 'NONE', ( #5932, #1225, #6923, #3461 ) ) ;
#1829 = CARTESIAN_POINT ( 'NONE',  ( 4.500000000000002665, -1.550515463917522041, -7.400446128206079166 ) ) ;
#1830 =( BOUNDED_CURVE ( )  B_SPLINE_CURVE ( 3, ( #7074, #2887, #2189, #4990 ),
 .UNSPECIFIED., .F., .T. ) 
 B_SPLINE_CURVE_WITH_KNOTS ( ( 4, 4 ),
 ( 3.141592653589793116, 4.712388980384689674 ),
 .UNSPECIFIED. ) 
 CURVE ( )  GEOMETRIC_REPRESENTATION_ITEM ( )  RATIONAL_B_SPLINE_CURVE ( ( 1.000000000000000000, 0.8047378541243649375, 0.8047378541243649375, 1.000000000000000000 ) ) 
 REPRESENTATION_ITEM ( '' )  );
#1831 = CARTESIAN_POINT ( 'NONE',  ( 2.600000000000000533, -3.950515463917520620, -4.900000000000010125 ) ) ;
#1832 = CARTESIAN_POINT ( 'NONE',  ( 0.7500000000000000000, -6.400000000000000355, 1.000000000000000000 ) ) ;
#1833 = AXIS2_PLACEMENT_3D ( 'NONE', #8915, #3973, #5454 ) ;
#1834 = CARTESIAN_POINT ( 'NONE',  ( 0.000000000000000000, 0.5000000000000004441, 0.000000000000000000 ) ) ;
#1835 = FACE_OUTER_BOUND ( 'NONE', #8544, .T. ) ;
#1836 = VERTEX_POINT ( 'NONE', #4862 ) ;
#1837 = CARTESIAN_POINT ( 'NONE',  ( -1.000000000000000000, 0.4500000000000040079, 2.500000000000000000 ) ) ;
#1838 = ORIENTED_EDGE ( 'NONE', *, *, #8344, .T. ) ;
#1839 = VECTOR ( 'NONE', #168, 1000.000000000000000 ) ;
#1840 = ORIENTED_EDGE ( 'NONE', *, *, #4896, .F. ) ;
#1841 = ORIENTED_EDGE ( 'NONE', *, *, #1923, .T. ) ;
#1842 = ORIENTED_EDGE ( 'NONE', *, *, #245, .T. ) ;
#1843 = DIRECTION ( 'NONE',  ( -1.000000000000000000, 0.000000000000000000, 0.000000000000000000 ) ) ;
#1844 = DIRECTION ( 'NONE',  ( 7.836629005481910297E-31, -2.832163397568800245E-46, 1.000000000000000000 ) ) ;
#1845 = LINE ( 'NONE', #8522, #3427 ) ;
#1846 = VECTOR ( 'NONE', #7017, 1000.000000000000000 ) ;
#1847 = DIRECTION ( 'NONE',  ( 0.000000000000000000, -1.000000000000000000, 0.000000000000000000 ) ) ;
#1848 = EDGE_CURVE ( 'NONE', #2400, #7444, #4221, .T. ) ;
#1849 = EDGE_LOOP ( 'NONE', ( #144, #2767, #1150, #549, #3627, #8675 ) ) ;
#1850 = PRODUCT_DEFINITION_SHAPE ( 'NONE', 'NONE',  #6616 ) ;
#1851 = VERTEX_POINT ( 'NONE', #4722 ) ;
#1852 = VERTEX_POINT ( 'NONE', #3351 ) ;
#1853 = ORIENTED_EDGE ( 'NONE', *, *, #7228, .F. ) ;
#1854 = CARTESIAN_POINT ( 'NONE',  ( 4.500000000000003553, -5.950515463917520620, 8.673617379884035472E-15 ) ) ;
#1855 = CARTESIAN_POINT ( 'NONE',  ( 0.000000000000000000, 8.900000000000000355, 0.000000000000000000 ) ) ;
#1856 = CARTESIAN_POINT ( 'NONE',  ( 4.900000000000001243, -2.450515463917521064, 0.4000000000000000222 ) ) ;
#1857 = CARTESIAN_POINT ( 'NONE',  ( 1.565936075841833475, 8.900000000000000355, -3.517150011924013331 ) ) ;
#1858 = CARTESIAN_POINT ( 'NONE',  ( 3.673940397442060361E-16, 8.500000000000000000, 3.000000000000000444 ) ) ;
#1859 = LINE ( 'NONE', #4795, #6252 ) ;
#1860 = ADVANCED_FACE ( 'NONE', ( #4815 ), #6255, .T. ) ;
#1861 = ORIENTED_EDGE ( 'NONE', *, *, #5612, .T. ) ;
#1862 = DIRECTION ( 'NONE',  ( 0.000000000000000000, 0.000000000000000000, 1.000000000000000000 ) ) ;
#1863 = ADVANCED_FACE ( 'NONE', ( #9109 ), #2705, .T. ) ;
#1864 = ORIENTED_EDGE ( 'NONE', *, *, #6388, .T. ) ;
#1865 = CYLINDRICAL_SURFACE ( 'NONE', #8166, 0.4000000000000001887 ) ;
#1866 = DIRECTION ( 'NONE',  ( 0.7547095802227721251, -1.880199251759926099E-16, -0.6560590289905071648 ) ) ;
#1867 = DIRECTION ( 'NONE',  ( 0.000000000000000000, 0.000000000000000000, -1.000000000000000000 ) ) ;
#1868 = EDGE_CURVE ( 'NONE', #4663, #7345, #7591, .T. ) ;
#1869 = DIRECTION ( 'NONE',  ( -0.7547095802227752337, -6.679655236515561767E-17, -0.6560590289905036121 ) ) ;
#1870 = EDGE_CURVE ( 'NONE', #153, #3855, #8417, .T. ) ;
#1871 = EDGE_CURVE ( 'NONE', #4763, #2650, #8367, .T. ) ;
#1872 = ORIENTED_EDGE ( 'NONE', *, *, #3565, .F. ) ;
#1873 = ORIENTED_EDGE ( 'NONE', *, *, #6948, .T. ) ;
#1874 = FACE_OUTER_BOUND ( 'NONE', #2631, .T. ) ;
#1875 = CARTESIAN_POINT ( 'NONE',  ( -2.599999999999993872, -3.950515463917521508, -5.300000000000009592 ) ) ;
#1876 =( NAMED_UNIT ( * ) PLANE_ANGLE_UNIT ( ) SI_UNIT ( $, .RADIAN. ) );
#1877 = FACE_OUTER_BOUND ( 'NONE', #4716, .T. ) ;
#1878 = LINE ( 'NONE', #4599, #6370 ) ;
#1879 = EDGE_LOOP ( 'NONE', ( #1853, #6056, #554, #3983, #2765, #8998 ) ) ;
#1880 = LINE ( 'NONE', #2675, #514 ) ;
#1881 = ORIENTED_EDGE ( 'NONE', *, *, #695, .F. ) ;
#1882 = ORIENTED_EDGE ( 'NONE', *, *, #7745, .T. ) ;
#1883 = EDGE_LOOP ( 'NONE', ( #81, #4652, #7325, #3293, #562, #8228 ) ) ;
#1884 = VERTEX_POINT ( 'NONE', #1960 ) ;
#1885 = DIRECTION ( 'NONE',  ( -0.000000000000000000, -1.000000000000000000, -0.000000000000000000 ) ) ;
#1886 = DIRECTION ( 'NONE',  ( 8.850629979473506011E-17, -1.000000000000000000, 0.000000000000000000 ) ) ;
#1887 = CARTESIAN_POINT ( 'NONE',  ( 0.000000000000000000, -0.05000000000000071054, 0.000000000000000000 ) ) ;
#1888 = EDGE_LOOP ( 'NONE', ( #5097, #4617, #2377, #5530, #5876, #5452, #4480 ) ) ;
#1889 = VECTOR ( 'NONE', #1440, 1000.000000000000000 ) ;
#1890 = EDGE_LOOP ( 'NONE', ( #3814, #4050 ) ) ;
#1891 = ORIENTED_EDGE ( 'NONE', *, *, #9074, .T. ) ;
#1892 = VERTEX_POINT ( 'NONE', #1909 ) ;
#1893 = DIRECTION ( 'NONE',  ( 0.000000000000000000, 1.000000000000000000, 0.000000000000000000 ) ) ;
#1894 = FACE_BOUND ( 'NONE', #3638, .T. ) ;
#1895 = CARTESIAN_POINT ( 'NONE',  ( 0.4000000000000009104, -6.400000000000000355, 0.000000000000000000 ) ) ;
#1896 = VECTOR ( 'NONE', #8620, 1000.000000000000000 ) ;
#1897 = DIRECTION ( 'NONE',  ( -0.000000000000000000, -0.000000000000000000, -1.000000000000000000 ) ) ;
#1898 = FACE_OUTER_BOUND ( 'NONE', #6837, .T. ) ;
#1899 = EDGE_CURVE ( 'NONE', #8706, #6106, #2009, .T. ) ;
#1900 = ORIENTED_EDGE ( 'NONE', *, *, #3846, .F. ) ;
#1901 = VECTOR ( 'NONE', #6390, 1000.000000000000114 ) ;
#1902 = ORIENTED_EDGE ( 'NONE', *, *, #5483, .T. ) ;
#1903 = DIRECTION ( 'NONE',  ( -0.000000000000000000, -1.000000000000000000, -0.000000000000000000 ) ) ;
#1904 = ORIENTED_EDGE ( 'NONE', *, *, #1991, .F. ) ;
#1905 = CARTESIAN_POINT ( 'NONE',  ( 0.000000000000000000, 13.00000000009049472, 0.000000000000000000 ) ) ;
#1906 = DIRECTION ( 'NONE',  ( -1.000000000000000000, 0.000000000000000000, 0.000000000000000000 ) ) ;
#1907 = EDGE_CURVE ( 'NONE', #3376, #2897, #9016, .T. ) ;
#1908 = AXIS2_PLACEMENT_3D ( 'NONE', #7395, #4710, #3207 ) ;
#1909 = CARTESIAN_POINT ( 'NONE',  ( -4.911598099521928162, -1.550515463917520487, -9.101887738487548063 ) ) ;
#1910 = EDGE_CURVE ( 'NONE', #7760, #8723, #627, .T. ) ;
#1911 = CARTESIAN_POINT ( 'NONE',  ( -4.500000000000002665, 1.349484536082479869, 0.000000000000000000 ) ) ;
#1912 = DIRECTION ( 'NONE',  ( 1.000000000000000000, 0.000000000000000000, 0.000000000000000000 ) ) ;
#1913 = DIRECTION ( 'NONE',  ( 1.606225440719265627E-16, 1.000000000000000000, 3.102490474962827488E-31 ) ) ;
#1914 = ORIENTED_EDGE ( 'NONE', *, *, #4161, .T. ) ;
#1915 = EDGE_LOOP ( 'NONE', ( #6046, #1502, #4215, #3044 ) ) ;
#1916 = CARTESIAN_POINT ( 'NONE',  ( 2.598076211353317344, 6.000000000000000000, 1.499999999999999556 ) ) ;
#1917 = VECTOR ( 'NONE', #7874, 1000.000000000000000 ) ;
#1918 = CYLINDRICAL_SURFACE ( 'NONE', #3879, 0.2000000000000000944 ) ;
#1919 = CARTESIAN_POINT ( 'NONE',  ( 2.600000000000001421, -5.150515463917521686, -6.800000000000000711 ) ) ;
#1920 = EDGE_CURVE ( 'NONE', #2281, #4952, #2657, .T. ) ;
#1921 = CYLINDRICAL_SURFACE ( 'NONE', #880, 0.4000000000000001887 ) ;
#1922 = EDGE_CURVE ( 'NONE', #3200, #6996, #24, .T. ) ;
#1923 = EDGE_CURVE ( 'NONE', #5242, #6032, #8968, .T. ) ;
#1924 = EDGE_CURVE ( 'NONE', #1515, #5359, #1321, .T. ) ;
#1926 = VECTOR ( 'NONE', #6292, 1000.000000000000000 ) ;
#1925 = CARTESIAN_POINT ( 'NONE',  ( 4.500000000000003553, -2.450515463917521508, -0.5999999999999909850 ) ) ;
#1927 = AXIS2_PLACEMENT_3D ( 'NONE', #8209, #3323, #4004 ) ;
#1928 = VERTEX_POINT ( 'NONE', #2055 ) ;
#1929 = DIRECTION ( 'NONE',  ( 0.000000000000000000, 0.000000000000000000, 1.000000000000000000 ) ) ;
#1930 = CARTESIAN_POINT ( 'NONE',  ( -1.734723475976807094E-15, 0.4500000000000040079, 2.500000000000000000 ) ) ;
#1931 = ORIENTED_EDGE ( 'NONE', *, *, #131, .T. ) ;
#1932 = ORIENTED_EDGE ( 'NONE', *, *, #2147, .F. ) ;
#1933 = VECTOR ( 'NONE', #1546, 1000.000000000000000 ) ;
#1934 = VECTOR ( 'NONE', #4038, 1000.000000000000000 ) ;
#1935 = PLANE ( 'NONE',  #722 ) ;
#1936 = CARTESIAN_POINT ( 'NONE',  ( -4.499999999999989342, -3.550515463917520265, -4.300000000000009592 ) ) ;
#1937 = DIRECTION ( 'NONE',  ( 0.000000000000000000, 0.000000000000000000, -1.000000000000000000 ) ) ;
#1938 = AXIS2_PLACEMENT_3D ( 'NONE', #149, #6467, #2183 ) ;
#1939 = VECTOR ( 'NONE', #3664, 1000.000000000000000 ) ;
#1940 = VERTEX_POINT ( 'NONE', #1278 ) ;
#1941 = ORIENTED_EDGE ( 'NONE', *, *, #4062, .F. ) ;
#1942 = ORIENTED_EDGE ( 'NONE', *, *, #5763, .T. ) ;
#1943 = ORIENTED_EDGE ( 'NONE', *, *, #4387, .T. ) ;
#1944 = DIRECTION ( 'NONE',  ( 0.4788843252278996987, 0.000000000000000000, -0.8778780114862311246 ) ) ;
#1945 = VECTOR ( 'NONE', #4794, 1000.000000000000000 ) ;
#1946 = CARTESIAN_POINT ( 'NONE',  ( 4.900000000000001243, 4.336808689942018722E-16, 0.000000000000000000 ) ) ;
#1947 = CARTESIAN_POINT ( 'NONE',  ( -4.499999999999991118, 2.849484536082479647, -4.300000000000008704 ) ) ;
#1948 = CARTESIAN_POINT ( 'NONE',  ( -4.500000000000002665, 6.873989284057756956E-16, -8.691935007006808402E-15 ) ) ;
#1949 = CARTESIAN_POINT ( 'NONE',  ( -2.598076211353317344, 8.500000000000000000, 1.499999999999999112 ) ) ;
#1950 = EDGE_LOOP ( 'NONE', ( #1656, #2059, #609, #4432 ) ) ;
#1951 = VECTOR ( 'NONE', #2581, 1000.000000000000114 ) ;
#1952 = VECTOR ( 'NONE', #7336, 1000.000000000000000 ) ;
#1953 = ORIENTED_EDGE ( 'NONE', *, *, #4176, .F. ) ;
#1954 = CARTESIAN_POINT ( 'NONE',  ( 1.097644678823669562, 10.20000000000000107, -0.5047000102205828620 ) ) ;
#1955 = ORIENTED_EDGE ( 'NONE', *, *, #1533, .T. ) ;
#1956 = DIRECTION ( 'NONE',  ( 0.000000000000000000, 0.000000000000000000, 1.000000000000000000 ) ) ;
#1957 = PLANE ( 'NONE',  #4351 ) ;
#1958 = AXIS2_PLACEMENT_3D ( 'NONE', #6446, #6535, #1507 ) ;
#1959 = AXIS2_PLACEMENT_3D ( 'NONE', #4357, #1585, #4823 ) ;
#1960 = CARTESIAN_POINT ( 'NONE',  ( -2.350000000000001865, -3.750000000000000000, 5.000000000000000000 ) ) ;
#1961 = DIRECTION ( 'NONE',  ( 0.000000000000000000, 3.260780805318072864E-31, -1.000000000000000000 ) ) ;
#1962 = DIRECTION ( 'NONE',  ( 1.000000000000000000, 0.000000000000000000, 0.000000000000000000 ) ) ;
#1963 = CARTESIAN_POINT ( 'NONE',  ( -4.500000000000001776, 1.349484536082479869, -6.505213034913026604E-15 ) ) ;
#1964 = EDGE_CURVE ( 'NONE', #6822, #7465, #7682, .T. ) ;
#1965 = ORIENTED_EDGE ( 'NONE', *, *, #1307, .T. ) ;
#1966 = VECTOR ( 'NONE', #6063, 1000.000000000000000 ) ;
#1967 = EDGE_LOOP ( 'NONE', ( #2857, #8185, #1900, #7141 ) ) ;
#1968 = CARTESIAN_POINT ( 'NONE',  ( -4.499999999999989342, -2.550515463917520709, -5.800000000000008704 ) ) ;
#1969 = VECTOR ( 'NONE', #4595, 1000.000000000000114 ) ;
#1970 = CARTESIAN_POINT ( 'NONE',  ( 4.900000000000000355, 4.349484536082479202, -4.299999999999999822 ) ) ;
#1971 = CARTESIAN_POINT ( 'NONE',  ( 2.500000000000000000, -6.500000000000001776, 1.300000000000000266 ) ) ;
#1972 = PLANE ( 'NONE',  #3680 ) ;
#1973 = AXIS2_PLACEMENT_3D ( 'NONE', #3487, #4767, #577 ) ;
#1974 = CARTESIAN_POINT ( 'NONE',  ( -4.500000000000003553, -3.550515463917520265, -8.691935007006809980E-15 ) ) ;
#1975 = ORIENTED_EDGE ( 'NONE', *, *, #6539, .F. ) ;
#1976 = LINE ( 'NONE', #5438, #6993 ) ;
#1977 = DIRECTION ( 'NONE',  ( 0.000000000000000000, 0.000000000000000000, 1.000000000000000000 ) ) ;
#1978 = EDGE_CURVE ( 'NONE', #7789, #1456, #8710, .T. ) ;
#1979 = ORIENTED_EDGE ( 'NONE', *, *, #8133, .T. ) ;
#1980 = EDGE_CURVE ( 'NONE', #3077, #1816, #6200, .T. ) ;
#1981 = EDGE_CURVE ( 'NONE', #3363, #3191, #4905, .T. ) ;
#1982 = ORIENTED_EDGE ( 'NONE', *, *, #1981, .F. ) ;
#1983 = AXIS2_PLACEMENT_3D ( 'NONE', #1736, #2312, #6123 ) ;
#1984 = ORIENTED_EDGE ( 'NONE', *, *, #1305, .T. ) ;
#1985 = DIRECTION ( 'NONE',  ( -0.9135454576426005335, 0.000000000000000000, -0.4067366430758011520 ) ) ;
#1986 = CARTESIAN_POINT ( 'NONE',  ( 4.900000000000000355, 4.349484536082479202, -4.900000000000009237 ) ) ;
#1987 = CARTESIAN_POINT ( 'NONE',  ( -1.565936075841833697, 8.900000000000000355, -3.517150011924012887 ) ) ;
#1988 = VECTOR ( 'NONE', #2901, 1000.000000000000000 ) ;
#1989 = EDGE_CURVE ( 'NONE', #787, #2006, #2287, .T. ) ;
#1990 = ORIENTED_EDGE ( 'NONE', *, *, #8495, .F. ) ;
#1991 = EDGE_CURVE ( 'NONE', #8037, #6130, #4258, .T. ) ;
#1992 = VERTEX_POINT ( 'NONE', #812 ) ;
#1993 = EDGE_LOOP ( 'NONE', ( #4535, #2365, #5621, #479 ) ) ;
#1994 = ORIENTED_EDGE ( 'NONE', *, *, #4177, .F. ) ;
#1995 = CARTESIAN_POINT ( 'NONE',  ( 4.500000000000002665, -3.550515463917521153, -4.299999999999999822 ) ) ;
#1996 = VECTOR ( 'NONE', #4266, 1000.000000000000000 ) ;
#1997 = FACE_OUTER_BOUND ( 'NONE', #8035, .T. ) ;
#1998 = CARTESIAN_POINT ( 'NONE',  ( 1.899999999999998801, 3.600000000000003642, 0.1000000000000000056 ) ) ;
#1999 = LINE ( 'NONE', #6144, #7519 ) ;
#2000 = CYLINDRICAL_SURFACE ( 'NONE', #7250, 0.4000000000000001887 ) ;
#2001 = ORIENTED_EDGE ( 'NONE', *, *, #6877, .F. ) ;
#2002 = VERTEX_POINT ( 'NONE', #8550 ) ;
#2003 = EDGE_CURVE ( 'NONE', #1816, #283, #7078, .T. ) ;
#2004 = VECTOR ( 'NONE', #7815, 1000.000000000000000 ) ;
#2005 = CARTESIAN_POINT ( 'NONE',  ( -1.370000000000000329, 8.500000000000000000, 3.352688591713894439 ) ) ;
#2006 = VERTEX_POINT ( 'NONE', #3071 ) ;
#2007 = LINE ( 'NONE', #7634, #4330 ) ;
#2008 = DIRECTION ( 'NONE',  ( -1.000000000000000000, 0.000000000000000000, 0.000000000000000000 ) ) ;
#2009 = LINE ( 'NONE', #6156, #2820 ) ;
#2010 = PLANE ( 'NONE',  #3776 ) ;
#2011 = APPLICATION_PROTOCOL_DEFINITION ( 'draft international standard', 'automotive_design', 1998, #3637 ) ;
#2012 = MANIFOLD_SOLID_BREP ( 'Body-Move/Copy1[1]', #8712 ) ;
#2013 = DIRECTION ( 'NONE',  ( -1.606225440719265627E-16, -1.000000000000000000, -3.102490474962827050E-31 ) ) ;
#2014 = VERTEX_POINT ( 'NONE', #5041 ) ;
#2015 = VERTEX_POINT ( 'NONE', #5093 ) ;
#2016 = FACE_OUTER_BOUND ( 'NONE', #8467, .T. ) ;
#2017 = DIRECTION ( 'NONE',  ( -1.734723475976805517E-15, 0.000000000000000000, 1.000000000000000000 ) ) ;
#2018 = PRESENTATION_STYLE_ASSIGNMENT (( #2668 ) ) ;
#2019 = DIRECTION ( 'NONE',  ( 0.000000000000000000, 0.000000000000000000, -1.000000000000000000 ) ) ;
#2020 = DIRECTION ( 'NONE',  ( 1.232047923278982446E-16, 0.000000000000000000, -1.000000000000000000 ) ) ;
#2021 = EDGE_CURVE ( 'NONE', #673, #1722, #4397, .T. ) ;
#2022 = LINE ( 'NONE', #7088, #4600 ) ;
#2023 = ORIENTED_EDGE ( 'NONE', *, *, #4847, .F. ) ;
#2024 = DIRECTION ( 'NONE',  ( -1.000000000000000000, 0.000000000000000000, 0.000000000000000000 ) ) ;
#2025 = LINE ( 'NONE', #1382, #5166 ) ;
#2026 = VERTEX_POINT ( 'NONE', #2980 ) ;
#2027 = ORIENTED_EDGE ( 'NONE', *, *, #1682, .T. ) ;
#2028 = ORIENTED_EDGE ( 'NONE', *, *, #853, .T. ) ;
#2029 = EDGE_CURVE ( 'NONE', #2475, #4634, #4583, .T. ) ;
#2030 = CARTESIAN_POINT ( 'NONE',  ( -0.7500000000000000000, -5.549999999999998934, 1.000000000000000000 ) ) ;
#2031 = FACE_OUTER_BOUND ( 'NONE', #1799, .T. ) ;
#2032 = EDGE_CURVE ( 'NONE', #8482, #3376, #4309, .T. ) ;
#2033 = CARTESIAN_POINT ( 'NONE',  ( 2.900000000000000799, -6.400000000000000355, -5.750000000000000000 ) ) ;
#2034 = CARTESIAN_POINT ( 'NONE',  ( 4.099999999999997868, 0.4500000000000040079, 5.000000000000000000 ) ) ;
#2035 = VERTEX_POINT ( 'NONE', #5781 ) ;
#2036 = ORIENTED_EDGE ( 'NONE', *, *, #2647, .F. ) ;
#2037 = DIRECTION ( 'NONE',  ( 1.000000000000000000, 0.000000000000000000, 0.000000000000000000 ) ) ;
#2038 = PLANE ( 'NONE',  #4981 ) ;
#2039 = LINE ( 'NONE', #9055, #6223 ) ;
#2040 = ADVANCED_FACE ( 'NONE', ( #6478 ), #2148, .T. ) ;
#2041 = CARTESIAN_POINT ( 'NONE',  ( -0.5000000000000017764, 0.9500000000000040634, 0.5000000000000000000 ) ) ;
#2042 = EDGE_CURVE ( 'NONE', #5761, #1212, #119, .T. ) ;
#2043 = FACE_OUTER_BOUND ( 'NONE', #8175, .T. ) ;
#2044 = EDGE_CURVE ( 'NONE', #6980, #1021, #2889, .T. ) ;
#2045 = ADVANCED_FACE ( 'NONE', ( #7131 ), #5133, .F. ) ;
#2046 = ORIENTED_EDGE ( 'NONE', *, *, #735, .F. ) ;
#2047 = ORIENTED_EDGE ( 'NONE', *, *, #6930, .F. ) ;
#2048 = VERTEX_POINT ( 'NONE', #1626 ) ;
#2049 = CARTESIAN_POINT ( 'NONE',  ( 3.206271600917504738, 0.4494845360824790692, -8.171628500994099653 ) ) ;
#2050 = ORIENTED_EDGE ( 'NONE', *, *, #6015, .F. ) ;
#2051 = VERTEX_POINT ( 'NONE', #4440 ) ;
#2052 = AXIS2_PLACEMENT_3D ( 'NONE', #7247, #5115, #6422 ) ;
#2053 = DIRECTION ( 'NONE',  ( -0.000000000000000000, -0.000000000000000000, -1.000000000000000000 ) ) ;
#2054 = LINE ( 'NONE', #2838, #7599 ) ;
#2055 = CARTESIAN_POINT ( 'NONE',  ( -4.899999999999997691, -3.950515463917520620, -4.900000000000009237 ) ) ;
#2056 =( NAMED_UNIT ( * ) PLANE_ANGLE_UNIT ( ) SI_UNIT ( $, .RADIAN. ) );
#2057 = CARTESIAN_POINT ( 'NONE',  ( -4.400000000000002132, -2.700000000000001066, 0.000000000000000000 ) ) ;
#2058 = ORIENTED_EDGE ( 'NONE', *, *, #8528, .T. ) ;
#2059 = ORIENTED_EDGE ( 'NONE', *, *, #8284, .T. ) ;
#2060 = CARTESIAN_POINT ( 'NONE',  ( 0.000000000000000000, 8.500000000000000000, -3.850000000000000089 ) ) ;
#2061 = SHAPE_REPRESENTATION ( 'PT01_15D_SHAFT', ( #804 ), #2871 ) ;
#2062 = LINE ( 'NONE', #7691, #5209 ) ;
#2063 = CARTESIAN_POINT ( 'NONE',  ( 4.399999999999998579, -2.700000000000000622, 5.000000000000000000 ) ) ;
#2064 = DIRECTION ( 'NONE',  ( 0.000000000000000000, -1.000000000000000000, 0.000000000000000000 ) ) ;
#2065 = ORIENTED_EDGE ( 'NONE', *, *, #455, .T. ) ;
#2066 = CARTESIAN_POINT ( 'NONE',  ( 4.500000000000002665, 4.349484536082479202, -4.900000000000009237 ) ) ;
#2067 = DIRECTION ( 'NONE',  ( -1.000000000000000000, -0.000000000000000000, -0.000000000000000000 ) ) ;
#2068 = CIRCLE ( 'NONE', #8393, 0.6500000000000001332 ) ;
#2069 = EDGE_LOOP ( 'NONE', ( #2256, #2863, #6605, #6323 ) ) ;
#2070 = ORIENTED_EDGE ( 'NONE', *, *, #5065, .F. ) ;
#2071 = EDGE_LOOP ( 'NONE', ( #6888, #9096, #2426, #2474 ) ) ;
#2072 = CIRCLE ( 'NONE', #5747, 3.000000000000000444 ) ;
#2073 = DIRECTION ( 'NONE',  ( 0.000000000000000000, 1.000000000000000000, 0.000000000000000000 ) ) ;
#2074 = PLANE ( 'NONE',  #7121 ) ;
#2075 = DIRECTION ( 'NONE',  ( 0.000000000000000000, 0.000000000000000000, 1.000000000000000000 ) ) ;
#2076 = LINE ( 'NONE', #5016, #4478 ) ;
#2077 = ORIENTED_EDGE ( 'NONE', *, *, #6041, .T. ) ;
#2078 = AXIS2_PLACEMENT_3D ( 'NONE', #5863, #8597, #202 ) ;
#2079 = EDGE_CURVE ( 'NONE', #2354, #6849, #1632, .T. ) ;
#2080 = AXIS2_PLACEMENT_3D ( 'NONE', #8659, #4541, #3769 ) ;
#2081 = ORIENTED_EDGE ( 'NONE', *, *, #5303, .T. ) ;
#2082 = FACE_OUTER_BOUND ( 'NONE', #4483, .T. ) ;
#2083 = FACE_BOUND ( 'NONE', #1029, .T. ) ;
#2084 = CARTESIAN_POINT ( 'NONE',  ( -3.400000000000001688, 2.950000000000003286, 0.000000000000000000 ) ) ;
#2085 = CARTESIAN_POINT ( 'NONE',  ( -4.900000000000000355, 4.349484536082480091, -4.300000000000009592 ) ) ;
#2086 = AXIS2_PLACEMENT_3D ( 'NONE', #2420, #5962, #4670 ) ;
#2087 = VECTOR ( 'NONE', #6480, 1000.000000000000000 ) ;
#2088 = DIRECTION ( 'NONE',  ( 0.000000000000000000, 0.000000000000000000, -1.000000000000000000 ) ) ;
#2089 = ORIENTED_EDGE ( 'NONE', *, *, #4907, .T. ) ;
#2090 = EDGE_CURVE ( 'NONE', #6172, #8759, #2231, .T. ) ;
#2091 = ORIENTED_EDGE ( 'NONE', *, *, #7184, .F. ) ;
#2092 = DIRECTION ( 'NONE',  ( 1.000000000000000000, 0.000000000000000000, 0.000000000000000000 ) ) ;
#2093 = VECTOR ( 'NONE', #3694, 1000.000000000000000 ) ;
#2094 = ADVANCED_FACE ( 'NONE', ( #5320 ), #6004, .F. ) ;
#2095 = ORIENTED_EDGE ( 'NONE', *, *, #4282, .T. ) ;
#2096 = ADVANCED_FACE ( 'NONE', ( #334 ), #6794, .T. ) ;
#2097 = DIRECTION ( 'NONE',  ( 1.000000000000000000, 0.000000000000000000, 0.000000000000000000 ) ) ;
#2098 = DIRECTION ( 'NONE',  ( 0.000000000000000000, 8.673617379884041389E-16, 1.000000000000000000 ) ) ;
#2099 = DIRECTION ( 'NONE',  ( 0.000000000000000000, 0.000000000000000000, 1.000000000000000000 ) ) ;
#2100 = AXIS2_PLACEMENT_3D ( 'NONE', #7380, #2495, #6039 ) ;
#2102 = AXIS2_PLACEMENT_3D ( 'NONE', #2461, #4621, #5315 ) ;
#2101 = FILL_AREA_STYLE ('',( #5563 ) ) ;
#2103 = CARTESIAN_POINT ( 'NONE',  ( 4.500000000000002665, 2.849484536082478758, -4.900000000000009237 ) ) ;
#2104 = ORIENTED_EDGE ( 'NONE', *, *, #4896, .T. ) ;
#2105 = ORIENTED_EDGE ( 'NONE', *, *, #1590, .F. ) ;
#2106 = FACE_OUTER_BOUND ( 'NONE', #7366, .T. ) ;
#2107 = CARTESIAN_POINT ( 'NONE',  ( 0.4000000000000006328, -6.400000000000000355, -1.349999999999999867 ) ) ;
#2108 = VECTOR ( 'NONE', #4501, 1000.000000000000000 ) ;
#2109 = VECTOR ( 'NONE', #4280, 1000.000000000000000 ) ;
#2110 =( NAMED_UNIT ( * ) SI_UNIT ( $, .STERADIAN. ) SOLID_ANGLE_UNIT ( ) );
#2111 = EDGE_LOOP ( 'NONE', ( #6119, #180, #1358, #5627 ) ) ;
#2112 = CARTESIAN_POINT ( 'NONE',  ( -4.499999999999990230, -2.550515463917520709, -5.800000000000008704 ) ) ;
#2113 = VECTOR ( 'NONE', #5331, 1000.000000000000000 ) ;
#2114 = ORIENTED_EDGE ( 'NONE', *, *, #3122, .T. ) ;
#2115 = DIRECTION ( 'NONE',  ( 0.000000000000000000, 0.000000000000000000, 1.000000000000000000 ) ) ;
#2116 = SHAPE_REPRESENTATION ( 'PT01-D_SHELL', ( #804 ), #665 ) ;
#2117 = PLANE ( 'NONE',  #7531 ) ;
#2118 = AXIS2_PLACEMENT_3D ( 'NONE', #2479, #6069, #309 ) ;
#2119 = VERTEX_POINT ( 'NONE', #4579 ) ;
#2120 = FACE_OUTER_BOUND ( 'NONE', #8853, .T. ) ;
#2121 = ORIENTED_EDGE ( 'NONE', *, *, #7507, .T. ) ;
#2122 = ORIENTED_EDGE ( 'NONE', *, *, #4847, .T. ) ;
#2123 = CIRCLE ( 'NONE', #6243, 0.6500000000000000222 ) ;
#2124 = DIRECTION ( 'NONE',  ( 0.000000000000000000, 1.000000000000000000, 0.000000000000000000 ) ) ;
#2125 = FACE_OUTER_BOUND ( 'NONE', #799, .T. ) ;
#2126 = DIRECTION ( 'NONE',  ( 0.000000000000000000, 0.000000000000000000, 1.000000000000000000 ) ) ;
#2127 = LINE ( 'NONE', #700, #7448 ) ;
#2128 = VERTEX_POINT ( 'NONE', #2560 ) ;
#2129 = AXIS2_PLACEMENT_3D ( 'NONE', #6076, #409, #8943 ) ;
#2130 = VECTOR ( 'NONE', #4354, 1000.000000000000000 ) ;
#2131 = ORIENTED_EDGE ( 'NONE', *, *, #2380, .F. ) ;
#2132 = SURFACE_SIDE_STYLE ('',( #2823 ) ) ;
#2133 = DIRECTION ( 'NONE',  ( -0.000000000000000000, -1.000000000000000000, -0.000000000000000000 ) ) ;
#2134 = CARTESIAN_POINT ( 'NONE',  ( 3.399999999999998579, 0.9500000000000038414, 0.5000000000000000000 ) ) ;
#2135 = CARTESIAN_POINT ( 'NONE',  ( -0.7500000000000000000, -6.400000000000000355, 0.000000000000000000 ) ) ;
#2136 = AXIS2_PLACEMENT_3D ( 'NONE', #3042, #3722, #4540 ) ;
#2137 = VECTOR ( 'NONE', #4977, 1000.000000000000000 ) ;
#2138 = EDGE_CURVE ( 'NONE', #3748, #1852, #3936, .T. ) ;
#2139 = DIRECTION ( 'NONE',  ( -1.000000000000000000, -8.850629979473506011E-17, -0.000000000000000000 ) ) ;
#2140 = EDGE_LOOP ( 'NONE', ( #1000, #7514, #6091, #7661 ) ) ;
#2141 = ORIENTED_EDGE ( 'NONE', *, *, #735, .T. ) ;
#2142 = DIRECTION ( 'NONE',  ( 0.000000000000000000, 1.000000000000000000, 0.000000000000000000 ) ) ;
#2143 = VECTOR ( 'NONE', #8197, 1000.000000000000000 ) ;
#2144 = ORIENTED_EDGE ( 'NONE', *, *, #3944, .T. ) ;
#2145 = FACE_OUTER_BOUND ( 'NONE', #6025, .T. ) ;
#2146 = DIRECTION ( 'NONE',  ( -2.154044051295704582E-16, -0.000000000000000000, -1.000000000000000000 ) ) ;
#2147 = EDGE_CURVE ( 'NONE', #1007, #2897, #5325, .T. ) ;
#2148 = PLANE ( 'NONE',  #6642 ) ;
#2149 = VECTOR ( 'NONE', #5692, 1000.000000000000000 ) ;
#2150 = DIRECTION ( 'NONE',  ( 0.000000000000000000, 0.000000000000000000, 1.000000000000000000 ) ) ;
#2151 = APPLICATION_PROTOCOL_DEFINITION ( 'draft international standard', 'automotive_design', 1998, #8993 ) ;
#2152 = ADVANCED_FACE ( 'NONE', ( #8043 ), #6054, .T. ) ;
#2153 = CARTESIAN_POINT ( 'NONE',  ( -0.5000000000000015543, 2.950000000000003286, 0.5000000000000000000 ) ) ;
#2154 = ORIENTED_EDGE ( 'NONE', *, *, #7340, .T. ) ;
#2155 = EDGE_LOOP ( 'NONE', ( #8425, #506, #7610, #7469, #6366, #6783, #6034, #8237, #4041, #2917, #7676, #7328 ) ) ;
#2156 = CARTESIAN_POINT ( 'NONE',  ( -4.499999999999989342, -3.550515463917520709, -5.900000000000009237 ) ) ;
#2157 = CARTESIAN_POINT ( 'NONE',  ( 2.500000000000000000, -6.400000000000000355, -5.750000000000000000 ) ) ;
#2158 = LINE ( 'NONE', #2063, #672 ) ;
#2159 = VERTEX_POINT ( 'NONE', #7485 ) ;
#2160 = EDGE_CURVE ( 'NONE', #3687, #5011, #8734, .T. ) ;
#2161 = DIRECTION ( 'NONE',  ( -0.000000000000000000, -0.000000000000000000, -1.000000000000000000 ) ) ;
#2162 = EDGE_CURVE ( 'NONE', #4618, #5485, #4490, .T. ) ;
#2163 = EDGE_CURVE ( 'NONE', #4800, #1267, #1076, .T. ) ;
#2164 = VERTEX_POINT ( 'NONE', #5369 ) ;
#2165 = EDGE_CURVE ( 'NONE', #1522, #4274, #7998, .T. ) ;
#2166 = CARTESIAN_POINT ( 'NONE',  ( 4.500000000000002665, 4.349484536082479202, 0.000000000000000000 ) ) ;
#2167 = DIRECTION ( 'NONE',  ( 0.000000000000000000, 0.000000000000000000, -1.000000000000000000 ) ) ;
#2168 = ORIENTED_EDGE ( 'NONE', *, *, #3953, .T. ) ;
#2169 = CARTESIAN_POINT ( 'NONE',  ( 0.4999999999999987232, 0.000000000000000000, 0.000000000000000000 ) ) ;
#2170 = ORIENTED_EDGE ( 'NONE', *, *, #8119, .T. ) ;
#2171 = EDGE_LOOP ( 'NONE', ( #1562, #4828, #6821, #7375 ) ) ;
#2172 = CARTESIAN_POINT ( 'NONE',  ( 0.000000000000000000, -0.5505154639175203757, 1.400000000000000577 ) ) ;
#2173 = DIRECTION ( 'NONE',  ( 0.000000000000000000, -1.000000000000000000, 0.000000000000000000 ) ) ;
#2174 = EDGE_CURVE ( 'NONE', #516, #2551, #7441, .T. ) ;
#2175 = DIRECTION ( 'NONE',  ( 0.000000000000000000, 0.000000000000000000, 1.000000000000000000 ) ) ;
#2176 = CARTESIAN_POINT ( 'NONE',  ( 0.2999999999999997113, 11.70000000000000462, 2.299999999999999822 ) ) ;
#2177 = ORIENTED_EDGE ( 'NONE', *, *, #8914, .F. ) ;
#2178 = EDGE_LOOP ( 'NONE', ( #8911, #7234 ) ) ;
#2179 = DIRECTION ( 'NONE',  ( 0.000000000000000000, 0.000000000000000000, 1.000000000000000000 ) ) ;
#2180 = DIRECTION ( 'NONE',  ( 1.000000000000000000, 8.850629979473507244E-17, 0.000000000000000000 ) ) ;
#2181 = EDGE_CURVE ( 'NONE', #1580, #5122, #6058, .T. ) ;
#2182 = LINE ( 'NONE', #148, #2398 ) ;
#2183 = DIRECTION ( 'NONE',  ( 0.000000000000000000, 0.000000000000000000, -1.000000000000000000 ) ) ;
#2184 = EDGE_LOOP ( 'NONE', ( #5105, #687, #752, #6722, #8983, #4756, #2811, #5903 ) ) ;
#2185 = LINE ( 'NONE', #1491, #900 ) ;
#2186 = ORIENTED_EDGE ( 'NONE', *, *, #6160, .F. ) ;
#2187 = CARTESIAN_POINT ( 'NONE',  ( -2.500000000000000000, -6.700000000000000178, -1.350000000000000089 ) ) ;
#2188 = DIRECTION ( 'NONE',  ( 1.000000000000000000, 0.000000000000000000, 0.000000000000000000 ) ) ;
#2189 = CARTESIAN_POINT ( 'NONE',  ( -5.011844097109289464, 0.4494845360824792913, -9.823847585124243054 ) ) ;
#2190 = DIRECTION ( 'NONE',  ( 0.000000000000000000, 0.000000000000000000, 1.000000000000000000 ) ) ;
#2191 = CARTESIAN_POINT ( 'NONE',  ( -4.499999999999986677, -1.550515463917520931, -7.550000000000007816 ) ) ;
#2192 = LINE ( 'NONE', #4223, #3271 ) ;
#2193 = EDGE_LOOP ( 'NONE', ( #2450, #6132, #19, #4144 ) ) ;
#2194 = DIRECTION ( 'NONE',  ( -1.000000000000000000, 2.491288438666616105E-16, -1.931541112668179645E-15 ) ) ;
#2195 = EDGE_CURVE ( 'NONE', #2640, #6481, #1169, .T. ) ;
#2196 = DIRECTION ( 'NONE',  ( 1.000000000000000000, 0.000000000000000000, 0.000000000000000000 ) ) ;
#2197 = DIRECTION ( 'NONE',  ( 0.000000000000000000, 0.000000000000000000, -1.000000000000000000 ) ) ;
#2198 = VERTEX_POINT ( 'NONE', #5874 ) ;
#2199 = VECTOR ( 'NONE', #8342, 1000.000000000000000 ) ;
#2200 = CARTESIAN_POINT ( 'NONE',  ( -3.500000000000001776, 0.4500000000000044520, 1.800000000000000488 ) ) ;
#2201 = CYLINDRICAL_SURFACE ( 'NONE', #4336, 0.4000000000000001887 ) ;
#2202 = CARTESIAN_POINT ( 'NONE',  ( 0.000000000000000000, 13.00000000000000355, 0.000000000000000000 ) ) ;
#2203 = ORIENTED_EDGE ( 'NONE', *, *, #3877, .F. ) ;
#2204 = DIRECTION ( 'NONE',  ( -1.000000000000000000, -2.168404344971008079E-15, 0.000000000000000000 ) ) ;
#2205 = EDGE_CURVE ( 'NONE', #3115, #948, #7313, .T. ) ;
#2206 = VECTOR ( 'NONE', #5250, 1000.000000000000000 ) ;
#2207 = CARTESIAN_POINT ( 'NONE',  ( 4.399999999999998579, -5.949999999999998401, 5.000000000000000000 ) ) ;
#2208 = EDGE_CURVE ( 'NONE', #431, #3645, #3113, .T. ) ;
#2209 = ORIENTED_EDGE ( 'NONE', *, *, #4009, .F. ) ;
#2210 = EDGE_CURVE ( 'NONE', #574, #3725, #988, .T. ) ;
#2211 = DIRECTION ( 'NONE',  ( -1.000000000000000000, -8.850629979473506011E-17, -0.000000000000000000 ) ) ;
#2212 = LINE ( 'NONE', #48, #2404 ) ;
#2213 = DIRECTION ( 'NONE',  ( -1.000000000000000000, 0.000000000000000000, 0.000000000000000000 ) ) ;
#2214 = ORIENTED_EDGE ( 'NONE', *, *, #4520, .F. ) ;
#2215 = ORIENTED_EDGE ( 'NONE', *, *, #802, .T. ) ;
#2216 = EDGE_CURVE ( 'NONE', #102, #6418, #294, .T. ) ;
#2217 = ORIENTED_EDGE ( 'NONE', *, *, #2473, .T. ) ;
#2218 = VECTOR ( 'NONE', #8791, 1000.000000000000000 ) ;
#2219 = LINE ( 'NONE', #7712, #6848 ) ;
#2220 = DIRECTION ( 'NONE',  ( 0.000000000000000000, 0.000000000000000000, 1.000000000000000000 ) ) ;
#2221 = CARTESIAN_POINT ( 'NONE',  ( -0.5000000000000000000, 11.49999999999999645, 2.299999999999999822 ) ) ;
#2222 = FACE_OUTER_BOUND ( 'NONE', #619, .T. ) ;
#2223 = DIRECTION ( 'NONE',  ( 0.000000000000000000, 0.000000000000000000, 1.000000000000000000 ) ) ;
#2224 = AXIS2_PLACEMENT_3D ( 'NONE', #3117, #8739, #7958 ) ;
#2225 = VECTOR ( 'NONE', #5616, 1000.000000000000000 ) ;
#2226 = ORIENTED_EDGE ( 'NONE', *, *, #7285, .F. ) ;
#2227 = VERTEX_POINT ( 'NONE', #5272 ) ;
#2228 = CARTESIAN_POINT ( 'NONE',  ( -3.100000000000000977, -0.5505154639175203757, 1.400000000000000577 ) ) ;
#2229 = ORIENTED_EDGE ( 'NONE', *, *, #1309, .F. ) ;
#2230 = PLANE ( 'NONE',  #4768 ) ;
#2231 = CIRCLE ( 'NONE', #6206, 0.4000000000000001887 ) ;
#2232 = CARTESIAN_POINT ( 'NONE',  ( 0.000000000000000000, 10.90000000000000036, 2.299999999999999822 ) ) ;
#2233 = CYLINDRICAL_SURFACE ( 'NONE', #6533, 0.6750000000000002665 ) ;
#2234 = CIRCLE ( 'NONE', #8563, 3.500000000000000444 ) ;
#2235 = CARTESIAN_POINT ( 'NONE',  ( 0.000000000000000000, -4.200000000000000178, 0.000000000000000000 ) ) ;
#2236 =( NAMED_UNIT ( * ) PLANE_ANGLE_UNIT ( ) SI_UNIT ( $, .RADIAN. ) );
#2237 = LINE ( 'NONE', #8647, #6540 ) ;
#2238 = PLANE ( 'NONE',  #1354 ) ;
#2239 = AXIS2_PLACEMENT_3D ( 'NONE', #2497, #1709, #8722 ) ;
#2240 = ORIENTED_EDGE ( 'NONE', *, *, #7013, .F. ) ;
#2241 = ORIENTED_EDGE ( 'NONE', *, *, #4237, .F. ) ;
#2242 = LINE ( 'NONE', #769, #6337 ) ;
#2243 = LINE ( 'NONE', #3583, #3590 ) ;
#2244 = SURFACE_STYLE_FILL_AREA ( #2387 ) ;
#2245 = VECTOR ( 'NONE', #2546, 1000.000000000000000 ) ;
#2246 = VECTOR ( 'NONE', #2507, 1000.000000000000114 ) ;
#2247 = PLANE ( 'NONE',  #7264 ) ;
#2248 = EDGE_CURVE ( 'NONE', #3747, #572, #4295, .T. ) ;
#2249 = CARTESIAN_POINT ( 'NONE',  ( 4.598116167910891505, -1.550515463917522041, -7.662869739802280478 ) ) ;
#2250 = DIRECTION ( 'NONE',  ( 1.000000000000000000, 7.228014483236699514E-16, 0.000000000000000000 ) ) ;
#2251 = VECTOR ( 'NONE', #1461, 1000.000000000000000 ) ;
#2252 = ORIENTED_EDGE ( 'NONE', *, *, #4793, .F. ) ;
#2253 = CARTESIAN_POINT ( 'NONE',  ( -4.900000000000000355, 4.349484536082479202, -5.800000000000009592 ) ) ;
#2254 = VECTOR ( 'NONE', #8304, 1000.000000000000000 ) ;
#2255 = CARTESIAN_POINT ( 'NONE',  ( -4.499999999999986677, 2.849484536082480091, -6.800000000000009592 ) ) ;
#2256 = ORIENTED_EDGE ( 'NONE', *, *, #441, .F. ) ;
#2257 = LINE ( 'NONE', #5063, #4987 ) ;
#2258 = DIRECTION ( 'NONE',  ( 0.000000000000000000, 0.000000000000000000, 1.000000000000000000 ) ) ;
#2259 = VECTOR ( 'NONE', #5804, 1000.000000000000000 ) ;
#2260 = ADVANCED_FACE ( 'NONE', ( #2043 ), #4895, .T. ) ;
#2261 = CARTESIAN_POINT ( 'NONE',  ( 0.000000000000000000, 10.90000000000000036, 0.000000000000000000 ) ) ;
#2262 = ORIENTED_EDGE ( 'NONE', *, *, #1481, .T. ) ;
#2263 = EDGE_CURVE ( 'NONE', #1393, #7190, #6979, .T. ) ;
#2264 = ADVANCED_FACE ( 'NONE', ( #4761 ), #8921, .F. ) ;
#2265 = ORIENTED_EDGE ( 'NONE', *, *, #3187, .F. ) ;
#2266 = EDGE_CURVE ( 'NONE', #471, #122, #3998, .T. ) ;
#2267 = ORIENTED_EDGE ( 'NONE', *, *, #6764, .F. ) ;
#2268 = CIRCLE ( 'NONE', #4473, 0.5000000000000004441 ) ;
#2269 = CARTESIAN_POINT ( 'NONE',  ( 0.8032336497292296151, 11.70000000000000462, -1.604700010220583728 ) ) ;
#2270 = PLANE ( 'NONE',  #7490 ) ;
#2271 = LINE ( 'NONE', #7899, #4020 ) ;
#2272 = FACE_OUTER_BOUND ( 'NONE', #8818, .T. ) ;
#2273 = EDGE_CURVE ( 'NONE', #5988, #5964, #4214, .T. ) ;
#2274 = CYLINDRICAL_SURFACE ( 'NONE', #2684, 0.6750000000000002665 ) ;
#2275 = AXIS2_PLACEMENT_3D ( 'NONE', #8529, #6281, #9092 ) ;
#2276 = AXIS2_PLACEMENT_3D ( 'NONE', #4255, #6335, #3025 ) ;
#2277 = EDGE_CURVE ( 'NONE', #5654, #5894, #8225, .T. ) ;
#2278 = ORIENTED_EDGE ( 'NONE', *, *, #248, .F. ) ;
#2279 = ORIENTED_EDGE ( 'NONE', *, *, #5365, .T. ) ;
#2280 = CARTESIAN_POINT ( 'NONE',  ( -4.900000000000000355, 2.449484536082479735, 0.4000000000000000222 ) ) ;
#2281 = VERTEX_POINT ( 'NONE', #2606 ) ;
#2282 = LINE ( 'NONE', #8500, #7425 ) ;
#2283 = AXIS2_PLACEMENT_3D ( 'NONE', #8984, #8208, #2537 ) ;
#2284 = DIRECTION ( 'NONE',  ( -1.000000000000000000, 0.000000000000000000, 0.000000000000000000 ) ) ;
#2285 = DIRECTION ( 'NONE',  ( 1.000000000000000000, 0.000000000000000000, 0.000000000000000000 ) ) ;
#2286 = DIRECTION ( 'NONE',  ( -0.000000000000000000, -1.000000000000000000, -0.000000000000000000 ) ) ;
#2287 = LINE ( 'NONE', #3708, #1933 ) ;
#2288 = ADVANCED_FACE ( 'NONE', ( #1898 ), #2000, .T. ) ;
#2289 = DIRECTION ( 'NONE',  ( 0.000000000000000000, 0.000000000000000000, 1.000000000000000000 ) ) ;
#2291 = CARTESIAN_POINT ( 'NONE',  ( 0.2999999999999997113, 11.70000000000000462, 2.299999999999999822 ) ) ;
#2290 = PRODUCT_DEFINITION_FORMATION_WITH_SPECIFIED_SOURCE ( 'ANY', '', #7304, .NOT_KNOWN. ) ;
#2292 = VECTOR ( 'NONE', #8093, 1000.000000000000000 ) ;
#2293 = ORIENTED_EDGE ( 'NONE', *, *, #4514, .T. ) ;
#2294 = CARTESIAN_POINT ( 'NONE',  ( -1.900000000000001910, 3.600000000000003642, 0.1000000000000000056 ) ) ;
#2295 = DIRECTION ( 'NONE',  ( 2.168404344971008868E-16, -1.000000000000000000, 0.000000000000000000 ) ) ;
#2296 = LINE ( 'NONE', #7140, #1839 ) ;
#2297 = VECTOR ( 'NONE', #1670, 1000.000000000000000 ) ;
#2298 = AXIS2_PLACEMENT_3D ( 'NONE', #8063, #185, #1741 ) ;
#2299 = FACE_OUTER_BOUND ( 'NONE', #1731, .T. ) ;
#2300 = CARTESIAN_POINT ( 'NONE',  ( 0.8032336497292296151, 10.20000000000000107, 0.000000000000000000 ) ) ;
#2301 = EDGE_LOOP ( 'NONE', ( #6787, #2566 ) ) ;
#2302 = DIRECTION ( 'NONE',  ( -1.000000000000000000, 1.734723475976806848E-16, 0.000000000000000000 ) ) ;
#2303 = DIRECTION ( 'NONE',  ( -0.000000000000000000, -1.000000000000000000, -0.000000000000000000 ) ) ;
#2304 = ORIENTED_EDGE ( 'NONE', *, *, #6322, .F. ) ;
#2305 = EDGE_CURVE ( 'NONE', #5807, #2525, #5458, .T. ) ;
#2306 = CARTESIAN_POINT ( 'NONE',  ( -1.734723475976807094E-15, 0.4500000000000040079, 5.000000000000000000 ) ) ;
#2307 = FACE_OUTER_BOUND ( 'NONE', #442, .T. ) ;
#2308 = DIRECTION ( 'NONE',  ( 0.000000000000000000, 0.000000000000000000, 1.000000000000000000 ) ) ;
#2309 = ORIENTED_EDGE ( 'NONE', *, *, #2326, .T. ) ;
#2310 = ORIENTED_EDGE ( 'NONE', *, *, #6250, .F. ) ;
#2311 = EDGE_CURVE ( 'NONE', #1992, #7791, #4590, .T. ) ;
#2312 = DIRECTION ( 'NONE',  ( -0.000000000000000000, -1.000000000000000000, -0.000000000000000000 ) ) ;
#2313 = FACE_OUTER_BOUND ( 'NONE', #620, .T. ) ;
#2314 = DIRECTION ( 'NONE',  ( 0.000000000000000000, -1.000000000000000000, 0.000000000000000000 ) ) ;
#2315 = EDGE_CURVE ( 'NONE', #6234, #8364, #7096, .T. ) ;
#2316 = CARTESIAN_POINT ( 'NONE',  ( -5.708436666169077967, -1.550515463917520487, -8.330000000000008953 ) ) ;
#2317 = CARTESIAN_POINT ( 'NONE',  ( 1.750000000000000000, -5.549999999999998934, -1.350000000000000089 ) ) ;
#2318 = ORIENTED_EDGE ( 'NONE', *, *, #4176, .T. ) ;
#2319 = ORIENTED_EDGE ( 'NONE', *, *, #6716, .F. ) ;
#2320 = CARTESIAN_POINT ( 'NONE',  ( -4.499999999999990230, 0.4494845360824792357, -5.800000000000008704 ) ) ;
#2321 = ORIENTED_EDGE ( 'NONE', *, *, #2210, .T. ) ;
#2322 = ORIENTED_EDGE ( 'NONE', *, *, #7172, .T. ) ;
#2323 = ADVANCED_FACE ( 'NONE', ( #4027 ), #6929, .T. ) ;
#2324 = DIRECTION ( 'NONE',  ( 1.000000000000000000, -1.495451272393799296E-16, 0.000000000000000000 ) ) ;
#2325 = CYLINDRICAL_SURFACE ( 'NONE', #6567, 0.4000000000000001887 ) ;
#2326 = EDGE_CURVE ( 'NONE', #4115, #2777, #3431, .T. ) ;
#2327 = CARTESIAN_POINT ( 'NONE',  ( 4.500000000000002665, -3.550515463917521153, -4.299999999999999822 ) ) ;
#2328 = EDGE_CURVE ( 'NONE', #5522, #4962, #5553, .T. ) ;
#2329 = ADVANCED_FACE ( 'NONE', ( #1266 ), #567, .F. ) ;
#2330 = CARTESIAN_POINT ( 'NONE',  ( 4.399999999999998579, -5.149999999999998579, 0.000000000000000000 ) ) ;
#2331 = CARTESIAN_POINT ( 'NONE',  ( -1.734723475976807094E-15, 0.4500000000000040079, 2.500000000000000000 ) ) ;
#2332 = CARTESIAN_POINT ( 'NONE',  ( 0.01275798393824550958, 10.90000000000000036, 0.008155582768801673127 ) ) ;
#2333 = VERTEX_POINT ( 'NONE', #8316 ) ;
#2334 = DIRECTION ( 'NONE',  ( -1.000000000000000000, 0.000000000000000000, 0.000000000000000000 ) ) ;
#2335 = UNCERTAINTY_MEASURE_WITH_UNIT (LENGTH_MEASURE( 1.000000000000000082E-05 ), #2844, 'distance_accuracy_value', 'NONE');
#2336 = VERTEX_POINT ( 'NONE', #667 ) ;
#2337 = EDGE_LOOP ( 'NONE', ( #6972, #6283, #4431, #6059 ) ) ;
#2338 = LINE ( 'NONE', #2467, #5609 ) ;
#2339 = ORIENTED_EDGE ( 'NONE', *, *, #4558, .T. ) ;
#2340 = VECTOR ( 'NONE', #611, 1000.000000000000000 ) ;
#2341 = PLANE ( 'NONE',  #8603 ) ;
#2342 = CARTESIAN_POINT ( 'NONE',  ( 1.370000000000000329, 8.500000000000000000, 3.349876971653937829 ) ) ;
#2343 = CARTESIAN_POINT ( 'NONE',  ( 4.500000000000002665, -1.550515463917522041, -7.399999999999999467 ) ) ;
#2344 = VERTEX_POINT ( 'NONE', #6242 ) ;
#2345 = PLANE ( 'NONE',  #742 ) ;
#2346 = DIRECTION ( 'NONE',  ( -0.000000000000000000, -1.000000000000000000, -0.000000000000000000 ) ) ;
#2347 = ADVANCED_FACE ( 'NONE', ( #9059 ), #8358, .T. ) ;
#2348 = VERTEX_POINT ( 'NONE', #4850 ) ;
#2349 = CIRCLE ( 'NONE', #8089, 4.099999999999999645 ) ;
#2350 = PLANE ( 'NONE',  #430 ) ;
#2351 = CARTESIAN_POINT ( 'NONE',  ( -4.500000000000001776, -2.450515463917520620, -0.5999999999999996447 ) ) ;
#2352 = CARTESIAN_POINT ( 'NONE',  ( -1.479999999999999982, 11.50000000000000000, 1.000000000000000000 ) ) ;
#2353 = VERTEX_POINT ( 'NONE', #3651 ) ;
#2354 = VERTEX_POINT ( 'NONE', #5081 ) ;
#2355 = EDGE_CURVE ( 'NONE', #3687, #1928, #8494, .T. ) ;
#2356 = FACE_OUTER_BOUND ( 'NONE', #1915, .T. ) ;
#2357 = CARTESIAN_POINT ( 'NONE',  ( -4.911598099521928162, 0.4494845360824795133, -9.101887738487548063 ) ) ;
#2358 = AXIS2_PLACEMENT_3D ( 'NONE', #8548, #5176, #3707 ) ;
#2359 = LINE ( 'NONE', #7985, #3139 ) ;
#2360 = DIRECTION ( 'NONE',  ( 0.000000000000000000, 1.000000000000000000, 0.000000000000000000 ) ) ;
#2361 = ADVANCED_FACE ( 'NONE', ( #1574 ), #882, .T. ) ;
#2362 = ORIENTED_EDGE ( 'NONE', *, *, #2326, .F. ) ;
#2363 = VECTOR ( 'NONE', #4315, 1000.000000000000000 ) ;
#2364 = VECTOR ( 'NONE', #8182, 1000.000000000000000 ) ;
#2365 = ORIENTED_EDGE ( 'NONE', *, *, #8024, .T. ) ;
#2366 = DIRECTION ( 'NONE',  ( 0.000000000000000000, 0.000000000000000000, -1.000000000000000000 ) ) ;
#2367 = VERTEX_POINT ( 'NONE', #5819 ) ;
#2368 = ORIENTED_EDGE ( 'NONE', *, *, #2305, .F. ) ;
#2369 = CARTESIAN_POINT ( 'NONE',  ( -1.342230922150142947, 10.20000000000000107, -3.014700010220582538 ) ) ;
#2370 = CARTESIAN_POINT ( 'NONE',  ( 0.4999999999999987232, 0.000000000000000000, 0.5000000000000000000 ) ) ;
#2371 = DIRECTION ( 'NONE',  ( 1.334402673828313339E-16, -1.000000000000000000, 0.000000000000000000 ) ) ;
#2372 = DIRECTION ( 'NONE',  ( -1.000000000000000000, 0.000000000000000000, 0.000000000000000000 ) ) ;
#2373 = CIRCLE ( 'NONE', #6636, 0.4000000000000001887 ) ;
#2374 = DIRECTION ( 'NONE',  ( -0.000000000000000000, -1.000000000000000000, -0.000000000000000000 ) ) ;
#2375 = CARTESIAN_POINT ( 'NONE',  ( -2.399251774991965735, 0.1649176233898168309, 1.164917623389813084 ) ) ;
#2376 = ADVANCED_FACE ( 'NONE', ( #6330 ), #4386, .T. ) ;
#2377 = ORIENTED_EDGE ( 'NONE', *, *, #2660, .T. ) ;
#2378 = DIRECTION ( 'NONE',  ( 0.000000000000000000, 0.000000000000000000, -1.000000000000000000 ) ) ;
#2379 = EDGE_CURVE ( 'NONE', #1836, #8817, #2967, .T. ) ;
#2380 = EDGE_CURVE ( 'NONE', #8723, #1892, #7841, .T. ) ;
#2381 = ORIENTED_EDGE ( 'NONE', *, *, #64, .F. ) ;
#2382 = DIRECTION ( 'NONE',  ( 0.000000000000000000, 1.000000000000000000, 0.000000000000000000 ) ) ;
#2383 = VECTOR ( 'NONE', #713, 1000.000000000000000 ) ;
#2384 = ORIENTED_EDGE ( 'NONE', *, *, #2774, .T. ) ;
#2385 = AXIS2_PLACEMENT_3D ( 'NONE', #5746, #2250, #3677 ) ;
#2386 = CARTESIAN_POINT ( 'NONE',  ( -0.0008203932499368550568, 10.90000000000000036, 1.279727070297659203E-17 ) ) ;
#2387 = FILL_AREA_STYLE ('',( #8656 ) ) ;
#2389 = VECTOR ( 'NONE', #7857, 1000.000000000000000 ) ;
#2388 = DIRECTION ( 'NONE',  ( 0.000000000000000000, 0.000000000000000000, -1.000000000000000000 ) ) ;
#2390 = VECTOR ( 'NONE', #1677, 1000.000000000000000 ) ;
#2391 = CARTESIAN_POINT ( 'NONE',  ( -0.4999999999999997780, 11.49999999999999645, 2.299999999999999822 ) ) ;
#2392 = ORIENTED_EDGE ( 'NONE', *, *, #5305, .F. ) ;
#2393 = CARTESIAN_POINT ( 'NONE',  ( 0.000000000000000000, -6.700000000000000178, -1.350000000000000089 ) ) ;
#2394 = DIRECTION ( 'NONE',  ( 1.000000000000000000, 0.000000000000000000, 0.000000000000000000 ) ) ;
#2395 = AXIS2_PLACEMENT_3D ( 'NONE', #3331, #6086, #2683 ) ;
#2396 = ORIENTED_EDGE ( 'NONE', *, *, #973, .F. ) ;
#2397 = CARTESIAN_POINT ( 'NONE',  ( -4.900000000000001243, -2.450515463917520620, 0.000000000000000000 ) ) ;
#2398 = VECTOR ( 'NONE', #2966, 1000.000000000000000 ) ;
#2399 = DIRECTION ( 'NONE',  ( -1.000000000000000000, 2.491288438666616105E-16, -1.931541112668179645E-15 ) ) ;
#2400 = VERTEX_POINT ( 'NONE', #8634 ) ;
#2401 = VECTOR ( 'NONE', #5075, 1000.000000000000000 ) ;
#2402 = ORIENTED_EDGE ( 'NONE', *, *, #8622, .T. ) ;
#2403 = VECTOR ( 'NONE', #3126, 1000.000000000000000 ) ;
#2404 = VECTOR ( 'NONE', #1473, 1000.000000000000000 ) ;
#2405 = LINE ( 'NONE', #8670, #6611 ) ;
#2406 = LINE ( 'NONE', #6639, #4165 ) ;
#2407 = CARTESIAN_POINT ( 'NONE',  ( -1.000000000000000222, 3.804101966249689326, 1.800000000000000488 ) ) ;
#2408 = LINE ( 'NONE', #6738, #4444 ) ;
#2409 = ORIENTED_EDGE ( 'NONE', *, *, #691, .F. ) ;
#2410 = CIRCLE ( 'NONE', #1239, 0.5000000000000004441 ) ;
#2411 = ORIENTED_EDGE ( 'NONE', *, *, #404, .T. ) ;
#2412 = ORIENTED_EDGE ( 'NONE', *, *, #6932, .F. ) ;
#2413 = EDGE_LOOP ( 'NONE', ( #6845, #458 ) ) ;
#2414 = FACE_OUTER_BOUND ( 'NONE', #780, .T. ) ;
#2415 = CARTESIAN_POINT ( 'NONE',  ( 4.500000000000002665, 4.349484536082479202, 0.4000000000000000777 ) ) ;
#2416 = CYLINDRICAL_SURFACE ( 'NONE', #481, 3.850000000000000089 ) ;
#2417 = EDGE_CURVE ( 'NONE', #7444, #7753, #1614, .T. ) ;
#2418 = CARTESIAN_POINT ( 'NONE',  ( 0.000000000000000000, 13.19999999999999929, 0.000000000000000000 ) ) ;
#2419 = AXIS2_PLACEMENT_3D ( 'NONE', #7039, #8979, #2667 ) ;
#2420 = CARTESIAN_POINT ( 'NONE',  ( 0.000000000000000000, -0.5505154639175203757, 0.4000000000000001887 ) ) ;
#2421 = CARTESIAN_POINT ( 'NONE',  ( -0.7967663502707702516, 10.20000000000000107, -2.404700010220583106 ) ) ;
#2422 = EDGE_LOOP ( 'NONE', ( #5343, #5440, #725, #5786 ) ) ;
#2423 = DIRECTION ( 'NONE',  ( 1.000000000000000000, -1.495451272393799296E-16, 0.000000000000000000 ) ) ;
#2424 = VECTOR ( 'NONE', #8564, 1000.000000000000000 ) ;
#2425 = VECTOR ( 'NONE', #486, 1000.000000000000000 ) ;
#2426 = ORIENTED_EDGE ( 'NONE', *, *, #7117, .F. ) ;
#2427 = DIRECTION ( 'NONE',  ( -1.000000000000000000, 0.000000000000000000, 0.000000000000000000 ) ) ;
#2428 = CARTESIAN_POINT ( 'NONE',  ( 4.900000000000001243, -5.450515463917523284, -4.299999999999999822 ) ) ;
#2429 = EDGE_CURVE ( 'NONE', #2590, #876, #4427, .T. ) ;
#2430 = ADVANCED_FACE ( 'NONE', ( #3609 ), #2274, .F. ) ;
#2431 = AXIS2_PLACEMENT_3D ( 'NONE', #1439, #8490, #7850 ) ;
#2432 = PLANE ( 'NONE',  #8595 ) ;
#2433 = FACE_OUTER_BOUND ( 'NONE', #2709, .T. ) ;
#2434 = FACE_OUTER_BOUND ( 'NONE', #4967, .T. ) ;
#2435 = ORIENTED_EDGE ( 'NONE', *, *, #3732, .T. ) ;
#2436 = ORIENTED_EDGE ( 'NONE', *, *, #3069, .F. ) ;
#2437 = LINE ( 'NONE', #8099, #3978 ) ;
#2438 = CARTESIAN_POINT ( 'NONE',  ( 4.500000000000003553, -3.950515463917520620, -4.900000000000010125 ) ) ;
#2439 = CIRCLE ( 'NONE', #8624, 0.4000000000000001887 ) ;
#2440 = ORIENTED_EDGE ( 'NONE', *, *, #7869, .F. ) ;
#2441 = EDGE_CURVE ( 'NONE', #572, #1415, #841, .T. ) ;
#2442 = CARTESIAN_POINT ( 'NONE',  ( 4.500000000000001776, 0.000000000000000000, 0.4000000000000000222 ) ) ;
#2443 = ADVANCED_FACE ( 'NONE', ( #706 ), #1443, .F. ) ;
#2444 = ADVANCED_FACE ( 'NONE', ( #61 ), #11, .F. ) ;
#2445 = EDGE_CURVE ( 'NONE', #7786, #4391, #4941, .T. ) ;
#2446 = DIRECTION ( 'NONE',  ( 0.000000000000000000, 0.000000000000000000, -1.000000000000000000 ) ) ;
#2447 = VECTOR ( 'NONE', #5908, 1000.000000000000000 ) ;
#2448 = ORIENTED_EDGE ( 'NONE', *, *, #2729, .F. ) ;
#2449 = VERTEX_POINT ( 'NONE', #6376 ) ;
#2450 = ORIENTED_EDGE ( 'NONE', *, *, #6527, .F. ) ;
#2451 = LINE ( 'NONE', #8070, #2638 ) ;
#2452 = PLANE ( 'NONE',  #8883 ) ;
#2453 = DIRECTION ( 'NONE',  ( -0.8778780114862320128, -7.769773446780631681E-17, 0.4788843252278979779 ) ) ;
#2454 = CARTESIAN_POINT ( 'NONE',  ( -1.900000000000001910, 3.600000000000003642, 0.1000000000000000056 ) ) ;
#2455 = ORIENTED_EDGE ( 'NONE', *, *, #2672, .T. ) ;
#2456 = ORIENTED_EDGE ( 'NONE', *, *, #5363, .F. ) ;
#2457 = EDGE_LOOP ( 'NONE', ( #2735, #7499, #7800, #1511 ) ) ;
#2458 = EDGE_LOOP ( 'NONE', ( #7813, #4230, #1194, #7498 ) ) ;
#2459 = DIRECTION ( 'NONE',  ( -1.000000000000000000, -0.000000000000000000, -0.000000000000000000 ) ) ;
#2460 = DIRECTION ( 'NONE',  ( -1.000000000000000000, 0.000000000000000000, 0.000000000000000000 ) ) ;
#2461 = CARTESIAN_POINT ( 'NONE',  ( 3.000000000000000000, -4.750515463917523107, 0.4000000000000000222 ) ) ;
#2462 = CARTESIAN_POINT ( 'NONE',  ( 1.899999999999996358, -2.700000000000000622, 0.1000000000000000056 ) ) ;
#2463 = DIRECTION ( 'NONE',  ( -1.000000000000000000, 0.000000000000000000, 0.000000000000000000 ) ) ;
#2464 = DIRECTION ( 'NONE',  ( 0.000000000000000000, -1.000000000000000000, 0.000000000000000000 ) ) ;
#2465 = ORIENTED_EDGE ( 'NONE', *, *, #7343, .F. ) ;
#2466 = ORIENTED_EDGE ( 'NONE', *, *, #7112, .F. ) ;
#2467 = CARTESIAN_POINT ( 'NONE',  ( 0.4000000000000008549, -6.700000000000000178, -5.750000000000000000 ) ) ;
#2468 = ORIENTED_EDGE ( 'NONE', *, *, #4401, .F. ) ;
#2469 = LINE ( 'NONE', #8698, #4187 ) ;
#2470 = LINE ( 'NONE', #5279, #2292 ) ;
#2471 = DIRECTION ( 'NONE',  ( -1.000000000000000000, 8.850629979473506011E-17, -1.919174450322102221E-32 ) ) ;
#2472 = DIRECTION ( 'NONE',  ( 0.000000000000000000, 0.000000000000000000, -1.000000000000000000 ) ) ;
#2473 = EDGE_CURVE ( 'NONE', #7210, #6823, #9010, .T. ) ;
#2474 = ORIENTED_EDGE ( 'NONE', *, *, #6103, .T. ) ;
#2475 = VERTEX_POINT ( 'NONE', #4297 ) ;
#2476 = DIRECTION ( 'NONE',  ( 1.000000000000000000, 0.000000000000000000, 0.000000000000000000 ) ) ;
#2477 = ORIENTED_EDGE ( 'NONE', *, *, #4016, .F. ) ;
#2478 = ORIENTED_EDGE ( 'NONE', *, *, #6557, .F. ) ;
#2479 = CARTESIAN_POINT ( 'NONE',  ( 0.6700000000000000400, 11.70000000000000462, 0.5999999999999998668 ) ) ;
#2480 =( NAMED_UNIT ( * ) SI_UNIT ( $, .STERADIAN. ) SOLID_ANGLE_UNIT ( ) );
#2481 = DIRECTION ( 'NONE',  ( -1.000000000000000000, 0.000000000000000000, 0.000000000000000000 ) ) ;
#2482 = CARTESIAN_POINT ( 'NONE',  ( -0.7967663502707693635, 10.20000000000000107, -0.8947000102205834304 ) ) ;
#2483 = ORIENTED_EDGE ( 'NONE', *, *, #8927, .F. ) ;
#2484 = CARTESIAN_POINT ( 'NONE',  ( 4.399999999999998579, 5.950000000000003730, 5.000000000000000000 ) ) ;
#2485 = ORIENTED_EDGE ( 'NONE', *, *, #3673, .T. ) ;
#2486 = EDGE_CURVE ( 'NONE', #505, #3326, #3712, .T. ) ;
#2487 = EDGE_CURVE ( 'NONE', #3000, #6759, #5728, .T. ) ;
#2488 = VECTOR ( 'NONE', #3691, 1000.000000000000000 ) ;
#2489 = VERTEX_POINT ( 'NONE', #1532 ) ;
#2490 = EDGE_CURVE ( 'NONE', #4335, #1815, #5304, .T. ) ;
#2491 = ORIENTED_EDGE ( 'NONE', *, *, #7564, .F. ) ;
#2492 = VERTEX_POINT ( 'NONE', #1063 ) ;
#2493 = DIRECTION ( 'NONE',  ( 1.000000000000000000, -1.121588454295349533E-16, 0.000000000000000000 ) ) ;
#2494 = FACE_OUTER_BOUND ( 'NONE', #4784, .T. ) ;
#2495 = DIRECTION ( 'NONE',  ( 0.9063077870366497146, 8.021394870576868470E-17, -0.4226182617407001074 ) ) ;
#2496 = AXIS2_PLACEMENT_3D ( 'NONE', #2172, #4198, #5756 ) ;
#2497 = CARTESIAN_POINT ( 'NONE',  ( 0.000000000000000000, -4.050515463917521153, 0.3999999999999986899 ) ) ;
#2498 = EDGE_CURVE ( 'NONE', #6685, #1618, #5995, .T. ) ;
#2499 = EDGE_LOOP ( 'NONE', ( #1118, #6856, #3758, #4429 ) ) ;
#2500 = ORIENTED_EDGE ( 'NONE', *, *, #1272, .T. ) ;
#2501 = EDGE_LOOP ( 'NONE', ( #8060, #2396, #6910, #2564, #4789, #6382, #7124, #2952 ) ) ;
#2502 = ORIENTED_EDGE ( 'NONE', *, *, #7625, .T. ) ;
#2503 = VECTOR ( 'NONE', #6860, 1000.000000000000000 ) ;
#2504 = DIRECTION ( 'NONE',  ( -0.000000000000000000, -0.000000000000000000, -1.000000000000000000 ) ) ;
#2505 = PRODUCT_RELATED_PRODUCT_CATEGORY ( 'part', '', ( #8929 ) ) ;
#2506 = FACE_OUTER_BOUND ( 'NONE', #2501, .T. ) ;
#2507 = DIRECTION ( 'NONE',  ( -0.4226182617407076014, -0.000000000000000000, -0.9063077870366461619 ) ) ;
#2508 = DIRECTION ( 'NONE',  ( -1.000000000000000000, 0.000000000000000000, 0.000000000000000000 ) ) ;
#2509 = CARTESIAN_POINT ( 'NONE',  ( -4.500000000000002665, 1.349484536082479869, 0.000000000000000000 ) ) ;
#2510 = FACE_OUTER_BOUND ( 'NONE', #552, .T. ) ;
#2511 = AXIS2_PLACEMENT_3D ( 'NONE', #2462, #5271, #8085 ) ;
#2512 = ORIENTED_EDGE ( 'NONE', *, *, #2216, .F. ) ;
#2513 = ORIENTED_EDGE ( 'NONE', *, *, #5546, .T. ) ;
#2514 = DIRECTION ( 'NONE',  ( -0.000000000000000000, -0.000000000000000000, -1.000000000000000000 ) ) ;
#2515 = EDGE_LOOP ( 'NONE', ( #6683, #7595, #798, #2214 ) ) ;
#2516 = LINE ( 'NONE', #6714, #8012 ) ;
#2517 = AXIS2_PLACEMENT_3D ( 'NONE', #1235, #8889, #3447 ) ;
#2518 = CARTESIAN_POINT ( 'NONE',  ( 4.500000000000003553, -5.150515463917521686, -4.900000000000008349 ) ) ;
#2519 = APPLICATION_CONTEXT ( 'automotive_design' ) ;
#2520 = DIRECTION ( 'NONE',  ( -0.000000000000000000, -1.000000000000000000, -0.000000000000000000 ) ) ;
#2521 =( NAMED_UNIT ( * ) PLANE_ANGLE_UNIT ( ) SI_UNIT ( $, .RADIAN. ) );
#2522 = DIRECTION ( 'NONE',  ( -1.000000000000000000, 0.000000000000000000, 0.000000000000000000 ) ) ;
#2523 = TOROIDAL_SURFACE ( 'NONE', #8408, 0.1500000000000000777, 0.2000000000000011768 ) ;
#2524 = AXIS2_PLACEMENT_3D ( 'NONE', #1196, #1977, #1333 ) ;
#2525 = VERTEX_POINT ( 'NONE', #3745 ) ;
#2526 = ORIENTED_EDGE ( 'NONE', *, *, #8668, .F. ) ;
#2527 = LINE ( 'NONE', #7460, #6631 ) ;
#2528 = ORIENTED_EDGE ( 'NONE', *, *, #6488, .T. ) ;
#2529 = LINE ( 'NONE', #1045, #934 ) ;
#2530 = FILL_AREA_STYLE ('',( #4044 ) ) ;
#2531 = AXIS2_PLACEMENT_3D ( 'NONE', #4430, #7904, #2366 ) ;
#2532 = DIRECTION ( 'NONE',  ( 0.000000000000000000, 0.000000000000000000, -1.000000000000000000 ) ) ;
#2533 = EDGE_CURVE ( 'NONE', #3645, #896, #5214, .T. ) ;
#2534 = AXIS2_PLACEMENT_3D ( 'NONE', #8001, #5096, #2334 ) ;
#2535 = DIRECTION ( 'NONE',  ( 1.000000000000000000, 8.850629979473506011E-17, 0.000000000000000000 ) ) ;
#2536 = ORIENTED_EDGE ( 'NONE', *, *, #526, .T. ) ;
#2537 = DIRECTION ( 'NONE',  ( 0.000000000000000000, 0.000000000000000000, 1.000000000000000000 ) ) ;
#2538 = VERTEX_POINT ( 'NONE', #3100 ) ;
#2539 = AXIS2_PLACEMENT_3D ( 'NONE', #7584, #7532, #1219 ) ;
#2540 = ORIENTED_EDGE ( 'NONE', *, *, #2942, .F. ) ;
#2541 = ORIENTED_EDGE ( 'NONE', *, *, #4117, .F. ) ;
#2542 = DIRECTION ( 'NONE',  ( 1.000000000000000000, 0.000000000000000000, 0.000000000000000000 ) ) ;
#2543 = LINE ( 'NONE', #8169, #5346 ) ;
#2544 = EDGE_CURVE ( 'NONE', #2554, #8488, #6510, .T. ) ;
#2545 = VECTOR ( 'NONE', #4518, 1000.000000000000000 ) ;
#2546 = DIRECTION ( 'NONE',  ( -8.123545521314933250E-47, -3.260780805318072864E-31, 1.000000000000000000 ) ) ;
#2547 = EDGE_CURVE ( 'NONE', #7436, #7982, #8767, .T. ) ;
#2548 = CYLINDRICAL_SURFACE ( 'NONE', #6964, 1.200000000000002176 ) ;
#2549 = EDGE_CURVE ( 'NONE', #1851, #230, #322, .T. ) ;
#2550 = ORIENTED_EDGE ( 'NONE', *, *, #5869, .T. ) ;
#2551 = VERTEX_POINT ( 'NONE', #5262 ) ;
#2552 = CIRCLE ( 'NONE', #2563, 3.500000000000000000 ) ;
#2553 = ORIENTED_EDGE ( 'NONE', *, *, #1005, .F. ) ;
#2554 = VERTEX_POINT ( 'NONE', #418 ) ;
#2555 = DIRECTION ( 'NONE',  ( 0.000000000000000000, 0.000000000000000000, -1.000000000000000000 ) ) ;
#2556 = CARTESIAN_POINT ( 'NONE',  ( 4.500000000000003553, -5.150515463917521686, -5.300000000000009592 ) ) ;
#2557 = ADVANCED_FACE ( 'NONE', ( #8859 ), #931, .F. ) ;
#2558 = CARTESIAN_POINT ( 'NONE',  ( 2.349999999999998312, 4.650000000000004796, 5.599999999999999645 ) ) ;
#2559 = EDGE_CURVE ( 'NONE', #5122, #327, #6957, .T. ) ;
#2560 = CARTESIAN_POINT ( 'NONE',  ( 0.6700000000000003730, 10.90000000000000036, 0.5999999999999998668 ) ) ;
#2561 = EDGE_CURVE ( 'NONE', #6234, #7059, #5900, .T. ) ;
#2563 = AXIS2_PLACEMENT_3D ( 'NONE', #7015, #7100, #5757 ) ;
#2562 = CARTESIAN_POINT ( 'NONE',  ( -2.599999999999993872, -3.950515463917521508, -4.900000000000008349 ) ) ;
#2564 = ORIENTED_EDGE ( 'NONE', *, *, #8392, .F. ) ;
#2565 = DIRECTION ( 'NONE',  ( 1.000000000000000000, 0.000000000000000000, 0.000000000000000000 ) ) ;
#2566 = ORIENTED_EDGE ( 'NONE', *, *, #5235, .F. ) ;
#2567 = DIRECTION ( 'NONE',  ( -1.000000000000000000, 1.495451272393799296E-16, 0.000000000000000000 ) ) ;
#2568 = VECTOR ( 'NONE', #7452, 1000.000000000000000 ) ;
#2569 = DIRECTION ( 'NONE',  ( -0.000000000000000000, -1.000000000000000000, -0.000000000000000000 ) ) ;
#2570 = FACE_OUTER_BOUND ( 'NONE', #1462, .T. ) ;
#2572 = LINE ( 'NONE', #5384, #8122 ) ;
#2571 = CIRCLE ( 'NONE', #2275, 4.099999999999999645 ) ;
#2573 = CIRCLE ( 'NONE', #1093, 3.100000000000000977 ) ;
#2574 = EDGE_LOOP ( 'NONE', ( #6711, #3210, #5890, #3971 ) ) ;
#2575 = EDGE_LOOP ( 'NONE', ( #2800, #211, #694, #7246 ) ) ;
#2576 = DIRECTION ( 'NONE',  ( -1.000000000000000000, 0.000000000000000000, 0.000000000000000000 ) ) ;
#2577 = FACE_OUTER_BOUND ( 'NONE', #3389, .T. ) ;
#2578 = CARTESIAN_POINT ( 'NONE',  ( -0.7967663502707700296, 11.70000000000000462, -1.604700010220583728 ) ) ;
#2579 = AXIS2_PLACEMENT_3D ( 'NONE', #6679, #8842, #8059 ) ;
#2580 = CARTESIAN_POINT ( 'NONE',  ( -1.565936075841832364, 10.20000000000000107, -3.517150011924013775 ) ) ;
#2581 = DIRECTION ( 'NONE',  ( 0.4067366430758009299, 0.000000000000000000, 0.9135454576426004225 ) ) ;
#2582 = EDGE_LOOP ( 'NONE', ( #4672, #3939, #8829, #4245, #3194, #1559, #3232 ) ) ;
#2583 = CARTESIAN_POINT ( 'NONE',  ( -2.100000000000000089, -6.699999999999999289, -1.349999999999999867 ) ) ;
#2584 = FACE_OUTER_BOUND ( 'NONE', #7008, .T. ) ;
#2585 = ORIENTED_EDGE ( 'NONE', *, *, #6556, .T. ) ;
#2586 = TOROIDAL_SURFACE ( 'NONE', #1549, 3.500000000000000000, 0.3999999999999990785 ) ;
#2587 = EDGE_CURVE ( 'NONE', #2333, #3256, #8814, .T. ) ;
#2588 = ORIENTED_EDGE ( 'NONE', *, *, #5128, .T. ) ;
#2589 = ORIENTED_EDGE ( 'NONE', *, *, #5520, .T. ) ;
#2590 = VERTEX_POINT ( 'NONE', #3824 ) ;
#2591 = DIRECTION ( 'NONE',  ( 1.000000000000000000, 0.000000000000000000, 1.232047923278982446E-16 ) ) ;
#2592 = DIRECTION ( 'NONE',  ( -1.000000000000000000, 0.000000000000000000, 2.154044051295704582E-16 ) ) ;
#2593 = VECTOR ( 'NONE', #4081, 1000.000000000000000 ) ;
#2594 = CIRCLE ( 'NONE', #1269, 0.6750000000000002665 ) ;
#2595 = DIRECTION ( 'NONE',  ( 1.000000000000000000, 0.000000000000000000, 0.000000000000000000 ) ) ;
#2596 = EDGE_LOOP ( 'NONE', ( #9061, #2637, #1932, #8935 ) ) ;
#2597 = PRODUCT ( 'PT01-D_HOUSING', 'PT01-D_HOUSING', '', ( #2797 ) ) ;
#2598 = EDGE_CURVE ( 'NONE', #6418, #8261, #1116, .T. ) ;
#2599 = VERTEX_POINT ( 'NONE', #3059 ) ;
#2600 = ORIENTED_EDGE ( 'NONE', *, *, #7675, .F. ) ;
#2601 = ORIENTED_EDGE ( 'NONE', *, *, #2612, .F. ) ;
#2602 = LINE ( 'NONE', #1995, #2726 ) ;
#2603 = CARTESIAN_POINT ( 'NONE',  ( 0.000000000000000000, 2.950000000000003286, 0.000000000000000000 ) ) ;
#2604 = DIRECTION ( 'NONE',  ( 0.000000000000000000, 0.000000000000000000, 1.000000000000000000 ) ) ;
#2605 = LINE ( 'NONE', #4113, #3252 ) ;
#2606 = CARTESIAN_POINT ( 'NONE',  ( 0.2999999999999997113, 11.70000000000000462, 1.500000000000000000 ) ) ;
#2607 = VECTOR ( 'NONE', #9110, 1000.000000000000000 ) ;
#2608 = ORIENTED_EDGE ( 'NONE', *, *, #7869, .T. ) ;
#2609 = EDGE_CURVE ( 'NONE', #7789, #6234, #7429, .T. ) ;
#2610 = EDGE_LOOP ( 'NONE', ( #6495, #1478, #4096, #3367, #3327, #2973, #5357, #4986, #6459, #1109, #1734, #5944 ) ) ;
#2611 = DIRECTION ( 'NONE',  ( 0.000000000000000000, 0.000000000000000000, 1.000000000000000000 ) ) ;
#2612 = EDGE_CURVE ( 'NONE', #728, #3571, #914, .T. ) ;
#2613 = ORIENTED_EDGE ( 'NONE', *, *, #4329, .T. ) ;
#2614 = EDGE_CURVE ( 'NONE', #6377, #1645, #2408, .T. ) ;
#2615 = DIRECTION ( 'NONE',  ( 1.215054158819962036E-16, 1.000000000000000000, 0.000000000000000000 ) ) ;
#2616 = ADVANCED_FACE ( 'NONE', ( #5861 ), #2548, .T. ) ;
#2617 = LINE ( 'NONE', #7453, #822 ) ;
#2618 = DIRECTION ( 'NONE',  ( 1.000000000000000000, 0.000000000000000000, 0.000000000000000000 ) ) ;
#2619 = CARTESIAN_POINT ( 'NONE',  ( 2.900000000000001243, -6.700000000000000178, -5.750000000000000000 ) ) ;
#2620 = ADVANCED_FACE ( 'NONE', ( #1016 ), #280, .F. ) ;
#2621 = ORIENTED_EDGE ( 'NONE', *, *, #3614, .T. ) ;
#2622 = ORIENTED_EDGE ( 'NONE', *, *, #7003, .F. ) ;
#2623 = FACE_OUTER_BOUND ( 'NONE', #5310, .T. ) ;
#2624 = CARTESIAN_POINT ( 'NONE',  ( -1.734723475976807094E-15, 0.4500000000000040079, 0.000000000000000000 ) ) ;
#2625 = CYLINDRICAL_SURFACE ( 'NONE', #2579, 3.300000000000000266 ) ;
#2626 = DIRECTION ( 'NONE',  ( -0.000000000000000000, -0.000000000000000000, -1.000000000000000000 ) ) ;
#2627 = CARTESIAN_POINT ( 'NONE',  ( -0.7967663502707696965, 10.90000000000000036, 1.716269817073340895E-16 ) ) ;
#2628 = ORIENTED_EDGE ( 'NONE', *, *, #5805, .T. ) ;
#2629 = DIRECTION ( 'NONE',  ( 0.000000000000000000, 1.000000000000000000, 0.000000000000000000 ) ) ;
#2630 = CARTESIAN_POINT ( 'NONE',  ( 0.000000000000000000, 8.500000000000000000, 0.000000000000000000 ) ) ;
#2631 = EDGE_LOOP ( 'NONE', ( #1466, #4129, #7093, #2663, #5629 ) ) ;
#2632 = ORIENTED_EDGE ( 'NONE', *, *, #8357, .F. ) ;
#2633 = ORIENTED_EDGE ( 'NONE', *, *, #8399, .F. ) ;
#2634 = LINE ( 'NONE', #4147, #4696 ) ;
#2635 = DIRECTION ( 'NONE',  ( 0.000000000000000000, -1.000000000000000000, 0.000000000000000000 ) ) ;
#2636 = DIRECTION ( 'NONE',  ( -0.9135454576426005335, 0.000000000000000000, 0.4067366430758009854 ) ) ;
#2637 = ORIENTED_EDGE ( 'NONE', *, *, #9040, .T. ) ;
#2638 = VECTOR ( 'NONE', #3873, 1000.000000000000000 ) ;
#2639 = VERTEX_POINT ( 'NONE', #7987 ) ;
#2640 = VERTEX_POINT ( 'NONE', #6040 ) ;
#2641 = ORIENTED_EDGE ( 'NONE', *, *, #1964, .T. ) ;
#2642 = CARTESIAN_POINT ( 'NONE',  ( 0.4000000000000004108, -6.699999999999999289, -1.349999999999999867 ) ) ;
#2643 = LINE ( 'NONE', #3476, #9113 ) ;
#2644 = DIRECTION ( 'NONE',  ( 0.000000000000000000, 1.000000000000000000, 0.000000000000000000 ) ) ;
#2645 = VECTOR ( 'NONE', #6083, 1000.000000000000000 ) ;
#2646 = DIRECTION ( 'NONE',  ( 0.000000000000000000, 0.000000000000000000, 1.000000000000000000 ) ) ;
#2647 = EDGE_CURVE ( 'NONE', #8064, #9076, #1664, .T. ) ;
#2648 = DIRECTION ( 'NONE',  ( 0.000000000000000000, 1.000000000000000000, 0.000000000000000000 ) ) ;
#2649 = ORIENTED_EDGE ( 'NONE', *, *, #7660, .F. ) ;
#2650 = VERTEX_POINT ( 'NONE', #6872 ) ;
#2651 = DIRECTION ( 'NONE',  ( 0.000000000000000000, 1.000000000000000000, 0.000000000000000000 ) ) ;
#2652 = ORIENTED_EDGE ( 'NONE', *, *, #5570, .F. ) ;
#2653 = CARTESIAN_POINT ( 'NONE',  ( 0.000000000000000000, -0.5505154639175203757, 1.400000000000000577 ) ) ;
#2654 = DIRECTION ( 'NONE',  ( 1.000000000000000000, 8.850629979473506011E-17, 0.000000000000000000 ) ) ;
#2655 = ADVANCED_FACE ( 'NONE', ( #9044 ), #8949, .T. ) ;
#2656 = VECTOR ( 'NONE', #8356, 1000.000000000000000 ) ;
#2657 = LINE ( 'NONE', #4174, #614 ) ;
#2658 = LINE ( 'NONE', #7637, #4948 ) ;
#2659 = EDGE_CURVE ( 'NONE', #3422, #6796, #8305, .T. ) ;
#2660 = EDGE_CURVE ( 'NONE', #5765, #3642, #7474, .T. ) ;
#2661 = CARTESIAN_POINT ( 'NONE',  ( 0.000000000000000000, 0.000000000000000000, 0.000000000000000000 ) ) ;
#2662 = PLANE ( 'NONE',  #7098 ) ;
#2663 = ORIENTED_EDGE ( 'NONE', *, *, #891, .T. ) ;
#2664 = EDGE_LOOP ( 'NONE', ( #7458, #6307, #5443, #6920 ) ) ;
#2665 = LINE ( 'NONE', #4131, #8700 ) ;
#2666 = AXIS2_PLACEMENT_3D ( 'NONE', #8373, #1143, #8239 ) ;
#2667 = DIRECTION ( 'NONE',  ( 1.000000000000000000, 0.000000000000000000, 1.931541112668179645E-15 ) ) ;
#2668 = SURFACE_STYLE_USAGE ( .BOTH. , #4779 ) ;
#2669 = DIRECTION ( 'NONE',  ( 0.000000000000000000, 0.000000000000000000, -1.000000000000000000 ) ) ;
#2671 = VECTOR ( 'NONE', #1446, 1000.000000000000000 ) ;
#2670 = CARTESIAN_POINT ( 'NONE',  ( 4.500000000000002665, -5.150515463917521686, -4.299999999999999822 ) ) ;
#2672 = EDGE_CURVE ( 'NONE', #3053, #1259, #512, .T. ) ;
#2673 = CIRCLE ( 'NONE', #4578, 0.4000000000000001887 ) ;
#2674 = VERTEX_POINT ( 'NONE', #6970 ) ;
#2675 = CARTESIAN_POINT ( 'NONE',  ( 0.000000000000000000, -6.700000000000000178, 1.100000000000000089 ) ) ;
#2676 = LINE ( 'NONE', #7511, #6350 ) ;
#2677 = ORIENTED_EDGE ( 'NONE', *, *, #916, .F. ) ;
#2678 = VECTOR ( 'NONE', #2099, 1000.000000000000000 ) ;
#2679 = EDGE_LOOP ( 'NONE', ( #1690, #7468, #3503, #4290 ) ) ;
#2680 = VECTOR ( 'NONE', #7751, 1000.000000000000000 ) ;
#2681 = PLANE ( 'NONE',  #7799 ) ;
#2682 = CARTESIAN_POINT ( 'NONE',  ( 0.000000000000000000, 11.70000000000000462, -2.404700010220583106 ) ) ;
#2683 = DIRECTION ( 'NONE',  ( 1.232047923278982446E-16, 0.000000000000000000, -1.000000000000000000 ) ) ;
#2684 = AXIS2_PLACEMENT_3D ( 'NONE', #7901, #4982, #2923 ) ;
#2685 = ORIENTED_EDGE ( 'NONE', *, *, #1756, .T. ) ;
#2686 = ORIENTED_EDGE ( 'NONE', *, *, #4296, .T. ) ;
#2687 = ORIENTED_EDGE ( 'NONE', *, *, #6500, .F. ) ;
#2688 = ORIENTED_EDGE ( 'NONE', *, *, #1819, .F. ) ;
#2689 = LINE ( 'NONE', #3474, #1686 ) ;
#2690 = VECTOR ( 'NONE', #548, 1000.000000000000000 ) ;
#2691 = VECTOR ( 'NONE', #4660, 1000.000000000000000 ) ;
#2692 = LINE ( 'NONE', #6976, #6306 ) ;
#2693 = LINE ( 'NONE', #4709, #8721 ) ;
#2694 = FACE_BOUND ( 'NONE', #1141, .T. ) ;
#2695 = DIRECTION ( 'NONE',  ( 0.000000000000000000, 0.000000000000000000, -1.000000000000000000 ) ) ;
#2696 = ORIENTED_EDGE ( 'NONE', *, *, #2486, .T. ) ;
#2697 = AXIS2_PLACEMENT_3D ( 'NONE', #4294, #1486, #794 ) ;
#2698 = VECTOR ( 'NONE', #2314, 1000.000000000000000 ) ;
#2699 = DIRECTION ( 'NONE',  ( 1.000000000000000000, 0.000000000000000000, 0.000000000000000000 ) ) ;
#2700 = EDGE_LOOP ( 'NONE', ( #5135, #5919, #4338, #5943, #1536 ) ) ;
#2701 = ADVANCED_FACE ( 'NONE', ( #8345 ), #6280, .F. ) ;
#2702 = CARTESIAN_POINT ( 'NONE',  ( -0.5000000000000027756, -0.05202383709185192523, 0.5000000000000000000 ) ) ;
#2703 = DIRECTION ( 'NONE',  ( 0.4226182617407076014, 0.000000000000000000, 0.9063077870366461619 ) ) ;
#2704 = AXIS2_PLACEMENT_3D ( 'NONE', #400, #5388, #8938 ) ;
#2705 = PLANE ( 'NONE',  #3990 ) ;
#2706 = DIRECTION ( 'NONE',  ( 1.000000000000000000, 0.000000000000000000, 0.000000000000000000 ) ) ;
#2707 = CARTESIAN_POINT ( 'NONE',  ( 4.500000000000002665, -2.550515463917521597, -5.800000000000000711 ) ) ;
#2708 = ORIENTED_EDGE ( 'NONE', *, *, #526, .F. ) ;
#2709 = EDGE_LOOP ( 'NONE', ( #7836, #5184, #2309, #4349, #5545, #5748, #1288, #5474, #8640, #7648 ) ) ;
#2710 = CARTESIAN_POINT ( 'NONE',  ( -4.499999999999991118, 2.849484536082479647, -4.300000000000008704 ) ) ;
#2711 = VECTOR ( 'NONE', #1725, 1000.000000000000000 ) ;
#2712 = EDGE_CURVE ( 'NONE', #1884, #558, #4891, .T. ) ;
#2713 = DIRECTION ( 'NONE',  ( 0.4226182617407000519, 0.000000000000000000, 0.9063077870366496036 ) ) ;
#2714 = LINE ( 'NONE', #6263, #5957 ) ;
#2715 = FACE_OUTER_BOUND ( 'NONE', #9128, .T. ) ;
#2716 = CARTESIAN_POINT ( 'NONE',  ( 0.7500000000000001110, -6.400000000000000355, 1.000000000000000000 ) ) ;
#2717 = AXIS2_PLACEMENT_3D ( 'NONE', #7103, #786, #3599 ) ;
#2718 = AXIS2_PLACEMENT_3D ( 'NONE', #535, #6195, #7589 ) ;
#2719 = DIRECTION ( 'NONE',  ( -1.000000000000000000, 0.000000000000000000, 0.000000000000000000 ) ) ;
#2720 = ORIENTED_EDGE ( 'NONE', *, *, #1421, .T. ) ;
#2721 = DIRECTION ( 'NONE',  ( 0.000000000000000000, 0.000000000000000000, 1.000000000000000000 ) ) ;
#2722 = LINE ( 'NONE', #7092, #2225 ) ;
#2723 = ADVANCED_FACE ( 'NONE', ( #2732 ), #6917, .F. ) ;
#2724 = ORIENTED_EDGE ( 'NONE', *, *, #6368, .T. ) ;
#2725 = VECTOR ( 'NONE', #8477, 1000.000000000000000 ) ;
#2726 = VECTOR ( 'NONE', #2037, 1000.000000000000000 ) ;
#2727 = ADVANCED_FACE ( 'NONE', ( #5542 ), #3418, .T. ) ;
#2728 = EDGE_CURVE ( 'NONE', #6595, #2344, #5404, .T. ) ;
#2729 = EDGE_CURVE ( 'NONE', #7470, #4179, #8387, .T. ) ;
#2730 = DIRECTION ( 'NONE',  ( -0.4067366430758010964, 0.000000000000000000, 0.9135454576426004225 ) ) ;
#2731 = CARTESIAN_POINT ( 'NONE',  ( -4.900000000000001243, -2.450515463917521064, 0.4000000000000000222 ) ) ;
#2732 = FACE_OUTER_BOUND ( 'NONE', #2848, .T. ) ;
#2733 = DIRECTION ( 'NONE',  ( -1.000000000000000000, 2.168404344971008079E-15, 0.000000000000000000 ) ) ;
#2734 = VECTOR ( 'NONE', #6402, 1000.000000000000000 ) ;
#2735 = ORIENTED_EDGE ( 'NONE', *, *, #2549, .F. ) ;
#2736 = VERTEX_POINT ( 'NONE', #7614 ) ;
#2737 = ORIENTED_EDGE ( 'NONE', *, *, #4687, .F. ) ;
#2738 = CARTESIAN_POINT ( 'NONE',  ( 4.500000000000002665, 4.349484536082479202, -4.299999999999999822 ) ) ;
#2739 = CONICAL_SURFACE ( 'NONE', #7890, 0.5999999999062310962, 0.7853981633974482790 ) ;
#2740 = DIRECTION ( 'NONE',  ( 0.000000000000000000, 0.000000000000000000, -1.000000000000000000 ) ) ;
#2741 = LINE ( 'NONE', #1895, #5775 ) ;
#2742 = AXIS2_PLACEMENT_3D ( 'NONE', #386, #8824, #3165 ) ;
#2743 = DIRECTION ( 'NONE',  ( 0.000000000000000000, 1.000000000000000000, 0.000000000000000000 ) ) ;
#2744 = DIRECTION ( 'NONE',  ( 0.000000000000000000, 0.000000000000000000, 1.000000000000000000 ) ) ;
#2745 = ORIENTED_EDGE ( 'NONE', *, *, #6893, .F. ) ;
#2746 = VERTEX_POINT ( 'NONE', #2033 ) ;
#2747 = ORIENTED_EDGE ( 'NONE', *, *, #5378, .T. ) ;
#2748 = LINE ( 'NONE', #4167, #3546 ) ;
#2749 = EDGE_LOOP ( 'NONE', ( #3445, #5429, #4456, #1234 ) ) ;
#2750 = ORIENTED_EDGE ( 'NONE', *, *, #2813, .T. ) ;
#2751 = DIRECTION ( 'NONE',  ( 0.000000000000000000, 0.000000000000000000, 1.000000000000000000 ) ) ;
#2752 = CARTESIAN_POINT ( 'NONE',  ( 4.399999999999998579, 0.000000000000000000, 0.1000000000000000056 ) ) ;
#2753 = DIRECTION ( 'NONE',  ( 0.000000000000000000, 0.000000000000000000, 1.000000000000000000 ) ) ;
#2754 = DIRECTION ( 'NONE',  ( 0.000000000000000000, 0.000000000000000000, -1.000000000000000000 ) ) ;
#2755 = CARTESIAN_POINT ( 'NONE',  ( -1.479999999999999982, 11.70000000000000462, 0.8499999999999999778 ) ) ;
#2756 = VERTEX_POINT ( 'NONE', #1987 ) ;
#2757 = ORIENTED_EDGE ( 'NONE', *, *, #4359, .F. ) ;
#2758 = DIRECTION ( 'NONE',  ( 1.000000000000000000, 0.000000000000000000, 1.931541112668179645E-15 ) ) ;
#2759 = DIRECTION ( 'NONE',  ( 0.000000000000000000, 0.000000000000000000, 1.000000000000000000 ) ) ;
#2760 = PLANE ( 'NONE',  #8587 ) ;
#2761 = ADVANCED_FACE ( 'NONE', ( #5580 ), #465, .F. ) ;
#2762 = EDGE_LOOP ( 'NONE', ( #5850, #2455, #2986, #650 ) ) ;
#2763 = FACE_OUTER_BOUND ( 'NONE', #6774, .T. ) ;
#2764 = CARTESIAN_POINT ( 'NONE',  ( 3.499999999999998224, 0.4500000000000040079, 1.800000000000000488 ) ) ;
#2765 = ORIENTED_EDGE ( 'NONE', *, *, #8743, .F. ) ;
#2766 = VERTEX_POINT ( 'NONE', #1207 ) ;
#2767 = ORIENTED_EDGE ( 'NONE', *, *, #2174, .T. ) ;
#2768 = DIRECTION ( 'NONE',  ( 0.000000000000000000, 1.000000000000000000, 3.260780805318072864E-31 ) ) ;
#2769 = DIRECTION ( 'NONE',  ( 0.000000000000000000, 0.000000000000000000, -1.000000000000000000 ) ) ;
#2770 = ADVANCED_FACE ( 'NONE', ( #4015 ), #1296, .T. ) ;
#2771 = CARTESIAN_POINT ( 'NONE',  ( 4.500000000000002665, -3.540251991789402774E-17, 0.000000000000000000 ) ) ;
#2772 = DIRECTION ( 'NONE',  ( 0.001026138167772391039, 0.000000000000000000, 0.9999994735200917750 ) ) ;
#2773 = ADVANCED_FACE ( 'NONE', ( #6231 ), #1341, .F. ) ;
#2774 = EDGE_CURVE ( 'NONE', #5437, #1539, #4751, .T. ) ;
#2775 = ORIENTED_EDGE ( 'NONE', *, *, #1922, .T. ) ;
#2776 = CIRCLE ( 'NONE', #2784, 0.5000000000000000000 ) ;
#2777 = VERTEX_POINT ( 'NONE', #7016 ) ;
#2778 =( BOUNDED_CURVE ( )  B_SPLINE_CURVE ( 3, ( #7309, #3752, #6570, #3883 ),
 .UNSPECIFIED., .F., .T. ) 
 B_SPLINE_CURVE_WITH_KNOTS ( ( 4, 4 ),
 ( 1.570796326794898112, 4.712388980384689674 ),
 .UNSPECIFIED. ) 
 CURVE ( )  GEOMETRIC_REPRESENTATION_ITEM ( )  RATIONAL_B_SPLINE_CURVE ( ( 1.000000000000000000, 0.3333333333333339810, 0.3333333333333339810, 1.000000000000000000 ) ) 
 REPRESENTATION_ITEM ( '' )  );
#2779 = ORIENTED_EDGE ( 'NONE', *, *, #3511, .F. ) ;
#2780 = CARTESIAN_POINT ( 'NONE',  ( -4.899999999999987033, 0.4494845360824793468, -7.400000000000009237 ) ) ;
#2781 = DIRECTION ( 'NONE',  ( 2.491288438666616105E-16, 1.000000000000000000, 3.260780805318072864E-31 ) ) ;
#2782 = DIRECTION ( 'NONE',  ( 1.000000000000000000, 0.000000000000000000, 0.000000000000000000 ) ) ;
#2783 = CARTESIAN_POINT ( 'NONE',  ( 0.9827370646086341921, 8.900000000000000355, 3.150274251846084450 ) ) ;
#2784 = AXIS2_PLACEMENT_3D ( 'NONE', #6926, #6326, #5455 ) ;
#2785 = CARTESIAN_POINT ( 'NONE',  ( 3.649999999999998135, -3.750000000000000000, 5.599999999999999645 ) ) ;
#2786 = EDGE_LOOP ( 'NONE', ( #7151, #533, #8272, #4593 ) ) ;
#2787 = ORIENTED_EDGE ( 'NONE', *, *, #5330, .T. ) ;
#2788 = CARTESIAN_POINT ( 'NONE',  ( 0.000000000000000000, 0.000000000000000000, 0.1000000000000000056 ) ) ;
#2789 = EDGE_CURVE ( 'NONE', #2281, #8572, #4932, .T. ) ;
#2790 = ORIENTED_EDGE ( 'NONE', *, *, #3107, .T. ) ;
#2791 = AXIS2_PLACEMENT_3D ( 'NONE', #6558, #4556, #5947 ) ;
#2792 = LINE ( 'NONE', #8407, #6987 ) ;
#2793 = CARTESIAN_POINT ( 'NONE',  ( -3.400000000000003020, -0.05202383709185157135, 0.5000000000000000000 ) ) ;
#2794 = CARTESIAN_POINT ( 'NONE',  ( 4.500000000000001776, 1.349484536082478758, -0.5999999999999916511 ) ) ;
#2795 = CARTESIAN_POINT ( 'NONE',  ( 1.479999999999999982, 11.70000000000000462, 0.8499999999999999778 ) ) ;
#2796 = VECTOR ( 'NONE', #5013, 1000.000000000000000 ) ;
#2797 = PRODUCT_CONTEXT ( 'NONE', #6465, 'mechanical' ) ;
#2798 = PLANE ( 'NONE',  #7245 ) ;
#2799 = VERTEX_POINT ( 'NONE', #8486 ) ;
#2800 = ORIENTED_EDGE ( 'NONE', *, *, #4246, .F. ) ;
#2801 = CARTESIAN_POINT ( 'NONE',  ( 0.9999999999999997780, 3.804101966249687994, 2.500000000000000000 ) ) ;
#2802 = DIRECTION ( 'NONE',  ( -1.000000000000000000, 8.850629979473510942E-17, 0.000000000000000000 ) ) ;
#2803 = CARTESIAN_POINT ( 'NONE',  ( -4.400000000000002132, -2.700000000000001066, 0.1000000000000001305 ) ) ;
#2804 = DIRECTION ( 'NONE',  ( 0.000000000000000000, 0.000000000000000000, -1.000000000000000000 ) ) ;
#2805 = ORIENTED_EDGE ( 'NONE', *, *, #12, .F. ) ;
#2806 = DIRECTION ( 'NONE',  ( 0.000000000000000000, 1.000000000000000000, 0.000000000000000000 ) ) ;
#2807 = LINE ( 'NONE', #9123, #3112 ) ;
#2808 = VECTOR ( 'NONE', #777, 1000.000000000000000 ) ;
#2809 = ORIENTED_EDGE ( 'NONE', *, *, #2174, .F. ) ;
#2810 = DIRECTION ( 'NONE',  ( 0.000000000000000000, 1.000000000000000000, 0.000000000000000000 ) ) ;
#2811 = ORIENTED_EDGE ( 'NONE', *, *, #1470, .T. ) ;
#2812 = VERTEX_POINT ( 'NONE', #5675 ) ;
#2813 = EDGE_CURVE ( 'NONE', #9047, #8389, #2868, .T. ) ;
#2814 = VECTOR ( 'NONE', #2514, 1000.000000000000000 ) ;
#2815 = LINE ( 'NONE', #4376, #3815 ) ;
#2816 = LINE ( 'NONE', #654, #5050 ) ;
#2817 = CARTESIAN_POINT ( 'NONE',  ( 4.900000000000000355, 1.949484536082478625, -5.900000000000000355 ) ) ;
#2818 = DIRECTION ( 'NONE',  ( -1.000000000000000000, 0.000000000000000000, 0.000000000000000000 ) ) ;
#2819 = ORIENTED_EDGE ( 'NONE', *, *, #6227, .F. ) ;
#2820 = VECTOR ( 'NONE', #3489, 1000.000000000000000 ) ;
#2821 = ORIENTED_EDGE ( 'NONE', *, *, #1848, .T. ) ;
#2822 = EDGE_CURVE ( 'NONE', #5760, #3413, #7707, .T. ) ;
#2823 = SURFACE_STYLE_FILL_AREA ( #5 ) ;
#2824 = DIRECTION ( 'NONE',  ( 0.000000000000000000, 1.000000000000000000, 0.000000000000000000 ) ) ;
#2825 = CARTESIAN_POINT ( 'NONE',  ( -1.750000000000000222, -5.549999999999999822, -1.350000000000000089 ) ) ;
#2826 = FACE_OUTER_BOUND ( 'NONE', #8837, .T. ) ;
#2827 = EDGE_CURVE ( 'NONE', #7746, #8309, #4006, .T. ) ;
#2828 = AXIS2_PLACEMENT_3D ( 'NONE', #3343, #6190, #8400 ) ;
#2829 = VECTOR ( 'NONE', #2936, 1000.000000000000000 ) ;
#2830 = CARTESIAN_POINT ( 'NONE',  ( -1.734723475976807094E-15, 0.4500000000000040079, 2.500000000000000000 ) ) ;
#2831 = EDGE_LOOP ( 'NONE', ( #2911, #2122, #8200, #570 ) ) ;
#2832 = ORIENTED_EDGE ( 'NONE', *, *, #2277, .T. ) ;
#2833 = CARTESIAN_POINT ( 'NONE',  ( -2.899999999999999911, -6.700000000000000178, -1.350000000000000089 ) ) ;
#2834 = VECTOR ( 'NONE', #3840, 1000.000000000000000 ) ;
#2835 = EDGE_LOOP ( 'NONE', ( #4086, #8371, #7005, #7197, #6687 ) ) ;
#2836 = EDGE_CURVE ( 'NONE', #8364, #2489, #9018, .T. ) ;
#2837 = FACE_BOUND ( 'NONE', #1890, .T. ) ;
#2838 = CARTESIAN_POINT ( 'NONE',  ( 4.500000000000002665, 0.000000000000000000, 0.000000000000000000 ) ) ;
#2839 = ADVANCED_FACE ( 'NONE', ( #7797 ), #3598, .F. ) ;
#2840 = EDGE_CURVE ( 'NONE', #186, #5298, #924, .T. ) ;
#2841 = EDGE_CURVE ( 'NONE', #2400, #7699, #51, .T. ) ;
#2842 = DIRECTION ( 'NONE',  ( 1.000000000000000000, -2.491288438666622515E-16, 8.643393079969182961E-32 ) ) ;
#2843 = CIRCLE ( 'NONE', #7989, 0.5000000000000000000 ) ;
#2845 = AXIS2_PLACEMENT_3D ( 'NONE', #2817, #6363, #7053 ) ;
#2844 =( LENGTH_UNIT ( ) NAMED_UNIT ( * ) SI_UNIT ( .MILLI., .METRE. ) );
#2846 = DIRECTION ( 'NONE',  ( 0.000000000000000000, 0.000000000000000000, 1.000000000000000000 ) ) ;
#2847 = DIRECTION ( 'NONE',  ( 8.850629979473506011E-17, 1.000000000000000000, 0.000000000000000000 ) ) ;
#2848 = EDGE_LOOP ( 'NONE', ( #2632, #3867, #1721, #6740, #5975, #1257, #1220, #2677 ) ) ;
#2849 = ORIENTED_EDGE ( 'NONE', *, *, #5025, .F. ) ;
#2850 = DIRECTION ( 'NONE',  ( 0.000000000000000000, 0.000000000000000000, 1.000000000000000000 ) ) ;
#2851 = CARTESIAN_POINT ( 'NONE',  ( -4.499999999999989342, 1.949484536082479957, -5.900000000000009237 ) ) ;
#2852 = AXIS2_PLACEMENT_3D ( 'NONE', #8941, #8982, #1739 ) ;
#2853 = CARTESIAN_POINT ( 'NONE',  ( 3.250000000000000888, -6.400000000000000355, 1.000000000000000000 ) ) ;
#2854 = ORIENTED_EDGE ( 'NONE', *, *, #1920, .F. ) ;
#2855 = DIRECTION ( 'NONE',  ( -1.931541112668179251E-15, 0.000000000000000000, 1.000000000000000000 ) ) ;
#2856 = AXIS2_PLACEMENT_3D ( 'NONE', #8884, #8198, #1179 ) ;
#2857 = ORIENTED_EDGE ( 'NONE', *, *, #4677, .T. ) ;
#2858 = DIRECTION ( 'NONE',  ( 0.000000000000000000, 1.000000000000000000, 0.000000000000000000 ) ) ;
#2859 = DIRECTION ( 'NONE',  ( -0.000000000000000000, -1.000000000000000000, -0.000000000000000000 ) ) ;
#2860 = AXIS2_PLACEMENT_3D ( 'NONE', #8502, #8333, #7600 ) ;
#2861 = ORIENTED_EDGE ( 'NONE', *, *, #5202, .F. ) ;
#2862 = LINE ( 'NONE', #5668, #4132 ) ;
#2863 = ORIENTED_EDGE ( 'NONE', *, *, #9032, .F. ) ;
#2864 = ORIENTED_EDGE ( 'NONE', *, *, #7613, .T. ) ;
#2865 = VECTOR ( 'NONE', #5610, 1000.000000000000000 ) ;
#2866 = DIRECTION ( 'NONE',  ( 0.000000000000000000, 0.000000000000000000, -1.000000000000000000 ) ) ;
#2867 = DIRECTION ( 'NONE',  ( 1.000000000000000000, 0.000000000000000000, 0.000000000000000000 ) ) ;
#2868 = LINE ( 'NONE', #6318, #187 ) ;
#2869 = PLANE ( 'NONE',  #5088 ) ;
#2870 = ORIENTED_EDGE ( 'NONE', *, *, #3452, .T. ) ;
#2871 =( GEOMETRIC_REPRESENTATION_CONTEXT ( 3 ) GLOBAL_UNCERTAINTY_ASSIGNED_CONTEXT ( ( #1768 ) ) GLOBAL_UNIT_ASSIGNED_CONTEXT ( ( #5054, #6623, #5794 ) ) REPRESENTATION_CONTEXT ( 'NONE', 'WORKASPACE' ) );
#2872 = AXIS2_PLACEMENT_3D ( 'NONE', #4067, #4109, #9097 ) ;
#2873 = VERTEX_POINT ( 'NONE', #7102 ) ;
#2874 = ORIENTED_EDGE ( 'NONE', *, *, #1583, .T. ) ;
#2875 = DIRECTION ( 'NONE',  ( 8.850629979473506011E-17, 1.000000000000000000, 0.000000000000000000 ) ) ;
#2876 = CARTESIAN_POINT ( 'NONE',  ( -4.500000000000002665, 1.449484536082479957, -8.691935007006808402E-15 ) ) ;
#2877 = CARTESIAN_POINT ( 'NONE',  ( -2.350000000000001865, 4.650000000000003908, 5.000000000000000000 ) ) ;
#2878 = VECTOR ( 'NONE', #4691, 1000.000000000000000 ) ;
#2879 = CIRCLE ( 'NONE', #8463, 0.7999999999999999334 ) ;
#2880 = CARTESIAN_POINT ( 'NONE',  ( 3.000000000000000000, -4.750515463917523107, 0.000000000000000000 ) ) ;
#2881 = ADVANCED_FACE ( 'NONE', ( #5625 ), #8438, .F. ) ;
#2882 = EDGE_LOOP ( 'NONE', ( #6550, #236, #3842, #5007 ) ) ;
#2883 = DIRECTION ( 'NONE',  ( 0.000000000000000000, 0.000000000000000000, 1.000000000000000000 ) ) ;
#2884 = EDGE_LOOP ( 'NONE', ( #3506, #4079, #4040, #1666, #6358, #5653, #5017, #690 ) ) ;
#2885 = CARTESIAN_POINT ( 'NONE',  ( 3.599999999999999645, -5.149999999999998579, 5.000000000000000000 ) ) ;
#2886 = CARTESIAN_POINT ( 'NONE',  ( 0.4999999999999987232, 0.9500000000000040634, 0.5000000000000000000 ) ) ;
#2887 = CARTESIAN_POINT ( 'NONE',  ( -4.836441345419223659, 0.03527097370938428456, -10.20000000000000995 ) ) ;
#2888 = DIRECTION ( 'NONE',  ( 0.000000000000000000, 0.000000000000000000, 1.000000000000000000 ) ) ;
#2889 = LINE ( 'NONE', #7772, #3844 ) ;
#2890 = AXIS2_PLACEMENT_3D ( 'NONE', #1319, #5466, #3527 ) ;
#2891 = CARTESIAN_POINT ( 'NONE',  ( -4.500000000000003553, 0.000000000000000000, 0.4000000000000000222 ) ) ;
#2892 = ADVANCED_FACE ( 'NONE', ( #3206 ), #6703, .F. ) ;
#2893 = CARTESIAN_POINT ( 'NONE',  ( 3.399999999999998579, -2.050000000000001155, 0.5000000000000000000 ) ) ;
#2894 = ADVANCED_FACE ( 'NONE', ( #5270 ), #7393, .T. ) ;
#2895 = EDGE_CURVE ( 'NONE', #6513, #2970, #1123, .T. ) ;
#2896 = ORIENTED_EDGE ( 'NONE', *, *, #1012, .F. ) ;
#2897 = VERTEX_POINT ( 'NONE', #3933 ) ;
#2898 = DIRECTION ( 'NONE',  ( -1.000000000000000000, 0.000000000000000000, 0.000000000000000000 ) ) ;
#2899 = EDGE_CURVE ( 'NONE', #3645, #7928, #6572, .T. ) ;
#2900 = FACE_OUTER_BOUND ( 'NONE', #2422, .T. ) ;
#2901 = DIRECTION ( 'NONE',  ( -1.606225440719265627E-16, -1.000000000000000000, -3.102490474962827050E-31 ) ) ;
#2902 = ORIENTED_EDGE ( 'NONE', *, *, #6815, .T. ) ;
#2903 = CARTESIAN_POINT ( 'NONE',  ( 5.598656062889754814, 0.4494845360824785141, -8.565425263470256567 ) ) ;
#2904 = ADVANCED_FACE ( 'NONE', ( #254 ), #8871, .F. ) ;
#2905 = CARTESIAN_POINT ( 'NONE',  ( 4.500000000000002665, -3.540251991789402774E-17, -0.5999999999999916511 ) ) ;
#2906 = FACE_OUTER_BOUND ( 'NONE', #8216, .T. ) ;
#2907 = VERTEX_POINT ( 'NONE', #425 ) ;
#2908 = DIRECTION ( 'NONE',  ( 0.000000000000000000, 1.000000000000000000, 0.000000000000000000 ) ) ;
#2909 = FACE_OUTER_BOUND ( 'NONE', #7547, .T. ) ;
#2910 = EDGE_CURVE ( 'NONE', #6481, #5460, #4573, .T. ) ;
#2911 = ORIENTED_EDGE ( 'NONE', *, *, #4387, .F. ) ;
#2912 = DIRECTION ( 'NONE',  ( -1.000000000000000000, -0.000000000000000000, -0.000000000000000000 ) ) ;
#2913 = CARTESIAN_POINT ( 'NONE',  ( -0.006290684479731949857, 10.20000000000000107, 0.008155582768842546681 ) ) ;
#2914 = LINE ( 'NONE', #4244, #7892 ) ;
#2915 = EDGE_LOOP ( 'NONE', ( #8751, #4195, #363, #5232 ) ) ;
#2916 = EDGE_LOOP ( 'NONE', ( #8260, #3819, #3713, #3941 ) ) ;
#2917 = ORIENTED_EDGE ( 'NONE', *, *, #1518, .T. ) ;
#2918 = EDGE_LOOP ( 'NONE', ( #4877, #8000 ) ) ;
#2919 = DIRECTION ( 'NONE',  ( 0.000000000000000000, 7.228014483236701486E-16, -1.000000000000000000 ) ) ;
#2920 = CARTESIAN_POINT ( 'NONE',  ( -2.899999999999999911, -6.700000000000000178, 0.000000000000000000 ) ) ;
#2921 = CARTESIAN_POINT ( 'NONE',  ( -4.500000000000002665, -2.450515463917520620, -0.5999999999999996447 ) ) ;
#2922 = DIRECTION ( 'NONE',  ( 1.931541112668179251E-15, 0.000000000000000000, -1.000000000000000000 ) ) ;
#2923 = DIRECTION ( 'NONE',  ( 1.000000000000000000, 0.000000000000000000, 0.000000000000000000 ) ) ;
#2924 = ORIENTED_EDGE ( 'NONE', *, *, #5137, .F. ) ;
#2925 = CARTESIAN_POINT ( 'NONE',  ( 4.500000000000002665, 4.049484536082480268, -4.900000000000009237 ) ) ;
#2926 = ORIENTED_EDGE ( 'NONE', *, *, #4677, .F. ) ;
#2927 = PLANE ( 'NONE',  #8457 ) ;
#2928 = DIRECTION ( 'NONE',  ( -1.279449633548068658E-31, 1.445602896647339706E-15, 1.000000000000000000 ) ) ;
#2929 = DIRECTION ( 'NONE',  ( 0.000000000000000000, 0.000000000000000000, -1.000000000000000000 ) ) ;
#2930 = ADVANCED_FACE ( 'NONE', ( #1809 ), #8083, .T. ) ;
#2931 = CIRCLE ( 'NONE', #862, 0.4000000000000001887 ) ;
#2932 = VECTOR ( 'NONE', #3072, 1000.000000000000000 ) ;
#2933 = DIRECTION ( 'NONE',  ( -1.000000000000000000, 0.000000000000000000, 0.000000000000000000 ) ) ;
#2934 = CARTESIAN_POINT ( 'NONE',  ( 0.000000000000000000, 6.000000000000000000, 0.000000000000000000 ) ) ;
#2935 = FACE_OUTER_BOUND ( 'NONE', #8003, .T. ) ;
#2936 = DIRECTION ( 'NONE',  ( -0.000000000000000000, -1.000000000000000000, -0.000000000000000000 ) ) ;
#2937 = VECTOR ( 'NONE', #5767, 1000.000000000000000 ) ;
#2938 = EDGE_LOOP ( 'NONE', ( #6397, #826, #6182, #3800 ) ) ;
#2939 = CARTESIAN_POINT ( 'NONE',  ( 2.999999999999998224, -3.750000000000000000, 5.599999999999999645 ) ) ;
#2940 = CARTESIAN_POINT ( 'NONE',  ( -2.100000000000000089, -6.400000000000000355, 0.000000000000000000 ) ) ;
#2941 = EDGE_CURVE ( 'NONE', #6886, #8201, #1622, .T. ) ;
#2942 = EDGE_CURVE ( 'NONE', #4962, #8306, #8138, .T. ) ;
#2943 = AXIS2_PLACEMENT_3D ( 'NONE', #6454, #782, #138 ) ;
#2944 = ADVANCED_FACE ( 'NONE', ( #3068 ), #382, .F. ) ;
#2945 = ORIENTED_EDGE ( 'NONE', *, *, #6031, .F. ) ;
#2946 = DIRECTION ( 'NONE',  ( 0.000000000000000000, 0.000000000000000000, 1.000000000000000000 ) ) ;
#2947 = DIRECTION ( 'NONE',  ( 0.000000000000000000, 0.000000000000000000, -1.000000000000000000 ) ) ;
#2948 = PLANE ( 'NONE',  #2385 ) ;
#2949 = ORIENTED_EDGE ( 'NONE', *, *, #179, .T. ) ;
#2950 = DIRECTION ( 'NONE',  ( 0.000000000000000000, 1.000000000000000000, 0.000000000000000000 ) ) ;
#2951 = DIRECTION ( 'NONE',  ( 0.000000000000000000, 1.000000000000000000, 0.000000000000000000 ) ) ;
#2952 = ORIENTED_EDGE ( 'NONE', *, *, #5292, .T. ) ;
#2953 = EDGE_CURVE ( 'NONE', #5243, #844, #4596, .T. ) ;
#2954 = DIRECTION ( 'NONE',  ( 1.000000000000000000, 0.000000000000000000, 0.000000000000000000 ) ) ;
#2955 = CARTESIAN_POINT ( 'NONE',  ( 2.600000000000000533, 4.049484536082479380, -4.299999999999999822 ) ) ;
#2956 = ADVANCED_FACE ( 'NONE', ( #3885 ), #2416, .T. ) ;
#2957 = VECTOR ( 'NONE', #941, 1000.000000000000000 ) ;
#2958 = LINE ( 'NONE', #7658, #8626 ) ;
#2959 = EDGE_LOOP ( 'NONE', ( #4901, #8056 ) ) ;
#2960 = ORIENTED_EDGE ( 'NONE', *, *, #4558, .F. ) ;
#2961 = ORIENTED_EDGE ( 'NONE', *, *, #1613, .F. ) ;
#2962 = VECTOR ( 'NONE', #4275, 1000.000000000000000 ) ;
#2963 = DIRECTION ( 'NONE',  ( -1.000000000000000000, 0.000000000000000000, 0.000000000000000000 ) ) ;
#2964 = DIRECTION ( 'NONE',  ( 0.000000000000000000, -1.000000000000000000, 0.000000000000000000 ) ) ;
#2965 = DIRECTION ( 'NONE',  ( 0.000000000000000000, 0.000000000000000000, 1.000000000000000000 ) ) ;
#2966 = DIRECTION ( 'NONE',  ( 0.000000000000000000, 0.000000000000000000, 1.000000000000000000 ) ) ;
#2967 = LINE ( 'NONE', #2317, #2093 ) ;
#2968 = CIRCLE ( 'NONE', #4871, 0.8000000000000003775 ) ;
#2969 = VECTOR ( 'NONE', #7607, 1000.000000000000000 ) ;
#2970 = VERTEX_POINT ( 'NONE', #5174 ) ;
#2971 = ORIENTED_EDGE ( 'NONE', *, *, #2021, .F. ) ;
#2972 = DIRECTION ( 'NONE',  ( 0.000000000000000000, 0.000000000000000000, -1.000000000000000000 ) ) ;
#2973 = ORIENTED_EDGE ( 'NONE', *, *, #5479, .F. ) ;
#2974 = DIRECTION ( 'NONE',  ( 1.000000000000000000, 0.000000000000000000, 0.000000000000000000 ) ) ;
#2975 = AXIS2_PLACEMENT_3D ( 'NONE', #935, #2972, #1578 ) ;
#2976 = FACE_BOUND ( 'NONE', #5664, .T. ) ;
#2977 = FACE_OUTER_BOUND ( 'NONE', #6269, .T. ) ;
#2978 = VECTOR ( 'NONE', #1729, 1000.000000000000000 ) ;
#2979 = DIRECTION ( 'NONE',  ( -1.000000000000000000, 0.000000000000000000, 0.000000000000000000 ) ) ;
#2980 = CARTESIAN_POINT ( 'NONE',  ( 4.900000000000001243, -2.450515463917521064, 0.000000000000000000 ) ) ;
#2981 = CARTESIAN_POINT ( 'NONE',  ( -4.899999999999987921, -1.550515463917520709, -7.400000000000009237 ) ) ;
#2982 = DIRECTION ( 'NONE',  ( 1.000000000000000000, 1.971276677246371519E-16, 0.000000000000000000 ) ) ;
#2983 = AXIS2_PLACEMENT_3D ( 'NONE', #8539, #6511, #3016 ) ;
#2984 = EDGE_CURVE ( 'NONE', #456, #5046, #7261, .T. ) ;
#2985 = VERTEX_POINT ( 'NONE', #5870 ) ;
#2986 = ORIENTED_EDGE ( 'NONE', *, *, #7955, .F. ) ;
#2987 = CARTESIAN_POINT ( 'NONE',  ( -4.100000000000001421, 0.4500000000000045075, 5.000000000000000000 ) ) ;
#2988 = CARTESIAN_POINT ( 'NONE',  ( 4.500000000000002665, 1.449484536082478625, -5.800000000000000711 ) ) ;
#2989 = PLANE ( 'NONE',  #229 ) ;
#2990 = AXIS2_PLACEMENT_3D ( 'NONE', #77, #2175, #1434 ) ;
#2991 = LINE ( 'NONE', #7227, #488 ) ;
#2992 = CARTESIAN_POINT ( 'NONE',  ( 0.5000000000000002220, 11.70000000000000462, 2.299999999999999822 ) ) ;
#2993 = CARTESIAN_POINT ( 'NONE',  ( 4.500000000000003553, -5.150515463917521686, -4.900000000000009237 ) ) ;
#2994 = ADVANCED_FACE ( 'NONE', ( #8685 ), #7995, .T. ) ;
#2995 = VECTOR ( 'NONE', #3081, 1000.000000000000000 ) ;
#2996 = ORIENTED_EDGE ( 'NONE', *, *, #8904, .F. ) ;
#2997 = CARTESIAN_POINT ( 'NONE',  ( 4.500000000000001776, -5.450515463917523284, 0.4000000000000086819 ) ) ;
#2998 = VECTOR ( 'NONE', #8114, 1000.000000000000000 ) ;
#2999 = DIRECTION ( 'NONE',  ( 1.000000000000000000, 0.000000000000000000, 0.000000000000000000 ) ) ;
#3000 = VERTEX_POINT ( 'NONE', #4488 ) ;
#3001 = CARTESIAN_POINT ( 'NONE',  ( 0.000000000000000000, 13.00000000000000355, -0.6000000000000001998 ) ) ;
#3002 = DIRECTION ( 'NONE',  ( -0.000000000000000000, -0.000000000000000000, -1.000000000000000000 ) ) ;
#3003 = CIRCLE ( 'NONE', #4172, 0.6750000000000002665 ) ;
#3004 = FACE_OUTER_BOUND ( 'NONE', #4299, .T. ) ;
#3005 = ORIENTED_EDGE ( 'NONE', *, *, #795, .F. ) ;
#3006 = EDGE_CURVE ( 'NONE', #6849, #4763, #7311, .T. ) ;
#3007 = EDGE_CURVE ( 'NONE', #5298, #7786, #8919, .T. ) ;
#3008 = ORIENTED_EDGE ( 'NONE', *, *, #5805, .F. ) ;
#3009 = EDGE_CURVE ( 'NONE', #7862, #6733, #5412, .T. ) ;
#3010 = EDGE_CURVE ( 'NONE', #4714, #6469, #8222, .T. ) ;
#3011 = VECTOR ( 'NONE', #7549, 1000.000000000000000 ) ;
#3012 = DIRECTION ( 'NONE',  ( 0.000000000000000000, 0.000000000000000000, -1.000000000000000000 ) ) ;
#3013 = DIRECTION ( 'NONE',  ( 0.5147285590694852253, 0.000000000000000000, 0.8573532005412071166 ) ) ;
#3014 = CARTESIAN_POINT ( 'NONE',  ( 0.000000000000000000, 3.600000000000004086, 0.000000000000000000 ) ) ;
#3015 = DIRECTION ( 'NONE',  ( 0.000000000000000000, 0.000000000000000000, 1.000000000000000000 ) ) ;
#3016 = DIRECTION ( 'NONE',  ( -1.000000000000000000, 0.000000000000000000, 0.000000000000000000 ) ) ;
#3017 = VECTOR ( 'NONE', #7196, 1000.000000000000000 ) ;
#3018 = AXIS2_PLACEMENT_3D ( 'NONE', #7908, #6519, #2324 ) ;
#3019 = EDGE_CURVE ( 'NONE', #2128, #3921, #2039, .T. ) ;
#3020 = VERTEX_POINT ( 'NONE', #3429 ) ;
#3021 = EDGE_LOOP ( 'NONE', ( #1676, #5180, #2633, #2319 ) ) ;
#3022 = DIRECTION ( 'NONE',  ( 0.000000000000000000, -1.000000000000000000, 0.000000000000000000 ) ) ;
#3023 = ORIENTED_EDGE ( 'NONE', *, *, #6160, .T. ) ;
#3024 = ORIENTED_EDGE ( 'NONE', *, *, #1642, .F. ) ;
#3025 = DIRECTION ( 'NONE',  ( -1.000000000000000000, 0.000000000000000000, 0.000000000000000000 ) ) ;
#3026 = CIRCLE ( 'NONE', #5519, 0.4000000000000001887 ) ;
#3027 = PLANE ( 'NONE',  #5086 ) ;
#3028 = CARTESIAN_POINT ( 'NONE',  ( 0.000000000000000000, 8.500000000000000000, 0.000000000000000000 ) ) ;
#3029 = CARTESIAN_POINT ( 'NONE',  ( 3.675000000000000266, -4.750515463917523107, 0.000000000000000000 ) ) ;
#3030 = SURFACE_STYLE_USAGE ( .BOTH. , #6435 ) ;
#3031 = DIRECTION ( 'NONE',  ( 0.000000000000000000, 1.000000000000000000, 0.000000000000000000 ) ) ;
#3032 = ORIENTED_EDGE ( 'NONE', *, *, #5763, .F. ) ;
#3033 = CARTESIAN_POINT ( 'NONE',  ( 0.0008203932499369634770, 11.70000000000000462, 4.781147327278692800E-17 ) ) ;
#3034 = AXIS2_PLACEMENT_3D ( 'NONE', #6999, #6903, #588 ) ;
#3035 = ORIENTED_EDGE ( 'NONE', *, *, #1641, .T. ) ;
#3036 = DIRECTION ( 'NONE',  ( -1.000000000000000000, 0.000000000000000000, 0.000000000000000000 ) ) ;
#3037 = ORIENTED_EDGE ( 'NONE', *, *, #3058, .T. ) ;
#3038 = DIRECTION ( 'NONE',  ( 0.000000000000000000, 0.000000000000000000, -1.000000000000000000 ) ) ;
#3039 = AXIS2_PLACEMENT_3D ( 'NONE', #3307, #302, #8742 ) ;
#3040 = AXIS2_PLACEMENT_3D ( 'NONE', #6593, #2446, #3686 ) ;
#3041 = DIRECTION ( 'NONE',  ( -8.850629979473506011E-17, -1.000000000000000000, -0.000000000000000000 ) ) ;
#3042 = CARTESIAN_POINT ( 'NONE',  ( -4.899999999999987033, 0.4494845360824792913, -7.400446128206087160 ) ) ;
#3043 = CARTESIAN_POINT ( 'NONE',  ( -4.400000000000002132, -2.700000000000001066, 0.1000000000000000056 ) ) ;
#3044 = ORIENTED_EDGE ( 'NONE', *, *, #4005, .T. ) ;
#3045 = DIRECTION ( 'NONE',  ( -1.931541112668179251E-15, 0.000000000000000000, 1.000000000000000000 ) ) ;
#3046 = PLANE ( 'NONE',  #8725 ) ;
#3047 = ORIENTED_EDGE ( 'NONE', *, *, #5290, .F. ) ;
#3048 = PLANE ( 'NONE',  #5143 ) ;
#3049 = DIRECTION ( 'NONE',  ( 8.850629979473506011E-17, 1.000000000000000000, 3.260780805318072864E-31 ) ) ;
#3050 = EDGE_CURVE ( 'NONE', #5998, #4166, #2741, .T. ) ;
#3051 = DIRECTION ( 'NONE',  ( 0.000000000000000000, 1.000000000000000000, 0.000000000000000000 ) ) ;
#3052 = EDGE_LOOP ( 'NONE', ( #8514, #9052, #8793, #843, #8479, #3829 ) ) ;
#3053 = VERTEX_POINT ( 'NONE', #7481 ) ;
#3054 = DIRECTION ( 'NONE',  ( -1.000000000000000000, 2.168404344971008868E-15, 0.000000000000000000 ) ) ;
#3055 = DIRECTION ( 'NONE',  ( 0.000000000000000000, 0.000000000000000000, 1.000000000000000000 ) ) ;
#3056 = EDGE_CURVE ( 'NONE', #2002, #282, #2693, .T. ) ;
#3057 = CYLINDRICAL_SURFACE ( 'NONE', #4156, 0.4000000000000001887 ) ;
#3058 = EDGE_CURVE ( 'NONE', #274, #4737, #6240, .T. ) ;
#3059 = CARTESIAN_POINT ( 'NONE',  ( -4.500000000000001776, 1.349484536082479647, -0.5999999999999999778 ) ) ;
#3060 = ADVANCED_FACE ( 'NONE', ( #663 ), #7528, .F. ) ;
#3061 = ORIENTED_EDGE ( 'NONE', *, *, #8798, .T. ) ;
#3062 = ORIENTED_EDGE ( 'NONE', *, *, #7832, .T. ) ;
#3063 = LINE ( 'NONE', #5774, #5755 ) ;
#3064 = VERTEX_POINT ( 'NONE', #6095 ) ;
#3065 = EDGE_LOOP ( 'NONE', ( #5068, #8078, #6708, #4065 ) ) ;
#3066 = CARTESIAN_POINT ( 'NONE',  ( 1.000000000000000000, 4.426179070414211658, 2.500000000000000000 ) ) ;
#3067 = FACE_BOUND ( 'NONE', #2700, .T. ) ;
#3068 = FACE_OUTER_BOUND ( 'NONE', #3334, .T. ) ;
#3069 = EDGE_CURVE ( 'NONE', #2026, #8218, #5364, .T. ) ;
#3070 = LINE ( 'NONE', #5873, #1766 ) ;
#3071 = CARTESIAN_POINT ( 'NONE',  ( -4.400000000000002132, -5.150000000000000355, 0.000000000000000000 ) ) ;
#3072 = DIRECTION ( 'NONE',  ( 0.000000000000000000, 0.000000000000000000, 1.000000000000000000 ) ) ;
#3073 = ORIENTED_EDGE ( 'NONE', *, *, #9088, .T. ) ;
#3074 = EDGE_CURVE ( 'NONE', #1427, #122, #4025, .T. ) ;
#3075 = LINE ( 'NONE', #4493, #4879 ) ;
#3076 = PLANE ( 'NONE',  #8257 ) ;
#3077 = VERTEX_POINT ( 'NONE', #1263 ) ;
#3078 = DIRECTION ( 'NONE',  ( -1.000000000000000000, 0.000000000000000000, 0.000000000000000000 ) ) ;
#3079 = CARTESIAN_POINT ( 'NONE',  ( 4.500000000000002665, 2.849484536082478758, -4.299999999999999822 ) ) ;
#3080 = EDGE_CURVE ( 'NONE', #1437, #5230, #5456, .T. ) ;
#3081 = DIRECTION ( 'NONE',  ( 8.850629979473506011E-17, 1.000000000000000000, 0.000000000000000000 ) ) ;
#3082 = AXIS2_PLACEMENT_3D ( 'NONE', #3605, #5027, #3013 ) ;
#3083 = DIRECTION ( 'NONE',  ( 1.000000000000000000, 0.000000000000000000, 0.000000000000000000 ) ) ;
#3084 = CIRCLE ( 'NONE', #7642, 0.6500000000000000222 ) ;
#3085 = CARTESIAN_POINT ( 'NONE',  ( -4.499999999999989342, -3.050515463917520265, -5.900000000000009237 ) ) ;
#3086 = ORIENTED_EDGE ( 'NONE', *, *, #8464, .T. ) ;
#3087 = DIRECTION ( 'NONE',  ( 1.606225440719267599E-16, 1.000000000000000000, -1.018148511238954428E-16 ) ) ;
#3088 = FACE_OUTER_BOUND ( 'NONE', #622, .T. ) ;
#3089 = EDGE_LOOP ( 'NONE', ( #2170, #3279, #8936, #4702 ) ) ;
#3090 = VECTOR ( 'NONE', #4474, 1000.000000000000000 ) ;
#3091 = PLANE ( 'NONE',  #6022 ) ;
#3092 = DIRECTION ( 'NONE',  ( 1.000000000000000000, 0.000000000000000000, 0.000000000000000000 ) ) ;
#3093 = ORIENTED_EDGE ( 'NONE', *, *, #5415, .T. ) ;
#3094 = VECTOR ( 'NONE', #4439, 1000.000000000000000 ) ;
#3095 = EDGE_CURVE ( 'NONE', #4029, #982, #3340, .T. ) ;
#3096 = ORIENTED_EDGE ( 'NONE', *, *, #5983, .T. ) ;
#3097 = CARTESIAN_POINT ( 'NONE',  ( 2.999999999999998224, -3.750000000000000000, 5.599999999999999645 ) ) ;
#3098 = CARTESIAN_POINT ( 'NONE',  ( 2.600000000000001421, -5.150515463917519909, -5.300000000000009592 ) ) ;
#3099 = CYLINDRICAL_SURFACE ( 'NONE', #6514, 1.000000000000000444 ) ;
#3100 = CARTESIAN_POINT ( 'NONE',  ( 2.349999999999998312, -3.750000000000000000, 5.599999999999999645 ) ) ;
#3101 = ORIENTED_EDGE ( 'NONE', *, *, #7955, .T. ) ;
#3102 = EDGE_CURVE ( 'NONE', #9051, #7243, #4069, .T. ) ;
#3103 = VERTEX_POINT ( 'NONE', #6927 ) ;
#3104 = ORIENTED_EDGE ( 'NONE', *, *, #276, .F. ) ;
#3105 = ORIENTED_EDGE ( 'NONE', *, *, #2328, .T. ) ;
#3106 = CYLINDRICAL_SURFACE ( 'NONE', #3311, 0.3500000000000000333 ) ;
#3107 = EDGE_CURVE ( 'NONE', #3567, #2736, #6658, .T. ) ;
#3108 = DIRECTION ( 'NONE',  ( -1.000000000000000000, 0.000000000000000000, 0.000000000000000000 ) ) ;
#3109 = DIRECTION ( 'NONE',  ( 1.000000000000000000, 1.334402673828313339E-16, 0.000000000000000000 ) ) ;
#3110 = CARTESIAN_POINT ( 'NONE',  ( 4.900000000000000355, 1.349484536082478536, -0.5999999999999907629 ) ) ;
#3111 = VECTOR ( 'NONE', #5557, 1000.000000000000000 ) ;
#3112 = VECTOR ( 'NONE', #1509, 1000.000000000000000 ) ;
#3113 = LINE ( 'NONE', #6655, #2834 ) ;
#3114 = CARTESIAN_POINT ( 'NONE',  ( 1.370000000000000107, 8.500000000000000000, 3.349876971653936941 ) ) ;
#3115 = VERTEX_POINT ( 'NONE', #1947 ) ;
#3116 = ADVANCED_FACE ( 'NONE', ( #4804 ), #7580, .F. ) ;
#3117 = CARTESIAN_POINT ( 'NONE',  ( 1.479999999999999982, 11.70000000000000462, 0.8499999999999999778 ) ) ;
#3118 = VECTOR ( 'NONE', #8505, 1000.000000000000000 ) ;
#3119 = EDGE_CURVE ( 'NONE', #8351, #5614, #8355, .T. ) ;
#3120 = ORIENTED_EDGE ( 'NONE', *, *, #1531, .F. ) ;
#3121 = VECTOR ( 'NONE', #2908, 1000.000000000000000 ) ;
#3122 = EDGE_CURVE ( 'NONE', #3892, #93, #4111, .T. ) ;
#3123 = LINE ( 'NONE', #434, #7718 ) ;
#3124 = EDGE_CURVE ( 'NONE', #2640, #141, #6286, .T. ) ;
#3125 = DIRECTION ( 'NONE',  ( -1.000000000000000000, 0.000000000000000000, 0.000000000000000000 ) ) ;
#3127 = AXIS2_PLACEMENT_3D ( 'NONE', #3382, #9006, #2695 ) ;
#3126 = DIRECTION ( 'NONE',  ( -0.000000000000000000, -0.000000000000000000, -1.000000000000000000 ) ) ;
#3128 = AXIS2_PLACEMENT_3D ( 'NONE', #6542, #4505, #8661 ) ;
#3129 =( NAMED_UNIT ( * ) PLANE_ANGLE_UNIT ( ) SI_UNIT ( $, .RADIAN. ) );
#3130 = CARTESIAN_POINT ( 'NONE',  ( 3.250000000000000888, -6.400000000000000355, -1.350000000000000089 ) ) ;
#3131 = ORIENTED_EDGE ( 'NONE', *, *, #4561, .T. ) ;
#3132 = ORIENTED_EDGE ( 'NONE', *, *, #83, .T. ) ;
#3133 = CARTESIAN_POINT ( 'NONE',  ( -4.499999999999987566, 2.849484536082479647, -4.900000000000009237 ) ) ;
#3134 = ORIENTED_EDGE ( 'NONE', *, *, #6930, .T. ) ;
#3135 = CARTESIAN_POINT ( 'NONE',  ( -0.6700000000000000400, 10.90000000000000036, 0.6000000000000000888 ) ) ;
#3136 = AXIS2_PLACEMENT_3D ( 'NONE', #1074, #290, #3796 ) ;
#3137 = VERTEX_POINT ( 'NONE', #2084 ) ;
#3138 = DIRECTION ( 'NONE',  ( 1.000000000000000000, 0.000000000000000000, 0.000000000000000000 ) ) ;
#3139 = VECTOR ( 'NONE', #4251, 1000.000000000000000 ) ;
#3140 = CARTESIAN_POINT ( 'NONE',  ( 0.000000000000000000, -5.950515463917519732, 0.4000000000000000222 ) ) ;
#3141 = ORIENTED_EDGE ( 'NONE', *, *, #243, .T. ) ;
#3142 = VECTOR ( 'NONE', #7298, 1000.000000000000000 ) ;
#3143 = ORIENTED_EDGE ( 'NONE', *, *, #196, .F. ) ;
#3144 = VERTEX_POINT ( 'NONE', #1485 ) ;
#3145 = CIRCLE ( 'NONE', #5931, 3.000000000000000444 ) ;
#3146 = AXIS2_PLACEMENT_3D ( 'NONE', #6521, #5526, #207 ) ;
#3147 = DIRECTION ( 'NONE',  ( 0.000000000000000000, 0.000000000000000000, 1.000000000000000000 ) ) ;
#3148 = CARTESIAN_POINT ( 'NONE',  ( -4.400000000000002132, -5.950000000000000178, 5.000000000000000000 ) ) ;
#3149 = CARTESIAN_POINT ( 'NONE',  ( -0.7500000000000000000, -6.400000000000000355, 1.000000000000000000 ) ) ;
#3150 = CARTESIAN_POINT ( 'NONE',  ( 4.900000000000000355, 4.349484536082479202, -4.299999999999999822 ) ) ;
#3151 = VERTEX_POINT ( 'NONE', #5587 ) ;
#3152 = CIRCLE ( 'NONE', #343, 0.5000000000000004441 ) ;
#3153 = VECTOR ( 'NONE', #1458, 1000.000000000000000 ) ;
#3154 = ORIENTED_EDGE ( 'NONE', *, *, #1479, .T. ) ;
#3155 = ORIENTED_EDGE ( 'NONE', *, *, #10, .F. ) ;
#3156 = EDGE_LOOP ( 'NONE', ( #2528, #8360, #4743, #6697, #3134, #3384, #7193 ) ) ;
#3157 = PLANE ( 'NONE',  #1395 ) ;
#3158 = LINE ( 'NONE', #5958, #372 ) ;
#3159 = DIRECTION ( 'NONE',  ( 0.000000000000000000, 0.000000000000000000, -1.000000000000000000 ) ) ;
#3160 = VECTOR ( 'NONE', #7249, 1000.000000000000000 ) ;
#3161 = CARTESIAN_POINT ( 'NONE',  ( 5.708436666169093954, -1.550515463917522041, -8.329999999999998295 ) ) ;
#3162 = VECTOR ( 'NONE', #1275, 1000.000000000000000 ) ;
#3163 = EDGE_CURVE ( 'NONE', #3928, #3422, #4893, .T. ) ;
#3164 = DIRECTION ( 'NONE',  ( 0.000000000000000000, 0.000000000000000000, -1.000000000000000000 ) ) ;
#3165 = DIRECTION ( 'NONE',  ( -1.000000000000000000, -8.850629979473506011E-17, 0.000000000000000000 ) ) ;
#3166 = ORIENTED_EDGE ( 'NONE', *, *, #176, .T. ) ;
#3167 = UNCERTAINTY_MEASURE_WITH_UNIT (LENGTH_MEASURE( 1.000000000000000082E-05 ), #8646, 'distance_accuracy_value', 'NONE');
#3168 = CARTESIAN_POINT ( 'NONE',  ( -4.499999999999986677, 4.049484536082480268, -4.900000000000009237 ) ) ;
#3169 = AXIS2_PLACEMENT_3D ( 'NONE', #4591, #3178, #395 ) ;
#3170 = VERTEX_POINT ( 'NONE', #5683 ) ;
#3171 = DIRECTION ( 'NONE',  ( -1.000000000000000000, 0.000000000000000000, 0.000000000000000000 ) ) ;
#3172 = PLANE ( 'NONE',  #3039 ) ;
#3173 = EDGE_CURVE ( 'NONE', #1212, #8530, #7551, .T. ) ;
#3174 = VECTOR ( 'NONE', #8287, 1000.000000000000114 ) ;
#3175 = DIRECTION ( 'NONE',  ( 0.000000000000000000, 1.000000000000000000, 0.000000000000000000 ) ) ;
#3176 = EDGE_CURVE ( 'NONE', #1745, #6193, #106, .T. ) ;
#3177 = ADVANCED_FACE ( 'NONE', ( #4384 ), #3558, .F. ) ;
#3178 = DIRECTION ( 'NONE',  ( 0.000000000000000000, 0.000000000000000000, 1.000000000000000000 ) ) ;
#3179 = CARTESIAN_POINT ( 'NONE',  ( -2.500000000000000000, 0.4000000000000000222, 1.300000000000000266 ) ) ;
#3180 = EDGE_LOOP ( 'NONE', ( #776, #6468, #4776, #5572, #4247 ) ) ;
#3181 = LINE ( 'NONE', #3811, #5892 ) ;
#3182 = ORIENTED_EDGE ( 'NONE', *, *, #5822, .T. ) ;
#3183 = DIRECTION ( 'NONE',  ( -1.931541112668179645E-15, 0.000000000000000000, 1.000000000000000000 ) ) ;
#3184 = AXIS2_PLACEMENT_3D ( 'NONE', #4572, #8180, #1122 ) ;
#3185 = CARTESIAN_POINT ( 'NONE',  ( -2.599999999999994316, -3.950515463917521508, -4.900000000000008349 ) ) ;
#3186 = PLANE ( 'NONE',  #3671 ) ;
#3187 = EDGE_CURVE ( 'NONE', #3144, #1120, #59, .T. ) ;
#3188 = DIRECTION ( 'NONE',  ( 0.000000000000000000, 0.000000000000000000, -1.000000000000000000 ) ) ;
#3189 = ORIENTED_EDGE ( 'NONE', *, *, #724, .F. ) ;
#3190 = DIRECTION ( 'NONE',  ( -1.000000000000000000, 0.000000000000000000, 0.000000000000000000 ) ) ;
#3191 = VERTEX_POINT ( 'NONE', #2221 ) ;
#3192 = PRODUCT_RELATED_PRODUCT_CATEGORY ( 'part', '', ( #1276 ) ) ;
#3193 = EDGE_LOOP ( 'NONE', ( #7419, #1281, #4953, #6449 ) ) ;
#3194 = ORIENTED_EDGE ( 'NONE', *, *, #7128, .T. ) ;
#3195 = ORIENTED_EDGE ( 'NONE', *, *, #5590, .T. ) ;
#3196 = DIRECTION ( 'NONE',  ( -0.000000000000000000, -0.000000000000000000, -1.000000000000000000 ) ) ;
#3197 = CARTESIAN_POINT ( 'NONE',  ( 3.399999999999999911, -0.5505154639175199316, 1.400000000000000577 ) ) ;
#3198 = PLANE ( 'NONE',  #2100 ) ;
#3199 = CARTESIAN_POINT ( 'NONE',  ( -3.400000000000001243, 0.9500000000000038414, 0.5000000000000000000 ) ) ;
#3200 = VERTEX_POINT ( 'NONE', #4293 ) ;
#3201 = VERTEX_POINT ( 'NONE', #7111 ) ;
#3202 = ORIENTED_EDGE ( 'NONE', *, *, #5308, .T. ) ;
#3203 = EDGE_LOOP ( 'NONE', ( #7356, #6817, #2861, #1804 ) ) ;
#3204 = DIRECTION ( 'NONE',  ( 0.000000000000000000, 0.000000000000000000, -1.000000000000000000 ) ) ;
#3205 = LINE ( 'NONE', #1716, #8771 ) ;
#3206 = FACE_OUTER_BOUND ( 'NONE', #3666, .T. ) ;
#3207 = DIRECTION ( 'NONE',  ( 0.000000000000000000, 0.000000000000000000, -1.000000000000000000 ) ) ;
#3208 = CARTESIAN_POINT ( 'NONE',  ( -3.250000000000000888, -5.549999999999999822, -6.159999999999998366 ) ) ;
#3209 = CARTESIAN_POINT ( 'NONE',  ( -1.249999999999999334, 8.500000000000000000, 3.152565349772896486 ) ) ;
#3210 = ORIENTED_EDGE ( 'NONE', *, *, #7832, .F. ) ;
#3211 = LINE ( 'NONE', #4404, #305 ) ;
#3212 = ORIENTED_EDGE ( 'NONE', *, *, #7184, .T. ) ;
#3213 = EDGE_CURVE ( 'NONE', #4763, #4391, #839, .T. ) ;
#3214 = DIRECTION ( 'NONE',  ( 0.000000000000000000, 0.000000000000000000, 1.000000000000000000 ) ) ;
#3215 = CARTESIAN_POINT ( 'NONE',  ( 1.750000000000000000, -5.549999999999998934, 1.000000000000000000 ) ) ;
#3216 = LINE ( 'NONE', #7494, #1966 ) ;
#3217 = DIRECTION ( 'NONE',  ( 0.000000000000000000, 0.000000000000000000, 1.000000000000000000 ) ) ;
#3218 = CARTESIAN_POINT ( 'NONE',  ( -4.500000000000002665, 1.349484536082479869, 0.4000000000000000222 ) ) ;
#3219 = VERTEX_POINT ( 'NONE', #1441 ) ;
#3220 = CARTESIAN_POINT ( 'NONE',  ( 0.4999999999999982792, 0.000000000000000000, 0.000000000000000000 ) ) ;
#3221 = EDGE_CURVE ( 'NONE', #3725, #6529, #8590, .T. ) ;
#3222 = LINE ( 'NONE', #6724, #5203 ) ;
#3223 = EDGE_CURVE ( 'NONE', #1701, #8924, #2271, .T. ) ;
#3224 = DIRECTION ( 'NONE',  ( 0.000000000000000000, 1.000000000000000000, 0.000000000000000000 ) ) ;
#3225 = EDGE_CURVE ( 'NONE', #7421, #1884, #4342, .T. ) ;
#3226 = DIRECTION ( 'NONE',  ( 1.084202172485504434E-16, 1.000000000000000000, 0.000000000000000000 ) ) ;
#3227 = LINE ( 'NONE', #2482, #2690 ) ;
#3228 = ORIENTED_EDGE ( 'NONE', *, *, #920, .F. ) ;
#3229 = DIRECTION ( 'NONE',  ( -1.000000000000000000, 0.000000000000000000, 0.000000000000000000 ) ) ;
#3230 = VERTEX_POINT ( 'NONE', #7202 ) ;
#3231 = EDGE_CURVE ( 'NONE', #1259, #5147, #5633, .T. ) ;
#3232 = ORIENTED_EDGE ( 'NONE', *, *, #2841, .T. ) ;
#3233 = ORIENTED_EDGE ( 'NONE', *, *, #5971, .F. ) ;
#3234 = EDGE_CURVE ( 'NONE', #315, #8013, #8437, .T. ) ;
#3235 = ORIENTED_EDGE ( 'NONE', *, *, #6165, .F. ) ;
#3236 = CARTESIAN_POINT ( 'NONE',  ( 4.500000000000002665, 4.349484536082479202, 0.000000000000000000 ) ) ;
#3237 = DIRECTION ( 'NONE',  ( 0.000000000000000000, 0.000000000000000000, 1.000000000000000000 ) ) ;
#3238 = DIRECTION ( 'NONE',  ( 0.000000000000000000, 0.000000000000000000, -1.000000000000000000 ) ) ;
#3239 = AXIS2_PLACEMENT_3D ( 'NONE', #7611, #4099, #6869 ) ;
#3240 = DIRECTION ( 'NONE',  ( -0.000000000000000000, -1.000000000000000000, -0.000000000000000000 ) ) ;
#3241 = ORIENTED_EDGE ( 'NONE', *, *, #1576, .F. ) ;
#3242 = VERTEX_POINT ( 'NONE', #7064 ) ;
#3243 = VERTEX_POINT ( 'NONE', #3648 ) ;
#3244 = ORIENTED_EDGE ( 'NONE', *, *, #83, .F. ) ;
#3245 = VECTOR ( 'NONE', #5833, 1000.000000000000000 ) ;
#3246 = CARTESIAN_POINT ( 'NONE',  ( 2.100000000000000089, -6.700000000000000178, 0.000000000000000000 ) ) ;
#3247 = DIRECTION ( 'NONE',  ( -1.000000000000000000, 0.000000000000000000, 0.000000000000000000 ) ) ;
#3248 = CARTESIAN_POINT ( 'NONE',  ( 0.000000000000000000, 8.900000000000000355, 0.000000000000000000 ) ) ;
#3249 = LINE ( 'NONE', #6746, #8248 ) ;
#3250 = CARTESIAN_POINT ( 'NONE',  ( 4.900000000000000355, -1.550515463917522041, -7.400446128206079166 ) ) ;
#3251 = DIRECTION ( 'NONE',  ( 8.850629979473506011E-17, 1.000000000000000000, 0.000000000000000000 ) ) ;
#3252 = VECTOR ( 'NONE', #1442, 1000.000000000000000 ) ;
#3253 = ORIENTED_EDGE ( 'NONE', *, *, #8288, .T. ) ;
#3254 = UNCERTAINTY_MEASURE_WITH_UNIT (LENGTH_MEASURE( 1.000000000000000082E-05 ), #7921, 'distance_accuracy_value', 'NONE');
#3255 = CARTESIAN_POINT ( 'NONE',  ( -1.734723475976807094E-15, 0.4500000000000040079, 4.299999999999999822 ) ) ;
#3256 = VERTEX_POINT ( 'NONE', #2134 ) ;
#3257 = CARTESIAN_POINT ( 'NONE',  ( -2.600000000000000533, 2.849484536082480091, -5.300000000000009592 ) ) ;
#3258 = CIRCLE ( 'NONE', #3689, 0.6750000000000002665 ) ;
#3259 = FACE_OUTER_BOUND ( 'NONE', #5967, .T. ) ;
#3260 = LINE ( 'NONE', #7407, #7274 ) ;
#3261 = ADVANCED_FACE ( 'NONE', ( #1572 ), #8536, .F. ) ;
#3262 = DIRECTION ( 'NONE',  ( 0.000000000000000000, 0.000000000000000000, -1.000000000000000000 ) ) ;
#3263 = CIRCLE ( 'NONE', #2224, 0.1500000000000000777 ) ;
#3264 = CIRCLE ( 'NONE', #5758, 0.6000000000000001998 ) ;
#3265 = ORIENTED_EDGE ( 'NONE', *, *, #7562, .T. ) ;
#3266 = ORIENTED_EDGE ( 'NONE', *, *, #6778, .T. ) ;
#3267 = DIRECTION ( 'NONE',  ( 1.000000000000000000, 0.000000000000000000, 0.000000000000000000 ) ) ;
#3268 = CARTESIAN_POINT ( 'NONE',  ( 2.100000000000000089, -6.700000000000000178, -5.750000000000000000 ) ) ;
#3269 = VECTOR ( 'NONE', #2842, 1000.000000000000000 ) ;
#3270 = CARTESIAN_POINT ( 'NONE',  ( 4.500000000000002665, 4.349484536082479202, -4.299999999999999822 ) ) ;
#3271 = VECTOR ( 'NONE', #4994, 1000.000000000000000 ) ;
#3272 = LINE ( 'NONE', #8206, #7108 ) ;
#3273 = EDGE_CURVE ( 'NONE', #8126, #5964, #7266, .T. ) ;
#3274 = ORIENTED_EDGE ( 'NONE', *, *, #1185, .T. ) ;
#3275 = LINE ( 'NONE', #4738, #2878 ) ;
#3276 = VERTEX_POINT ( 'NONE', #4938 ) ;
#3277 = AXIS2_PLACEMENT_3D ( 'NONE', #2830, #7067, #8448 ) ;
#3278 = ORIENTED_EDGE ( 'NONE', *, *, #6944, .T. ) ;
#3279 = ORIENTED_EDGE ( 'NONE', *, *, #4957, .T. ) ;
#3280 = LINE ( 'NONE', #5540, #8381 ) ;
#3281 = FACE_OUTER_BOUND ( 'NONE', #3065, .T. ) ;
#3282 = VECTOR ( 'NONE', #977, 1000.000000000000000 ) ;
#3283 = AXIS2_PLACEMENT_3D ( 'NONE', #7657, #2636, #6829 ) ;
#3284 = EDGE_CURVE ( 'NONE', #3137, #896, #147, .T. ) ;
#3285 = CARTESIAN_POINT ( 'NONE',  ( 0.4999999999999982792, -2.050000000000000711, 0.5000000000000000000 ) ) ;
#3286 = EDGE_CURVE ( 'NONE', #3687, #767, #7023, .T. ) ;
#3287 = VERTEX_POINT ( 'NONE', #7 ) ;
#3288 = EDGE_CURVE ( 'NONE', #2336, #7789, #8719, .T. ) ;
#3289 = EDGE_CURVE ( 'NONE', #341, #4888, #241, .T. ) ;
#3290 = VERTEX_POINT ( 'NONE', #5815 ) ;
#3291 = CIRCLE ( 'NONE', #2852, 3.300000000000000266 ) ;
#3292 = VECTOR ( 'NONE', #2965, 1000.000000000000000 ) ;
#3293 = ORIENTED_EDGE ( 'NONE', *, *, #3336, .F. ) ;
#3294 = VERTEX_POINT ( 'NONE', #1662 ) ;
#3295 = CARTESIAN_POINT ( 'NONE',  ( 0.000000000000000000, 0.9500000000000040634, 0.000000000000000000 ) ) ;
#3296 = FACE_OUTER_BOUND ( 'NONE', #3460, .T. ) ;
#3297 = DIRECTION ( 'NONE',  ( -1.000000000000000000, 0.000000000000000000, 0.000000000000000000 ) ) ;
#3298 = DIRECTION ( 'NONE',  ( 1.000000000000000000, 0.000000000000000000, 0.000000000000000000 ) ) ;
#3299 = CARTESIAN_POINT ( 'NONE',  ( 5.236132948075096216, 0.4494845360824787361, -8.396377958773973305 ) ) ;
#3300 = VECTOR ( 'NONE', #1144, 1000.000000000000000 ) ;
#3301 = ORIENTED_EDGE ( 'NONE', *, *, #2561, .F. ) ;
#3302 = ORIENTED_EDGE ( 'NONE', *, *, #2941, .F. ) ;
#3303 = DIRECTION ( 'NONE',  ( -0.000000000000000000, -1.000000000000000000, -0.000000000000000000 ) ) ;
#3304 = ORIENTED_EDGE ( 'NONE', *, *, #5914, .T. ) ;
#3305 = CARTESIAN_POINT ( 'NONE',  ( 0.4999999999999982792, -2.050000000000000711, 0.5000000000000000000 ) ) ;
#3306 = CIRCLE ( 'NONE', #5507, 0.4000000000000001887 ) ;
#3307 = CARTESIAN_POINT ( 'NONE',  ( -4.500000000000002665, 4.849484536082480091, 0.4000000000000000222 ) ) ;
#3308 = CARTESIAN_POINT ( 'NONE',  ( -4.499999999999986677, 4.049484536082480268, -4.900000000000009237 ) ) ;
#3310 = CARTESIAN_POINT ( 'NONE',  ( -3.650000000000001688, -3.750000000000000000, 5.000000000000000000 ) ) ;
#3309 = AXIS2_PLACEMENT_3D ( 'NONE', #6416, #100, #2213 ) ;
#3311 = AXIS2_PLACEMENT_3D ( 'NONE', #4571, #7389, #3204 ) ;
#3312 = EDGE_LOOP ( 'NONE', ( #2168, #9060, #7906, #7346 ) ) ;
#3313 = EDGE_LOOP ( 'NONE', ( #5776, #7286, #1881, #7881 ) ) ;
#3314 = CYLINDRICAL_SURFACE ( 'NONE', #5005, 0.9999999999999995559 ) ;
#3315 = DIRECTION ( 'NONE',  ( -0.000000000000000000, -0.000000000000000000, -1.000000000000000000 ) ) ;
#3316 = LINE ( 'NONE', #4547, #4632 ) ;
#3317 = VECTOR ( 'NONE', #3676, 1000.000000000000000 ) ;
#3318 = AXIS2_PLACEMENT_3D ( 'NONE', #1164, #7479, #8394 ) ;
#3319 = CYLINDRICAL_SURFACE ( 'NONE', #8094, 0.6750000000000002665 ) ;
#3320 = DIRECTION ( 'NONE',  ( 0.000000000000000000, 0.000000000000000000, -1.000000000000000000 ) ) ;
#3321 = ORIENTED_EDGE ( 'NONE', *, *, #7226, .T. ) ;
#3322 = LINE ( 'NONE', #3961, #7878 ) ;
#3323 = DIRECTION ( 'NONE',  ( 8.845923557788683676E-17, 0.7071067811865486830, -0.7071067811865464625 ) ) ;
#3324 = AXIS2_PLACEMENT_3D ( 'NONE', #5659, #8375, #9117 ) ;
#3325 = ORIENTED_EDGE ( 'NONE', *, *, #2660, .F. ) ;
#3326 = VERTEX_POINT ( 'NONE', #5898 ) ;
#3327 = ORIENTED_EDGE ( 'NONE', *, *, #5851, .F. ) ;
#3328 = EDGE_CURVE ( 'NONE', #594, #505, #1748, .T. ) ;
#3329 = DIRECTION ( 'NONE',  ( 0.000000000000000000, 0.000000000000000000, 1.000000000000000000 ) ) ;
#3330 = CIRCLE ( 'NONE', #6122, 0.4000000000000001887 ) ;
#3331 = CARTESIAN_POINT ( 'NONE',  ( 2.900000000000000355, -6.700000000000000178, 4.928191693115930646E-17 ) ) ;
#3332 = ORIENTED_EDGE ( 'NONE', *, *, #3050, .F. ) ;
#3333 = ORIENTED_EDGE ( 'NONE', *, *, #1923, .F. ) ;
#3334 = EDGE_LOOP ( 'NONE', ( #4532, #6174, #4703, #2392, #5407 ) ) ;
#3335 = ORIENTED_EDGE ( 'NONE', *, *, #1189, .F. ) ;
#3336 = EDGE_CURVE ( 'NONE', #932, #3928, #5116, .T. ) ;
#3337 = DIRECTION ( 'NONE',  ( -0.6560590289905063877, 1.672292908175179415E-16, -0.7547095802227727912 ) ) ;
#3338 = PLANE ( 'NONE',  #7050 ) ;
#3339 = ADVANCED_FACE ( 'NONE', ( #4517 ), #6508, .T. ) ;
#3340 = LINE ( 'NONE', #6187, #321 ) ;
#3341 = ADVANCED_FACE ( 'NONE', ( #7935 ), #5859, .F. ) ;
#3342 = PLANE ( 'NONE',  #3685 ) ;
#3343 = CARTESIAN_POINT ( 'NONE',  ( -0.0008203932499368550568, 11.70000000000000462, 1.279727070297659203E-17 ) ) ;
#3344 = VERTEX_POINT ( 'NONE', #5993 ) ;
#3345 = DIRECTION ( 'NONE',  ( -0.9999994735200916640, 0.000000000000000000, 0.001026138167772390822 ) ) ;
#3346 = EDGE_LOOP ( 'NONE', ( #6579, #7305, #8433 ) ) ;
#3347 = EDGE_CURVE ( 'NONE', #5406, #7791, #6692, .T. ) ;
#3348 = LINE ( 'NONE', #5560, #3162 ) ;
#3349 = CARTESIAN_POINT ( 'NONE',  ( -4.499999999999991118, 4.349484536082480091, -4.300000000000008704 ) ) ;
#3350 = EDGE_CURVE ( 'NONE', #4942, #1437, #7984, .T. ) ;
#3351 = CARTESIAN_POINT ( 'NONE',  ( -2.600000000000000533, 4.049484536082479380, -4.900000000000009237 ) ) ;
#3352 = EDGE_CURVE ( 'NONE', #4826, #3115, #2406, .T. ) ;
#3353 = LINE ( 'NONE', #6991, #6871 ) ;
#3354 =( LENGTH_UNIT ( ) NAMED_UNIT ( * ) SI_UNIT ( .MILLI., .METRE. ) );
#3355 = DIRECTION ( 'NONE',  ( -1.000000000000000000, 0.000000000000000000, 0.000000000000000000 ) ) ;
#3356 = ORIENTED_EDGE ( 'NONE', *, *, #6020, .T. ) ;
#3357 = EDGE_LOOP ( 'NONE', ( #1335, #7296, #8965, #6314 ) ) ;
#3358 = DIRECTION ( 'NONE',  ( 0.000000000000000000, 0.000000000000000000, -1.000000000000000000 ) ) ;
#3359 = DIRECTION ( 'NONE',  ( -0.000000000000000000, -0.000000000000000000, -1.000000000000000000 ) ) ;
#3360 = DIRECTION ( 'NONE',  ( -1.000000000000000000, 0.000000000000000000, 0.000000000000000000 ) ) ;
#3361 = DIRECTION ( 'NONE',  ( 0.000000000000000000, 3.469446951953613696E-16, 1.000000000000000000 ) ) ;
#3362 = CARTESIAN_POINT ( 'NONE',  ( -3.250000000000001332, -6.400000000000000355, 1.000000000000000000 ) ) ;
#3363 = VERTEX_POINT ( 'NONE', #319 ) ;
#3364 = CARTESIAN_POINT ( 'NONE',  ( 3.599999999999999645, -5.149999999999998579, 0.000000000000000000 ) ) ;
#3365 = VERTEX_POINT ( 'NONE', #278 ) ;
#3366 = ORIENTED_EDGE ( 'NONE', *, *, #2561, .T. ) ;
#3367 = ORIENTED_EDGE ( 'NONE', *, *, #5981, .F. ) ;
#3368 = ORIENTED_EDGE ( 'NONE', *, *, #1980, .T. ) ;
#3369 = DIRECTION ( 'NONE',  ( 0.000000000000000000, -3.469446951953610738E-16, -1.000000000000000000 ) ) ;
#3370 = LINE ( 'NONE', #510, #4899 ) ;
#3371 = CARTESIAN_POINT ( 'NONE',  ( -0.4500000000000001221, -3.020950878361716274, 1.800000000000000488 ) ) ;
#3372 = EDGE_CURVE ( 'NONE', #5326, #5765, #4610, .T. ) ;
#3373 = VERTEX_POINT ( 'NONE', #976 ) ;
#3374 = VERTEX_POINT ( 'NONE', #2357 ) ;
#3375 = VERTEX_POINT ( 'NONE', #3197 ) ;
#3376 = VERTEX_POINT ( 'NONE', #4425 ) ;
#3377 = CARTESIAN_POINT ( 'NONE',  ( -0.006290684479731949857, 10.20000000000000107, 0.008155582768842546681 ) ) ;
#3378 = LINE ( 'NONE', #4937, #1889 ) ;
#3379 = CARTESIAN_POINT ( 'NONE',  ( -4.499999999999986677, -1.550515463917520709, -7.550000000000007816 ) ) ;
#3380 = CIRCLE ( 'NONE', #7495, 0.6750000000000002665 ) ;
#3381 = CARTESIAN_POINT ( 'NONE',  ( 0.000000000000000000, 0.000000000000000000, 5.000000000000000000 ) ) ;
#3382 = CARTESIAN_POINT ( 'NONE',  ( -1.900000000000001910, -4.200000000000000178, 0.1000000000000000056 ) ) ;
#3383 = EDGE_CURVE ( 'NONE', #3812, #787, #7248, .T. ) ;
#3384 = ORIENTED_EDGE ( 'NONE', *, *, #979, .F. ) ;
#3385 = ORIENTED_EDGE ( 'NONE', *, *, #576, .T. ) ;
#3386 = CARTESIAN_POINT ( 'NONE',  ( 0.000000000000000000, -0.5505154639175203757, 1.400000000000000577 ) ) ;
#3387 = ADVANCED_FACE ( 'NONE', ( #8765 ), #2452, .T. ) ;
#3388 = ORIENTED_EDGE ( 'NONE', *, *, #4907, .F. ) ;
#3389 = EDGE_LOOP ( 'NONE', ( #8340, #4533, #7918, #3788 ) ) ;
#3390 = PLANE ( 'NONE',  #8307 ) ;
#3391 = DIRECTION ( 'NONE',  ( 1.000000000000000000, 0.000000000000000000, 0.000000000000000000 ) ) ;
#3392 = AXIS2_PLACEMENT_3D ( 'NONE', #1718, #426, #5413 ) ;
#3393 = DIRECTION ( 'NONE',  ( 0.000000000000000000, -1.000000000000000000, 0.000000000000000000 ) ) ;
#3394 = LINE ( 'NONE', #6157, #1426 ) ;
#3395 = EDGE_CURVE ( 'NONE', #122, #2128, #8071, .T. ) ;
#3396 = CARTESIAN_POINT ( 'NONE',  ( 3.673940397442060361E-16, 8.500000000000000000, 3.000000000000000444 ) ) ;
#3397 = ADVANCED_FACE ( 'NONE', ( #3783 ), #3743, .T. ) ;
#3398 = ADVANCED_FACE ( 'NONE', ( #2494 ), #6078, .T. ) ;
#3399 = EDGE_LOOP ( 'NONE', ( #9062, #7122, #1581, #8091 ) ) ;
#3400 = ORIENTED_EDGE ( 'NONE', *, *, #5872, .T. ) ;
#3401 = CARTESIAN_POINT ( 'NONE',  ( 0.8032336497292290600, 11.70000000000000462, 1.730200664999783971E-16 ) ) ;
#3402 = EDGE_CURVE ( 'NONE', #5011, #3740, #194, .T. ) ;
#3403 = LINE ( 'NONE', #1970, #7130 ) ;
#3404 = CARTESIAN_POINT ( 'NONE',  ( 3.100000000000000977, -0.5505154639175199316, 0.4000000000000001887 ) ) ;
#3405 = CARTESIAN_POINT ( 'NONE',  ( -0.5000000000000018874, 1.540871211463575863, 0.5000000000000000000 ) ) ;
#3406 = CARTESIAN_POINT ( 'NONE',  ( -1.249999999999999334, 8.500000000000000000, 3.152565349772896486 ) ) ;
#3408 = CIRCLE ( 'NONE', #605, 0.2000000000000000944 ) ;
#3407 = CARTESIAN_POINT ( 'NONE',  ( 1.342230922150143391, 10.20000000000000107, -3.014700010220582538 ) ) ;
#3409 = AXIS2_PLACEMENT_3D ( 'NONE', #4272, #6408, #5712 ) ;
#3410 = ORIENTED_EDGE ( 'NONE', *, *, #3163, .T. ) ;
#3411 = DIRECTION ( 'NONE',  ( 8.850629979473506011E-17, -1.000000000000000000, 0.000000000000000000 ) ) ;
#3412 = CARTESIAN_POINT ( 'NONE',  ( 1.479999999999999982, 11.70000000000000462, 0.8499999999999999778 ) ) ;
#3413 = VERTEX_POINT ( 'NONE', #6781 ) ;
#3414 = ORIENTED_EDGE ( 'NONE', *, *, #1014, .F. ) ;
#3415 = VECTOR ( 'NONE', #27, 1000.000000000000000 ) ;
#3416 = CARTESIAN_POINT ( 'NONE',  ( 1.565936075841832809, 10.20000000000000107, -3.517150011924013331 ) ) ;
#3417 = CARTESIAN_POINT ( 'NONE',  ( 5.259901047426962961, -1.550515463917522485, -9.291887738487535131 ) ) ;
#3418 = PLANE ( 'NONE',  #3283 ) ;
#3419 = ADVANCED_FACE ( 'NONE', ( #3281 ), #6669, .T. ) ;
#3420 = LINE ( 'NONE', #5229, #7725 ) ;
#3421 = VECTOR ( 'NONE', #748, 1000.000000000000000 ) ;
#3422 = VERTEX_POINT ( 'NONE', #4791 ) ;
#3423 = ORIENTED_EDGE ( 'NONE', *, *, #3273, .F. ) ;
#3424 = ORIENTED_EDGE ( 'NONE', *, *, #4072, .F. ) ;
#3425 = VERTEX_POINT ( 'NONE', #5492 ) ;
#3426 = LINE ( 'NONE', #3295, #7734 ) ;
#3427 = VECTOR ( 'NONE', #1514, 1000.000000000000000 ) ;
#3428 = DIRECTION ( 'NONE',  ( 0.000000000000000000, 3.469446951953613696E-16, 1.000000000000000000 ) ) ;
#3429 = CARTESIAN_POINT ( 'NONE',  ( -4.899999999999996803, 2.849484536082480091, -4.900000000000009237 ) ) ;
#3430 = PLANE ( 'NONE',  #8840 ) ;
#3431 = LINE ( 'NONE', #8959, #316 ) ;
#3432 = VERTEX_POINT ( 'NONE', #4012 ) ;
#3433 = VERTEX_POINT ( 'NONE', #7473 ) ;
#3434 = AXIS2_PLACEMENT_3D ( 'NONE', #450, #2535, #6728 ) ;
#3435 = AXIS2_PLACEMENT_3D ( 'NONE', #8214, #2592, #5352 ) ;
#3436 = ORIENTED_EDGE ( 'NONE', *, *, #5065, .T. ) ;
#3437 = CARTESIAN_POINT ( 'NONE',  ( 0.003233649729229023419, 8.900000000000000355, 3.151279358214723825 ) ) ;
#3438 = ORIENTED_EDGE ( 'NONE', *, *, #5520, .F. ) ;
#3439 = CYLINDRICAL_SURFACE ( 'NONE', #1973, 0.6750000000000002665 ) ;
#3440 = LINE ( 'NONE', #4903, #5390 ) ;
#3441 = EDGE_CURVE ( 'NONE', #7574, #5485, #6827, .T. ) ;
#3442 = CIRCLE ( 'NONE', #8596, 0.3500000000000000333 ) ;
#3443 = CARTESIAN_POINT ( 'NONE',  ( -4.900000000000000355, 0.4494845360824791802, 0.4000000000000000222 ) ) ;
#3444 = DIRECTION ( 'NONE',  ( 0.000000000000000000, 1.000000000000000000, 0.000000000000000000 ) ) ;
#3445 = ORIENTED_EDGE ( 'NONE', *, *, #5809, .T. ) ;
#3446 = VERTEX_POINT ( 'NONE', #9043 ) ;
#3447 = DIRECTION ( 'NONE',  ( -0.4226182617407091557, 0.000000000000000000, 0.9063077870366453848 ) ) ;
#3448 = VECTOR ( 'NONE', #4998, 1000.000000000000000 ) ;
#3449 = VECTOR ( 'NONE', #8551, 1000.000000000000000 ) ;
#3450 = DIRECTION ( 'NONE',  ( 1.000000000000000000, 0.000000000000000000, 0.000000000000000000 ) ) ;
#3451 = CARTESIAN_POINT ( 'NONE',  ( 3.499999999999998224, 0.4500000000000040079, 1.800000000000000488 ) ) ;
#3452 = EDGE_CURVE ( 'NONE', #6246, #102, #4748, .T. ) ;
#3453 = EDGE_CURVE ( 'NONE', #1539, #2026, #8343, .T. ) ;
#3454 = EDGE_CURVE ( 'NONE', #3365, #4115, #5403, .T. ) ;
#3455 = CIRCLE ( 'NONE', #5367, 0.2000000000000011768 ) ;
#3456 = LINE ( 'NONE', #6217, #639 ) ;
#3457 = ORIENTED_EDGE ( 'NONE', *, *, #3102, .T. ) ;
#3458 = FACE_OUTER_BOUND ( 'NONE', #6471, .T. ) ;
#3459 = CARTESIAN_POINT ( 'NONE',  ( 0.000000000000000000, 4.849484536082479202, 0.4000000000000000222 ) ) ;
#3460 = EDGE_LOOP ( 'NONE', ( #3436, #4524, #8226, #85 ) ) ;
#3461 = ORIENTED_EDGE ( 'NONE', *, *, #7055, .F. ) ;
#3462 = AXIS2_PLACEMENT_3D ( 'NONE', #4646, #7462, #6765 ) ;
#3463 = ORIENTED_EDGE ( 'NONE', *, *, #6828, .T. ) ;
#3464 = ADVANCED_FACE ( 'NONE', ( #6134 ), #556, .T. ) ;
#3465 = LINE ( 'NONE', #6914, #3525 ) ;
#3466 = CYLINDRICAL_SURFACE ( 'NONE', #3727, 0.6750000000000002665 ) ;
#3467 = CARTESIAN_POINT ( 'NONE',  ( 2.500000000000000000, -6.400000000000000355, 0.000000000000000000 ) ) ;
#3468 = DIRECTION ( 'NONE',  ( 0.9999994735200916640, 0.000000000000000000, -0.001026138167772244671 ) ) ;
#3469 = EDGE_CURVE ( 'NONE', #2650, #6959, #8856, .T. ) ;
#3470 = AXIS2_PLACEMENT_3D ( 'NONE', #6010, #1866, #8230 ) ;
#3471 = ORIENTED_EDGE ( 'NONE', *, *, #6666, .F. ) ;
#3472 = EDGE_LOOP ( 'NONE', ( #6266, #9102, #8654, #4984 ) ) ;
#3473 = ORIENTED_EDGE ( 'NONE', *, *, #1317, .T. ) ;
#3474 = CARTESIAN_POINT ( 'NONE',  ( -0.4712900224411504246, 8.900000000000000355, 0.2829480708788691956 ) ) ;
#3475 = CIRCLE ( 'NONE', #5534, 0.6500000000000000222 ) ;
#3476 = CARTESIAN_POINT ( 'NONE',  ( -0.7967663502707699186, 10.20000000000000107, 0.000000000000000000 ) ) ;
#3477 = DIRECTION ( 'NONE',  ( 0.000000000000000000, 0.000000000000000000, -1.000000000000000000 ) ) ;
#3478 = AXIS2_PLACEMENT_3D ( 'NONE', #7999, #7079, #5094 ) ;
#3479 = VECTOR ( 'NONE', #8758, 1000.000000000000000 ) ;
#3480 = DIRECTION ( 'NONE',  ( 0.000000000000000000, 0.000000000000000000, -1.000000000000000000 ) ) ;
#3481 = DIRECTION ( 'NONE',  ( 0.000000000000000000, 0.000000000000000000, 1.000000000000000000 ) ) ;
#3482 = ORIENTED_EDGE ( 'NONE', *, *, #6919, .T. ) ;
#3483 = ORIENTED_EDGE ( 'NONE', *, *, #5082, .F. ) ;
#3484 = ORIENTED_EDGE ( 'NONE', *, *, #6833, .T. ) ;
#3485 = FACE_OUTER_BOUND ( 'NONE', #8987, .T. ) ;
#3486 = EDGE_LOOP ( 'NONE', ( #618, #8648, #6760, #1386 ) ) ;
#3487 = CARTESIAN_POINT ( 'NONE',  ( 3.000000000000000000, 3.649484536082479469, -1.600000000000000089 ) ) ;
#3488 = CARTESIAN_POINT ( 'NONE',  ( 3.599999999999999645, -5.949999999999999289, 0.000000000000000000 ) ) ;
#3489 = DIRECTION ( 'NONE',  ( 0.000000000000000000, -1.000000000000000000, 0.000000000000000000 ) ) ;
#3490 = SURFACE_SIDE_STYLE ('',( #1412 ) ) ;
#3491 = CARTESIAN_POINT ( 'NONE',  ( -4.900000000000001243, -2.450515463917521064, -0.5999999999999999778 ) ) ;
#3492 = EDGE_CURVE ( 'NONE', #2164, #8880, #3370, .T. ) ;
#3493 = ORIENTED_EDGE ( 'NONE', *, *, #3336, .T. ) ;
#3494 = ORIENTED_EDGE ( 'NONE', *, *, #7895, .T. ) ;
#3495 = CARTESIAN_POINT ( 'NONE',  ( -4.499999999999989342, -3.050515463917520709, -5.900000000000009237 ) ) ;
#3496 = CARTESIAN_POINT ( 'NONE',  ( -4.500000000000001776, 4.849484536082480091, -4.336808689942017736E-15 ) ) ;
#3497 = DIRECTION ( 'NONE',  ( -1.000000000000000000, 0.000000000000000000, 0.000000000000000000 ) ) ;
#3498 = FACE_OUTER_BOUND ( 'NONE', #6799, .T. ) ;
#3499 = ORIENTED_EDGE ( 'NONE', *, *, #3124, .F. ) ;
#3500 = DIRECTION ( 'NONE',  ( -1.000000000000000000, 0.000000000000000000, 0.000000000000000000 ) ) ;
#3501 = CARTESIAN_POINT ( 'NONE',  ( 4.500000000000003553, -5.150515463917521686, -5.300000000000009592 ) ) ;
#3502 = EDGE_CURVE ( 'NONE', #4555, #5998, #927, .T. ) ;
#3503 = ORIENTED_EDGE ( 'NONE', *, *, #1138, .F. ) ;
#3504 = ORIENTED_EDGE ( 'NONE', *, *, #6440, .F. ) ;
#3505 = EDGE_CURVE ( 'NONE', #4017, #111, #5299, .T. ) ;
#3506 = ORIENTED_EDGE ( 'NONE', *, *, #7972, .F. ) ;
#3507 = CARTESIAN_POINT ( 'NONE',  ( 3.599999999999999645, 5.950000000000003730, 5.000000000000000000 ) ) ;
#3508 = CARTESIAN_POINT ( 'NONE',  ( -2.100000000000000089, -6.700000000000000178, 4.928191693115930646E-17 ) ) ;
#3509 = CARTESIAN_POINT ( 'NONE',  ( -3.250000000000001332, -5.549999999999998934, 1.000000000000000000 ) ) ;
#3510 = DIRECTION ( 'NONE',  ( -0.000000000000000000, -1.000000000000000000, -0.000000000000000000 ) ) ;
#3511 = EDGE_CURVE ( 'NONE', #7243, #4087, #464, .T. ) ;
#3512 = ORIENTED_EDGE ( 'NONE', *, *, #5349, .F. ) ;
#3513 = EDGE_CURVE ( 'NONE', #574, #6531, #3966, .T. ) ;
#3514 = AXIS2_PLACEMENT_3D ( 'NONE', #7579, #4843, #1398 ) ;
#3515 = EDGE_CURVE ( 'NONE', #274, #3762, #6226, .T. ) ;
#3516 = CARTESIAN_POINT ( 'NONE',  ( 0.4499999999999991229, -3.625230054855794304, 2.500000000000000000 ) ) ;
#3517 = DIRECTION ( 'NONE',  ( 0.000000000000000000, 1.000000000000000000, 0.000000000000000000 ) ) ;
#3518 = DIRECTION ( 'NONE',  ( 1.000000000000000000, 0.000000000000000000, 1.931541112668179645E-15 ) ) ;
#3519 = DIRECTION ( 'NONE',  ( -1.000000000000000000, 0.000000000000000000, -1.251002506714043540E-16 ) ) ;
#3520 = CARTESIAN_POINT ( 'NONE',  ( -5.708436666169077967, -1.550515463917520487, -8.330000000000008953 ) ) ;
#3521 = ORIENTED_EDGE ( 'NONE', *, *, #1910, .F. ) ;
#3522 = ADVANCED_FACE ( 'NONE', ( #2031 ), #1250, .F. ) ;
#3523 = CARTESIAN_POINT ( 'NONE',  ( -1.734723475976807094E-15, 0.4500000000000040079, 2.500000000000000000 ) ) ;
#3524 = ORIENTED_EDGE ( 'NONE', *, *, #4120, .F. ) ;
#3525 = VECTOR ( 'NONE', #653, 1000.000000000000000 ) ;
#3526 = DIRECTION ( 'NONE',  ( -1.000000000000000000, 0.000000000000000000, 0.000000000000000000 ) ) ;
#3527 = DIRECTION ( 'NONE',  ( -1.000000000000000000, 0.000000000000000000, 0.000000000000000000 ) ) ;
#3528 = CARTESIAN_POINT ( 'NONE',  ( -0.7500000000000000000, -5.549999999999998934, 1.000000000000000000 ) ) ;
#3529 = EDGE_CURVE ( 'NONE', #5322, #6875, #2543, .T. ) ;
#3530 = SHAPE_DEFINITION_REPRESENTATION ( #375, #2061 ) ;
#3531 = LINE ( 'NONE', #6341, #3415 ) ;
#3532 = ORIENTED_EDGE ( 'NONE', *, *, #795, .T. ) ;
#3533 = DIRECTION ( 'NONE',  ( -1.000000000000000000, 0.000000000000000000, 0.000000000000000000 ) ) ;
#3534 = DIRECTION ( 'NONE',  ( -1.000000000000000000, 2.491288438666616105E-16, -1.931541112668179645E-15 ) ) ;
#3535 = DIRECTION ( 'NONE',  ( -0.000000000000000000, -0.000000000000000000, -1.000000000000000000 ) ) ;
#3536 = AXIS2_PLACEMENT_3D ( 'NONE', #2418, #293, #4529 ) ;
#3537 = CYLINDRICAL_SURFACE ( 'NONE', #3871, 0.3500000000000000333 ) ;
#3538 = VERTEX_POINT ( 'NONE', #4658 ) ;
#3539 = CYLINDRICAL_SURFACE ( 'NONE', #1685, 0.6500000000000001332 ) ;
#3540 = CARTESIAN_POINT ( 'NONE',  ( -1.900000000000001910, -2.700000000000000622, 0.1000000000000000056 ) ) ;
#3541 = AXIS2_PLACEMENT_3D ( 'NONE', #1416, #858, #5608 ) ;
#3542 = ORIENTED_EDGE ( 'NONE', *, *, #7996, .T. ) ;
#3543 = DIRECTION ( 'NONE',  ( 0.000000000000000000, 0.000000000000000000, -1.000000000000000000 ) ) ;
#3544 = ORIENTED_EDGE ( 'NONE', *, *, #1871, .T. ) ;
#3545 = VERTEX_POINT ( 'NONE', #4242 ) ;
#3546 = VECTOR ( 'NONE', #5034, 1000.000000000000000 ) ;
#3547 = DIRECTION ( 'NONE',  ( -0.000000000000000000, -0.000000000000000000, -1.000000000000000000 ) ) ;
#3548 = CARTESIAN_POINT ( 'NONE',  ( -3.650000000000001688, 4.650000000000003908, 5.599999999999999645 ) ) ;
#3549 = EDGE_CURVE ( 'NONE', #4252, #7398, #1433, .T. ) ;
#3550 = DIRECTION ( 'NONE',  ( 0.000000000000000000, 0.000000000000000000, -1.000000000000000000 ) ) ;
#3551 = LINE ( 'NONE', #6364, #1846 ) ;
#3552 = EDGE_LOOP ( 'NONE', ( #5286, #8806, #469, #6430 ) ) ;
#3553 = CIRCLE ( 'NONE', #2531, 0.3500000000000000333 ) ;
#3554 = UNCERTAINTY_MEASURE_WITH_UNIT (LENGTH_MEASURE( 1.000000000000000082E-05 ), #3690, 'distance_accuracy_value', 'NONE');
#3555 = ORIENTED_EDGE ( 'NONE', *, *, #4974, .T. ) ;
#3556 = DIRECTION ( 'NONE',  ( 0.9999994735200916640, 0.000000000000000000, -0.001026138167771969935 ) ) ;
#3557 = LINE ( 'NONE', #6507, #7646 ) ;
#3558 = CYLINDRICAL_SURFACE ( 'NONE', #778, 0.6750000000000002665 ) ;
#3559 = ADVANCED_FACE ( 'NONE', ( #7052 ), #734, .T. ) ;
#3560 = DIRECTION ( 'NONE',  ( 8.850629979473506011E-17, -1.000000000000000000, 0.000000000000000000 ) ) ;
#3561 = AXIS2_PLACEMENT_3D ( 'NONE', #6101, #5591, #4073 ) ;
#3562 = ADVANCED_FACE ( 'NONE', ( #6455 ), #3466, .F. ) ;
#3563 = AXIS2_PLACEMENT_3D ( 'NONE', #7360, #5884, #2522 ) ;
#3564 = CARTESIAN_POINT ( 'NONE',  ( 4.500000000000002665, -3.550515463917521153, -5.900000000000000355 ) ) ;
#3565 = EDGE_CURVE ( 'NONE', #376, #101, #2552, .T. ) ;
#3566 = EDGE_CURVE ( 'NONE', #6130, #6249, #7796, .T. ) ;
#3567 = VERTEX_POINT ( 'NONE', #1517 ) ;
#3568 = ORIENTED_EDGE ( 'NONE', *, *, #8792, .T. ) ;
#3569 = DIRECTION ( 'NONE',  ( -0.6560590289905086081, 0.000000000000000000, 0.7547095802227707928 ) ) ;
#3570 = VECTOR ( 'NONE', #6977, 1000.000000000000000 ) ;
#3571 = VERTEX_POINT ( 'NONE', #3548 ) ;
#3572 = FACE_BOUND ( 'NONE', #2301, .T. ) ;
#3573 = DIRECTION ( 'NONE',  ( -0.000000000000000000, -0.000000000000000000, -1.000000000000000000 ) ) ;
#3574 = DIRECTION ( 'NONE',  ( 0.000000000000000000, 0.000000000000000000, -1.000000000000000000 ) ) ;
#3575 = CYLINDRICAL_SURFACE ( 'NONE', #730, 0.6500000000000000222 ) ;
#3576 = CARTESIAN_POINT ( 'NONE',  ( -4.100000000000001421, 0.4500000000000045075, 2.500000000000000000 ) ) ;
#3578 = VECTOR ( 'NONE', #7763, 1000.000000000000000 ) ;
#3577 = CARTESIAN_POINT ( 'NONE',  ( -4.899999999999997691, -5.150515463917521686, -4.900000000000009237 ) ) ;
#3579 = CONTEXT_DEPENDENT_SHAPE_REPRESENTATION ( #8347, #536 ) ;
#3580 = DIRECTION ( 'NONE',  ( 0.000000000000000000, 0.000000000000000000, 1.000000000000000000 ) ) ;
#3581 = ORIENTED_EDGE ( 'NONE', *, *, #7055, .T. ) ;
#3582 = LINE ( 'NONE', #2156, #1917 ) ;
#3583 = CARTESIAN_POINT ( 'NONE',  ( -0.3999999999999998002, -6.700000000000000178, 0.000000000000000000 ) ) ;
#3584 = AXIS2_PLACEMENT_3D ( 'NONE', #2913, #7840, #4199 ) ;
#3585 = SURFACE_STYLE_FILL_AREA ( #5611 ) ;
#3586 = VERTEX_POINT ( 'NONE', #1389 ) ;
#3587 = LINE ( 'NONE', #4137, #4898 ) ;
#3588 = CARTESIAN_POINT ( 'NONE',  ( 5.236132948075096216, -1.550515463917522041, -8.396377958773973305 ) ) ;
#3589 = DIRECTION ( 'NONE',  ( 1.606225440719267599E-16, 1.000000000000000000, -1.018148511238954428E-16 ) ) ;
#3590 = VECTOR ( 'NONE', #3717, 1000.000000000000000 ) ;
#3591 = ORIENTED_EDGE ( 'NONE', *, *, #6610, .F. ) ;
#3592 = LINE ( 'NONE', #7837, #5622 ) ;
#3593 = DIRECTION ( 'NONE',  ( 0.000000000000000000, 0.000000000000000000, 1.000000000000000000 ) ) ;
#3594 = ORIENTED_EDGE ( 'NONE', *, *, #1185, .F. ) ;
#3595 = VECTOR ( 'NONE', #5599, 1000.000000000000000 ) ;
#3596 = CARTESIAN_POINT ( 'NONE',  ( 4.500000000000003553, -5.150515463917521686, -4.900000000000008349 ) ) ;
#3597 = DIRECTION ( 'NONE',  ( 1.232047923278982446E-16, 0.000000000000000000, -1.000000000000000000 ) ) ;
#3598 = PLANE ( 'NONE',  #2990 ) ;
#3599 = DIRECTION ( 'NONE',  ( 0.000000000000000000, 0.000000000000000000, 1.000000000000000000 ) ) ;
#3600 = ORIENTED_EDGE ( 'NONE', *, *, #6276, .T. ) ;
#3601 = VECTOR ( 'NONE', #6251, 1000.000000000000000 ) ;
#3602 = ADVANCED_FACE ( 'NONE', ( #8385 ), #5064, .F. ) ;
#3603 = ORIENTED_EDGE ( 'NONE', *, *, #5483, .F. ) ;
#3604 = CARTESIAN_POINT ( 'NONE',  ( 4.399999999999998579, 3.600000000000004086, 0.000000000000000000 ) ) ;
#3605 = CARTESIAN_POINT ( 'NONE',  ( -0.4712900224411504246, 8.500000000000000000, 0.2829480708788691956 ) ) ;
#3606 = CARTESIAN_POINT ( 'NONE',  ( 4.500000000000002665, 0.4494845360824784586, -5.800000000000000711 ) ) ;
#3607 = CARTESIAN_POINT ( 'NONE',  ( -0.7967663502707700296, 11.70000000000000462, -1.604700010220583728 ) ) ;
#3608 = VECTOR ( 'NONE', #5723, 1000.000000000000000 ) ;
#3609 = FACE_OUTER_BOUND ( 'NONE', #992, .T. ) ;
#3610 = ORIENTED_EDGE ( 'NONE', *, *, #3820, .F. ) ;
#3611 = EDGE_CURVE ( 'NONE', #3363, #9047, #6362, .T. ) ;
#3612 = ORIENTED_EDGE ( 'NONE', *, *, #615, .T. ) ;
#3613 = LINE ( 'NONE', #709, #7522 ) ;
#3614 = EDGE_CURVE ( 'NONE', #8273, #4029, #2816, .T. ) ;
#3615 = VERTEX_POINT ( 'NONE', #4970 ) ;
#3616 = EDGE_CURVE ( 'NONE', #4458, #3433, #6316, .T. ) ;
#3617 = CARTESIAN_POINT ( 'NONE',  ( 2.600000000000000533, 2.849484536082480091, -4.900000000000009237 ) ) ;
#3618 = CARTESIAN_POINT ( 'NONE',  ( -4.500000000000002665, 0.000000000000000000, 0.4000000000000000222 ) ) ;
#3619 = DIRECTION ( 'NONE',  ( 1.000000000000000000, 1.734723475976807094E-16, 0.000000000000000000 ) ) ;
#3620 = PLANE ( 'NONE',  #2358 ) ;
#3621 = FILL_AREA_STYLE_COLOUR ( '', #4725 ) ;
#3622 = AXIS2_PLACEMENT_3D ( 'NONE', #5129, #1621, #5868 ) ;
#3623 = DIRECTION ( 'NONE',  ( 0.000000000000000000, 1.000000000000000000, 0.000000000000000000 ) ) ;
#3624 = CARTESIAN_POINT ( 'NONE',  ( -4.899999999999995914, 1.449484536082479957, -5.900000000000010125 ) ) ;
#3625 = EDGE_CURVE ( 'NONE', #8309, #431, #2212, .T. ) ;
#3626 = ORIENTED_EDGE ( 'NONE', *, *, #790, .T. ) ;
#3627 = ORIENTED_EDGE ( 'NONE', *, *, #7788, .T. ) ;
#3628 = CARTESIAN_POINT ( 'NONE',  ( 1.250000000000000222, 8.500000000000000000, 3.150000003002861870 ) ) ;
#3629 = ADVANCED_FACE ( 'NONE', ( #783 ), #9090, .T. ) ;
#3630 = LINE ( 'NONE', #4316, #1387 ) ;
#3631 = EDGE_LOOP ( 'NONE', ( #5619, #3869, #7047, #2874 ) ) ;
#3632 = CARTESIAN_POINT ( 'NONE',  ( 4.500000000000002665, 2.449484536082478847, -4.299999999999999822 ) ) ;
#3633 = CARTESIAN_POINT ( 'NONE',  ( -3.400000000000003464, 0.000000000000000000, 0.000000000000000000 ) ) ;
#3634 = ORIENTED_EDGE ( 'NONE', *, *, #4679, .F. ) ;
#3635 = DIRECTION ( 'NONE',  ( -0.000000000000000000, -1.000000000000000000, -0.000000000000000000 ) ) ;
#3636 = DIRECTION ( 'NONE',  ( -1.000000000000000000, 0.000000000000000000, 0.000000000000000000 ) ) ;
#3637 = APPLICATION_CONTEXT ( 'automotive_design' ) ;
#3638 = EDGE_LOOP ( 'NONE', ( #6984, #2217 ) ) ;
#3639 = LINE ( 'NONE', #7795, #1167 ) ;
#3640 = CARTESIAN_POINT ( 'NONE',  ( 5.538016780164206843, -1.550515463917522041, -8.133954347177770217 ) ) ;
#3641 = DIRECTION ( 'NONE',  ( 1.000000000000000000, 0.000000000000000000, 1.931541112668179645E-15 ) ) ;
#3642 = VERTEX_POINT ( 'NONE', #6415 ) ;
#3643 = ORIENTED_EDGE ( 'NONE', *, *, #6778, .F. ) ;
#3644 = VERTEX_POINT ( 'NONE', #99 ) ;
#3645 = VERTEX_POINT ( 'NONE', #8574 ) ;
#3646 = DIRECTION ( 'NONE',  ( -0.000000000000000000, -1.000000000000000000, -0.000000000000000000 ) ) ;
#3647 = CARTESIAN_POINT ( 'NONE',  ( -0.9762697651501760499, 8.900000000000000355, 3.152284464583363199 ) ) ;
#3648 = CARTESIAN_POINT ( 'NONE',  ( -1.900000000000001910, -2.700000000000001066, 0.000000000000000000 ) ) ;
#3649 = DIRECTION ( 'NONE',  ( 0.000000000000000000, 0.000000000000000000, 1.000000000000000000 ) ) ;
#3650 = EDGE_CURVE ( 'NONE', #1703, #310, #6379, .T. ) ;
#3651 = CARTESIAN_POINT ( 'NONE',  ( -4.499999999999986677, 0.4494845360824792357, -7.400446128206086271 ) ) ;
#3652 = VERTEX_POINT ( 'NONE', #3640 ) ;
#3653 = EDGE_LOOP ( 'NONE', ( #5991, #2641, #4926, #4064 ) ) ;
#3654 = LINE ( 'NONE', #7861, #5012 ) ;
#3655 = ORIENTED_EDGE ( 'NONE', *, *, #5419, .T. ) ;
#3656 = PLANE ( 'NONE',  #6689 ) ;
#3657 = DIRECTION ( 'NONE',  ( 8.850629979473506011E-17, -1.000000000000000000, 0.000000000000000000 ) ) ;
#3658 = DIRECTION ( 'NONE',  ( 8.850629979473506011E-17, -1.000000000000000000, 0.000000000000000000 ) ) ;
#3659 = AXIS2_PLACEMENT_3D ( 'NONE', #662, #2740, #5503 ) ;
#3660 = FACE_OUTER_BOUND ( 'NONE', #1879, .T. ) ;
#3661 = EDGE_CURVE ( 'NONE', #2639, #3748, #5956, .T. ) ;
#3662 = EDGE_CURVE ( 'NONE', #7596, #5347, #8435, .T. ) ;
#3663 = CARTESIAN_POINT ( 'NONE',  ( -2.500942654745184512, 0.3317597448392849424, 1.331759744839281723 ) ) ;
#3664 = DIRECTION ( 'NONE',  ( 0.000000000000000000, 0.000000000000000000, 1.000000000000000000 ) ) ;
#3665 = AXIS2_PLACEMENT_3D ( 'NONE', #6638, #8030, #8113 ) ;
#3666 = EDGE_LOOP ( 'NONE', ( #5205, #8499, #6035, #5669 ) ) ;
#3667 = VERTEX_POINT ( 'NONE', #5578 ) ;
#3668 = CARTESIAN_POINT ( 'NONE',  ( -2.324999999999999734, -4.750515463917523107, 0.000000000000000000 ) ) ;
#3669 = PLANE ( 'NONE',  #4762 ) ;
#3670 = ADVANCED_FACE ( 'NONE', ( #2125 ), #2074, .F. ) ;
#3671 = AXIS2_PLACEMENT_3D ( 'NONE', #6680, #8800, #2481 ) ;
#3672 = PLANE ( 'NONE',  #9025 ) ;
#3673 = EDGE_CURVE ( 'NONE', #572, #4607, #1564, .T. ) ;
#3674 = ADVANCED_FACE ( 'NONE', ( #7930 ), #7240, .F. ) ;
#3675 = ADVANCED_FACE ( 'NONE', ( #2307 ), #3775, .F. ) ;
#3676 = DIRECTION ( 'NONE',  ( 0.000000000000000000, 1.000000000000000000, 0.000000000000000000 ) ) ;
#3677 = DIRECTION ( 'NONE',  ( -7.228014483236699514E-16, 1.000000000000000000, 0.000000000000000000 ) ) ;
#3678 = EDGE_LOOP ( 'NONE', ( #2465, #4472 ) ) ;
#3679 = FACE_OUTER_BOUND ( 'NONE', #412, .T. ) ;
#3680 = AXIS2_PLACEMENT_3D ( 'NONE', #4824, #6124, #2020 ) ;
#3681 = CARTESIAN_POINT ( 'NONE',  ( -0.7967663502707699186, 10.20000000000000107, -2.404700010220583106 ) ) ;
#3682 = ORIENTED_EDGE ( 'NONE', *, *, #2840, .F. ) ;
#3683 = LINE ( 'NONE', #1432, #142 ) ;
#3684 = DIRECTION ( 'NONE',  ( 8.850629979473506011E-17, -1.000000000000000000, 0.000000000000000000 ) ) ;
#3685 = AXIS2_PLACEMENT_3D ( 'NONE', #3381, #2646, #1352 ) ;
#3686 = DIRECTION ( 'NONE',  ( -1.000000000000000000, 0.000000000000000000, 0.000000000000000000 ) ) ;
#3687 = VERTEX_POINT ( 'NONE', #272 ) ;
#3688 = ORIENTED_EDGE ( 'NONE', *, *, #2490, .F. ) ;
#3689 = AXIS2_PLACEMENT_3D ( 'NONE', #4684, #637, #3267 ) ;
#3690 =( LENGTH_UNIT ( ) NAMED_UNIT ( * ) SI_UNIT ( .MILLI., .METRE. ) );
#3691 = DIRECTION ( 'NONE',  ( 0.000000000000000000, 0.000000000000000000, -1.000000000000000000 ) ) ;
#3692 = CARTESIAN_POINT ( 'NONE',  ( -1.891663167769254139, 8.500000000000000000, 3.353223890482887271 ) ) ;
#3693 = FACE_OUTER_BOUND ( 'NONE', #1712, .T. ) ;
#3694 = DIRECTION ( 'NONE',  ( 0.000000000000000000, -1.000000000000000000, 0.000000000000000000 ) ) ;
#3695 = VECTOR ( 'NONE', #5374, 1000.000000000000000 ) ;
#3696 = AXIS2_PLACEMENT_3D ( 'NONE', #7697, #2067, #6268 ) ;
#3697 = ORIENTED_EDGE ( 'NONE', *, *, #5307, .T. ) ;
#3698 = EDGE_LOOP ( 'NONE', ( #7012, #7902, #7669, #9124 ) ) ;
#3699 = CARTESIAN_POINT ( 'NONE',  ( 3.399999999999998579, 0.000000000000000000, 0.000000000000000000 ) ) ;
#3700 = ORIENTED_EDGE ( 'NONE', *, *, #441, .T. ) ;
#3701 = ORIENTED_EDGE ( 'NONE', *, *, #3616, .F. ) ;
#3702 = FACE_OUTER_BOUND ( 'NONE', #1299, .T. ) ;
#3703 = VECTOR ( 'NONE', #7636, 1000.000000000000000 ) ;
#3704 = FACE_BOUND ( 'NONE', #7754, .T. ) ;
#3705 = LINE ( 'NONE', #5831, #56 ) ;
#3706 = CIRCLE ( 'NONE', #7688, 0.7999999999999999334 ) ;
#3707 = DIRECTION ( 'NONE',  ( 1.000000000000000000, 0.000000000000000000, 0.000000000000000000 ) ) ;
#3708 = CARTESIAN_POINT ( 'NONE',  ( -4.400000000000002132, -5.150000000000000355, 5.000000000000000000 ) ) ;
#3709 = DIRECTION ( 'NONE',  ( 0.000000000000000000, 0.000000000000000000, 1.000000000000000000 ) ) ;
#3710 = ORIENTED_EDGE ( 'NONE', *, *, #5024, .F. ) ;
#3711 = FACE_OUTER_BOUND ( 'NONE', #7546, .T. ) ;
#3712 = CIRCLE ( 'NONE', #6357, 0.6750000000000002665 ) ;
#3713 = ORIENTED_EDGE ( 'NONE', *, *, #7671, .F. ) ;
#3714 = CARTESIAN_POINT ( 'NONE',  ( -4.500000000000002665, 0.000000000000000000, 0.000000000000000000 ) ) ;
#3715 = ORIENTED_EDGE ( 'NONE', *, *, #4359, .T. ) ;
#3716 = EDGE_CURVE ( 'NONE', #2035, #7710, #7888, .T. ) ;
#3717 = DIRECTION ( 'NONE',  ( 0.000000000000000000, 0.000000000000000000, -1.000000000000000000 ) ) ;
#3718 = FACE_OUTER_BOUND ( 'NONE', #3357, .T. ) ;
#3719 = AXIS2_PLACEMENT_3D ( 'NONE', #5751, #7236, #1602 ) ;
#3720 = AXIS2_PLACEMENT_3D ( 'NONE', #373, #2360, #5164 ) ;
#3721 = DIRECTION ( 'NONE',  ( 0.000000000000000000, 0.000000000000000000, -1.000000000000000000 ) ) ;
#3722 = DIRECTION ( 'NONE',  ( -1.606225440719267599E-16, -1.000000000000000000, 1.018148511238954428E-16 ) ) ;
#3723 = CARTESIAN_POINT ( 'NONE',  ( 0.4999999999999981681, -0.6408712114635676249, 0.5000000000000000000 ) ) ;
#3724 = CIRCLE ( 'NONE', #191, 0.9000000000000002442 ) ;
#3725 = VERTEX_POINT ( 'NONE', #2351 ) ;
#3726 = CARTESIAN_POINT ( 'NONE',  ( 4.099999999999997868, 0.4500000000000040079, 2.500000000000000000 ) ) ;
#3727 = AXIS2_PLACEMENT_3D ( 'NONE', #4148, #2258, #2867 ) ;
#3728 = ADVANCED_FACE ( 'NONE', ( #5853 ), #6548, .T. ) ;
#3729 = DIRECTION ( 'NONE',  ( -1.000000000000000000, 2.491288438666612654E-16, 0.000000000000000000 ) ) ;
#3730 = EDGE_CURVE ( 'NONE', #3219, #6629, #6499, .T. ) ;
#3731 = EDGE_LOOP ( 'NONE', ( #2321, #2141, #5565, #1873 ) ) ;
#3732 = EDGE_CURVE ( 'NONE', #7156, #8273, #5648, .T. ) ;
#3733 = DIRECTION ( 'NONE',  ( 1.000000000000000000, 0.000000000000000000, 1.931541112668179645E-15 ) ) ;
#3734 = DIRECTION ( 'NONE',  ( 0.000000000000000000, 0.000000000000000000, -1.000000000000000000 ) ) ;
#3735 = VECTOR ( 'NONE', #7359, 1000.000000000000000 ) ;
#3736 = AXIS2_PLACEMENT_3D ( 'NONE', #6591, #1653, #7195 ) ;
#3737 = LINE ( 'NONE', #7292, #7010 ) ;
#3738 = ORIENTED_EDGE ( 'NONE', *, *, #7101, .F. ) ;
#3739 = ADVANCED_FACE ( 'NONE', ( #5153 ), #7291, .T. ) ;
#3740 = VERTEX_POINT ( 'NONE', #9029 ) ;
#3741 = VECTOR ( 'NONE', #5742, 1000.000000000000000 ) ;
#3742 = CARTESIAN_POINT ( 'NONE',  ( -4.500000000000002665, 4.349484536082479202, -4.900000000000009237 ) ) ;
#3743 = PLANE ( 'NONE',  #489 ) ;
#3744 = LINE ( 'NONE', #6464, #4890 ) ;
#3745 = CARTESIAN_POINT ( 'NONE',  ( -2.598076211353317344, 6.000000000000000000, 1.499999999999999112 ) ) ;
#3746 = VECTOR ( 'NONE', #737, 1000.000000000000000 ) ;
#3747 = VERTEX_POINT ( 'NONE', #5693 ) ;
#3748 = VERTEX_POINT ( 'NONE', #849 ) ;
#3749 = CARTESIAN_POINT ( 'NONE',  ( 3.250000000000001332, -6.699999999999999289, -1.349999999999999867 ) ) ;
#3750 = ORIENTED_EDGE ( 'NONE', *, *, #6486, .T. ) ;
#3751 = EDGE_LOOP ( 'NONE', ( #2310, #389, #4569, #2279 ) ) ;
#3752 = CARTESIAN_POINT ( 'NONE',  ( 4.064678695506496631, 0.4494845360824756830, -10.91811226151246039 ) ) ;
#3753 = FACE_OUTER_BOUND ( 'NONE', #8361, .T. ) ;
#3754 = DIRECTION ( 'NONE',  ( 0.000000000000000000, 0.000000000000000000, 1.000000000000000000 ) ) ;
#3755 = CARTESIAN_POINT ( 'NONE',  ( -4.854636593218676524E-17, 11.70000000000000462, -0.6000000000000000888 ) ) ;
#3756 = DIRECTION ( 'NONE',  ( 0.000000000000000000, -1.355252715606879803E-16, -1.000000000000000000 ) ) ;
#3757 = CARTESIAN_POINT ( 'NONE',  ( -4.900000000000000355, 4.349484536082479202, -4.300000000000009592 ) ) ;
#3758 = ORIENTED_EDGE ( 'NONE', *, *, #126, .T. ) ;
#3759 = CARTESIAN_POINT ( 'NONE',  ( -4.499999999999992006, -3.950515463917521508, -4.900000000000009237 ) ) ;
#3760 = CIRCLE ( 'NONE', #8474, 3.500000000000000000 ) ;
#3761 = LINE ( 'NONE', #6578, #749 ) ;
#3762 = VERTEX_POINT ( 'NONE', #7127 ) ;
#3763 = CARTESIAN_POINT ( 'NONE',  ( 0.000000000000000000, 8.500000000000000000, 0.000000000000000000 ) ) ;
#3764 = CARTESIAN_POINT ( 'NONE',  ( 2.324999999999999734, 3.649484536082479469, -1.600000000000000089 ) ) ;
#3765 = AXIS2_PLACEMENT_3D ( 'NONE', #22, #3657, #2188 ) ;
#3766 = FACE_OUTER_BOUND ( 'NONE', #361, .T. ) ;
#3767 = EDGE_CURVE ( 'NONE', #5248, #3230, #4090, .T. ) ;
#3768 = DIRECTION ( 'NONE',  ( -1.000000000000000000, 2.491288438666616105E-16, 0.000000000000000000 ) ) ;
#3769 = DIRECTION ( 'NONE',  ( 1.000000000000000000, -2.491288438666616105E-16, 0.000000000000000000 ) ) ;
#3770 = ORIENTED_EDGE ( 'NONE', *, *, #5257, .T. ) ;
#3771 = DIRECTION ( 'NONE',  ( -1.000000000000000000, 0.000000000000000000, 0.000000000000000000 ) ) ;
#3772 = LINE ( 'NONE', #6588, #6962 ) ;
#3773 = ORIENTED_EDGE ( 'NONE', *, *, #4237, .T. ) ;
#3774 = CARTESIAN_POINT ( 'NONE',  ( 0.000000000000000000, -2.050000000000001155, 0.000000000000000000 ) ) ;
#3775 = PLANE ( 'NONE',  #3736 ) ;
#3776 = AXIS2_PLACEMENT_3D ( 'NONE', #8460, #7773, #4083 ) ;
#3777 = ADVANCED_FACE ( 'NONE', ( #2715 ), #6433, .T. ) ;
#3778 = LINE ( 'NONE', #1655, #4186 ) ;
#3779 = ORIENTED_EDGE ( 'NONE', *, *, #2147, .T. ) ;
#3780 = EDGE_CURVE ( 'NONE', #1522, #7374, #890, .T. ) ;
#3781 = ORIENTED_EDGE ( 'NONE', *, *, #1265, .F. ) ;
#3782 = CARTESIAN_POINT ( 'NONE',  ( -3.000000000000000000, -4.750515463917523107, 0.4000000000000000222 ) ) ;
#3783 = FACE_OUTER_BOUND ( 'NONE', #5688, .T. ) ;
#3784 = LINE ( 'NONE', #1749, #7550 ) ;
#3785 = EDGE_CURVE ( 'NONE', #558, #1884, #8443, .T. ) ;
#3786 = DIRECTION ( 'NONE',  ( 0.000000000000000000, 0.000000000000000000, -1.000000000000000000 ) ) ;
#3787 = ADVANCED_FACE ( 'NONE', ( #4307 ), #2233, .F. ) ;
#3788 = ORIENTED_EDGE ( 'NONE', *, *, #4550, .T. ) ;
#3789 = EDGE_CURVE ( 'NONE', #6324, #4056, #8547, .T. ) ;
#3790 = EDGE_CURVE ( 'NONE', #1108, #3928, #7711, .T. ) ;
#3791 = EDGE_LOOP ( 'NONE', ( #4121, #4103, #5335, #4801 ) ) ;
#3792 = ORIENTED_EDGE ( 'NONE', *, *, #6028, .T. ) ;
#3793 = ORIENTED_EDGE ( 'NONE', *, *, #6557, .T. ) ;
#3794 = LINE ( 'NONE', #4665, #1827 ) ;
#3795 = CARTESIAN_POINT ( 'NONE',  ( 7.347880794884120229E-17, 13.00000000000000355, 0.6000000000000001998 ) ) ;
#3796 = DIRECTION ( 'NONE',  ( 0.000000000000000000, 0.000000000000000000, 1.000000000000000000 ) ) ;
#3797 = DIRECTION ( 'NONE',  ( 0.000000000000000000, 0.000000000000000000, 1.000000000000000000 ) ) ;
#3798 = DIRECTION ( 'NONE',  ( 4.321696539984586007E-32, 1.734723475976810053E-16, -1.000000000000000000 ) ) ;
#3799 = FACE_OUTER_BOUND ( 'NONE', #7932, .T. ) ;
#3800 = ORIENTED_EDGE ( 'NONE', *, *, #2165, .T. ) ;
#3801 = LINE ( 'NONE', #5181, #6360 ) ;
#3802 = DIRECTION ( 'NONE',  ( 0.000000000000000000, 0.000000000000000000, 1.000000000000000000 ) ) ;
#3803 = EDGE_LOOP ( 'NONE', ( #485, #4812, #8816, #5839, #4697, #6731, #5196, #6657, #7434, #7308, #8790, #3603 ) ) ;
#3804 = CARTESIAN_POINT ( 'NONE',  ( 2.599999999999999201, 3.338162607258091185E-15, -4.900000000000010125 ) ) ;
#3805 = DIRECTION ( 'NONE',  ( 0.000000000000000000, 3.614007241618349757E-16, -1.000000000000000000 ) ) ;
#3806 =( REPRESENTATION_RELATIONSHIP ('NONE','NONE', #1058, #2061 ) REPRESENTATION_RELATIONSHIP_WITH_TRANSFORMATION ( #6340 )SHAPE_REPRESENTATION_RELATIONSHIP( ) );
#3807 = CARTESIAN_POINT ( 'NONE',  ( 3.399999999999998579, 0.9500000000000038414, 0.5000000000000000000 ) ) ;
#3808 = AXIS2_PLACEMENT_3D ( 'NONE', #1110, #6735, #2493 ) ;
#3809 = DIRECTION ( 'NONE',  ( -0.7071067811865444641, 0.7071067811865505703, 0.000000000000000000 ) ) ;
#3810 = EDGE_LOOP ( 'NONE', ( #7849, #598, #4522, #3438 ) ) ;
#3811 = CARTESIAN_POINT ( 'NONE',  ( -4.500000000000002665, -1.550515463917520709, -8.691935007006808402E-15 ) ) ;
#3812 = VERTEX_POINT ( 'NONE', #6475 ) ;
#3813 = DIRECTION ( 'NONE',  ( -1.000000000000000000, 0.000000000000000000, 0.000000000000000000 ) ) ;
#3814 = ORIENTED_EDGE ( 'NONE', *, *, #66, .F. ) ;
#3815 = VECTOR ( 'NONE', #7755, 1000.000000000000000 ) ;
#3816 = DIRECTION ( 'NONE',  ( 0.000000000000000000, 0.000000000000000000, 1.000000000000000000 ) ) ;
#3817 = LINE ( 'NONE', #5204, #3912 ) ;
#3818 = EDGE_LOOP ( 'NONE', ( #1800, #4840, #1840, #5930 ) ) ;
#3819 = ORIENTED_EDGE ( 'NONE', *, *, #3187, .T. ) ;
#3820 = EDGE_CURVE ( 'NONE', #3642, #5460, #496, .T. ) ;
#3821 = DIRECTION ( 'NONE',  ( 0.000000000000000000, 0.000000000000000000, 1.000000000000000000 ) ) ;
#3822 = CARTESIAN_POINT ( 'NONE',  ( 0.000000000000000000, 11.70000000000000462, 0.000000000000000000 ) ) ;
#3823 = CARTESIAN_POINT ( 'NONE',  ( -1.750000000000000222, -5.549999999999999822, 1.000000000000000000 ) ) ;
#3824 = CARTESIAN_POINT ( 'NONE',  ( -4.598116167910875518, 0.4494845360824791802, -7.662869739802289359 ) ) ;
#3825 = EDGE_LOOP ( 'NONE', ( #4613, #6027, #4664, #2652 ) ) ;
#3826 = VECTOR ( 'NONE', #2950, 1000.000000000000000 ) ;
#3827 = EDGE_LOOP ( 'NONE', ( #4300, #6633, #4380, #2790, #1754, #6248, #1042 ) ) ;
#3828 = VERTEX_POINT ( 'NONE', #3405 ) ;
#3829 = ORIENTED_EDGE ( 'NONE', *, *, #524, .F. ) ;
#3830 = EDGE_CURVE ( 'NONE', #101, #376, #8294, .T. ) ;
#3831 = CARTESIAN_POINT ( 'NONE',  ( -4.500000000000003553, -3.950515463917520620, -5.300000000000009592 ) ) ;
#3832 = DIRECTION ( 'NONE',  ( -2.491288438666617091E-16, -1.000000000000000000, -3.559366888705205925E-31 ) ) ;
#3833 = ADVANCED_FACE ( 'NONE', ( #2977 ), #7865, .T. ) ;
#3834 = CARTESIAN_POINT ( 'NONE',  ( -3.400000000000001243, 0.9500000000000038414, 0.5000000000000000000 ) ) ;
#3835 = EDGE_CURVE ( 'NONE', #3567, #6208, #3705, .T. ) ;
#3836 = EDGE_CURVE ( 'NONE', #2367, #5761, #6235, .T. ) ;
#3837 = DIRECTION ( 'NONE',  ( 1.000000000000000000, 0.000000000000000000, 0.000000000000000000 ) ) ;
#3838 = VECTOR ( 'NONE', #1903, 1000.000000000000000 ) ;
#3839 = AXIS2_PLACEMENT_3D ( 'NONE', #92, #6448, #133 ) ;
#3840 = DIRECTION ( 'NONE',  ( -1.000000000000000000, -1.121588454295349533E-16, -0.000000000000000000 ) ) ;
#3841 = DIRECTION ( 'NONE',  ( 0.000000000000000000, -1.000000000000000000, 0.000000000000000000 ) ) ;
#3842 = ORIENTED_EDGE ( 'NONE', *, *, #7285, .T. ) ;
#3843 = FACE_OUTER_BOUND ( 'NONE', #4934, .T. ) ;
#3844 = VECTOR ( 'NONE', #1498, 1000.000000000000000 ) ;
#3845 = ORIENTED_EDGE ( 'NONE', *, *, #2953, .T. ) ;
#3846 = EDGE_CURVE ( 'NONE', #2873, #7319, #4028, .T. ) ;
#3847 = VECTOR ( 'NONE', #7638, 1000.000000000000000 ) ;
#3848 = DIRECTION ( 'NONE',  ( 0.000000000000000000, 0.000000000000000000, -1.000000000000000000 ) ) ;
#3849 = CARTESIAN_POINT ( 'NONE',  ( 4.500000000000002665, -3.950515463917520620, -4.299999999999999822 ) ) ;
#3850 = EDGE_CURVE ( 'NONE', #5195, #2014, #4317, .T. ) ;
#3852 = VECTOR ( 'NONE', #7302, 1000.000000000000000 ) ;
#3851 = DIRECTION ( 'NONE',  ( -0.000000000000000000, -0.000000000000000000, -1.000000000000000000 ) ) ;
#3853 = DIRECTION ( 'NONE',  ( 0.000000000000000000, 0.000000000000000000, 1.000000000000000000 ) ) ;
#3854 = EDGE_LOOP ( 'NONE', ( #8036, #3400, #2154, #5701 ) ) ;
#3855 = VERTEX_POINT ( 'NONE', #8643 ) ;
#3856 = DIRECTION ( 'NONE',  ( 0.000000000000000000, 0.000000000000000000, -1.000000000000000000 ) ) ;
#3857 = ORIENTED_EDGE ( 'NONE', *, *, #4841, .T. ) ;
#3858 = DIRECTION ( 'NONE',  ( 0.000000000000000000, 0.000000000000000000, -1.000000000000000000 ) ) ;
#3859 = VECTOR ( 'NONE', #8907, 1000.000000000000000 ) ;
#3860 = FACE_OUTER_BOUND ( 'NONE', #3052, .T. ) ;
#3861 = ORIENTED_EDGE ( 'NONE', *, *, #6882, .F. ) ;
#3862 = CARTESIAN_POINT ( 'NONE',  ( -4.499999999999989342, 1.449484536082479957, -5.800000000000008704 ) ) ;
#3863 = DIRECTION ( 'NONE',  ( -2.154044051295704582E-16, -0.000000000000000000, -1.000000000000000000 ) ) ;
#3864 = CIRCLE ( 'NONE', #1068, 3.500000000000000000 ) ;
#3865 = ORIENTED_EDGE ( 'NONE', *, *, #3095, .F. ) ;
#3866 = CARTESIAN_POINT ( 'NONE',  ( 4.399999999999998579, -5.949999999999998401, 0.000000000000000000 ) ) ;
#3867 = ORIENTED_EDGE ( 'NONE', *, *, #5245, .F. ) ;
#3868 = VECTOR ( 'NONE', #8671, 1000.000000000000000 ) ;
#3869 = ORIENTED_EDGE ( 'NONE', *, *, #5177, .T. ) ;
#3870 = VERTEX_POINT ( 'NONE', #2327 ) ;
#3871 = AXIS2_PLACEMENT_3D ( 'NONE', #4825, #7647, #1330 ) ;
#3872 = AXIS2_PLACEMENT_3D ( 'NONE', #6387, #759, #7215 ) ;
#3873 = DIRECTION ( 'NONE',  ( -0.000000000000000000, -0.000000000000000000, -1.000000000000000000 ) ) ;
#3874 = DIRECTION ( 'NONE',  ( -0.000000000000000000, -1.000000000000000000, -0.000000000000000000 ) ) ;
#3875 = LINE ( 'NONE', #1663, #4749 ) ;
#3876 = CARTESIAN_POINT ( 'NONE',  ( -5.421010862427522170E-16, 0.4500000000000033418, 0.5000000000000000000 ) ) ;
#3877 = EDGE_CURVE ( 'NONE', #7760, #239, #1830, .T. ) ;
#3878 = EDGE_LOOP ( 'NONE', ( #1117, #2065, #6079, #2412 ) ) ;
#3879 = AXIS2_PLACEMENT_3D ( 'NONE', #7364, #3813, #8058 ) ;
#3880 = ORIENTED_EDGE ( 'NONE', *, *, #919, .F. ) ;
#3881 = EDGE_LOOP ( 'NONE', ( #710, #1471, #3423, #6699 ) ) ;
#3882 = VERTEX_POINT ( 'NONE', #4135 ) ;
#3883 = CARTESIAN_POINT ( 'NONE',  ( 4.911598099521945926, -1.550515463917522485, -9.101887738487539181 ) ) ;
#3884 = CARTESIAN_POINT ( 'NONE',  ( 2.500000000000000000, -6.700000000000000178, 0.000000000000000000 ) ) ;
#3885 = FACE_OUTER_BOUND ( 'NONE', #1883, .T. ) ;
#3886 = CARTESIAN_POINT ( 'NONE',  ( 6.123233995818075408E-17, 13.19999999998344720, 0.4000000000132786226 ) ) ;
#3887 = CIRCLE ( 'NONE', #3309, 0.6500000000000000222 ) ;
#3888 = CIRCLE ( 'NONE', #9049, 0.7999999999999999334 ) ;
#3889 = CARTESIAN_POINT ( 'NONE',  ( -2.600000000000000533, 4.049484536082479380, -4.300000000000008704 ) ) ;
#3890 = CARTESIAN_POINT ( 'NONE',  ( 0.000000000000000000, 10.20000000000000107, -3.850000000000000089 ) ) ;
#3891 = EDGE_CURVE ( 'NONE', #7810, #4873, #7816, .T. ) ;
#3892 = VERTEX_POINT ( 'NONE', #3996 ) ;
#3893 = ADVANCED_FACE ( 'NONE', ( #7327 ), #8795, .T. ) ;
#3894 = EDGE_CURVE ( 'NONE', #6873, #5242, #3222, .T. ) ;
#3895 = FACE_OUTER_BOUND ( 'NONE', #6460, .T. ) ;
#3896 = ADVANCED_FACE ( 'NONE', ( #5977 ), #6678, .F. ) ;
#3897 = AXIS2_PLACEMENT_3D ( 'NONE', #7784, #7144, #3411 ) ;
#3898 = ORIENTED_EDGE ( 'NONE', *, *, #8931, .T. ) ;
#3899 = PLANE ( 'NONE',  #8894 ) ;
#3900 = FACE_OUTER_BOUND ( 'NONE', #5532, .T. ) ;
#3901 = CIRCLE ( 'NONE', #4787, 0.4000000000000001887 ) ;
#3902 = CARTESIAN_POINT ( 'NONE',  ( -4.500000000000002665, 1.349484536082479647, -0.6000000000000000888 ) ) ;
#3903 = EDGE_CURVE ( 'NONE', #4952, #3363, #6628, .T. ) ;
#3904 = CARTESIAN_POINT ( 'NONE',  ( -1.680513367352531873E-15, 0.4500000000000017875, 13.59999999999999964 ) ) ;
#3905 = PLANE ( 'NONE',  #2080 ) ;
#3906 = EDGE_CURVE ( 'NONE', #8690, #1668, #4904, .T. ) ;
#3907 = ORIENTED_EDGE ( 'NONE', *, *, #528, .F. ) ;
#3908 = CARTESIAN_POINT ( 'NONE',  ( 4.900000000000000355, 4.349484536082479202, -4.900000000000009237 ) ) ;
#3909 = DIRECTION ( 'NONE',  ( -0.7071067811865441310, -0.7071067811865507924, 0.000000000000000000 ) ) ;
#3910 = VECTOR ( 'NONE', #8917, 1000.000000000000000 ) ;
#3911 = DIRECTION ( 'NONE',  ( 1.794207403895423791E-16, -1.000000000000000000, 0.000000000000000000 ) ) ;
#3912 = VECTOR ( 'NONE', #8713, 1000.000000000000000 ) ;
#3913 = FACE_OUTER_BOUND ( 'NONE', #7609, .T. ) ;
#3914 = LINE ( 'NONE', #3959, #1951 ) ;
#3915 = EDGE_LOOP ( 'NONE', ( #6169, #2322, #3581, #110 ) ) ;
#3916 = DIRECTION ( 'NONE',  ( 0.000000000000000000, 0.000000000000000000, 1.000000000000000000 ) ) ;
#3917 = EDGE_LOOP ( 'NONE', ( #8077, #3143, #7561, #1994, #8193 ) ) ;
#3918 = EDGE_LOOP ( 'NONE', ( #6030, #1199, #7211, #6380, #3120, #4837, #604, #4078 ) ) ;
#3919 = ORIENTED_EDGE ( 'NONE', *, *, #5303, .F. ) ;
#3920 = VERTEX_POINT ( 'NONE', #8753 ) ;
#3921 = VERTEX_POINT ( 'NONE', #3135 ) ;
#3922 = CARTESIAN_POINT ( 'NONE',  ( 0.4999999999999987232, 2.950000000000003286, 0.5000000000000000000 ) ) ;
#3923 = DIRECTION ( 'NONE',  ( 0.000000000000000000, 0.000000000000000000, 1.000000000000000000 ) ) ;
#3924 = CARTESIAN_POINT ( 'NONE',  ( 2.600000000000000533, 6.000000000000000000, 1.500000000000000000 ) ) ;
#3925 = DIRECTION ( 'NONE',  ( -1.000000000000000000, 0.000000000000000000, 0.000000000000000000 ) ) ;
#3926 = ORIENTED_EDGE ( 'NONE', *, *, #4680, .T. ) ;
#3927 = VERTEX_POINT ( 'NONE', #3268 ) ;
#3928 = VERTEX_POINT ( 'NONE', #4644 ) ;
#3929 = EDGE_LOOP ( 'NONE', ( #3182, #936, #6409, #6713 ) ) ;
#3930 = FACE_OUTER_BOUND ( 'NONE', #5264, .T. ) ;
#3931 = APPLICATION_CONTEXT ( 'automotive_design' ) ;
#3932 = LINE ( 'NONE', #6744, #2297 ) ;
#3933 = CARTESIAN_POINT ( 'NONE',  ( 4.598116167910892393, -1.550515463917522041, -7.662869739802280478 ) ) ;
#3934 = ADVANCED_FACE ( 'NONE', ( #2577 ), #3951, .T. ) ;
#3935 = DIRECTION ( 'NONE',  ( 1.000000000000000000, 0.000000000000000000, 0.000000000000000000 ) ) ;
#3936 = LINE ( 'NONE', #3889, #8121 ) ;
#3937 = DIRECTION ( 'NONE',  ( 0.000000000000000000, 0.000000000000000000, -1.000000000000000000 ) ) ;
#3938 = ORIENTED_EDGE ( 'NONE', *, *, #2984, .F. ) ;
#3939 = ORIENTED_EDGE ( 'NONE', *, *, #6031, .T. ) ;
#3940 = DIRECTION ( 'NONE',  ( -1.419004388030920332E-16, -1.000000000000000000, 1.233521695418292426E-16 ) ) ;
#3941 = ORIENTED_EDGE ( 'NONE', *, *, #6539, .T. ) ;
#3942 = CARTESIAN_POINT ( 'NONE',  ( -1.900000000000001910, -4.200000000000000178, 0.1000000000000000056 ) ) ;
#3943 = LINE ( 'NONE', #3215, #2143 ) ;
#3944 = EDGE_CURVE ( 'NONE', #1815, #1301, #3442, .T. ) ;
#3945 = EDGE_CURVE ( 'NONE', #6823, #7210, #3003, .T. ) ;
#3946 = CARTESIAN_POINT ( 'NONE',  ( -1.900000000000001910, -4.200000000000000178, 0.000000000000000000 ) ) ;
#3947 = CARTESIAN_POINT ( 'NONE',  ( 4.500000000000003553, 4.349484536082478314, 0.000000000000000000 ) ) ;
#3948 = EDGE_LOOP ( 'NONE', ( #8177, #1032, #1607, #2608 ) ) ;
#3949 = EDGE_LOOP ( 'NONE', ( #1914, #6921, #1681, #353 ) ) ;
#3950 = FACE_OUTER_BOUND ( 'NONE', #8299, .T. ) ;
#3951 = PLANE ( 'NONE',  #1078 ) ;
#3952 = LINE ( 'NONE', #2578, #4486 ) ;
#3953 = EDGE_CURVE ( 'NONE', #3242, #5399, #2529, .T. ) ;
#3954 = CARTESIAN_POINT ( 'NONE',  ( 0.6499999999999984679, 0.4500000000000040634, 5.000000000000000000 ) ) ;
#3955 = EDGE_CURVE ( 'NONE', #5347, #4523, #8101, .T. ) ;
#3956 = AXIS2_PLACEMENT_3D ( 'NONE', #4292, #2220, #7110 ) ;
#3957 = ADVANCED_FACE ( 'NONE', ( #4685 ), #1918, .T. ) ;
#3958 = EDGE_CURVE ( 'NONE', #3920, #5322, #7414, .T. ) ;
#3959 = CARTESIAN_POINT ( 'NONE',  ( 1.980935939680744334E-16, 8.900000000000000355, -8.819695041044892934E-17 ) ) ;
#3960 = ORIENTED_EDGE ( 'NONE', *, *, #3529, .T. ) ;
#3961 = CARTESIAN_POINT ( 'NONE',  ( -2.599999999999993872, -3.950515463917521508, -4.300000000000008704 ) ) ;
#3962 = ORIENTED_EDGE ( 'NONE', *, *, #8805, .T. ) ;
#3963 = ORIENTED_EDGE ( 'NONE', *, *, #238, .F. ) ;
#3964 = ORIENTED_EDGE ( 'NONE', *, *, #8918, .T. ) ;
#3965 = PLANE ( 'NONE',  #8531 ) ;
#3966 = LINE ( 'NONE', #2731, #5638 ) ;
#3967 = VECTOR ( 'NONE', #8990, 1000.000000000000000 ) ;
#3968 = CARTESIAN_POINT ( 'NONE',  ( 4.900000000000000355, -3.950515463917521508, -4.299999999999999822 ) ) ;
#3969 = ORIENTED_EDGE ( 'NONE', *, *, #4811, .T. ) ;
#3970 = VERTEX_POINT ( 'NONE', #1831 ) ;
#3971 = ORIENTED_EDGE ( 'NONE', *, *, #3549, .F. ) ;
#3972 = ORIENTED_EDGE ( 'NONE', *, *, #6488, .F. ) ;
#3973 = DIRECTION ( 'NONE',  ( 2.491288438666617091E-16, 1.000000000000000000, 3.559366888705205925E-31 ) ) ;
#3974 = DIRECTION ( 'NONE',  ( 0.000000000000000000, 0.000000000000000000, 1.000000000000000000 ) ) ;
#3975 = DIRECTION ( 'NONE',  ( 1.000000000000000000, 0.000000000000000000, 0.000000000000000000 ) ) ;
#3976 = DIRECTION ( 'NONE',  ( 0.000000000000000000, 0.000000000000000000, 1.000000000000000000 ) ) ;
#3977 = CARTESIAN_POINT ( 'NONE',  ( 2.599999999999999201, 3.338162607258091185E-15, -5.300000000000009592 ) ) ;
#3978 = VECTOR ( 'NONE', #227, 1000.000000000000000 ) ;
#3979 = AXIS2_PLACEMENT_3D ( 'NONE', #1075, #477, #2508 ) ;
#3980 = ORIENTED_EDGE ( 'NONE', *, *, #3095, .T. ) ;
#3981 = EDGE_LOOP ( 'NONE', ( #951, #4106, #8827, #584 ) ) ;
#3982 = CARTESIAN_POINT ( 'NONE',  ( 0.7499999999999997780, -5.549999999999999822, 1.300000000000000266 ) ) ;
#3983 = ORIENTED_EDGE ( 'NONE', *, *, #364, .T. ) ;
#3984 = LINE ( 'NONE', #1683, #5062 ) ;
#3985 = AXIS2_PLACEMENT_3D ( 'NONE', #3255, #2611, #2565 ) ;
#3986 = CARTESIAN_POINT ( 'NONE',  ( -0.7967663502707702516, 11.70000000000000462, -1.604700010220583728 ) ) ;
#3987 = CARTESIAN_POINT ( 'NONE',  ( -2.324999999999999734, 3.649484536082479469, 0.000000000000000000 ) ) ;
#3988 = DIRECTION ( 'NONE',  ( 0.6427876096865376976, -0.7660444431189794567, 0.000000000000000000 ) ) ;
#3989 = CARTESIAN_POINT ( 'NONE',  ( 4.500000000000001776, 0.000000000000000000, 0.4000000000000000222 ) ) ;
#3990 = AXIS2_PLACEMENT_3D ( 'NONE', #5649, #9069, #2753 ) ;
#3991 = EDGE_CURVE ( 'NONE', #6106, #4063, #1735, .T. ) ;
#3992 = AXIS2_PLACEMENT_3D ( 'NONE', #1930, #7650, #4875 ) ;
#3993 = ORIENTED_EDGE ( 'NONE', *, *, #13, .T. ) ;
#3994 = EDGE_LOOP ( 'NONE', ( #3701, #8403, #2685, #67 ) ) ;
#3995 = CARTESIAN_POINT ( 'NONE',  ( 4.500000000000002665, -1.550515463917522041, 0.000000000000000000 ) ) ;
#3996 = CARTESIAN_POINT ( 'NONE',  ( 0.4499999999999991229, -3.020950878361716274, 2.500000000000000000 ) ) ;
#3997 = DIRECTION ( 'NONE',  ( 8.850629979473506011E-17, 1.000000000000000000, 0.000000000000000000 ) ) ;
#3998 = CIRCLE ( 'NONE', #2828, 0.9000000000000002442 ) ;
#3999 = LINE ( 'NONE', #2580, #1901 ) ;
#4000 = VECTOR ( 'NONE', #1231, 1000.000000000000000 ) ;
#4001 = FACE_OUTER_BOUND ( 'NONE', #4671, .T. ) ;
#4002 = VERTEX_POINT ( 'NONE', #7461 ) ;
#4003 = LINE ( 'NONE', #1195, #6108 ) ;
#4004 = DIRECTION ( 'NONE',  ( 0.000000000000000000, 0.7071067811865464625, 0.7071067811865486830 ) ) ;
#4005 = EDGE_CURVE ( 'NONE', #689, #4603, #2410, .T. ) ;
#4006 = CIRCLE ( 'NONE', #6811, 1.200000000000002176 ) ;
#4007 = EDGE_CURVE ( 'NONE', #456, #5559, #7501, .T. ) ;
#4008 = ORIENTED_EDGE ( 'NONE', *, *, #7507, .F. ) ;
#4009 = EDGE_CURVE ( 'NONE', #7710, #8581, #2123, .T. ) ;
#4010 = ORIENTED_EDGE ( 'NONE', *, *, #4526, .F. ) ;
#4011 = CARTESIAN_POINT ( 'NONE',  ( 4.900000000000000355, 4.049484536082480268, -4.900000000000009237 ) ) ;
#4012 = CARTESIAN_POINT ( 'NONE',  ( 0.6700000000000002620, 10.90000000000000036, -0.6000000000000000888 ) ) ;
#4013 = VECTOR ( 'NONE', #3863, 1000.000000000000000 ) ;
#4014 = VECTOR ( 'NONE', #4667, 1000.000000000000000 ) ;
#4015 = FACE_OUTER_BOUND ( 'NONE', #6347, .T. ) ;
#4016 = EDGE_CURVE ( 'NONE', #8210, #8520, #33, .T. ) ;
#4017 = VERTEX_POINT ( 'NONE', #8470 ) ;
#4018 = ORIENTED_EDGE ( 'NONE', *, *, #2216, .T. ) ;
#4019 = CIRCLE ( 'NONE', #6228, 0.4000000000000001887 ) ;
#4020 = VECTOR ( 'NONE', #6423, 1000.000000000000000 ) ;
#4021 = ORIENTED_EDGE ( 'NONE', *, *, #3505, .F. ) ;
#4022 = ORIENTED_EDGE ( 'NONE', *, *, #1421, .F. ) ;
#4023 = DIRECTION ( 'NONE',  ( 0.8778780114862311246, -2.187047340575287658E-16, 0.4788843252278996987 ) ) ;
#4024 = DIRECTION ( 'NONE',  ( 1.931541112668179251E-15, 0.000000000000000000, -1.000000000000000000 ) ) ;
#4025 = LINE ( 'NONE', #6840, #4303 ) ;
#4026 = CARTESIAN_POINT ( 'NONE',  ( 4.500000000000002665, 1.449484536082478625, -5.900000000000000355 ) ) ;
#4027 = FACE_OUTER_BOUND ( 'NONE', #3825, .T. ) ;
#4028 = CIRCLE ( 'NONE', #5790, 0.6500000000000000222 ) ;
#4029 = VERTEX_POINT ( 'NONE', #720 ) ;
#4030 = DIRECTION ( 'NONE',  ( 0.000000000000000000, 0.000000000000000000, 1.000000000000000000 ) ) ;
#4031 = VERTEX_POINT ( 'NONE', #685 ) ;
#4032 = CARTESIAN_POINT ( 'NONE',  ( -4.500000000000003553, -5.950515463917520620, 0.4000000000000000222 ) ) ;
#4033 = VECTOR ( 'NONE', #7876, 1000.000000000000000 ) ;
#4034 = CARTESIAN_POINT ( 'NONE',  ( 0.000000000000000000, -0.5505154639175203757, 0.4000000000000001887 ) ) ;
#4035 = CARTESIAN_POINT ( 'NONE',  ( 4.500000000000002665, -3.540251991789402774E-17, -5.800000000000000711 ) ) ;
#4036 = CARTESIAN_POINT ( 'NONE',  ( 4.500000000000002665, -1.550515463917522263, -5.800000000000000711 ) ) ;
#4038 = DIRECTION ( 'NONE',  ( 0.000000000000000000, 1.000000000000000000, 0.000000000000000000 ) ) ;
#4037 = VECTOR ( 'NONE', #7466, 1000.000000000000000 ) ;
#4039 = AXIS2_PLACEMENT_3D ( 'NONE', #1905, #6938, #5511 ) ;
#4040 = ORIENTED_EDGE ( 'NONE', *, *, #5141, .T. ) ;
#4041 = ORIENTED_EDGE ( 'NONE', *, *, #8746, .F. ) ;
#4042 = DIRECTION ( 'NONE',  ( 1.000000000000000000, 0.000000000000000000, 1.931541112668179645E-15 ) ) ;
#4043 = LINE ( 'NONE', #6858, #500 ) ;
#4044 = FILL_AREA_STYLE_COLOUR ( '', #6696 ) ;
#4045 = AXIS2_PLACEMENT_3D ( 'NONE', #6720, #3217, #1912 ) ;
#4046 = VECTOR ( 'NONE', #5978, 1000.000000000000000 ) ;
#4047 = CARTESIAN_POINT ( 'NONE',  ( 0.4710170047248282144, 8.900000000000000355, 0.2824361629302609145 ) ) ;
#4048 = EDGE_CURVE ( 'NONE', #8942, #4335, #9041, .T. ) ;
#4049 = FACE_OUTER_BOUND ( 'NONE', #4304, .T. ) ;
#4050 = ORIENTED_EDGE ( 'NONE', *, *, #6216, .F. ) ;
#4051 = FACE_BOUND ( 'NONE', #6131, .T. ) ;
#4052 = CARTESIAN_POINT ( 'NONE',  ( 4.500000000000001776, -5.950515463917520620, 0.4000000000000021871 ) ) ;
#4053 = ORIENTED_EDGE ( 'NONE', *, *, #4298, .F. ) ;
#4054 = VECTOR ( 'NONE', #5051, 1000.000000000000000 ) ;
#4055 = VERTEX_POINT ( 'NONE', #8374 ) ;
#4056 = VERTEX_POINT ( 'NONE', #6955 ) ;
#4057 = CARTESIAN_POINT ( 'NONE',  ( 4.500000000000002665, 2.849484536082478758, -4.900000000000009237 ) ) ;
#4058 = DIRECTION ( 'NONE',  ( 0.000000000000000000, 0.000000000000000000, -1.000000000000000000 ) ) ;
#4059 = EDGE_CURVE ( 'NONE', #1009, #5151, #2062, .T. ) ;
#4060 = AXIS2_PLACEMENT_3D ( 'NONE', #4859, #7590, #2654 ) ;
#4061 = DIRECTION ( 'NONE',  ( 0.000000000000000000, 0.000000000000000000, 1.000000000000000000 ) ) ;
#4062 = EDGE_CURVE ( 'NONE', #7166, #5437, #3403, .T. ) ;
#4063 = VERTEX_POINT ( 'NONE', #8285 ) ;
#4064 = ORIENTED_EDGE ( 'NONE', *, *, #7174, .T. ) ;
#4065 = ORIENTED_EDGE ( 'NONE', *, *, #6598, .F. ) ;
#4066 = ORIENTED_EDGE ( 'NONE', *, *, #633, .F. ) ;
#4067 = CARTESIAN_POINT ( 'NONE',  ( 1.750000000000000000, -5.549999999999998934, 1.000000000000000000 ) ) ;
#4068 = DIRECTION ( 'NONE',  ( 0.000000000000000000, 0.000000000000000000, 1.000000000000000000 ) ) ;
#4069 = LINE ( 'NONE', #1166, #1506 ) ;
#4070 = EDGE_CURVE ( 'NONE', #2554, #1580, #1673, .T. ) ;
#4071 = DIRECTION ( 'NONE',  ( -1.931541112668179251E-15, 0.000000000000000000, 1.000000000000000000 ) ) ;
#4072 = EDGE_CURVE ( 'NONE', #6777, #3144, #2268, .T. ) ;
#4073 = DIRECTION ( 'NONE',  ( 1.085300408096357451E-16, 1.000000000000000000, 0.000000000000000000 ) ) ;
#4074 = EDGE_CURVE ( 'NONE', #5521, #7444, #6998, .T. ) ;
#4075 = EDGE_CURVE ( 'NONE', #2198, #2048, #587, .T. ) ;
#4076 = ORIENTED_EDGE ( 'NONE', *, *, #5190, .F. ) ;
#4077 = LINE ( 'NONE', #6887, #8557 ) ;
#4078 = ORIENTED_EDGE ( 'NONE', *, *, #8396, .F. ) ;
#4079 = ORIENTED_EDGE ( 'NONE', *, *, #3830, .F. ) ;
#4080 = FACE_OUTER_BOUND ( 'NONE', #4207, .T. ) ;
#4081 = DIRECTION ( 'NONE',  ( -0.000000000000000000, -1.000000000000000000, -0.000000000000000000 ) ) ;
#4082 = CARTESIAN_POINT ( 'NONE',  ( 0.000000000000000000, 10.20000000000000107, 0.000000000000000000 ) ) ;
#4083 = DIRECTION ( 'NONE',  ( 0.000000000000000000, -2.168404344971008868E-16, -1.000000000000000000 ) ) ;
#4084 = PRODUCT_CONTEXT ( 'NONE', #2519, 'mechanical' ) ;
#4085 = DIRECTION ( 'NONE',  ( 5.782411586589350145E-15, -1.000000000000000000, 0.000000000000000000 ) ) ;
#4086 = ORIENTED_EDGE ( 'NONE', *, *, #6218, .F. ) ;
#4087 = VERTEX_POINT ( 'NONE', #4182 ) ;
#4088 = DIRECTION ( 'NONE',  ( 0.000000000000000000, 0.000000000000000000, 1.000000000000000000 ) ) ;
#4089 = DIRECTION ( 'NONE',  ( -0.000000000000000000, -1.000000000000000000, -0.000000000000000000 ) ) ;
#4090 = LINE ( 'NONE', #808, #648 ) ;
#4091 = CARTESIAN_POINT ( 'NONE',  ( 4.500000000000002665, 2.849484536082478758, -4.299999999999999822 ) ) ;
#4092 = CARTESIAN_POINT ( 'NONE',  ( -5.238893727143770107, -1.550515463917520709, -8.400000000000009237 ) ) ;
#4093 = EDGE_LOOP ( 'NONE', ( #97, #1242, #972, #751, #6528 ) ) ;
#4094 = CARTESIAN_POINT ( 'NONE',  ( -4.500000000000003553, -3.950515463917520620, -4.900000000000009237 ) ) ;
#4095 = AXIS2_PLACEMENT_3D ( 'NONE', #1499, #5042, #763 ) ;
#4096 = ORIENTED_EDGE ( 'NONE', *, *, #405, .F. ) ;
#4097 = ORIENTED_EDGE ( 'NONE', *, *, #1369, .T. ) ;
#4098 = AXIS2_PLACEMENT_3D ( 'NONE', #7994, #4487, #7310 ) ;
#4099 = DIRECTION ( 'NONE',  ( 2.491288438666609203E-16, 1.000000000000000000, 3.614007241618352715E-16 ) ) ;
#4100 = CARTESIAN_POINT ( 'NONE',  ( 0.000000000000000000, -6.400000000000000355, -5.750000000000000000 ) ) ;
#4101 = CARTESIAN_POINT ( 'NONE',  ( 0.000000000000000000, 0.000000000000000000, 0.1000000000000000056 ) ) ;
#4102 = FACE_OUTER_BOUND ( 'NONE', #2184, .T. ) ;
#4103 = ORIENTED_EDGE ( 'NONE', *, *, #559, .T. ) ;
#4104 = AXIS2_PLACEMENT_3D ( 'NONE', #7983, #3821, #3054 ) ;
#4105 = ADVANCED_FACE ( 'NONE', ( #1417 ), #4821, .T. ) ;
#4106 = ORIENTED_EDGE ( 'NONE', *, *, #1702, .T. ) ;
#4107 = ORIENTED_EDGE ( 'NONE', *, *, #2895, .F. ) ;
#4108 = VERTEX_POINT ( 'NONE', #7598 ) ;
#4109 = DIRECTION ( 'NONE',  ( -1.000000000000000000, 0.000000000000000000, 0.000000000000000000 ) ) ;
#4110 = CARTESIAN_POINT ( 'NONE',  ( 5.238893727143787871, -1.550515463917522041, -8.400000000000000355 ) ) ;
#4111 = LINE ( 'NONE', #1351, #7406 ) ;
#4112 = VECTOR ( 'NONE', #2124, 1000.000000000000000 ) ;
#4113 = CARTESIAN_POINT ( 'NONE',  ( -3.675000000000000266, -4.750515463917523107, -1.600000000000000089 ) ) ;
#4114 = DIRECTION ( 'NONE',  ( 0.000000000000000000, 1.000000000000000000, 0.000000000000000000 ) ) ;
#4115 = VERTEX_POINT ( 'NONE', #1236 ) ;
#4116 = EDGE_LOOP ( 'NONE', ( #732, #9114, #3960, #3907, #5398, #3865, #1324 ) ) ;
#4117 = EDGE_CURVE ( 'NONE', #8817, #4495, #4043, .T. ) ;
#4118 = ORIENTED_EDGE ( 'NONE', *, *, #5546, .F. ) ;
#4119 = CARTESIAN_POINT ( 'NONE',  ( -1.734723475976807094E-15, 0.4500000000000040079, 2.500000000000000000 ) ) ;
#4120 = EDGE_CURVE ( 'NONE', #111, #7791, #1376, .T. ) ;
#4121 = ORIENTED_EDGE ( 'NONE', *, *, #118, .F. ) ;
#4122 = ADVANCED_FACE ( 'NONE', ( #7643 ), #6399, .T. ) ;
#4123 = DIRECTION ( 'NONE',  ( -3.614007241618346306E-16, -1.000000000000000000, 0.000000000000000000 ) ) ;
#4124 = LINE ( 'NONE', #6988, #1700 ) ;
#4125 = VECTOR ( 'NONE', #3976, 1000.000000000000000 ) ;
#4126 = CARTESIAN_POINT ( 'NONE',  ( 3.250000000000001332, -6.700000000000000178, 1.000000000000000000 ) ) ;
#4127 = CARTESIAN_POINT ( 'NONE',  ( -5.708436666169077967, 0.4494845360824796243, -8.330000000000008953 ) ) ;
#4128 = ADVANCED_FACE ( 'NONE', ( #4133 ), #6164, .T. ) ;
#4129 = ORIENTED_EDGE ( 'NONE', *, *, #1245, .T. ) ;
#4130 = EDGE_LOOP ( 'NONE', ( #3278, #8988, #2491, #6934 ) ) ;
#4131 = CARTESIAN_POINT ( 'NONE',  ( -4.400000000000002132, 0.000000000000000000, 0.1000000000000000056 ) ) ;
#4132 = VECTOR ( 'NONE', #2302, 1000.000000000000000 ) ;
#4133 = FACE_OUTER_BOUND ( 'NONE', #4886, .T. ) ;
#4134 =( NAMED_UNIT ( * ) PLANE_ANGLE_UNIT ( ) SI_UNIT ( $, .RADIAN. ) );
#4135 = CARTESIAN_POINT ( 'NONE',  ( -0.3999999999999998002, -6.699999999999999289, -1.349999999999999867 ) ) ;
#4136 = PRODUCT_DEFINITION ( 'UNKNOWN', '', #4345, #8441 ) ;
#4138 = CIRCLE ( 'NONE', #2078, 0.4000000000000001887 ) ;
#4137 = CARTESIAN_POINT ( 'NONE',  ( 7.347880794884120229E-17, 13.19999999999999929, 0.6000000000000001998 ) ) ;
#4139 = VECTOR ( 'NONE', #5146, 1000.000000000000000 ) ;
#4140 = VERTEX_POINT ( 'NONE', #8421 ) ;
#4141 = DIRECTION ( 'NONE',  ( -1.776356839400250465E-15, 0.000000000000000000, -1.000000000000000000 ) ) ;
#4142 = ORIENTED_EDGE ( 'NONE', *, *, #5265, .F. ) ;
#4143 = ORIENTED_EDGE ( 'NONE', *, *, #8120, .T. ) ;
#4144 = ORIENTED_EDGE ( 'NONE', *, *, #4235, .F. ) ;
#4145 = AXIS2_PLACEMENT_3D ( 'NONE', #3250, #5178, #3164 ) ;
#4146 = AXIS2_PLACEMENT_3D ( 'NONE', #716, #3580, #78 ) ;
#4147 = CARTESIAN_POINT ( 'NONE',  ( -3.400000000000003464, -2.050000000000000711, 0.5000000000000000000 ) ) ;
#4148 = CARTESIAN_POINT ( 'NONE',  ( -3.000000000000000000, -4.750515463917523107, -1.600000000000000089 ) ) ;
#4149 = DIRECTION ( 'NONE',  ( 1.000000000000000000, 0.000000000000000000, 0.000000000000000000 ) ) ;
#4150 = CARTESIAN_POINT ( 'NONE',  ( 4.399999999999998579, 5.950000000000003730, 5.000000000000000000 ) ) ;
#4151 = AXIS2_PLACEMENT_3D ( 'NONE', #6844, #617, #527 ) ;
#4152 = VERTEX_POINT ( 'NONE', #3496 ) ;
#4153 = ORIENTED_EDGE ( 'NONE', *, *, #196, .T. ) ;
#4154 = VERTEX_POINT ( 'NONE', #9078 ) ;
#4155 = DIRECTION ( 'NONE',  ( 1.000000000000000000, 0.000000000000000000, 0.000000000000000000 ) ) ;
#4156 = AXIS2_PLACEMENT_3D ( 'NONE', #930, #8493, #3649 ) ;
#4157 = VECTOR ( 'NONE', #3159, 1000.000000000000000 ) ;
#4158 = PLANE ( 'NONE',  #575 ) ;
#4159 = CARTESIAN_POINT ( 'NONE',  ( 4.500000000000003553, 4.849484536082480091, 0.4000000000000000222 ) ) ;
#4160 = CARTESIAN_POINT ( 'NONE',  ( -1.734723475976807094E-15, 0.4500000000000040079, 1.800000000000000711 ) ) ;
#4161 = EDGE_CURVE ( 'NONE', #2354, #6886, #6302, .T. ) ;
#4162 = DIRECTION ( 'NONE',  ( 1.000000000000000000, 0.000000000000000000, 1.931541112668179645E-15 ) ) ;
#4163 = ORIENTED_EDGE ( 'NONE', *, *, #2712, .T. ) ;
#4164 = ORIENTED_EDGE ( 'NONE', *, *, #1371, .F. ) ;
#4165 = VECTOR ( 'NONE', #1794, 1000.000000000000000 ) ;
#4166 = VERTEX_POINT ( 'NONE', #2107 ) ;
#4167 = CARTESIAN_POINT ( 'NONE',  ( -4.499999999999986677, -1.550515463917520709, -5.800000000000009592 ) ) ;
#4168 = ORIENTED_EDGE ( 'NONE', *, *, #3080, .F. ) ;
#4169 = CARTESIAN_POINT ( 'NONE',  ( -0.3999999999999999667, -6.400000000000000355, -5.750000000000000000 ) ) ;
#4170 = CARTESIAN_POINT ( 'NONE',  ( 4.500000000000002665, -2.450515463917521508, -0.5999999999999909850 ) ) ;
#4171 = AXIS2_PLACEMENT_3D ( 'NONE', #6853, #5973, #1727 ) ;
#4172 = AXIS2_PLACEMENT_3D ( 'NONE', #1781, #5287, #8841 ) ;
#4173 = EDGE_CURVE ( 'NONE', #3373, #516, #7867, .T. ) ;
#4174 = CARTESIAN_POINT ( 'NONE',  ( -0.4999999999999997780, 11.70000000000000462, 1.500000000000000000 ) ) ;
#4175 = DIRECTION ( 'NONE',  ( 0.000000000000000000, 0.000000000000000000, 1.000000000000000000 ) ) ;
#4176 = EDGE_CURVE ( 'NONE', #3882, #153, #2243, .T. ) ;
#4177 = EDGE_CURVE ( 'NONE', #4458, #5952, #3630, .T. ) ;
#4178 = CARTESIAN_POINT ( 'NONE',  ( 4.900000000000001243, -3.550515463917521153, -5.900000000000000355 ) ) ;
#4179 = VERTEX_POINT ( 'NONE', #4265 ) ;
#4180 = DIRECTION ( 'NONE',  ( 0.000000000000000000, -1.000000000000000000, 0.000000000000000000 ) ) ;
#4181 = VECTOR ( 'NONE', #1634, 1000.000000000000000 ) ;
#4182 = CARTESIAN_POINT ( 'NONE',  ( -0.7967663502707702516, 11.70000000000000462, -2.404700010220583106 ) ) ;
#4183 = CARTESIAN_POINT ( 'NONE',  ( 3.399999999999998579, 2.950000000000003286, 0.5000000000000000000 ) ) ;
#4184 = ADVANCED_BREP_SHAPE_REPRESENTATION ( '', ( #5206, #804 ), #665 ) ;
#4185 = ADVANCED_FACE ( 'NONE', ( #2900 ), #3669, .T. ) ;
#4186 = VECTOR ( 'NONE', #5942, 1000.000000000000000 ) ;
#4187 = VECTOR ( 'NONE', #1033, 1000.000000000000000 ) ;
#4188 = DIRECTION ( 'NONE',  ( 0.000000000000000000, 0.000000000000000000, -1.000000000000000000 ) ) ;
#4189 = EDGE_CURVE ( 'NONE', #5761, #1665, #7566, .T. ) ;
#4190 = EDGE_CURVE ( 'NONE', #1618, #1515, #6400, .T. ) ;
#4191 = ORIENTED_EDGE ( 'NONE', *, *, #3850, .F. ) ;
#4192 = PLANE ( 'NONE',  #1100 ) ;
#4193 = DIRECTION ( 'NONE',  ( -1.000000000000000000, -1.971276677246371519E-16, 0.000000000000000000 ) ) ;
#4194 = ORIENTED_EDGE ( 'NONE', *, *, #7747, .F. ) ;
#4195 = ORIENTED_EDGE ( 'NONE', *, *, #2984, .T. ) ;
#4196 = AXIS2_PLACEMENT_3D ( 'NONE', #7006, #4922, #6308 ) ;
#4197 = EDGE_LOOP ( 'NONE', ( #7766, #8555, #3047, #3697 ) ) ;
#4198 = DIRECTION ( 'NONE',  ( 0.000000000000000000, 0.000000000000000000, 1.000000000000000000 ) ) ;
#4199 = DIRECTION ( 'NONE',  ( 0.000000000000000000, 0.000000000000000000, 1.000000000000000000 ) ) ;
#4200 = EDGE_CURVE ( 'NONE', #1437, #5996, #819, .T. ) ;
#4201 = DIRECTION ( 'NONE',  ( 1.000000000000000000, 0.000000000000000000, 0.000000000000000000 ) ) ;
#4202 = CARTESIAN_POINT ( 'NONE',  ( 4.399999999999998579, 0.000000000000000000, 0.000000000000000000 ) ) ;
#4203 = AXIS2_PLACEMENT_3D ( 'NONE', #3904, #1180, #3988 ) ;
#4204 =( GEOMETRIC_REPRESENTATION_CONTEXT ( 3 ) GLOBAL_UNCERTAINTY_ASSIGNED_CONTEXT ( ( #6750 ) ) GLOBAL_UNIT_ASSIGNED_CONTEXT ( ( #4822, #4134, #2110 ) ) REPRESENTATION_CONTEXT ( 'NONE', 'WORKASPACE' ) );
#4205 = EDGE_LOOP ( 'NONE', ( #8160, #8341, #2628, #1550 ) ) ;
#4206 = ORIENTED_EDGE ( 'NONE', *, *, #3221, .T. ) ;
#4207 = EDGE_LOOP ( 'NONE', ( #901, #2091, #5904, #2696 ) ) ;
#4208 = CIRCLE ( 'NONE', #3765, 0.4000000000000001887 ) ;
#4209 = CARTESIAN_POINT ( 'NONE',  ( 2.600000000000000533, -3.950515463917521508, -4.299999999999999822 ) ) ;
#4210 = CARTESIAN_POINT ( 'NONE',  ( -3.400000000000001243, 2.950000000000003286, 0.5000000000000000000 ) ) ;
#4211 = CIRCLE ( 'NONE', #3478, 0.6750000000000002665 ) ;
#4212 = CIRCLE ( 'NONE', #9072, 3.300000000000000266 ) ;
#4213 = CARTESIAN_POINT ( 'NONE',  ( -5.259901047426943421, -1.550515463917520487, -9.291887738487545789 ) ) ;
#4214 = LINE ( 'NONE', #2785, #7980 ) ;
#4215 = ORIENTED_EDGE ( 'NONE', *, *, #8733, .T. ) ;
#4216 = CARTESIAN_POINT ( 'NONE',  ( 3.250000000000001332, -5.549999999999998934, 1.300000000000000266 ) ) ;
#4217 = EDGE_LOOP ( 'NONE', ( #7769, #886, #1313, #8038, #3612, #8489, #284, #8807 ) ) ;
#4218 = EDGE_CURVE ( 'NONE', #8306, #8107, #8655, .T. ) ;
#4219 = DIRECTION ( 'NONE',  ( 8.850629979473506011E-17, 1.000000000000000000, 0.000000000000000000 ) ) ;
#4220 = DIRECTION ( 'NONE',  ( 0.000000000000000000, 0.000000000000000000, 1.000000000000000000 ) ) ;
#4221 = LINE ( 'NONE', #1365, #170 ) ;
#4222 = FACE_OUTER_BOUND ( 'NONE', #1849, .T. ) ;
#4223 = CARTESIAN_POINT ( 'NONE',  ( 4.500000000000002665, 1.449484536082478625, -5.800000000000000711 ) ) ;
#4224 = ORIENTED_EDGE ( 'NONE', *, *, #7560, .T. ) ;
#4225 = DIRECTION ( 'NONE',  ( -1.000000000000000000, -0.000000000000000000, -0.000000000000000000 ) ) ;
#4226 = EDGE_CURVE ( 'NONE', #8218, #3425, #7920, .T. ) ;
#4227 = DIRECTION ( 'NONE',  ( -1.000000000000000000, 0.000000000000000000, 0.000000000000000000 ) ) ;
#4228 = DIRECTION ( 'NONE',  ( 0.000000000000000000, 0.000000000000000000, -1.000000000000000000 ) ) ;
#4229 = CARTESIAN_POINT ( 'NONE',  ( 0.5000000000000002220, 11.50000000000000000, 1.500000000000000000 ) ) ;
#4230 = ORIENTED_EDGE ( 'NONE', *, *, #5124, .T. ) ;
#4231 = CARTESIAN_POINT ( 'NONE',  ( -3.400000000000003464, -0.05202383709185157135, 0.5000000000000000000 ) ) ;
#4232 = CARTESIAN_POINT ( 'NONE',  ( -5.259901047426943421, 0.4494845360824796798, -9.291887738487545789 ) ) ;
#4233 = ORIENTED_EDGE ( 'NONE', *, *, #2163, .T. ) ;
#4234 = PLANE ( 'NONE',  #6207 ) ;
#4235 = EDGE_CURVE ( 'NONE', #4935, #4166, #770, .T. ) ;
#4236 = EDGE_LOOP ( 'NONE', ( #4389, #3189, #4775, #4683, #1298, #8887, #6017, #1628, #1312, #9034, #2483, #5451, #6772, #6729, #6151, #2896, #2971, #1591, #46, #5266, #8123, #6289, #297, #682, #198, #3335, #3228, #768 ) ) ;
#4237 = EDGE_CURVE ( 'NONE', #1021, #7470, #1595, .T. ) ;
#4238 = ORIENTED_EDGE ( 'NONE', *, *, #3903, .T. ) ;
#4239 = ADVANCED_FACE ( 'NONE', ( #5048 ), #84, .T. ) ;
#4240 = ADVANCED_FACE ( 'NONE', ( #6483 ), #7827, .T. ) ;
#4241 = DIRECTION ( 'NONE',  ( 0.000000000000000000, 1.000000000000000000, 0.000000000000000000 ) ) ;
#4242 = CARTESIAN_POINT ( 'NONE',  ( 0.5000000000000005551, 11.50000000000000000, 2.299999999999999822 ) ) ;
#4243 = CARTESIAN_POINT ( 'NONE',  ( 0.000000000000000000, 10.20000000000000107, 0.000000000000000000 ) ) ;
#4244 = CARTESIAN_POINT ( 'NONE',  ( -2.350000000000001865, 4.650000000000003908, 5.599999999999999645 ) ) ;
#4245 = ORIENTED_EDGE ( 'NONE', *, *, #1436, .T. ) ;
#4246 = EDGE_CURVE ( 'NONE', #4603, #6777, #5789, .T. ) ;
#4247 = ORIENTED_EDGE ( 'NONE', *, *, #7343, .T. ) ;
#4248 = DIRECTION ( 'NONE',  ( 1.000000000000000000, -2.491288438666602300E-16, -1.800706891660234982E-31 ) ) ;
#4249 = DIRECTION ( 'NONE',  ( -0.000000000000000000, -0.000000000000000000, -1.000000000000000000 ) ) ;
#4250 = DIRECTION ( 'NONE',  ( -0.000000000000000000, -0.000000000000000000, -1.000000000000000000 ) ) ;
#4251 = DIRECTION ( 'NONE',  ( 1.000000000000000000, 0.000000000000000000, 0.000000000000000000 ) ) ;
#4252 = VERTEX_POINT ( 'NONE', #7273 ) ;
#4253 = PLANE ( 'NONE',  #8995 ) ;
#4254 = VERTEX_POINT ( 'NONE', #5100 ) ;
#4255 = CARTESIAN_POINT ( 'NONE',  ( -3.000000000000001776, 4.650000000000003908, 5.599999999999999645 ) ) ;
#4256 = DIRECTION ( 'NONE',  ( -1.000000000000000000, 0.000000000000000000, 0.000000000000000000 ) ) ;
#4257 = CARTESIAN_POINT ( 'NONE',  ( -4.499999999999992895, -3.550515463917520265, -4.300000000000008704 ) ) ;
#4258 = LINE ( 'NONE', #762, #5901 ) ;
#4259 = CARTESIAN_POINT ( 'NONE',  ( -0.4999999999999997780, 10.90000000000000036, 0.000000000000000000 ) ) ;
#4260 = AXIS2_PLACEMENT_3D ( 'NONE', #4257, #449, #7075 ) ;
#4261 = SHAPE_DEFINITION_REPRESENTATION ( #8769, #470 ) ;
#4262 = CARTESIAN_POINT ( 'NONE',  ( -4.400000000000002132, 3.600000000000004086, 0.1000000000000000056 ) ) ;
#4263 = ORIENTED_EDGE ( 'NONE', *, *, #569, .F. ) ;
#4264 = DIRECTION ( 'NONE',  ( -0.000000000000000000, -0.000000000000000000, -1.000000000000000000 ) ) ;
#4265 = CARTESIAN_POINT ( 'NONE',  ( 0.4999999999999982792, -2.050000000000000711, 0.5000000000000000000 ) ) ;
#4266 = DIRECTION ( 'NONE',  ( 1.000000000000000000, 0.000000000000000000, 0.000000000000000000 ) ) ;
#4267 = ORIENTED_EDGE ( 'NONE', *, *, #3173, .T. ) ;
#4268 = LINE ( 'NONE', #4408, #6968 ) ;
#4269 = ADVANCED_FACE ( 'NONE', ( #8609 ), #5703, .F. ) ;
#4270 = ORIENTED_EDGE ( 'NONE', *, *, #1590, .T. ) ;
#4271 = CARTESIAN_POINT ( 'NONE',  ( 1.479999999999999982, 11.70000000000000462, 1.000000000000000000 ) ) ;
#4272 = CARTESIAN_POINT ( 'NONE',  ( 1.899999999999996358, -4.200000000000000178, 0.1000000000000000056 ) ) ;
#4273 = CIRCLE ( 'NONE', #1772, 2.499999999997725819 ) ;
#4274 = VERTEX_POINT ( 'NONE', #1504 ) ;
#4275 = DIRECTION ( 'NONE',  ( 0.000000000000000000, 0.000000000000000000, -1.000000000000000000 ) ) ;
#4276 = ORIENTED_EDGE ( 'NONE', *, *, #2355, .F. ) ;
#4277 = ORIENTED_EDGE ( 'NONE', *, *, #3906, .F. ) ;
#4278 = VECTOR ( 'NONE', #4810, 1000.000000000000000 ) ;
#4279 = LINE ( 'NONE', #7839, #875 ) ;
#4280 = DIRECTION ( 'NONE',  ( -1.000000000000000000, 0.000000000000000000, 0.000000000000000000 ) ) ;
#4281 = VECTOR ( 'NONE', #7189, 1000.000000000000000 ) ;
#4282 = EDGE_CURVE ( 'NONE', #3652, #5406, #4324, .T. ) ;
#4283 = CARTESIAN_POINT ( 'NONE',  ( -5.421010862427522170E-16, 0.4500000000000033418, 0.000000000000000000 ) ) ;
#4284 = PLANE ( 'NONE',  #2717 ) ;
#4285 = ADVANCED_FACE ( 'NONE', ( #902 ), #2341, .F. ) ;
#4286 = EDGE_CURVE ( 'NONE', #4752, #2746, #3306, .T. ) ;
#4287 = ORIENTED_EDGE ( 'NONE', *, *, #402, .F. ) ;
#4288 = VECTOR ( 'NONE', #8459, 1000.000000000000114 ) ;
#4289 = AXIS2_PLACEMENT_3D ( 'NONE', #3085, #6257, #6159 ) ;
#4290 = ORIENTED_EDGE ( 'NONE', *, *, #905, .T. ) ;
#4291 = CARTESIAN_POINT ( 'NONE',  ( 0.000000000000000000, -6.500000000000001776, 1.300000000000000266 ) ) ;
#4292 = CARTESIAN_POINT ( 'NONE',  ( -1.084202172485504434E-16, 0.4500000000000592970, 2.100000000000000089 ) ) ;
#4293 = CARTESIAN_POINT ( 'NONE',  ( 4.500000000000002665, 1.349484536082478758, -0.5999999999999916511 ) ) ;
#4294 = CARTESIAN_POINT ( 'NONE',  ( 0.000000000000000000, 0.000000000000000000, 0.1000000000000000056 ) ) ;
#4295 = CIRCLE ( 'NONE', #6798, 0.5000000000000000000 ) ;
#4296 = EDGE_CURVE ( 'NONE', #2014, #2119, #1525, .T. ) ;
#4297 = CARTESIAN_POINT ( 'NONE',  ( -3.500000000000001776, 0.4500000000000044520, 2.500000000000000000 ) ) ;
#4298 = EDGE_CURVE ( 'NONE', #3970, #7307, #7357, .T. ) ;
#4299 = EDGE_LOOP ( 'NONE', ( #2081, #5753, #8454, #6356 ) ) ;
#4300 = ORIENTED_EDGE ( 'NONE', *, *, #7158, .T. ) ;
#4301 = DIRECTION ( 'NONE',  ( 0.000000000000000000, 0.000000000000000000, -1.000000000000000000 ) ) ;
#4302 = PRODUCT_DEFINITION ( 'UNKNOWN', '', #88, #6660 ) ;
#4303 = VECTOR ( 'NONE', #4845, 1000.000000000000000 ) ;
#4304 = EDGE_LOOP ( 'NONE', ( #2105, #5345, #7605, #7524, #3008 ) ) ;
#4305 = DIRECTION ( 'NONE',  ( 0.000000000000000000, 0.000000000000000000, 1.000000000000000000 ) ) ;
#4306 = PLANE ( 'NONE',  #5825 ) ;
#4307 = FACE_OUTER_BOUND ( 'NONE', #3878, .T. ) ;
#4308 = CARTESIAN_POINT ( 'NONE',  ( 4.466912950640278268E-14, 0.4500000000000501932, 0.5000000000000000000 ) ) ;
#4309 = LINE ( 'NONE', #1451, #4288 ) ;
#4310 = AXIS2_PLACEMENT_3D ( 'NONE', #417, #3238, #8813 ) ;
#4312 = AXIS2_PLACEMENT_3D ( 'NONE', #7518, #4834, #416 ) ;
#4311 = DIRECTION ( 'NONE',  ( 1.000000000000000000, 0.000000000000000000, 0.000000000000000000 ) ) ;
#4313 = DIRECTION ( 'NONE',  ( -1.000000000000000000, 0.000000000000000000, 0.000000000000000000 ) ) ;
#4314 = ORIENTED_EDGE ( 'NONE', *, *, #9118, .F. ) ;
#4315 = DIRECTION ( 'NONE',  ( -1.000000000000000000, 0.000000000000000000, 0.000000000000000000 ) ) ;
#4316 = CARTESIAN_POINT ( 'NONE',  ( -0.5000000000000027756, 0.000000000000000000, 0.000000000000000000 ) ) ;
#4317 = CIRCLE ( 'NONE', #1959, 0.2000000000000011768 ) ;
#4318 = ORIENTED_EDGE ( 'NONE', *, *, #5612, .F. ) ;
#4319 = DIRECTION ( 'NONE',  ( -1.000000000000000000, 0.000000000000000000, 0.000000000000000000 ) ) ;
#4320 = DIRECTION ( 'NONE',  ( -1.000000000000000000, 0.000000000000000000, 0.000000000000000000 ) ) ;
#4321 = AXIS2_PLACEMENT_3D ( 'NONE', #2795, #5650, #2754 ) ;
#4322 = LINE ( 'NONE', #2905, #5215 ) ;
#4323 = CARTESIAN_POINT ( 'NONE',  ( 0.8032336497292295041, 10.20000000000000107, -0.8947000102205828753 ) ) ;
#4324 = CIRCLE ( 'NONE', #344, 0.4000000000000001887 ) ;
#4325 = ORIENTED_EDGE ( 'NONE', *, *, #7000, .T. ) ;
#4326 = DIRECTION ( 'NONE',  ( -2.168404344971008079E-15, 1.000000000000000000, 0.000000000000000000 ) ) ;
#4327 = CARTESIAN_POINT ( 'NONE',  ( -4.900000000000000355, 1.449484536082479957, -5.800000000000009592 ) ) ;
#4328 = ORIENTED_EDGE ( 'NONE', *, *, #3213, .T. ) ;
#4329 = EDGE_CURVE ( 'NONE', #6194, #1703, #3123, .T. ) ;
#4330 = VECTOR ( 'NONE', #1318, 1000.000000000000000 ) ;
#4331 = CARTESIAN_POINT ( 'NONE',  ( -0.5000000000000015543, 2.950000000000003730, 0.5000000000000000000 ) ) ;
#4332 = CARTESIAN_POINT ( 'NONE',  ( -0.5000000000000027756, -0.6408712114635670698, 0.5000000000000000000 ) ) ;
#4333 = DIRECTION ( 'NONE',  ( -8.850629979473507244E-17, 1.000000000000000000, 0.000000000000000000 ) ) ;
#4334 = ORIENTED_EDGE ( 'NONE', *, *, #6718, .T. ) ;
#4335 = VERTEX_POINT ( 'NONE', #6619 ) ;
#4336 = AXIS2_PLACEMENT_3D ( 'NONE', #3588, #7649, #3500 ) ;
#4337 = VECTOR ( 'NONE', #4248, 1000.000000000000000 ) ;
#4338 = ORIENTED_EDGE ( 'NONE', *, *, #5918, .F. ) ;
#4339 = ADVANCED_FACE ( 'NONE', ( #5379 ), #3899, .F. ) ;
#4340 = DIRECTION ( 'NONE',  ( -2.491288438666602300E-16, -1.000000000000000000, -7.228014483236701486E-16 ) ) ;
#4341 = CYLINDRICAL_SURFACE ( 'NONE', #6906, 0.4000000000000001887 ) ;
#4342 = LINE ( 'NONE', #4979, #4460 ) ;
#4343 = EDGE_CURVE ( 'NONE', #5996, #6874, #5922, .T. ) ;
#4344 = DIRECTION ( 'NONE',  ( -1.000000000000000000, 0.000000000000000000, 0.000000000000000000 ) ) ;
#4345 = PRODUCT_DEFINITION_FORMATION_WITH_SPECIFIED_SOURCE ( 'ANY', '', #7603, .NOT_KNOWN. ) ;
#4346 = PRESENTATION_LAYER_ASSIGNMENT (  '', '', ( #5817 ) ) ;
#4347 = DIRECTION ( 'NONE',  ( 0.4226182617407018283, 0.000000000000000000, -0.9063077870366488265 ) ) ;
#4348 = ORIENTED_EDGE ( 'NONE', *, *, #3953, .F. ) ;
#4349 = ORIENTED_EDGE ( 'NONE', *, *, #7625, .F. ) ;
#4350 = CARTESIAN_POINT ( 'NONE',  ( 0.000000000000000000, 2.950000000000003730, 0.000000000000000000 ) ) ;
#4351 = AXIS2_PLACEMENT_3D ( 'NONE', #3349, #6155, #4769 ) ;
#4352 = VERTEX_POINT ( 'NONE', #5328 ) ;
#4353 = ADVANCED_FACE ( 'NONE', ( #7320 ), #1133, .T. ) ;
#4354 = DIRECTION ( 'NONE',  ( 0.000000000000000000, 1.000000000000000000, 0.000000000000000000 ) ) ;
#4355 = CARTESIAN_POINT ( 'NONE',  ( 4.399999999999998579, 3.600000000000003197, 0.1000000000000000056 ) ) ;
#4356 = EDGE_CURVE ( 'NONE', #1246, #3290, #652, .T. ) ;
#4357 = CARTESIAN_POINT ( 'NONE',  ( -1.479999999999999982, 11.50000000000000000, 0.6999999999999998446 ) ) ;
#4358 = EDGE_CURVE ( 'NONE', #1020, #1469, #1821, .T. ) ;
#4359 = EDGE_CURVE ( 'NONE', #5011, #5252, #2516, .T. ) ;
#4360 = PLANE ( 'NONE',  #7811 ) ;
#4361 = PLANE ( 'NONE',  #5356 ) ;
#4362 = LINE ( 'NONE', #7180, #1784 ) ;
#4363 = ORIENTED_EDGE ( 'NONE', *, *, #2827, .T. ) ;
#4364 = ORIENTED_EDGE ( 'NONE', *, *, #2614, .F. ) ;
#4365 = FACE_OUTER_BOUND ( 'NONE', #3089, .T. ) ;
#4366 = CARTESIAN_POINT ( 'NONE',  ( -1.734723475976807094E-15, 0.4500000000000040079, 2.500000000000000000 ) ) ;
#4367 = DIRECTION ( 'NONE',  ( -1.278426997811956241E-48, -3.439160614977206978E-33, 1.000000000000000000 ) ) ;
#4368 = VERTEX_POINT ( 'NONE', #390 ) ;
#4369 = FACE_OUTER_BOUND ( 'NONE', #8377, .T. ) ;
#4370 = DIRECTION ( 'NONE',  ( 0.000000000000000000, 0.000000000000000000, 1.000000000000000000 ) ) ;
#4371 = DIRECTION ( 'NONE',  ( -1.000000000000000000, 0.000000000000000000, 0.000000000000000000 ) ) ;
#4372 = ORIENTED_EDGE ( 'NONE', *, *, #4783, .F. ) ;
#4373 = CARTESIAN_POINT ( 'NONE',  ( -3.878914831578276434, -1.550515463917520931, -8.538556816112469861 ) ) ;
#4374 = FACE_OUTER_BOUND ( 'NONE', #741, .T. ) ;
#4375 = ORIENTED_EDGE ( 'NONE', *, *, #4356, .T. ) ;
#4376 = CARTESIAN_POINT ( 'NONE',  ( 1.899999999999996358, -4.200000000000000178, 0.1000000000000000056 ) ) ;
#4377 = DIRECTION ( 'NONE',  ( 1.000000000000000000, 0.000000000000000000, 0.000000000000000000 ) ) ;
#4378 = DIRECTION ( 'NONE',  ( 0.000000000000000000, 0.000000000000000000, 1.000000000000000000 ) ) ;
#4379 = ORIENTED_EDGE ( 'NONE', *, *, #7181, .F. ) ;
#4380 = ORIENTED_EDGE ( 'NONE', *, *, #3835, .F. ) ;
#4381 = ORIENTED_EDGE ( 'NONE', *, *, #8301, .T. ) ;
#4382 = FILL_AREA_STYLE_COLOUR ( '', #6995 ) ;
#4383 = CARTESIAN_POINT ( 'NONE',  ( 0.4999999999999982792, -2.050000000000001155, 0.000000000000000000 ) ) ;
#4384 = FACE_OUTER_BOUND ( 'NONE', #4766, .T. ) ;
#4385 = FACE_OUTER_BOUND ( 'NONE', #2458, .T. ) ;
#4386 = CYLINDRICAL_SURFACE ( 'NONE', #2983, 0.6500000000000000222 ) ;
#4387 = EDGE_CURVE ( 'NONE', #2799, #7982, #942, .T. ) ;
#4388 = ORIENTED_EDGE ( 'NONE', *, *, #738, .F. ) ;
#4389 = ORIENTED_EDGE ( 'NONE', *, *, #5872, .F. ) ;
#4390 = CARTESIAN_POINT ( 'NONE',  ( 1.479999999999999982, 10.90000000000000036, 1.200000000000000178 ) ) ;
#4391 = VERTEX_POINT ( 'NONE', #1085 ) ;
#4392 = ORIENTED_EDGE ( 'NONE', *, *, #1356, .T. ) ;
#4393 = CARTESIAN_POINT ( 'NONE',  ( -4.899999999999995914, 2.449484536082480624, -5.900000000000010125 ) ) ;
#4394 = FACE_OUTER_BOUND ( 'NONE', #7750, .T. ) ;
#4395 = DIRECTION ( 'NONE',  ( 0.000000000000000000, 0.000000000000000000, 1.000000000000000000 ) ) ;
#4396 = LINE ( 'NONE', #208, #2957 ) ;
#4397 = LINE ( 'NONE', #7868, #1638 ) ;
#4398 = LINE ( 'NONE', #2891, #3449 ) ;
#4399 = EDGE_CURVE ( 'NONE', #3064, #1851, #4636, .T. ) ;
#4400 = CARTESIAN_POINT ( 'NONE',  ( -4.400000000000002132, -5.150000000000000355, 5.000000000000000000 ) ) ;
#4401 = EDGE_CURVE ( 'NONE', #3344, #7574, #6061, .T. ) ;
#4402 = ADVANCED_FACE ( 'NONE', ( #300 ), #1865, .T. ) ;
#4403 = EDGE_LOOP ( 'NONE', ( #6342, #87, #887, #4314 ) ) ;
#4404 = CARTESIAN_POINT ( 'NONE',  ( -0.7500000000000000000, -5.549999999999998934, 1.300000000000000266 ) ) ;
#4405 = DIRECTION ( 'NONE',  ( -0.8576327000907293385, 0.000000000000000000, -0.5142627263715359165 ) ) ;
#4406 = SURFACE_STYLE_USAGE ( .BOTH. , #6581 ) ;
#4407 = VECTOR ( 'NONE', #831, 1000.000000000000000 ) ;
#4408 = CARTESIAN_POINT ( 'NONE',  ( -2.100000000000000089, -6.700000000000000178, 0.000000000000000000 ) ) ;
#4409 = EDGE_CURVE ( 'NONE', #239, #3374, #3984, .T. ) ;
#4410 = CARTESIAN_POINT ( 'NONE',  ( 4.900000000000001243, 1.349484536082478758, 0.000000000000000000 ) ) ;
#4411 = CARTESIAN_POINT ( 'NONE',  ( 3.035766082959412415E-15, 0.4500000000000093925, 0.000000000000000000 ) ) ;
#4412 = EDGE_LOOP ( 'NONE', ( #3356, #3266, #6908, #8728 ) ) ;
#4413 = CARTESIAN_POINT ( 'NONE',  ( -5.238893727143770107, 0.4494845360824792357, -8.400000000000009237 ) ) ;
#4414 = DIRECTION ( 'NONE',  ( 2.491288438666612654E-16, 1.000000000000000000, 1.734723475976810053E-16 ) ) ;
#4415 = EDGE_CURVE ( 'NONE', #4797, #1274, #6801, .T. ) ;
#4416 = ORIENTED_EDGE ( 'NONE', *, *, #695, .T. ) ;
#4417 = CARTESIAN_POINT ( 'NONE',  ( -4.500000000000002665, -2.450515463917520176, -6.505213034913026604E-15 ) ) ;
#4418 = CARTESIAN_POINT ( 'NONE',  ( 3.649999999999998135, 4.650000000000004796, 5.599999999999999645 ) ) ;
#4419 = VECTOR ( 'NONE', #8057, 1000.000000000000000 ) ;
#4420 = LINE ( 'NONE', #362, #1394 ) ;
#4421 = ORIENTED_EDGE ( 'NONE', *, *, #5290, .T. ) ;
#4422 = EDGE_LOOP ( 'NONE', ( #251, #2854, #8922, #1403, #8405, #7106 ) ) ;
#4423 = AXIS2_PLACEMENT_3D ( 'NONE', #5138, #8002, #1081 ) ;
#4424 = CARTESIAN_POINT ( 'NONE',  ( 1.899999999999998801, 5.100000000000004086, 0.000000000000000000 ) ) ;
#4425 = CARTESIAN_POINT ( 'NONE',  ( 5.238893727143786982, -1.550515463917522263, -8.400000000000000355 ) ) ;
#4426 = CARTESIAN_POINT ( 'NONE',  ( 4.466912950640278268E-14, 0.4500000000000501932, 0.5000000000000000000 ) ) ;
#4427 = LINE ( 'NONE', #7116, #1789 ) ;
#4428 = CIRCLE ( 'NONE', #3985, 4.099999999999999645 ) ;
#4429 = ORIENTED_EDGE ( 'NONE', *, *, #4016, .T. ) ;
#4430 = CARTESIAN_POINT ( 'NONE',  ( -1.479999999999999982, 10.90000000000000036, 0.8499999999999999778 ) ) ;
#4431 = ORIENTED_EDGE ( 'NONE', *, *, #9118, .T. ) ;
#4432 = ORIENTED_EDGE ( 'NONE', *, *, #2712, .F. ) ;
#4433 = CARTESIAN_POINT ( 'NONE',  ( -3.400000000000003020, -0.05202383709185157135, 0.000000000000000000 ) ) ;
#4434 = VECTOR ( 'NONE', #1027, 1000.000000000000000 ) ;
#4435 = DIRECTION ( 'NONE',  ( 0.000000000000000000, 0.000000000000000000, 1.000000000000000000 ) ) ;
#4436 = DIRECTION ( 'NONE',  ( 1.334402673828313339E-16, -1.000000000000000000, 0.000000000000000000 ) ) ;
#4437 = EDGE_CURVE ( 'NONE', #421, #4056, #2469, .T. ) ;
#4438 = VECTOR ( 'NONE', #8521, 999.9999999999998863 ) ;
#4439 = DIRECTION ( 'NONE',  ( 1.000000000000000000, 8.850629979473506011E-17, 0.000000000000000000 ) ) ;
#4440 = CARTESIAN_POINT ( 'NONE',  ( -4.900000000000000355, 2.449484536082479735, -4.300000000000009592 ) ) ;
#4441 = CARTESIAN_POINT ( 'NONE',  ( -2.100000000000000089, -6.400000000000000355, -5.750000000000000000 ) ) ;
#4442 = EDGE_LOOP ( 'NONE', ( #5772, #3202, #3274, #8762 ) ) ;
#4443 = LINE ( 'NONE', #1589, #6504 ) ;
#4444 = VECTOR ( 'NONE', #5950, 1000.000000000000000 ) ;
#4445 = ORIENTED_EDGE ( 'NONE', *, *, #6950, .F. ) ;
#4446 = DIRECTION ( 'NONE',  ( -0.000000000000000000, -0.000000000000000000, -1.000000000000000000 ) ) ;
#4447 = ORIENTED_EDGE ( 'NONE', *, *, #4849, .T. ) ;
#4448 = CARTESIAN_POINT ( 'NONE',  ( 1.899999999999998801, 0.000000000000000000, 0.000000000000000000 ) ) ;
#4449 = LINE ( 'NONE', #953, #5079 ) ;
#4450 = EDGE_CURVE ( 'NONE', #3432, #2128, #7726, .T. ) ;
#4451 = VECTOR ( 'NONE', #177, 1000.000000000000000 ) ;
#4452 = VECTOR ( 'NONE', #2075, 1000.000000000000000 ) ;
#4453 = ADVANCED_FACE ( 'NONE', ( #5278 ), #8092, .F. ) ;
#4454 = FACE_OUTER_BOUND ( 'NONE', #5915, .T. ) ;
#4455 = CARTESIAN_POINT ( 'NONE',  ( -0.7967663502707695855, 10.20000000000000107, -0.8947000102205833194 ) ) ;
#4456 = ORIENTED_EDGE ( 'NONE', *, *, #3785, .F. ) ;
#4457 = VECTOR ( 'NONE', #2855, 1000.000000000000000 ) ;
#4458 = VERTEX_POINT ( 'NONE', #6294 ) ;
#4459 = DIRECTION ( 'NONE',  ( 0.000000000000000000, 1.000000000000000000, 0.000000000000000000 ) ) ;
#4460 = VECTOR ( 'NONE', #4250, 1000.000000000000000 ) ;
#4461 = CARTESIAN_POINT ( 'NONE',  ( -4.499999999999992895, -5.150515463917520798, -4.900000000000009237 ) ) ;
#4462 = VERTEX_POINT ( 'NONE', #4813 ) ;
#4463 = EDGE_CURVE ( 'NONE', #7319, #2873, #5802, .T. ) ;
#4464 = PLANE ( 'NONE',  #7056 ) ;
#4465 = DIRECTION ( 'NONE',  ( 1.000000000000000000, -2.491288438666616105E-16, 0.000000000000000000 ) ) ;
#4466 = ADVANCED_FACE ( 'NONE', ( #4080 ), #3439, .F. ) ;
#4467 = EDGE_CURVE ( 'NONE', #6531, #1444, #3348, .T. ) ;
#4468 = ADVANCED_FACE ( 'NONE', ( #8275 ), #6153, .F. ) ;
#4469 = AXIS2_PLACEMENT_3D ( 'NONE', #232, #3049, #8665 ) ;
#4470 = CARTESIAN_POINT ( 'NONE',  ( -4.400000000000002132, 3.600000000000004086, 5.000000000000000000 ) ) ;
#4471 = ORIENTED_EDGE ( 'NONE', *, *, #2160, .F. ) ;
#4472 = ORIENTED_EDGE ( 'NONE', *, *, #891, .F. ) ;
#4473 = AXIS2_PLACEMENT_3D ( 'NONE', #2851, #3534, #2017 ) ;
#4474 = DIRECTION ( 'NONE',  ( 8.123545521314933250E-47, 3.260780805318072864E-31, -1.000000000000000000 ) ) ;
#4475 = DIRECTION ( 'NONE',  ( 0.000000000000000000, 0.000000000000000000, -1.000000000000000000 ) ) ;
#4476 = DIRECTION ( 'NONE',  ( 0.000000000000000000, 0.000000000000000000, -1.000000000000000000 ) ) ;
#4477 = CARTESIAN_POINT ( 'NONE',  ( 1.565936075841832809, 8.900000000000000355, -3.517150011924013331 ) ) ;
#4478 = VECTOR ( 'NONE', #4883, 1000.000000000000000 ) ;
#4479 = VECTOR ( 'NONE', #1806, 1000.000000000000000 ) ;
#4480 = ORIENTED_EDGE ( 'NONE', *, *, #6486, .F. ) ;
#4481 = ORIENTED_EDGE ( 'NONE', *, *, #1309, .T. ) ;
#4482 = EDGE_LOOP ( 'NONE', ( #3037, #4010, #8815, #2747 ) ) ;
#4483 = EDGE_LOOP ( 'NONE', ( #2114, #4996, #63, #5218 ) ) ;
#4484 = PLANE ( 'NONE',  #6843 ) ;
#4485 = CIRCLE ( 'NONE', #5070, 3.000000000000000444 ) ;
#4486 = VECTOR ( 'NONE', #3224, 1000.000000000000000 ) ;
#4487 = DIRECTION ( 'NONE',  ( 0.000000000000000000, 0.000000000000000000, -1.000000000000000000 ) ) ;
#4488 = CARTESIAN_POINT ( 'NONE',  ( 4.500000000000002665, 4.049484536082480268, -4.299999999999999822 ) ) ;
#4489 = DIRECTION ( 'NONE',  ( 0.000000000000000000, 1.000000000000000000, 0.000000000000000000 ) ) ;
#4490 = LINE ( 'NONE', #4530, #7686 ) ;
#4491 = DIRECTION ( 'NONE',  ( 0.000000000000000000, 0.000000000000000000, 1.000000000000000000 ) ) ;
#4492 = ORIENTED_EDGE ( 'NONE', *, *, #4811, .F. ) ;
#4493 = CARTESIAN_POINT ( 'NONE',  ( 3.675000000000000266, -4.750515463917523107, -1.600000000000000089 ) ) ;
#4494 =( GEOMETRIC_REPRESENTATION_CONTEXT ( 3 ) GLOBAL_UNCERTAINTY_ASSIGNED_CONTEXT ( ( #3254 ) ) GLOBAL_UNIT_ASSIGNED_CONTEXT ( ( #7921, #8006, #996 ) ) REPRESENTATION_CONTEXT ( 'NONE', 'WORKASPACE' ) );
#4495 = VERTEX_POINT ( 'NONE', #624 ) ;
#4496 = CARTESIAN_POINT ( 'NONE',  ( 4.399999999999998579, -4.200000000000000178, 5.000000000000000000 ) ) ;
#4497 = ORIENTED_EDGE ( 'NONE', *, *, #5245, .T. ) ;
#4498 = DIRECTION ( 'NONE',  ( 0.000000000000000000, 0.000000000000000000, 1.000000000000000000 ) ) ;
#4499 = DIRECTION ( 'NONE',  ( 4.396715779998432485E-81, -1.000000000000000000, -3.439160614977206978E-33 ) ) ;
#4500 = AXIS2_PLACEMENT_3D ( 'NONE', #331, #3832, #6608 ) ;
#4501 = DIRECTION ( 'NONE',  ( 0.000000000000000000, 0.000000000000000000, 1.000000000000000000 ) ) ;
#4502 = CARTESIAN_POINT ( 'NONE',  ( -4.500000000000002665, 0.000000000000000000, 0.4000000000000000222 ) ) ;
#4503 = ADVANCED_FACE ( 'NONE', ( #5421 ), #3390, .F. ) ;
#4504 = ORIENTED_EDGE ( 'NONE', *, *, #3492, .F. ) ;
#4505 = DIRECTION ( 'NONE',  ( 0.000000000000000000, 0.000000000000000000, 1.000000000000000000 ) ) ;
#4506 = CARTESIAN_POINT ( 'NONE',  ( 0.4999999999999987232, 2.950000000000003286, 0.000000000000000000 ) ) ;
#4507 = ORIENTED_EDGE ( 'NONE', *, *, #2032, .F. ) ;
#4508 = DIRECTION ( 'NONE',  ( 0.000000000000000000, 0.000000000000000000, -1.000000000000000000 ) ) ;
#4509 = CARTESIAN_POINT ( 'NONE',  ( -0.9762697651501761609, 10.90000000000000036, 3.152284464583363199 ) ) ;
#4510 = VERTEX_POINT ( 'NONE', #8365 ) ;
#4511 = ADVANCED_FACE ( 'NONE', ( #7539 ), #8229, .F. ) ;
#4512 = ADVANCED_FACE ( 'NONE', ( #1363 ), #8755, .T. ) ;
#4513 = ORIENTED_EDGE ( 'NONE', *, *, #3173, .F. ) ;
#4514 = EDGE_CURVE ( 'NONE', #3433, #3344, #4858, .T. ) ;
#4515 = EDGE_CURVE ( 'NONE', #1009, #1737, #2573, .T. ) ;
#4516 = FACE_OUTER_BOUND ( 'NONE', #3881, .T. ) ;
#4517 = FACE_OUTER_BOUND ( 'NONE', #5108, .T. ) ;
#4518 = DIRECTION ( 'NONE',  ( 1.000000000000000000, 0.000000000000000000, 1.251002506714043540E-16 ) ) ;
#4519 = DIRECTION ( 'NONE',  ( 0.4067366430757998197, 0.000000000000000000, -0.9135454576426010886 ) ) ;
#4520 = EDGE_CURVE ( 'NONE', #9007, #1668, #6891, .T. ) ;
#4521 = ORIENTED_EDGE ( 'NONE', *, *, #747, .F. ) ;
#4522 = ORIENTED_EDGE ( 'NONE', *, *, #3511, .T. ) ;
#4523 = VERTEX_POINT ( 'NONE', #9067 ) ;
#4524 = ORIENTED_EDGE ( 'NONE', *, *, #7117, .T. ) ;
#4525 = CARTESIAN_POINT ( 'NONE',  ( -2.500000000000000000, -6.400000000000000355, -1.350000000000000089 ) ) ;
#4526 = EDGE_CURVE ( 'NONE', #7476, #4737, #2007, .T. ) ;
#4527 = LINE ( 'NONE', #5269, #6709 ) ;
#4528 = DIRECTION ( 'NONE',  ( 1.618212197739559129E-16, 0.000000000000000000, 1.000000000000000000 ) ) ;
#4529 = DIRECTION ( 'NONE',  ( 0.000000000000000000, 0.000000000000000000, -1.000000000000000000 ) ) ;
#4530 = CARTESIAN_POINT ( 'NONE',  ( -3.400000000000003464, -0.05202383709185157135, 0.5000000000000000000 ) ) ;
#4531 = DIRECTION ( 'NONE',  ( 1.000000000000000000, 0.000000000000000000, 0.000000000000000000 ) ) ;
#4532 = ORIENTED_EDGE ( 'NONE', *, *, #1482, .F. ) ;
#4533 = ORIENTED_EDGE ( 'NONE', *, *, #292, .T. ) ;
#4534 = LINE ( 'NONE', #5879, #451 ) ;
#4535 = ORIENTED_EDGE ( 'NONE', *, *, #2473, .F. ) ;
#4536 = CARTESIAN_POINT ( 'NONE',  ( 3.035766082959412415E-15, 0.4500000000000093925, 0.5000000000000000000 ) ) ;
#4537 = CARTESIAN_POINT ( 'NONE',  ( 4.500000000000003553, -3.950515463917520620, -5.300000000000009592 ) ) ;
#4538 = CARTESIAN_POINT ( 'NONE',  ( 3.250000000000001332, -6.500000000000001776, 1.100000000000000089 ) ) ;
#4539 = AXIS2_PLACEMENT_3D ( 'NONE', #7335, #8811, #5300 ) ;
#4540 = DIRECTION ( 'NONE',  ( -1.000000000000000000, 1.355252715606879803E-16, 0.000000000000000000 ) ) ;
#4541 = DIRECTION ( 'NONE',  ( -2.491288438666616105E-16, -1.000000000000000000, -3.260780805318072426E-31 ) ) ;
#4542 = VERTEX_POINT ( 'NONE', #4719 ) ;
#4543 = ORIENTED_EDGE ( 'NONE', *, *, #6496, .T. ) ;
#4544 = CARTESIAN_POINT ( 'NONE',  ( 4.500000000000002665, 4.049484536082479380, -4.299999999999999822 ) ) ;
#4545 = ORIENTED_EDGE ( 'NONE', *, *, #5389, .T. ) ;
#4546 = DIRECTION ( 'NONE',  ( -0.000000000000000000, -0.000000000000000000, -1.000000000000000000 ) ) ;
#4547 = CARTESIAN_POINT ( 'NONE',  ( -4.499999999999991118, 4.049484536082480268, -4.900000000000009237 ) ) ;
#4548 = ORIENTED_EDGE ( 'NONE', *, *, #6322, .T. ) ;
#4549 = DIRECTION ( 'NONE',  ( 1.000000000000000000, 0.000000000000000000, 0.000000000000000000 ) ) ;
#4550 = EDGE_CURVE ( 'NONE', #8627, #8432, #7678, .T. ) ;
#4551 = DIRECTION ( 'NONE',  ( 0.000000000000000000, 1.000000000000000000, 0.000000000000000000 ) ) ;
#4552 = PLANE ( 'NONE',  #8165 ) ;
#4553 = ORIENTED_EDGE ( 'NONE', *, *, #8174, .T. ) ;
#4554 = EDGE_LOOP ( 'NONE', ( #543, #6403, #5255, #1155 ) ) ;
#4555 = VERTEX_POINT ( 'NONE', #4169 ) ;
#4556 = DIRECTION ( 'NONE',  ( -0.000000000000000000, -0.000000000000000000, -1.000000000000000000 ) ) ;
#4557 = CARTESIAN_POINT ( 'NONE',  ( 0.6700000000000003730, 11.70000000000000462, 0.5999999999999998668 ) ) ;
#4558 = EDGE_CURVE ( 'NONE', #5069, #5497, #6850, .T. ) ;
#4559 = VECTOR ( 'NONE', #7624, 1000.000000000000000 ) ;
#4560 = PLANE ( 'NONE',  #4310 ) ;
#4561 = EDGE_CURVE ( 'NONE', #3538, #2639, #2792, .T. ) ;
#4562 = CARTESIAN_POINT ( 'NONE',  ( 1.342230922150143169, 10.20000000000000107, -3.014700010220582094 ) ) ;
#4563 = EDGE_CURVE ( 'NONE', #3615, #4029, #7724, .T. ) ;
#4564 = EDGE_CURVE ( 'NONE', #3151, #9038, #7173, .T. ) ;
#4565 = ORIENTED_EDGE ( 'NONE', *, *, #8834, .F. ) ;
#4566 = PRODUCT_DEFINITION_SHAPE ( 'NONE', 'NONE',  #4136 ) ;
#4567 = VECTOR ( 'NONE', #7362, 1000.000000000000000 ) ;
#4568 = ORIENTED_EDGE ( 'NONE', *, *, #248, .T. ) ;
#4569 = ORIENTED_EDGE ( 'NONE', *, *, #1255, .T. ) ;
#4570 = ORIENTED_EDGE ( 'NONE', *, *, #2895, .T. ) ;
#4571 = CARTESIAN_POINT ( 'NONE',  ( -1.479999999999999982, 11.70000000000000462, 0.8499999999999999778 ) ) ;
#4572 = CARTESIAN_POINT ( 'NONE',  ( -4.500000000000002665, -2.450515463917520176, 0.000000000000000000 ) ) ;
#4573 = LINE ( 'NONE', #1671, #5339 ) ;
#4574 = ADVANCED_FACE ( 'NONE', ( #2145 ), #2927, .T. ) ;
#4575 = LINE ( 'NONE', #2558, #2364 ) ;
#4576 = VECTOR ( 'NONE', #3022, 1000.000000000000000 ) ;
#4577 = ADVANCED_FACE ( 'NONE', ( #3702 ), #2230, .T. ) ;
#4578 = AXIS2_PLACEMENT_3D ( 'NONE', #2993, #8566, #825 ) ;
#4579 = CARTESIAN_POINT ( 'NONE',  ( -1.479999999999999982, 11.70000000000000462, 1.000000000000000000 ) ) ;
#4580 = DIRECTION ( 'NONE',  ( -1.000000000000000000, -0.000000000000000000, -0.000000000000000000 ) ) ;
#4581 = ORIENTED_EDGE ( 'NONE', *, *, #5536, .F. ) ;
#4582 = DIRECTION ( 'NONE',  ( 1.000000000000000000, 0.000000000000000000, 0.000000000000000000 ) ) ;
#4583 = CIRCLE ( 'NONE', #5020, 3.500000000000000000 ) ;
#4584 = EDGE_LOOP ( 'NONE', ( #5862, #731, #3385, #3131 ) ) ;
#4585 = CIRCLE ( 'NONE', #4289, 0.5000000000000004441 ) ;
#4586 = CARTESIAN_POINT ( 'NONE',  ( 0.01275798393824550958, 10.20000000000000107, 0.008155582768801673127 ) ) ;
#4587 = LINE ( 'NONE', #5237, #962 ) ;
#4588 = ADVANCED_FACE ( 'NONE', ( #6473, #2837, #3572, #7770, #888, #5037 ), #7125, .T. ) ;
#4590 = CIRCLE ( 'NONE', #6804, 0.4000000000000001887 ) ;
#4589 = LINE ( 'NONE', #7454, #6824 ) ;
#4591 = CARTESIAN_POINT ( 'NONE',  ( 0.000000000000000000, 0.000000000000000000, 0.000000000000000000 ) ) ;
#4592 = CARTESIAN_POINT ( 'NONE',  ( 4.399999999999998579, -2.700000000000000622, 0.000000000000000000 ) ) ;
#4593 = ORIENTED_EDGE ( 'NONE', *, *, #7687, .F. ) ;
#4594 = CARTESIAN_POINT ( 'NONE',  ( 2.500942654745082372, 0.3317597448391144122, 1.331759744839111637 ) ) ;
#4595 = DIRECTION ( 'NONE',  ( -0.9999994735200916640, 0.000000000000000000, 0.001026138167772390822 ) ) ;
#4596 = CIRCLE ( 'NONE', #2102, 0.6750000000000002665 ) ;
#4597 = LINE ( 'NONE', #1832, #7431 ) ;
#4598 = DIRECTION ( 'NONE',  ( -4.565061778886336016E-16, -2.123492242164234689E-31, 1.000000000000000000 ) ) ;
#4599 = CARTESIAN_POINT ( 'NONE',  ( 4.900000000000000355, 4.349484536082479202, 0.4000000000000000222 ) ) ;
#4600 = VECTOR ( 'NONE', #772, 1000.000000000000000 ) ;
#4601 = ORIENTED_EDGE ( 'NONE', *, *, #1568, .F. ) ;
#4602 = CARTESIAN_POINT ( 'NONE',  ( 1.479999999999999982, 11.70000000000000462, 0.4999999999999998890 ) ) ;
#4603 = VERTEX_POINT ( 'NONE', #4393 ) ;
#4604 = VECTOR ( 'NONE', #1158, 1000.000000000000000 ) ;
#4605 = ADVANCED_FACE ( 'NONE', ( #114 ), #1540, .F. ) ;
#4606 = VERTEX_POINT ( 'NONE', #803 ) ;
#4607 = VERTEX_POINT ( 'NONE', #7945 ) ;
#4608 = AXIS2_PLACEMENT_3D ( 'NONE', #5779, #156, #2019 ) ;
#4609 = DIRECTION ( 'NONE',  ( -1.734723475976805517E-15, 0.000000000000000000, 1.000000000000000000 ) ) ;
#4610 = LINE ( 'NONE', #1611, #3142 ) ;
#4611 = LINE ( 'NONE', #1796, #6070 ) ;
#4612 = DIRECTION ( 'NONE',  ( -0.000000000000000000, -0.000000000000000000, -1.000000000000000000 ) ) ;
#4613 = ORIENTED_EDGE ( 'NONE', *, *, #7728, .F. ) ;
#4614 = AXIS2_PLACEMENT_3D ( 'NONE', #3257, #8004, #3171 ) ;
#4615 = EDGE_CURVE ( 'NONE', #2756, #2489, #8641, .T. ) ;
#4616 = VERTEX_POINT ( 'NONE', #3617 ) ;
#4617 = ORIENTED_EDGE ( 'NONE', *, *, #3372, .T. ) ;
#4618 = VERTEX_POINT ( 'NONE', #4433 ) ;
#4619 = DIRECTION ( 'NONE',  ( -2.154044051295704582E-16, 0.000000000000000000, 1.000000000000000000 ) ) ;
#4620 = CARTESIAN_POINT ( 'NONE',  ( -2.598076211352192910, 0.5000000000003255174, 1.500000000000322631 ) ) ;
#4621 = DIRECTION ( 'NONE',  ( 0.000000000000000000, 0.000000000000000000, 1.000000000000000000 ) ) ;
#4622 = LINE ( 'NONE', #6704, #8100 ) ;
#4623 = VECTOR ( 'NONE', #8388, 1000.000000000000000 ) ;
#4624 = VECTOR ( 'NONE', #4945, 1000.000000000000000 ) ;
#4625 = DIRECTION ( 'NONE',  ( 1.000000000000000000, 1.334402673828313339E-16, 0.000000000000000000 ) ) ;
#4626 = DIRECTION ( 'NONE',  ( 1.000000000000000000, -8.850629979473506011E-17, 0.000000000000000000 ) ) ;
#4627 = EDGE_LOOP ( 'NONE', ( #981, #7344, #3494, #8508 ) ) ;
#4628 = ADVANCED_FACE ( 'NONE', ( #4988 ), #6384, .F. ) ;
#4629 = VERTEX_POINT ( 'NONE', #5691 ) ;
#4630 = CARTESIAN_POINT ( 'NONE',  ( 1.479999999999999982, 11.50000000000000000, 0.8499999999999999778 ) ) ;
#4631 =( GEOMETRIC_REPRESENTATION_CONTEXT ( 3 ) GLOBAL_UNCERTAINTY_ASSIGNED_CONTEXT ( ( #5372 ) ) GLOBAL_UNIT_ASSIGNED_CONTEXT ( ( #5145, #3129, #6671 ) ) REPRESENTATION_CONTEXT ( 'NONE', 'WORKASPACE' ) );
#4632 = VECTOR ( 'NONE', #1046, 1000.000000000000000 ) ;
#4633 = EDGE_CURVE ( 'NONE', #8581, #7710, #5946, .T. ) ;
#4634 = VERTEX_POINT ( 'NONE', #1582 ) ;
#4635 = EDGE_CURVE ( 'NONE', #6685, #7345, #7814, .T. ) ;
#4636 = LINE ( 'NONE', #3942, #8020 ) ;
#4637 = ADVANCED_FACE ( 'NONE', ( #154 ), #3656, .F. ) ;
#4638 = LINE ( 'NONE', #7492, #6114 ) ;
#4639 = CIRCLE ( 'NONE', #5527, 0.4000000000000001887 ) ;
#4640 = FACE_OUTER_BOUND ( 'NONE', #2938, .T. ) ;
#4641 = CARTESIAN_POINT ( 'NONE',  ( 3.399999999999998579, 0.9500000000000038414, 0.5000000000000000000 ) ) ;
#4642 = ORIENTED_EDGE ( 'NONE', *, *, #8074, .T. ) ;
#4643 = PLANE ( 'NONE',  #893 ) ;
#4644 = CARTESIAN_POINT ( 'NONE',  ( -1.891663167769254583, 8.500000000000000000, 3.353223890482886826 ) ) ;
#4645 = VECTOR ( 'NONE', #8323, 1000.000000000000000 ) ;
#4646 = CARTESIAN_POINT ( 'NONE',  ( -4.499999999999989342, -1.550515463917520709, -5.800000000000008704 ) ) ;
#4647 = AXIS2_PLACEMENT_3D ( 'NONE', #989, #7314, #6918 ) ;
#4648 = LINE ( 'NONE', #7463, #4700 ) ;
#4649 = CYLINDRICAL_SURFACE ( 'NONE', #3434, 0.5000000000000002220 ) ;
#4650 = EDGE_LOOP ( 'NONE', ( #3410, #8317, #8625, #3493 ) ) ;
#4651 = CARTESIAN_POINT ( 'NONE',  ( 1.750000000000000000, -6.400000000000000355, 1.000000000000000000 ) ) ;
#4652 = ORIENTED_EDGE ( 'NONE', *, *, #8799, .T. ) ;
#4653 = ORIENTED_EDGE ( 'NONE', *, *, #5869, .F. ) ;
#4654 = ORIENTED_EDGE ( 'NONE', *, *, #4343, .T. ) ;
#4655 = ORIENTED_EDGE ( 'NONE', *, *, #1870, .F. ) ;
#4656 = ORIENTED_EDGE ( 'NONE', *, *, #7000, .F. ) ;
#4657 = DIRECTION ( 'NONE',  ( 0.000000000000000000, 1.734723475976806848E-16, -1.000000000000000000 ) ) ;
#4658 = CARTESIAN_POINT ( 'NONE',  ( -4.500000000000002665, 2.849484536082480091, -5.300000000000009592 ) ) ;
#4659 = LINE ( 'NONE', #8857, #2245 ) ;
#4660 = DIRECTION ( 'NONE',  ( 0.000000000000000000, 0.000000000000000000, 1.000000000000000000 ) ) ;
#4661 = ORIENTED_EDGE ( 'NONE', *, *, #7392, .F. ) ;
#4662 = ORIENTED_EDGE ( 'NONE', *, *, #1409, .F. ) ;
#4663 = VERTEX_POINT ( 'NONE', #1448 ) ;
#4664 = ORIENTED_EDGE ( 'NONE', *, *, #5538, .T. ) ;
#4665 = CARTESIAN_POINT ( 'NONE',  ( 0.000000000000000000, -6.400000000000000355, -1.350000000000000089 ) ) ;
#4666 = CARTESIAN_POINT ( 'NONE',  ( 0.000000000000000000, 13.00000000009049472, 0.000000000000000000 ) ) ;
#4667 = DIRECTION ( 'NONE',  ( 0.000000000000000000, 0.000000000000000000, 1.000000000000000000 ) ) ;
#4668 = DIRECTION ( 'NONE',  ( -8.850629979473506011E-17, -1.000000000000000000, -0.000000000000000000 ) ) ;
#4669 = EDGE_CURVE ( 'NONE', #2766, #7465, #3888, .T. ) ;
#4670 = DIRECTION ( 'NONE',  ( -1.000000000000000000, 0.000000000000000000, 0.000000000000000000 ) ) ;
#4671 = EDGE_LOOP ( 'NONE', ( #518, #366, #8997, #8945, #7361, #1767 ) ) ;
#4672 = ORIENTED_EDGE ( 'NONE', *, *, #7377, .T. ) ;
#4673 = DIRECTION ( 'NONE',  ( -2.491288438666617091E-16, -1.000000000000000000, -3.559366888705205925E-31 ) ) ;
#4674 = EDGE_LOOP ( 'NONE', ( #6118, #4568, #8509, #30 ) ) ;
#4675 = CARTESIAN_POINT ( 'NONE',  ( -4.899999999999987033, -1.827374759166200488E-18, -7.400446128206087160 ) ) ;
#4676 = LINE ( 'NONE', #7404, #1107 ) ;
#4677 = EDGE_CURVE ( 'NONE', #3571, #728, #71, .T. ) ;
#4678 = PLANE ( 'NONE',  #5049 ) ;
#4679 = EDGE_CURVE ( 'NONE', #1174, #2227, #2282, .T. ) ;
#4680 = EDGE_CURVE ( 'NONE', #5069, #3151, #5268, .T. ) ;
#4681 = CARTESIAN_POINT ( 'NONE',  ( 0.000000000000000000, 10.20000000000000107, -2.404700010220583106 ) ) ;
#4682 = ORIENTED_EDGE ( 'NONE', *, *, #1265, .T. ) ;
#4683 = ORIENTED_EDGE ( 'NONE', *, *, #6664, .F. ) ;
#4684 = CARTESIAN_POINT ( 'NONE',  ( 3.000000000000000000, 3.649484536082479469, 0.4000000000000000222 ) ) ;
#4685 = FACE_OUTER_BOUND ( 'NONE', #2171, .T. ) ;
#4686 = CARTESIAN_POINT ( 'NONE',  ( 2.999999999999998224, 4.650000000000004796, 5.599999999999999645 ) ) ;
#4687 = EDGE_CURVE ( 'NONE', #2449, #4510, #3794, .T. ) ;
#4688 = VECTOR ( 'NONE', #1059, 1000.000000000000000 ) ;
#4689 = DIRECTION ( 'NONE',  ( 0.000000000000000000, -8.673617379884039416E-16, -1.000000000000000000 ) ) ;
#4690 = ORIENTED_EDGE ( 'NONE', *, *, #3894, .F. ) ;
#4691 = DIRECTION ( 'NONE',  ( -1.000000000000000000, 2.491288438666622515E-16, -8.643393079969182961E-32 ) ) ;
#4692 = ORIENTED_EDGE ( 'NONE', *, *, #6645, .F. ) ;
#4693 = VERTEX_POINT ( 'NONE', #2369 ) ;
#4694 = ADVANCED_FACE ( 'NONE', ( #8080 ), #3157, .F. ) ;
#4695 =( REPRESENTATION_RELATIONSHIP ('NONE','NONE', #5832, #470 ) REPRESENTATION_RELATIONSHIP_WITH_TRANSFORMATION ( #4908 )SHAPE_REPRESENTATION_RELATIONSHIP( ) );
#4696 = VECTOR ( 'NONE', #3329, 1000.000000000000000 ) ;
#4697 = ORIENTED_EDGE ( 'NONE', *, *, #5793, .T. ) ;
#4698 = ORIENTED_EDGE ( 'NONE', *, *, #5363, .T. ) ;
#4699 = CARTESIAN_POINT ( 'NONE',  ( 0.000000000000000000, 11.70000000000000462, 0.000000000000000000 ) ) ;
#4700 = VECTOR ( 'NONE', #3361, 1000.000000000000000 ) ;
#4701 = CARTESIAN_POINT ( 'NONE',  ( 0.4999999999999982792, -2.050000000000000711, 0.5000000000000000000 ) ) ;
#4702 = ORIENTED_EDGE ( 'NONE', *, *, #1241, .T. ) ;
#4703 = ORIENTED_EDGE ( 'NONE', *, *, #8633, .F. ) ;
#4704 = ORIENTED_EDGE ( 'NONE', *, *, #6389, .F. ) ;
#4705 = EDGE_LOOP ( 'NONE', ( #3253, #5420, #8912, #4381, #4717, #2104, #161, #3132, #5997, #387, #8125, #5083 ) ) ;
#4706 = VECTOR ( 'NONE', #2922, 1000.000000000000000 ) ;
#4707 = CARTESIAN_POINT ( 'NONE',  ( 4.500000000000002665, 0.000000000000000000, 0.4000000000000000222 ) ) ;
#4708 = CARTESIAN_POINT ( 'NONE',  ( 4.500000000000002665, -7.582039682415637141E-16, 8.691935007006808402E-15 ) ) ;
#4709 = CARTESIAN_POINT ( 'NONE',  ( 0.000000000000000000, -2.700000000000000622, 0.000000000000000000 ) ) ;
#4710 = DIRECTION ( 'NONE',  ( -0.000000000000000000, -1.000000000000000000, -0.000000000000000000 ) ) ;
#4711 = DIRECTION ( 'NONE',  ( -1.000000000000000000, -8.850629979473506011E-17, -0.000000000000000000 ) ) ;
#4712 = CIRCLE ( 'NONE', #6491, 0.4000000000000001887 ) ;
#4713 = ORIENTED_EDGE ( 'NONE', *, *, #5254, .F. ) ;
#4714 = VERTEX_POINT ( 'NONE', #1121 ) ;
#4715 = CARTESIAN_POINT ( 'NONE',  ( -0.6700000000000000400, 11.70000000000000462, -0.5999999999999998668 ) ) ;
#4716 = EDGE_LOOP ( 'NONE', ( #38, #7992, #354, #994 ) ) ;
#4717 = ORIENTED_EDGE ( 'NONE', *, *, #6645, .T. ) ;
#4718 = EDGE_CURVE ( 'NONE', #4495, #3927, #8178, .T. ) ;
#4719 = CARTESIAN_POINT ( 'NONE',  ( -3.400000000000003020, -2.050000000000001155, 0.000000000000000000 ) ) ;
#4720 = VECTOR ( 'NONE', #2142, 1000.000000000000000 ) ;
#4721 = CARTESIAN_POINT ( 'NONE',  ( 4.500000000000002665, 4.349484536082478314, 0.4000000000000086819 ) ) ;
#4722 = CARTESIAN_POINT ( 'NONE',  ( -4.400000000000002132, -4.200000000000000178, 0.1000000000000000749 ) ) ;
#4723 = CARTESIAN_POINT ( 'NONE',  ( 2.324999999999999734, -4.750515463917523107, -1.600000000000000089 ) ) ;
#4724 = DIRECTION ( 'NONE',  ( 1.000000000000000000, 0.000000000000000000, 4.565061778886336016E-16 ) ) ;
#4725 = COLOUR_RGB ( '',0.7921568627450980005, 0.8196078431372548767, 0.9333333333333333481 ) ;
#4726 = CIRCLE ( 'NONE', #8854, 1.199999999999993072 ) ;
#4727 = ORIENTED_EDGE ( 'NONE', *, *, #3767, .T. ) ;
#4728 = ORIENTED_EDGE ( 'NONE', *, *, #4635, .T. ) ;
#4729 = CARTESIAN_POINT ( 'NONE',  ( 1.479999999999999982, 11.50000000000000000, 1.000000000000000000 ) ) ;
#4730 = ADVANCED_FACE ( 'NONE', ( #6047 ), #7347, .T. ) ;
#4731 = DIRECTION ( 'NONE',  ( 8.850629979473506011E-17, -1.000000000000000000, 0.000000000000000000 ) ) ;
#4732 = EDGE_CURVE ( 'NONE', #5219, #8627, #984, .T. ) ;
#4733 = VECTOR ( 'NONE', #8034, 1000.000000000000000 ) ;
#4734 = FACE_OUTER_BOUND ( 'NONE', #1993, .T. ) ;
#4735 = AXIS2_PLACEMENT_3D ( 'NONE', #1560, #2810, #3543 ) ;
#4736 = DIRECTION ( 'NONE',  ( 0.000000000000000000, -1.000000000000000000, 0.000000000000000000 ) ) ;
#4737 = VERTEX_POINT ( 'NONE', #8729 ) ;
#4738 = CARTESIAN_POINT ( 'NONE',  ( -4.499999999999992895, -3.950515463917520620, -4.900000000000009237 ) ) ;
#4739 = ORIENTED_EDGE ( 'NONE', *, *, #7118, .T. ) ;
#4740 = VECTOR ( 'NONE', #6790, 1000.000000000000000 ) ;
#4741 = EDGE_CURVE ( 'NONE', #8107, #6193, #6701, .T. ) ;
#4742 = ORIENTED_EDGE ( 'NONE', *, *, #8858, .F. ) ;
#4743 = ORIENTED_EDGE ( 'NONE', *, *, #3124, .T. ) ;
#4744 = ADVANCED_FACE ( 'NONE', ( #938 ), #3106, .T. ) ;
#4745 = EDGE_CURVE ( 'NONE', #8201, #8482, #2778, .T. ) ;
#4746 = ADVANCED_FACE ( 'NONE', ( #3930 ), #8682, .F. ) ;
#4747 = CARTESIAN_POINT ( 'NONE',  ( 2.600000000000000533, 4.049484536082480268, -4.900000000000009237 ) ) ;
#4748 = LINE ( 'NONE', #1986, #2254 ) ;
#4749 = VECTOR ( 'NONE', #320, 1000.000000000000000 ) ;
#4750 = VECTOR ( 'NONE', #1399, 1000.000000000000000 ) ;
#4751 = LINE ( 'NONE', #1252, #5182 ) ;
#4752 = VERTEX_POINT ( 'NONE', #6743 ) ;
#4753 = ORIENTED_EDGE ( 'NONE', *, *, #188, .F. ) ;
#4754 = AXIS2_PLACEMENT_3D ( 'NONE', #918, #4377, #3734 ) ;
#4755 = VERTEX_POINT ( 'NONE', #3831 ) ;
#4756 = ORIENTED_EDGE ( 'NONE', *, *, #2163, .F. ) ;
#4757 = CARTESIAN_POINT ( 'NONE',  ( -4.499999999999990230, -2.550515463917520709, -5.900000000000010125 ) ) ;
#4758 = DIRECTION ( 'NONE',  ( -8.850629979473506011E-17, 1.000000000000000000, 0.000000000000000000 ) ) ;
#4759 = DIRECTION ( 'NONE',  ( 0.000000000000000000, 0.000000000000000000, 1.000000000000000000 ) ) ;
#4760 = DIRECTION ( 'NONE',  ( -1.000000000000000000, 1.606225440719265627E-16, -1.931541112668179251E-15 ) ) ;
#4761 = FACE_OUTER_BOUND ( 'NONE', #3994, .T. ) ;
#4762 = AXIS2_PLACEMENT_3D ( 'NONE', #859, #124, #6580 ) ;
#4763 = VERTEX_POINT ( 'NONE', #6649 ) ;
#4764 = ORIENTED_EDGE ( 'NONE', *, *, #7333, .T. ) ;
#4765 = CARTESIAN_POINT ( 'NONE',  ( 0.000000000000000000, 0.000000000000000000, 0.5000000000000000000 ) ) ;
#4766 = EDGE_LOOP ( 'NONE', ( #8295, #9075, #1183, #4698 ) ) ;
#4767 = DIRECTION ( 'NONE',  ( 0.000000000000000000, 0.000000000000000000, 1.000000000000000000 ) ) ;
#4768 = AXIS2_PLACEMENT_3D ( 'NONE', #20, #7213, #5733 ) ;
#4769 = DIRECTION ( 'NONE',  ( 1.000000000000000000, 0.000000000000000000, 1.931541112668179645E-15 ) ) ;
#4770 = CARTESIAN_POINT ( 'NONE',  ( 4.399999999999998579, -5.549999999999998934, 1.300000000000000266 ) ) ;
#4771 = CYLINDRICAL_SURFACE ( 'NONE', #6424, 3.000000000000000444 ) ;
#4772 = SHAPE_DEFINITION_REPRESENTATION ( #4566, #2116 ) ;
#4774 = CARTESIAN_POINT ( 'NONE',  ( -1.090871211463572132, 0.9500000000000040634, 0.5000000000000000000 ) ) ;
#4773 = AXIS2_PLACEMENT_3D ( 'NONE', #3364, #1929, #3229 ) ;
#4775 = ORIENTED_EDGE ( 'NONE', *, *, #6113, .F. ) ;
#4776 = ORIENTED_EDGE ( 'NONE', *, *, #2181, .T. ) ;
#4777 = FACE_OUTER_BOUND ( 'NONE', #351, .T. ) ;
#4778 = CARTESIAN_POINT ( 'NONE',  ( -2.500000000000000000, -6.400000000000000355, -1.350000000000000089 ) ) ;
#4779 = SURFACE_SIDE_STYLE ('',( #3585 ) ) ;
#4780 = CIRCLE ( 'NONE', #1983, 0.6000000000000001998 ) ;
#4781 = DIRECTION ( 'NONE',  ( -1.000000000000000000, 0.000000000000000000, 0.000000000000000000 ) ) ;
#4782 = DIRECTION ( 'NONE',  ( -1.010091815959001126E-32, -1.141265444721583511E-16, -1.000000000000000000 ) ) ;
#4783 = EDGE_CURVE ( 'NONE', #4166, #1019, #5221, .T. ) ;
#4784 = EDGE_LOOP ( 'NONE', ( #4191, #2278, #6291, #325 ) ) ;
#4785 = PLANE ( 'NONE',  #5517 ) ;
#4786 = LINE ( 'NONE', #3459, #1489 ) ;
#4787 = AXIS2_PLACEMENT_3D ( 'NONE', #1554, #5000, #5882 ) ;
#4788 = ORIENTED_EDGE ( 'NONE', *, *, #4415, .F. ) ;
#4789 = ORIENTED_EDGE ( 'NONE', *, *, #919, .T. ) ;
#4790 = LINE ( 'NONE', #8384, #6766 ) ;
#4791 = CARTESIAN_POINT ( 'NONE',  ( -1.370000000000000329, 8.500000000000000000, 3.352688591713894439 ) ) ;
#4792 = VECTOR ( 'NONE', #424, 1000.000000000000000 ) ;
#4793 = EDGE_CURVE ( 'NONE', #8783, #6733, #6607, .T. ) ;
#4794 = DIRECTION ( 'NONE',  ( -0.000000000000000000, -3.469446951953613696E-16, -1.000000000000000000 ) ) ;
#4795 = CARTESIAN_POINT ( 'NONE',  ( 0.000000000000000000, -2.700000000000001066, 0.000000000000000000 ) ) ;
#4796 = EDGE_CURVE ( 'NONE', #3446, #4031, #5867, .T. ) ;
#4797 = VERTEX_POINT ( 'NONE', #3066 ) ;
#4798 = ADVANCED_FACE ( 'NONE', ( #423 ), #4484, .F. ) ;
#4799 = ORIENTED_EDGE ( 'NONE', *, *, #5481, .T. ) ;
#4800 = VERTEX_POINT ( 'NONE', #5907 ) ;
#4801 = ORIENTED_EDGE ( 'NONE', *, *, #6487, .F. ) ;
#4802 = DIRECTION ( 'NONE',  ( 0.000000000000000000, 0.000000000000000000, 1.000000000000000000 ) ) ;
#4803 = DIRECTION ( 'NONE',  ( -1.000000000000000000, 1.761828530288927745E-15, 0.000000000000000000 ) ) ;
#4804 = FACE_OUTER_BOUND ( 'NONE', #2884, .T. ) ;
#4805 = CARTESIAN_POINT ( 'NONE',  ( -5.636132948075079696, 0.4494845360824797353, -8.396377958773982186 ) ) ;
#4806 = ADVANCED_FACE ( 'NONE', ( #2414 ), #1715, .T. ) ;
#4807 = DIRECTION ( 'NONE',  ( -8.850629979473508477E-17, 1.000000000000000000, -1.358334161808126433E-32 ) ) ;
#4808 = ORIENTED_EDGE ( 'NONE', *, *, #6833, .F. ) ;
#4809 = ORIENTED_EDGE ( 'NONE', *, *, #1253, .F. ) ;
#4810 = DIRECTION ( 'NONE',  ( 0.000000000000000000, 1.000000000000000000, 0.000000000000000000 ) ) ;
#4811 = EDGE_CURVE ( 'NONE', #4254, #1104, #8353, .T. ) ;
#4812 = ORIENTED_EDGE ( 'NONE', *, *, #6274, .T. ) ;
#4813 = CARTESIAN_POINT ( 'NONE',  ( -3.675000000000000266, -4.750515463917523107, 0.4000000000000000222 ) ) ;
#4814 = CARTESIAN_POINT ( 'NONE',  ( 2.500000000000000000, -6.400000000000000355, -1.350000000000000089 ) ) ;
#4815 = FACE_OUTER_BOUND ( 'NONE', #708, .T. ) ;
#4816 = PLANE ( 'NONE',  #7447 ) ;
#4817 = CARTESIAN_POINT ( 'NONE',  ( 7.347880793735781572E-17, 13.00000000009049472, 0.5999999999062310962 ) ) ;
#4818 = ORIENTED_EDGE ( 'NONE', *, *, #1470, .F. ) ;
#4819 = ORIENTED_EDGE ( 'NONE', *, *, #289, .F. ) ;
#4820 = FACE_OUTER_BOUND ( 'NONE', #5114, .T. ) ;
#4821 = CYLINDRICAL_SURFACE ( 'NONE', #7279, 0.4000000000000001887 ) ;
#4822 =( LENGTH_UNIT ( ) NAMED_UNIT ( * ) SI_UNIT ( .MILLI., .METRE. ) );
#4823 = DIRECTION ( 'NONE',  ( 0.000000000000000000, 0.000000000000000000, -1.000000000000000000 ) ) ;
#4824 = CARTESIAN_POINT ( 'NONE',  ( 2.100000000000000089, -6.700000000000000178, -4.928191693115928797E-17 ) ) ;
#4825 = CARTESIAN_POINT ( 'NONE',  ( -1.479999999999999982, 11.70000000000000462, 0.8499999999999999778 ) ) ;
#4826 = VERTEX_POINT ( 'NONE', #7620 ) ;
#4827 = DIRECTION ( 'NONE',  ( -1.606225440719265627E-16, -1.000000000000000000, -3.102490474962827050E-31 ) ) ;
#4828 = ORIENTED_EDGE ( 'NONE', *, *, #8914, .T. ) ;
#4829 = ORIENTED_EDGE ( 'NONE', *, *, #1320, .F. ) ;
#4830 = VERTEX_POINT ( 'NONE', #661 ) ;
#4831 = ORIENTED_EDGE ( 'NONE', *, *, #4550, .F. ) ;
#4832 = ADVANCED_FACE ( 'NONE', ( #6925 ), #610, .T. ) ;
#4833 = DIRECTION ( 'NONE',  ( 0.000000000000000000, 0.000000000000000000, -1.000000000000000000 ) ) ;
#4834 = DIRECTION ( 'NONE',  ( 0.000000000000000000, -1.000000000000000000, 0.000000000000000000 ) ) ;
#4835 = DIRECTION ( 'NONE',  ( 0.000000000000000000, 0.000000000000000000, 1.000000000000000000 ) ) ;
#4836 = DIRECTION ( 'NONE',  ( -1.000000000000000000, -1.971276677246371519E-16, -0.000000000000000000 ) ) ;
#4837 = ORIENTED_EDGE ( 'NONE', *, *, #8254, .F. ) ;
#4838 = AXIS2_PLACEMENT_3D ( 'NONE', #3097, #3196, #1843 ) ;
#4839 = VERTEX_POINT ( 'NONE', #6238 ) ;
#4840 = ORIENTED_EDGE ( 'NONE', *, *, #6218, .T. ) ;
#4841 = EDGE_CURVE ( 'NONE', #5242, #6625, #8310, .T. ) ;
#4842 = DIRECTION ( 'NONE',  ( 0.000000000000000000, 0.000000000000000000, -1.000000000000000000 ) ) ;
#4843 = DIRECTION ( 'NONE',  ( 1.000000000000000000, 2.551063935260010491E-16, 0.000000000000000000 ) ) ;
#4844 = EDGE_CURVE ( 'NONE', #3870, #4607, #2602, .T. ) ;
#4845 = DIRECTION ( 'NONE',  ( 1.000000000000000000, 0.000000000000000000, -1.618212197739559129E-16 ) ) ;
#4846 = AXIS2_PLACEMENT_3D ( 'NONE', #1604, #2532, #3138 ) ;
#4847 = EDGE_CURVE ( 'NONE', #2799, #2970, #9053, .T. ) ;
#4848 = LINE ( 'NONE', #5457, #7363 ) ;
#4849 = EDGE_CURVE ( 'NONE', #8309, #7928, #3426, .T. ) ;
#4850 = CARTESIAN_POINT ( 'NONE',  ( -4.499999999999986677, -1.550515463917520709, -7.400446128206086271 ) ) ;
#4851 = ORIENTED_EDGE ( 'NONE', *, *, #181, .T. ) ;
#4852 = ORIENTED_EDGE ( 'NONE', *, *, #8699, .T. ) ;
#4853 = VECTOR ( 'NONE', #6905, 1000.000000000000000 ) ;
#4854 = LINE ( 'NONE', #6429, #1926 ) ;
#4855 = EDGE_LOOP ( 'NONE', ( #8105, #1359, #5449, #6568, #2203 ) ) ;
#4856 = ORIENTED_EDGE ( 'NONE', *, *, #5698, .T. ) ;
#4857 = EDGE_CURVE ( 'NONE', #6759, #2164, #1214, .T. ) ;
#4858 = LINE ( 'NONE', #2702, #3601 ) ;
#4859 = CARTESIAN_POINT ( 'NONE',  ( 4.500000000000002665, -3.550515463917521153, -6.400000000000000355 ) ) ;
#4860 = ADVANCED_FACE ( 'NONE', ( #474 ), #6878, .T. ) ;
#4861 = VECTOR ( 'NONE', #384, 1000.000000000000114 ) ;
#4862 = CARTESIAN_POINT ( 'NONE',  ( 1.750000000000000000, -6.400000000000000355, -1.349999999999999867 ) ) ;
#4863 =( NAMED_UNIT ( * ) SI_UNIT ( $, .STERADIAN. ) SOLID_ANGLE_UNIT ( ) );
#4864 = CARTESIAN_POINT ( 'NONE',  ( 3.599999999999999645, 5.150000000000005684, 5.000000000000000000 ) ) ;
#4865 = ORIENTED_EDGE ( 'NONE', *, *, #5141, .F. ) ;
#4866 = CYLINDRICAL_SURFACE ( 'NONE', #6043, 0.2000000000000000944 ) ;
#4867 = TOROIDAL_SURFACE ( 'NONE', #8549, 3.500000000000000000, 0.3999999999999990785 ) ;
#4868 = AXIS2_PLACEMENT_3D ( 'NONE', #8632, #3015, #5117 ) ;
#4869 = DIRECTION ( 'NONE',  ( 0.000000000000000000, 1.000000000000000000, 0.000000000000000000 ) ) ;
#4870 = DIRECTION ( 'NONE',  ( 0.000000000000000000, 0.000000000000000000, 1.000000000000000000 ) ) ;
#4871 = AXIS2_PLACEMENT_3D ( 'NONE', #6381, #112, #7722 ) ;
#4872 = CLOSED_SHELL ( 'NONE', ( #4512, #7002, #7801, #8, #2956, #8196, #7794, #1544, #3419, #3398, #4239, #2361, #8117, #4744, #3833, #5818, #4122, #7951, #2045, #8007, #4637, #68, #2040, #8567, #6033, #8503, #4269, #2727, #9031, #5857, #6375, #5066, #9093, #6895, #8873, #8243, #2944, #3559, #3896, #8974, #693, #2701, #4860, #5427, #1302, #6634, #7018, #3522, #1465, #3464, #4746, #696, #6359, #4185, #8461, #3339, #8065, #630, #8582, #1137 ) ) ;
#4873 = VERTEX_POINT ( 'NONE', #4757 ) ;
#4874 = CARTESIAN_POINT ( 'NONE',  ( 4.399999999999998579, -2.700000000000000622, 0.1000000000000000056 ) ) ;
#4875 = DIRECTION ( 'NONE',  ( 1.000000000000000000, 0.000000000000000000, 0.000000000000000000 ) ) ;
#4876 = ORIENTED_EDGE ( 'NONE', *, *, #7229, .F. ) ;
#4877 = ORIENTED_EDGE ( 'NONE', *, *, #8224, .T. ) ;
#4878 = VECTOR ( 'NONE', #7352, 1000.000000000000000 ) ;
#4879 = VECTOR ( 'NONE', #7316, 1000.000000000000000 ) ;
#4880 = CARTESIAN_POINT ( 'NONE',  ( -4.500000000000003553, -3.950515463917521508, -5.300000000000009592 ) ) ;
#4881 = CARTESIAN_POINT ( 'NONE',  ( -4.499999999999993783, -5.150515463917520798, -4.300000000000008704 ) ) ;
#4882 = DIRECTION ( 'NONE',  ( -1.000000000000000000, 4.427158870982468024E-15, 0.000000000000000000 ) ) ;
#4883 = DIRECTION ( 'NONE',  ( -1.606225440719265627E-16, -1.000000000000000000, -3.102490474962827050E-31 ) ) ;
#4884 = VECTOR ( 'NONE', #7809, 1000.000000000000000 ) ;
#4885 = ADVANCED_FACE ( 'NONE', ( #5549 ), #563, .T. ) ;
#4886 = EDGE_LOOP ( 'NONE', ( #5895, #5558, #5087, #7802 ) ) ;
#4887 = EDGE_LOOP ( 'NONE', ( #3061, #8825, #5548, #4739, #2077, #454 ) ) ;
#4888 = VERTEX_POINT ( 'NONE', #1260 ) ;
#4889 = CARTESIAN_POINT ( 'NONE',  ( -1.734723475976807094E-15, 0.4500000000000040079, 2.100000000000000089 ) ) ;
#4890 = VECTOR ( 'NONE', #7113, 1000.000000000000000 ) ;
#4891 = CIRCLE ( 'NONE', #8579, 0.6500000000000000222 ) ;
#4892 = LINE ( 'NONE', #2603, #2340 ) ;
#4893 = LINE ( 'NONE', #3692, #1802 ) ;
#4894 = DIRECTION ( 'NONE',  ( 0.000000000000000000, -1.000000000000000000, 0.000000000000000000 ) ) ;
#4895 = PLANE ( 'NONE',  #8128 ) ;
#4896 = EDGE_CURVE ( 'NONE', #1224, #5760, #1349, .T. ) ;
#4897 = ORIENTED_EDGE ( 'NONE', *, *, #3955, .T. ) ;
#4898 = VECTOR ( 'NONE', #7040, 1000.000000000000000 ) ;
#4899 = VECTOR ( 'NONE', #1886, 1000.000000000000000 ) ;
#4900 = LINE ( 'NONE', #2049, #1192 ) ;
#4901 = ORIENTED_EDGE ( 'NONE', *, *, #4173, .F. ) ;
#4902 = DIRECTION ( 'NONE',  ( 0.000000000000000000, 1.000000000000000000, 0.000000000000000000 ) ) ;
#4903 = CARTESIAN_POINT ( 'NONE',  ( 2.100000000000000089, -6.400000000000000355, 0.000000000000000000 ) ) ;
#4904 = CIRCLE ( 'NONE', #9037, 0.6500000000000001332 ) ;
#4905 = LINE ( 'NONE', #677, #2383 ) ;
#4906 = CARTESIAN_POINT ( 'NONE',  ( -1.749999999999999778, -6.500000000000001776, 1.100000000000000089 ) ) ;
#4907 = EDGE_CURVE ( 'NONE', #585, #4800, #2689, .T. ) ;
#4908 = ITEM_DEFINED_TRANSFORMATION ( 'NONE', 'NONE', #3169,  #804 ) ;
#4909 = LINE ( 'NONE', #9112, #2829 ) ;
#4910 = ADVANCED_FACE ( 'N', ( #6284 ), #8262, .T. ) ;
#4911 = ADVANCED_FACE ( 'NONE', ( #7526 ), #5502, .T. ) ;
#4912 = ORIENTED_EDGE ( 'NONE', *, *, #6276, .F. ) ;
#4913 = DIRECTION ( 'NONE',  ( -1.734723475976805517E-15, 0.000000000000000000, 1.000000000000000000 ) ) ;
#4914 = ADVANCED_FACE ( 'NONE', ( #2082 ), #6788, .F. ) ;
#4915 = AXIS2_PLACEMENT_3D ( 'NONE', #4586, #7403, #8741 ) ;
#4916 = DIRECTION ( 'NONE',  ( -0.000000000000000000, -1.000000000000000000, -0.000000000000000000 ) ) ;
#4917 = DIRECTION ( 'NONE',  ( 0.000000000000000000, 0.000000000000000000, 1.000000000000000000 ) ) ;
#4918 = VECTOR ( 'NONE', #1787, 1000.000000000000000 ) ;
#4919 = AXIS2_PLACEMENT_3D ( 'NONE', #1760, #2504, #5313 ) ;
#4920 = LINE ( 'NONE', #4092, #1377 ) ;
#4921 = ORIENTED_EDGE ( 'NONE', *, *, #8799, .F. ) ;
#4922 = DIRECTION ( 'NONE',  ( -1.000000000000000000, 0.000000000000000000, 0.000000000000000000 ) ) ;
#4923 = FACE_OUTER_BOUND ( 'NONE', #3818, .T. ) ;
#4924 = ORIENTED_EDGE ( 'NONE', *, *, #8231, .F. ) ;
#4925 = DIRECTION ( 'NONE',  ( 0.000000000000000000, 0.000000000000000000, -1.000000000000000000 ) ) ;
#4926 = ORIENTED_EDGE ( 'NONE', *, *, #4669, .F. ) ;
#4927 = VECTOR ( 'NONE', #2721, 1000.000000000000000 ) ;
#4928 = VECTOR ( 'NONE', #57, 1000.000000000000000 ) ;
#4929 = VERTEX_POINT ( 'NONE', #8955 ) ;
#4930 = LINE ( 'NONE', #3596, #581 ) ;
#4931 = DIRECTION ( 'NONE',  ( -1.931541112668179645E-15, 1.551245237481413525E-31, 1.000000000000000000 ) ) ;
#4932 = LINE ( 'NONE', #1391, #4452 ) ;
#4933 = LINE ( 'NONE', #4150, #1555 ) ;
#4934 = EDGE_LOOP ( 'NONE', ( #6648, #7563, #5348, #8679, #4018, #3643, #8750 ) ) ;
#4935 = VERTEX_POINT ( 'NONE', #2642 ) ;
#4936 = VECTOR ( 'NONE', #155, 1000.000000000000000 ) ;
#4937 = CARTESIAN_POINT ( 'NONE',  ( -1.479999999999999982, 11.70000000000000462, 1.200000000000000178 ) ) ;
#4938 = CARTESIAN_POINT ( 'NONE',  ( -3.600000000000001421, 5.950000000000001954, 5.000000000000000000 ) ) ;
#4939 = PRESENTATION_LAYER_ASSIGNMENT (  '', '', ( #378 ) ) ;
#4940 = DIRECTION ( 'NONE',  ( 1.000000000000000000, 0.000000000000000000, 0.000000000000000000 ) ) ;
#4941 = LINE ( 'NONE', #7765, #3421 ) ;
#4942 = VERTEX_POINT ( 'NONE', #3604 ) ;
#4943 = CARTESIAN_POINT ( 'NONE',  ( -0.6500000000000019096, 0.4500000000000040079, 0.000000000000000000 ) ) ;
#4944 = ORIENTED_EDGE ( 'NONE', *, *, #2429, .T. ) ;
#4945 = DIRECTION ( 'NONE',  ( 1.000000000000000000, 0.000000000000000000, 0.000000000000000000 ) ) ;
#4946 = CARTESIAN_POINT ( 'NONE',  ( -5.598656062889738827, 0.4494845360824794578, -8.565425263470261896 ) ) ;
#4947 = EDGE_CURVE ( 'NONE', #4154, #6324, #6420, .T. ) ;
#4948 = VECTOR ( 'NONE', #539, 1000.000000000000000 ) ;
#4949 = FILL_AREA_STYLE ('',( #3621 ) ) ;
#4950 = DIRECTION ( 'NONE',  ( 1.000000000000000000, 0.000000000000000000, 0.000000000000000000 ) ) ;
#4951 = CARTESIAN_POINT ( 'NONE',  ( -0.4500000000000001776, 0.4500000000000592970, 2.100000000000000089 ) ) ;
#4952 = VERTEX_POINT ( 'NONE', #8628 ) ;
#4953 = ORIENTED_EDGE ( 'NONE', *, *, #6305, .F. ) ;
#4954 = CARTESIAN_POINT ( 'NONE',  ( 4.500000000000001776, 1.349484536082478980, 0.4000000000000000777 ) ) ;
#4955 = DIRECTION ( 'NONE',  ( 0.000000000000000000, -1.000000000000000000, 0.000000000000000000 ) ) ;
#4956 = DIRECTION ( 'NONE',  ( 0.000000000000000000, 0.000000000000000000, 1.000000000000000000 ) ) ;
#4957 = EDGE_CURVE ( 'NONE', #8158, #4873, #743, .T. ) ;
#4958 = ORIENTED_EDGE ( 'NONE', *, *, #8450, .F. ) ;
#4959 = EDGE_CURVE ( 'NONE', #2736, #4002, #7107, .T. ) ;
#4960 = ADVANCED_FACE ( 'NONE', ( #104 ), #5630, .F. ) ;
#4961 = CARTESIAN_POINT ( 'NONE',  ( -3.600000000000001421, -5.150000000000000355, 5.000000000000000000 ) ) ;
#4962 = VERTEX_POINT ( 'NONE', #8534 ) ;
#4963 = DIRECTION ( 'NONE',  ( 0.000000000000000000, -1.000000000000000000, 0.000000000000000000 ) ) ;
#4964 = LINE ( 'NONE', #8614, #306 ) ;
#4965 = ORIENTED_EDGE ( 'NONE', *, *, #8392, .T. ) ;
#4966 = LINE ( 'NONE', #7787, #2962 ) ;
#4967 = EDGE_LOOP ( 'NONE', ( #3793, #5954, #8476, #35 ) ) ;
#4968 = VERTEX_POINT ( 'NONE', #3516 ) ;
#4969 = DIRECTION ( 'NONE',  ( -1.000000000000000000, -1.734723475976807094E-16, 0.000000000000000000 ) ) ;
#4970 = CARTESIAN_POINT ( 'NONE',  ( -4.900000000000001243, -5.450515463917522396, -4.300000000000009592 ) ) ;
#4971 = CIRCLE ( 'NONE', #4095, 0.4000000000000001887 ) ;
#4972 = DIRECTION ( 'NONE',  ( 0.000000000000000000, -1.000000000000000000, 0.000000000000000000 ) ) ;
#4973 = PLANE ( 'NONE',  #7424 ) ;
#4974 = EDGE_CURVE ( 'NONE', #932, #3170, #2219, .T. ) ;
#4975 = ORIENTED_EDGE ( 'NONE', *, *, #7432, .T. ) ;
#4976 = ORIENTED_EDGE ( 'NONE', *, *, #5710, .T. ) ;
#4977 = DIRECTION ( 'NONE',  ( 0.000000000000000000, 0.000000000000000000, 1.000000000000000000 ) ) ;
#4978 = FACE_OUTER_BOUND ( 'NONE', #6663, .T. ) ;
#4979 = CARTESIAN_POINT ( 'NONE',  ( -2.350000000000001865, -3.750000000000000000, 5.599999999999999645 ) ) ;
#4980 = CARTESIAN_POINT ( 'NONE',  ( -2.600000000000000533, 2.849484536082479647, -4.900000000000009237 ) ) ;
#4981 = AXIS2_PLACEMENT_3D ( 'NONE', #8354, #6239, #7664 ) ;
#4982 = DIRECTION ( 'NONE',  ( 0.000000000000000000, 0.000000000000000000, 1.000000000000000000 ) ) ;
#4983 = ORIENTED_EDGE ( 'NONE', *, *, #7846, .T. ) ;
#4984 = ORIENTED_EDGE ( 'NONE', *, *, #4745, .T. ) ;
#4985 = LINE ( 'NONE', #2833, #5159 ) ;
#4986 = ORIENTED_EDGE ( 'NONE', *, *, #4732, .T. ) ;
#4987 = VECTOR ( 'NONE', #871, 1000.000000000000000 ) ;
#4988 = FACE_OUTER_BOUND ( 'NONE', #460, .T. ) ;
#4989 = LINE ( 'NONE', #4355, #2004 ) ;
#4990 = CARTESIAN_POINT ( 'NONE',  ( -5.259901047426943421, 0.4494845360824796798, -9.291887738487545789 ) ) ;
#4991 = CARTESIAN_POINT ( 'NONE',  ( -2.324999999999999734, 3.649484536082479469, 0.4000000000000000222 ) ) ;
#4992 = DIRECTION ( 'NONE',  ( 8.850629979473506011E-17, 1.000000000000000000, 0.000000000000000000 ) ) ;
#4993 = CIRCLE ( 'NONE', #6029, 1.200000000000061240 ) ;
#4994 = DIRECTION ( 'NONE',  ( 1.000000000000000000, 0.000000000000000000, 0.000000000000000000 ) ) ;
#4995 = EDGE_CURVE ( 'NONE', #3667, #8696, #7142, .T. ) ;
#4996 = ORIENTED_EDGE ( 'NONE', *, *, #459, .F. ) ;
#4997 = DIRECTION ( 'NONE',  ( -1.776356839400250465E-15, 0.000000000000000000, -1.000000000000000000 ) ) ;
#4998 = DIRECTION ( 'NONE',  ( -1.000000000000000000, 7.211624427719317894E-17, -6.255087097346258413E-32 ) ) ;
#4999 =( BOUNDED_CURVE ( )  B_SPLINE_CURVE ( 3, ( #6470, #152, #7941, #8638 ),
 .UNSPECIFIED., .F., .T. ) 
 B_SPLINE_CURVE_WITH_KNOTS ( ( 4, 4 ),
 ( 1.570796326794896558, 3.141592653589793116 ),
 .UNSPECIFIED. ) 
 CURVE ( )  GEOMETRIC_REPRESENTATION_ITEM ( )  RATIONAL_B_SPLINE_CURVE ( ( 1.000000000000000000, 0.8047378541243649375, 0.8047378541243649375, 1.000000000000000000 ) ) 
 REPRESENTATION_ITEM ( '' )  );
#5000 = DIRECTION ( 'NONE',  ( 0.000000000000000000, -1.000000000000000000, 0.000000000000000000 ) ) ;
#5001 = VECTOR ( 'NONE', #7948, 1000.000000000000000 ) ;
#5002 = CYLINDRICAL_SURFACE ( 'NONE', #1519, 0.7999999999999999334 ) ;
#5003 = CARTESIAN_POINT ( 'NONE',  ( -1.900000000000001910, -4.200000000000000178, 0.1000000000000000056 ) ) ;
#5004 = DIRECTION ( 'NONE',  ( 1.232047923278982446E-16, 0.000000000000000000, -1.000000000000000000 ) ) ;
#5005 = AXIS2_PLACEMENT_3D ( 'NONE', #7548, #544, #6163 ) ;
#5006 = ADVANCED_FACE ( 'NONE', ( #702 ), #6369, .T. ) ;
#5007 = ORIENTED_EDGE ( 'NONE', *, *, #1625, .T. ) ;
#5008 = DIRECTION ( 'NONE',  ( 0.000000000000000000, 0.000000000000000000, 1.000000000000000000 ) ) ;
#5009 = DIRECTION ( 'NONE',  ( 0.000000000000000000, 0.000000000000000000, -1.000000000000000000 ) ) ;
#5010 = ADVANCED_FACE ( 'NONE', ( #5680 ), #7804, .T. ) ;
#5011 = VERTEX_POINT ( 'NONE', #6506 ) ;
#5012 = VECTOR ( 'NONE', #3569, 1000.000000000000000 ) ;
#5013 = DIRECTION ( 'NONE',  ( 0.000000000000000000, -1.000000000000000000, 0.000000000000000000 ) ) ;
#5014 = DIRECTION ( 'NONE',  ( -8.123545521314933250E-47, -3.260780805318072864E-31, 1.000000000000000000 ) ) ;
#5015 = VECTOR ( 'NONE', #348, 1000.000000000000114 ) ;
#5016 = CARTESIAN_POINT ( 'NONE',  ( -4.499999999999990230, 6.873989284057756956E-16, -5.800000000000008704 ) ) ;
#5017 = ORIENTED_EDGE ( 'NONE', *, *, #7432, .F. ) ;
#5018 = ADVANCED_FACE ( 'NONE', ( #1526 ), #8586, .T. ) ;
#5019 = ORIENTED_EDGE ( 'NONE', *, *, #6165, .T. ) ;
#5020 = AXIS2_PLACEMENT_3D ( 'NONE', #2331, #1587, #75 ) ;
#5021 = EDGE_CURVE ( 'NONE', #3276, #328, #5766, .T. ) ;
#5022 = AXIS2_PLACEMENT_3D ( 'NONE', #1323, #3262, #3355 ) ;
#5023 = EDGE_LOOP ( 'NONE', ( #8714, #1551, #7303, #816 ) ) ;
#5024 = EDGE_CURVE ( 'NONE', #4055, #4115, #837, .T. ) ;
#5025 = EDGE_CURVE ( 'NONE', #4616, #8037, #145, .T. ) ;
#5026 = DIRECTION ( 'NONE',  ( 1.000000000000000000, 0.000000000000000000, 0.000000000000000000 ) ) ;
#5027 = DIRECTION ( 'NONE',  ( -0.8573532005412072277, 0.000000000000000000, 0.5147285590694853363 ) ) ;
#5028 = CARTESIAN_POINT ( 'NONE',  ( -3.000000000000000000, 3.649484536082479469, 0.000000000000000000 ) ) ;
#5029 = LINE ( 'NONE', #8538, #4706 ) ;
#5030 = AXIS2_PLACEMENT_3D ( 'NONE', #978, #7381, #6694 ) ;
#5031 = CARTESIAN_POINT ( 'NONE',  ( 4.500000000000002665, -3.540251991789402774E-17, -4.299999999999999822 ) ) ;
#5032 = EDGE_LOOP ( 'NONE', ( #6245, #137, #8282, #7829 ) ) ;
#5033 = ORIENTED_EDGE ( 'NONE', *, *, #5415, .F. ) ;
#5034 = DIRECTION ( 'NONE',  ( 1.000000000000000000, -2.491288438666616105E-16, 0.000000000000000000 ) ) ;
#5035 = AXIS2_PLACEMENT_3D ( 'NONE', #1475, #785, #1024 ) ;
#5036 = ORIENTED_EDGE ( 'NONE', *, *, #3780, .F. ) ;
#5037 = FACE_OUTER_BOUND ( 'NONE', #4705, .T. ) ;
#5038 = FACE_OUTER_BOUND ( 'NONE', #4482, .T. ) ;
#5039 = CARTESIAN_POINT ( 'NONE',  ( -3.000000000000000000, 3.649484536082479469, -1.600000000000000089 ) ) ;
#5040 = CARTESIAN_POINT ( 'NONE',  ( 5.238893727143786982, 0.4494845360824784586, -8.400000000000000355 ) ) ;
#5041 = CARTESIAN_POINT ( 'NONE',  ( -1.479999999999999982, 11.70000000000000462, 0.6999999999999998446 ) ) ;
#5043 = AXIS2_PLACEMENT_3D ( 'NONE', #1528, #7162, #6463 ) ;
#5042 = DIRECTION ( 'NONE',  ( 8.850629979473506011E-17, 1.000000000000000000, 0.000000000000000000 ) ) ;
#5044 = CARTESIAN_POINT ( 'NONE',  ( 0.000000000000000000, 10.20000000000000107, -0.5047000102205828620 ) ) ;
#5045 = ORIENTED_EDGE ( 'NONE', *, *, #4995, .T. ) ;
#5046 = VERTEX_POINT ( 'NONE', #7897 ) ;
#5047 = CARTESIAN_POINT ( 'NONE',  ( 1.000000000000000000, 4.426179070414211658, 4.299999999999999822 ) ) ;
#5048 = FACE_OUTER_BOUND ( 'NONE', #7090, .T. ) ;
#5049 = AXIS2_PLACEMENT_3D ( 'NONE', #8744, #3175, #8051 ) ;
#5050 = VECTOR ( 'NONE', #5014, 1000.000000000000000 ) ;
#5051 = DIRECTION ( 'NONE',  ( 0.000000000000000000, 0.000000000000000000, 1.000000000000000000 ) ) ;
#5052 = MANIFOLD_SOLID_BREP ( 'Split1[4]', #6793 ) ;
#5053 = DIRECTION ( 'NONE',  ( -1.000000000000000000, 0.000000000000000000, 0.000000000000000000 ) ) ;
#5054 =( LENGTH_UNIT ( ) NAMED_UNIT ( * ) SI_UNIT ( .MILLI., .METRE. ) );
#5055 = FACE_OUTER_BOUND ( 'NONE', #2193, .T. ) ;
#5056 = AXIS2_PLACEMENT_3D ( 'NONE', #6211, #6902, #4227 ) ;
#5057 = ORIENTED_EDGE ( 'NONE', *, *, #8515, .F. ) ;
#5058 = CARTESIAN_POINT ( 'NONE',  ( -1.891663167769254583, 8.900000000000000355, 3.353223890482886826 ) ) ;
#5059 = FACE_OUTER_BOUND ( 'NONE', #3803, .T. ) ;
#5060 = ORIENTED_EDGE ( 'NONE', *, *, #6440, .T. ) ;
#5061 = CIRCLE ( 'NONE', #5670, 0.4000000000000001887 ) ;
#5062 = VECTOR ( 'NONE', #8049, 999.9999999999998863 ) ;
#5063 = CARTESIAN_POINT ( 'NONE',  ( 1.000000000000000000, 0.4499999999999487188, 4.299999999999999822 ) ) ;
#5064 = PLANE ( 'NONE',  #6677 ) ;
#5065 = EDGE_CURVE ( 'NONE', #7477, #983, #2879, .T. ) ;
#5066 = ADVANCED_FACE ( 'NONE', ( #3860 ), #2625, .T. ) ;
#5067 = DIRECTION ( 'NONE',  ( 1.000000000000000000, 0.000000000000000000, 0.000000000000000000 ) ) ;
#5068 = ORIENTED_EDGE ( 'NONE', *, *, #1125, .F. ) ;
#5069 = VERTEX_POINT ( 'NONE', #448 ) ;
#5070 = AXIS2_PLACEMENT_3D ( 'NONE', #688, #5531, #4141 ) ;
#5071 = MECHANICAL_DESIGN_GEOMETRIC_PRESENTATION_REPRESENTATION (  '', ( #815 ), #79 ) ;
#5072 = ORIENTED_EDGE ( 'NONE', *, *, #5698, .F. ) ;
#5073 = CARTESIAN_POINT ( 'NONE',  ( -4.499999999999989342, -2.550515463917520709, -5.900000000000010125 ) ) ;
#5074 = LINE ( 'NONE', #369, #6757 ) ;
#5075 = DIRECTION ( 'NONE',  ( -1.931541112668179251E-15, 0.000000000000000000, 1.000000000000000000 ) ) ;
#5076 = ADVANCED_FACE ( 'NONE', ( #7552 ), #8892, .F. ) ;
#5077 = CARTESIAN_POINT ( 'NONE',  ( -4.500000000000003553, -5.450515463917523284, 0.4000000000000000222 ) ) ;
#5078 =( GEOMETRIC_REPRESENTATION_CONTEXT ( 3 ) GLOBAL_UNCERTAINTY_ASSIGNED_CONTEXT ( ( #8139 ) ) GLOBAL_UNIT_ASSIGNED_CONTEXT ( ( #3354, #8147, #6158 ) ) REPRESENTATION_CONTEXT ( 'NONE', 'WORKASPACE' ) );
#5079 = VECTOR ( 'NONE', #820, 1000.000000000000000 ) ;
#5080 = EDGE_CURVE ( 'NONE', #6525, #5847, #4780, .T. ) ;
#5081 = CARTESIAN_POINT ( 'NONE',  ( 4.598116167910892393, 0.4494845360824782921, -7.662869739802280478 ) ) ;
#5082 = EDGE_CURVE ( 'NONE', #2777, #7332, #3952, .T. ) ;
#5083 = ORIENTED_EDGE ( 'NONE', *, *, #2263, .T. ) ;
#5084 = ORIENTED_EDGE ( 'NONE', *, *, #7333, .F. ) ;
#5085 = CARTESIAN_POINT ( 'NONE',  ( 1.898540922494819316, 8.500000000000000000, 3.349334615354596423 ) ) ;
#5086 = AXIS2_PLACEMENT_3D ( 'NONE', #8642, #6474, #4435 ) ;
#5087 = ORIENTED_EDGE ( 'NONE', *, *, #1697, .T. ) ;
#5088 = AXIS2_PLACEMENT_3D ( 'NONE', #1521, #2772, #7843 ) ;
#5089 = CARTESIAN_POINT ( 'NONE',  ( 2.600000000000000533, -2.035644895278906395E-16, 0.000000000000000000 ) ) ;
#5090 = CARTESIAN_POINT ( 'NONE',  ( -3.400000000000003464, -0.05202383709185157135, 0.5000000000000000000 ) ) ;
#5091 = DIRECTION ( 'NONE',  ( 1.000000000000000000, 8.850629979473510942E-17, 0.000000000000000000 ) ) ;
#5092 = FACE_OUTER_BOUND ( 'NONE', #4887, .T. ) ;
#5093 = CARTESIAN_POINT ( 'NONE',  ( -1.089941313553887348, -0.05202383709185177951, 0.000000000000000000 ) ) ;
#5094 = DIRECTION ( 'NONE',  ( 1.000000000000000000, 0.000000000000000000, 0.000000000000000000 ) ) ;
#5095 = EDGE_CURVE ( 'NONE', #3538, #3020, #3026, .T. ) ;
#5096 = DIRECTION ( 'NONE',  ( -0.000000000000000000, -0.000000000000000000, -1.000000000000000000 ) ) ;
#5097 = ORIENTED_EDGE ( 'NONE', *, *, #6664, .T. ) ;
#5098 = ORIENTED_EDGE ( 'NONE', *, *, #3673, .F. ) ;
#5099 = LINE ( 'NONE', #214, #5465 ) ;
#5100 = CARTESIAN_POINT ( 'NONE',  ( -2.291287847475519612, 1.200081081850012845E-13, 1.000000000000115907 ) ) ;
#5101 = LINE ( 'NONE', #86, #4054 ) ;
#5102 = MANIFOLD_SOLID_BREP ( 'Body-Move/Copy1[2]', #1778 ) ;
#5103 = CARTESIAN_POINT ( 'NONE',  ( -4.900000000000001243, -1.550515463917520487, -5.800000000000009592 ) ) ;
#5104 = LINE ( 'NONE', #3540, #6637 ) ;
#5105 = ORIENTED_EDGE ( 'NONE', *, *, #8350, .T. ) ;
#5106 = LINE ( 'NONE', #2253, #6931 ) ;
#5107 = CARTESIAN_POINT ( 'NONE',  ( 2.100000000000000089, -6.700000000000000178, -1.350000000000000089 ) ) ;
#5108 = EDGE_LOOP ( 'NONE', ( #4642, #707, #1316, #4601 ) ) ;
#5109 = LINE ( 'NONE', #7051, #6472 ) ;
#5110 = DIRECTION ( 'NONE',  ( 1.000000000000000000, 0.000000000000000000, 1.931541112668179645E-15 ) ) ;
#5111 = DIRECTION ( 'NONE',  ( 0.000000000000000000, 0.000000000000000000, 1.000000000000000000 ) ) ;
#5112 = ORIENTED_EDGE ( 'NONE', *, *, #8024, .F. ) ;
#5113 = EDGE_CURVE ( 'NONE', #1019, #6685, #4597, .T. ) ;
#5114 = EDGE_LOOP ( 'NONE', ( #4983, #4334, #5566, #3993 ) ) ;
#5115 = DIRECTION ( 'NONE',  ( -8.850629979473506011E-17, 1.000000000000000000, 0.000000000000000000 ) ) ;
#5116 = LINE ( 'NONE', #8630, #2698 ) ;
#5117 = DIRECTION ( 'NONE',  ( 1.000000000000000000, 0.000000000000000000, 0.000000000000000000 ) ) ;
#5118 = CARTESIAN_POINT ( 'NONE',  ( -4.488138397514202182, -0.5505154639175205977, -10.01000000000000867 ) ) ;
#5119 = ORIENTED_EDGE ( 'NONE', *, *, #3223, .T. ) ;
#5120 = CIRCLE ( 'NONE', #1156, 1.200000000000011502 ) ;
#5121 = ADVANCED_FACE ( 'NONE', ( #7415 ), #7365, .F. ) ;
#5122 = VERTEX_POINT ( 'NONE', #1188 ) ;
#5123 = DIRECTION ( 'NONE',  ( 0.000000000000000000, 0.000000000000000000, 1.000000000000000000 ) ) ;
#5124 = EDGE_CURVE ( 'NONE', #1852, #1402, #3316, .T. ) ;
#5125 = ORIENTED_EDGE ( 'NONE', *, *, #7060, .T. ) ;
#5126 = VERTEX_POINT ( 'NONE', #5433 ) ;
#5127 = DIRECTION ( 'NONE',  ( -1.000000000000000000, -0.000000000000000000, -0.000000000000000000 ) ) ;
#5128 = EDGE_CURVE ( 'NONE', #6875, #8472, #356, .T. ) ;
#5129 = CARTESIAN_POINT ( 'NONE',  ( 0.000000000000000000, 0.000000000000000000, 0.000000000000000000 ) ) ;
#5130 = DIRECTION ( 'NONE',  ( 1.308519863344574291E-16, 1.000000000000000000, 0.000000000000000000 ) ) ;
#5131 = AXIS2_PLACEMENT_3D ( 'NONE', #5351, #5258, #277 ) ;
#5132 = DIRECTION ( 'NONE',  ( -1.606225440719265627E-16, -1.000000000000000000, -3.102490474962827488E-31 ) ) ;
#5133 = PLANE ( 'NONE',  #1048 ) ;
#5134 = LINE ( 'NONE', #2981, #1311 ) ;
#5135 = ORIENTED_EDGE ( 'NONE', *, *, #2827, .F. ) ;
#5136 = DIRECTION ( 'NONE',  ( 0.000000000000000000, 1.000000000000000000, 0.000000000000000000 ) ) ;
#5137 = EDGE_CURVE ( 'NONE', #7307, #2640, #8241, .T. ) ;
#5138 = CARTESIAN_POINT ( 'NONE',  ( -4.500000000000002665, 4.349484536082480091, 0.000000000000000000 ) ) ;
#5139 = EDGE_CURVE ( 'NONE', #5987, #5297, #5376, .T. ) ;
#5140 = ORIENTED_EDGE ( 'NONE', *, *, #5593, .F. ) ;
#5141 = EDGE_CURVE ( 'NONE', #101, #3586, #6212, .T. ) ;
#5142 = CARTESIAN_POINT ( 'NONE',  ( -4.900000000000000355, 4.349484536082479202, 0.4000000000000000222 ) ) ;
#5143 = AXIS2_PLACEMENT_3D ( 'NONE', #7975, #8664, #3226 ) ;
#5144 = CARTESIAN_POINT ( 'NONE',  ( -4.900000000000000355, 1.349484536082479647, -0.6000000000000000888 ) ) ;
#5145 =( LENGTH_UNIT ( ) NAMED_UNIT ( * ) SI_UNIT ( .MILLI., .METRE. ) );
#5146 = DIRECTION ( 'NONE',  ( 0.000000000000000000, 0.000000000000000000, 1.000000000000000000 ) ) ;
#5147 = VERTEX_POINT ( 'NONE', #6956 ) ;
#5148 = ORIENTED_EDGE ( 'NONE', *, *, #6311, .T. ) ;
#5149 = FACE_OUTER_BOUND ( 'NONE', #6698, .T. ) ;
#5150 = PLANE ( 'NONE',  #3719 ) ;
#5151 = VERTEX_POINT ( 'NONE', #3404 ) ;
#5152 = DIRECTION ( 'NONE',  ( -1.000000000000000000, 0.000000000000000000, 0.000000000000000000 ) ) ;
#5153 = FACE_OUTER_BOUND ( 'NONE', #8167, .T. ) ;
#5154 = VECTOR ( 'NONE', #6997, 1000.000000000000000 ) ;
#5155 = AXIS2_PLACEMENT_3D ( 'NONE', #664, #4894, #3480 ) ;
#5156 = DIRECTION ( 'NONE',  ( 8.881784197001252323E-16, 0.000000000000000000, -1.000000000000000000 ) ) ;
#5157 = ORIENTED_EDGE ( 'NONE', *, *, #6948, .F. ) ;
#5158 = ORIENTED_EDGE ( 'NONE', *, *, #8348, .T. ) ;
#5159 = VECTOR ( 'NONE', #65, 1000.000000000000000 ) ;
#5160 = DIRECTION ( 'NONE',  ( 0.000000000000000000, 1.000000000000000000, 0.000000000000000000 ) ) ;
#5161 = CARTESIAN_POINT ( 'NONE',  ( 5.598656062889754814, -1.550515463917522041, -8.565425263470258344 ) ) ;
#5162 = FACE_OUTER_BOUND ( 'NONE', #8867, .T. ) ;
#5163 = APPLICATION_CONTEXT ( 'automotive_design' ) ;
#5164 = DIRECTION ( 'NONE',  ( 0.000000000000000000, 0.000000000000000000, 1.000000000000000000 ) ) ;
#5165 = AXIS2_PLACEMENT_3D ( 'NONE', #1229, #3393, #5562 ) ;
#5166 = VECTOR ( 'NONE', #9083, 1000.000000000000000 ) ;
#5167 = ORIENTED_EDGE ( 'NONE', *, *, #2003, .T. ) ;
#5168 = PLANE ( 'NONE',  #2975 ) ;
#5169 = ORIENTED_EDGE ( 'NONE', *, *, #8018, .F. ) ;
#5170 = ORIENTED_EDGE ( 'NONE', *, *, #8808, .T. ) ;
#5171 = CARTESIAN_POINT ( 'NONE',  ( 0.000000000000000000, -6.400000000000000355, -1.350000000000000089 ) ) ;
#5172 = VECTOR ( 'NONE', #2648, 1000.000000000000000 ) ;
#5173 = LINE ( 'NONE', #475, #3910 ) ;
#5174 = CARTESIAN_POINT ( 'NONE',  ( 1.090871211463568358, 0.9500000000000060618, 0.000000000000000000 ) ) ;
#5175 = VECTOR ( 'NONE', #7080, 1000.000000000000000 ) ;
#5176 = DIRECTION ( 'NONE',  ( 0.000000000000000000, 0.000000000000000000, 1.000000000000000000 ) ) ;
#5177 = EDGE_CURVE ( 'NONE', #1651, #1247, #3760, .T. ) ;
#5178 = DIRECTION ( 'NONE',  ( 0.000000000000000000, -1.000000000000000000, 1.018148511238955784E-16 ) ) ;
#5179 = CARTESIAN_POINT ( 'NONE',  ( -2.598076211352192910, 0.5000000000003255174, 1.500000000000322631 ) ) ;
#5180 = ORIENTED_EDGE ( 'NONE', *, *, #2659, .T. ) ;
#5181 = CARTESIAN_POINT ( 'NONE',  ( -4.500000000000001776, 6.873989284057756956E-16, -0.5999999999999996447 ) ) ;
#5182 = VECTOR ( 'NONE', #4061, 1000.000000000000000 ) ;
#5183 = CARTESIAN_POINT ( 'NONE',  ( -4.900000000000001243, -5.450515463917521508, 0.000000000000000000 ) ) ;
#5184 = ORIENTED_EDGE ( 'NONE', *, *, #3454, .T. ) ;
#5185 = DIRECTION ( 'NONE',  ( -0.000000000000000000, -1.000000000000000000, -0.000000000000000000 ) ) ;
#5186 = AXIS2_PLACEMENT_3D ( 'NONE', #1925, #501, #5984 ) ;
#5187 = VECTOR ( 'NONE', #7622, 1000.000000000000000 ) ;
#5188 = EDGE_CURVE ( 'NONE', #3652, #4154, #6303, .T. ) ;
#5189 = LINE ( 'NONE', #3632, #7120 ) ;
#5190 = EDGE_CURVE ( 'NONE', #2538, #5988, #7150, .T. ) ;
#5191 = EDGE_CURVE ( 'NONE', #299, #6377, #1328, .T. ) ;
#5192 = EDGE_CURVE ( 'NONE', #4797, #1270, #2714, .T. ) ;
#5193 = FACE_BOUND ( 'NONE', #6913, .T. ) ;
#5194 = DIRECTION ( 'NONE',  ( 1.000000000000000000, 0.000000000000000000, 0.000000000000000000 ) ) ;
#5195 = VERTEX_POINT ( 'NONE', #7086 ) ;
#5196 = ORIENTED_EDGE ( 'NONE', *, *, #7455, .F. ) ;
#5197 = DIRECTION ( 'NONE',  ( 1.000000000000000000, 0.000000000000000000, 0.000000000000000000 ) ) ;
#5198 = AXIS2_PLACEMENT_3D ( 'NONE', #6881, #565, #612 ) ;
#5199 = CARTESIAN_POINT ( 'NONE',  ( -4.400000000000002132, 5.100000000000004086, 0.1000000000000000888 ) ) ;
#5200 = ORIENTED_EDGE ( 'NONE', *, *, #3347, .T. ) ;
#5201 = LINE ( 'NONE', #3774, #1171 ) ;
#5202 = EDGE_CURVE ( 'NONE', #6899, #2333, #9079, .T. ) ;
#5203 = VECTOR ( 'NONE', #8152, 1000.000000000000000 ) ;
#5204 = CARTESIAN_POINT ( 'NONE',  ( -0.5000000000000019984, 1.540871211463575863, 0.5000000000000000000 ) ) ;
#5205 = ORIENTED_EDGE ( 'NONE', *, *, #2417, .F. ) ;
#5206 = MANIFOLD_SOLID_BREP ( 'Cut-Extrude2', #8258 ) ;
#5207 = EDGE_LOOP ( 'NONE', ( #7057, #7571, #8055, #462, #2540, #2229, #7617, #7168 ) ) ;
#5208 = VECTOR ( 'NONE', #6560, 1000.000000000000000 ) ;
#5209 = VECTOR ( 'NONE', #3359, 1000.000000000000000 ) ;
#5210 = VECTOR ( 'NONE', #120, 1000.000000000000114 ) ;
#5211 = FACE_OUTER_BOUND ( 'NONE', #8402, .T. ) ;
#5212 = DIRECTION ( 'NONE',  ( 0.000000000000000000, -1.000000000000000000, 0.000000000000000000 ) ) ;
#5213 = DIRECTION ( 'NONE',  ( 0.000000000000000000, 0.000000000000000000, 1.000000000000000000 ) ) ;
#5214 = LINE ( 'NONE', #3199, #8715 ) ;
#5215 = VECTOR ( 'NONE', #1424, 1000.000000000000000 ) ;
#5216 = AXIS2_PLACEMENT_3D ( 'NONE', #9106, #2053, #8966 ) ;
#5217 = ORIENTED_EDGE ( 'NONE', *, *, #4793, .T. ) ;
#5218 = ORIENTED_EDGE ( 'NONE', *, *, #1753, .F. ) ;
#5219 = VERTEX_POINT ( 'NONE', #7644 ) ;
#5220 = ORIENTED_EDGE ( 'NONE', *, *, #3891, .F. ) ;
#5221 = LINE ( 'NONE', #5171, #508 ) ;
#5222 =( REPRESENTATION_RELATIONSHIP ('NONE','NONE', #5832, #2116 ) REPRESENTATION_RELATIONSHIP_WITH_TRANSFORMATION ( #1413 )SHAPE_REPRESENTATION_RELATIONSHIP( ) );
#5223 = PRODUCT_DEFINITION_FORMATION_WITH_SPECIFIED_SOURCE ( 'ANY', '', #2597, .NOT_KNOWN. ) ;
#5224 = VECTOR ( 'NONE', #4155, 1000.000000000000000 ) ;
#5225 = DIRECTION ( 'NONE',  ( 0.000000000000000000, -1.000000000000000000, 0.000000000000000000 ) ) ;
#5226 = CARTESIAN_POINT ( 'NONE',  ( -3.250000000000000888, -5.950000000000000178, -6.159999999999998366 ) ) ;
#5227 = FACE_OUTER_BOUND ( 'NONE', #7095, .T. ) ;
#5228 = DIRECTION ( 'NONE',  ( 0.000000000000000000, -1.734723475976806848E-16, 1.000000000000000000 ) ) ;
#5229 = CARTESIAN_POINT ( 'NONE',  ( 2.500000000000000000, -6.700000000000000178, 1.100000000000000089 ) ) ;
#5230 = VERTEX_POINT ( 'NONE', #721 ) ;
#5231 = CIRCLE ( 'NONE', #1261, 0.8000000000000003775 ) ;
#5232 = ORIENTED_EDGE ( 'NONE', *, *, #1989, .T. ) ;
#5233 = CARTESIAN_POINT ( 'NONE',  ( -3.250000000000001332, -6.500000000000001776, 1.100000000000000089 ) ) ;
#5234 = ORIENTED_EDGE ( 'NONE', *, *, #6261, .F. ) ;
#5235 = EDGE_CURVE ( 'NONE', #844, #5243, #8033, .T. ) ;
#5236 = DIRECTION ( 'NONE',  ( -1.000000000000000000, 1.606225440719267599E-16, 0.000000000000000000 ) ) ;
#5237 = CARTESIAN_POINT ( 'NONE',  ( 4.500000000000002665, 2.849484536082480979, -5.300000000000009592 ) ) ;
#5238 = AXIS2_PLACEMENT_3D ( 'NONE', #3884, #5225, #6001 ) ;
#5239 = LINE ( 'NONE', #1037, #2113 ) ;
#5240 = DIRECTION ( 'NONE',  ( 2.491288438666616105E-16, 1.000000000000000000, 3.260780805318072426E-31 ) ) ;
#5241 = FACE_OUTER_BOUND ( 'NONE', #3631, .T. ) ;
#5242 = VERTEX_POINT ( 'NONE', #34 ) ;
#5243 = VERTEX_POINT ( 'NONE', #5569 ) ;
#5244 = DIRECTION ( 'NONE',  ( -1.000000000000000000, 0.000000000000000000, 0.000000000000000000 ) ) ;
#5245 = EDGE_CURVE ( 'NONE', #283, #8985, #641, .T. ) ;
#5246 = DIRECTION ( 'NONE',  ( 0.000000000000000000, 1.000000000000000000, -1.445602896647339706E-15 ) ) ;
#5247 = EDGE_CURVE ( 'NONE', #5964, #8126, #7592, .T. ) ;
#5248 = VERTEX_POINT ( 'NONE', #2803 ) ;
#5249 = EDGE_CURVE ( 'NONE', #282, #8961, #2158, .T. ) ;
#5250 = DIRECTION ( 'NONE',  ( 0.000000000000000000, 1.000000000000000000, 0.000000000000000000 ) ) ;
#5251 = FACE_OUTER_BOUND ( 'NONE', #472, .T. ) ;
#5252 = VERTEX_POINT ( 'NONE', #8422 ) ;
#5253 = MANIFOLD_SOLID_BREP ( 'Imported1', #4872 ) ;
#5254 = EDGE_CURVE ( 'NONE', #5522, #7489, #4639, .T. ) ;
#5255 = ORIENTED_EDGE ( 'NONE', *, *, #1375, .F. ) ;
#5256 = ORIENTED_EDGE ( 'NONE', *, *, #9086, .T. ) ;
#5257 = EDGE_CURVE ( 'NONE', #1056, #8530, #5101, .T. ) ;
#5258 = DIRECTION ( 'NONE',  ( -0.000000000000000000, -0.000000000000000000, -1.000000000000000000 ) ) ;
#5259 = DIRECTION ( 'NONE',  ( 0.000000000000000000, 0.000000000000000000, -1.000000000000000000 ) ) ;
#5260 = CARTESIAN_POINT ( 'NONE',  ( 0.4999999999999987232, 1.540871211463575419, 0.000000000000000000 ) ) ;
#5261 = ADVANCED_FACE ( 'NONE', ( #7877 ), #2586, .T. ) ;
#5262 = CARTESIAN_POINT ( 'NONE',  ( 3.673940397442060361E-16, 6.000000000000000000, 3.000000000000000444 ) ) ;
#5263 = ORIENTED_EDGE ( 'NONE', *, *, #1030, .F. ) ;
#5264 = EDGE_LOOP ( 'NONE', ( #6576, #6512, #6236, #4753, #9011, #3457 ) ) ;
#5265 = EDGE_CURVE ( 'NONE', #7374, #5894, #6445, .T. ) ;
#5266 = ORIENTED_EDGE ( 'NONE', *, *, #5544, .F. ) ;
#5267 = ORIENTED_EDGE ( 'NONE', *, *, #8970, .F. ) ;
#5268 = LINE ( 'NONE', #329, #5368 ) ;
#5269 = CARTESIAN_POINT ( 'NONE',  ( 4.900000000000001243, -5.450515463917522396, -4.299999999999999822 ) ) ;
#5270 = FACE_OUTER_BOUND ( 'NONE', #3552, .T. ) ;
#5271 = DIRECTION ( 'NONE',  ( 0.000000000000000000, 1.000000000000000000, 0.000000000000000000 ) ) ;
#5272 = CARTESIAN_POINT ( 'NONE',  ( 2.598076211352134290, 0.5000000000002244871, 1.500000000000222933 ) ) ;
#5273 = DIRECTION ( 'NONE',  ( -0.7071067811865473507, -0.7071067811865477948, 0.000000000000000000 ) ) ;
#5274 = ORIENTED_EDGE ( 'NONE', *, *, #724, .T. ) ;
#5275 = ORIENTED_EDGE ( 'NONE', *, *, #6028, .F. ) ;
#5276 = FACE_OUTER_BOUND ( 'NONE', #2155, .T. ) ;
#5277 = ORIENTED_EDGE ( 'NONE', *, *, #7965, .T. ) ;
#5278 = FACE_OUTER_BOUND ( 'NONE', #2337, .T. ) ;
#5279 = CARTESIAN_POINT ( 'NONE',  ( -1.900000000000001910, 0.000000000000000000, 0.000000000000000000 ) ) ;
#5280 = CARTESIAN_POINT ( 'NONE',  ( 0.4999999999999987232, 1.540871211463575419, 0.5000000000000000000 ) ) ;
#5281 = ADVANCED_FACE ( 'NONE', ( #3718 ), #7186, .F. ) ;
#5282 = DIRECTION ( 'NONE',  ( -0.000000000000000000, -2.168404344971008868E-16, -1.000000000000000000 ) ) ;
#5283 = ORIENTED_EDGE ( 'NONE', *, *, #4564, .T. ) ;
#5284 = EDGE_CURVE ( 'NONE', #2538, #8126, #860, .T. ) ;
#5285 = CARTESIAN_POINT ( 'NONE',  ( 3.399999999999998135, -0.05000000000000100198, 0.5000000000000000000 ) ) ;
#5286 = ORIENTED_EDGE ( 'NONE', *, *, #1732, .T. ) ;
#5287 = DIRECTION ( 'NONE',  ( 0.000000000000000000, 0.000000000000000000, 1.000000000000000000 ) ) ;
#5288 = VECTOR ( 'NONE', #555, 1000.000000000000000 ) ;
#5289 = FACE_OUTER_BOUND ( 'NONE', #7069, .T. ) ;
#5290 = EDGE_CURVE ( 'NONE', #3921, #4368, #7301, .T. ) ;
#5291 = DIRECTION ( 'NONE',  ( -8.850629979473506011E-17, -1.000000000000000000, 8.673617379884039416E-16 ) ) ;
#5292 = EDGE_CURVE ( 'NONE', #3927, #2492, #3901, .T. ) ;
#5293 = ORIENTED_EDGE ( 'NONE', *, *, #4296, .F. ) ;
#5294 = LINE ( 'NONE', #6909, #7875 ) ;
#5295 = ORIENTED_EDGE ( 'NONE', *, *, #7272, .F. ) ;
#5296 = ORIENTED_EDGE ( 'NONE', *, *, #7204, .F. ) ;
#5297 = VERTEX_POINT ( 'NONE', #219 ) ;
#5298 = VERTEX_POINT ( 'NONE', #6484 ) ;
#5299 =( BOUNDED_CURVE ( )  B_SPLINE_CURVE ( 3, ( #3417, #7568, #6915, #6178 ),
 .UNSPECIFIED., .F., .T. ) 
 B_SPLINE_CURVE_WITH_KNOTS ( ( 4, 4 ),
 ( 1.570796326794894782, 4.712388980384689674 ),
 .UNSPECIFIED. ) 
 CURVE ( )  GEOMETRIC_REPRESENTATION_ITEM ( )  RATIONAL_B_SPLINE_CURVE ( ( 1.000000000000000000, 0.3333333333333327597, 0.3333333333333327597, 1.000000000000000000 ) ) 
 REPRESENTATION_ITEM ( '' )  );
#5300 = DIRECTION ( 'NONE',  ( 1.000000000000000000, 1.334402673828313339E-16, 0.000000000000000000 ) ) ;
#5301 = VECTOR ( 'NONE', #3935, 1000.000000000000000 ) ;
#5302 = CARTESIAN_POINT ( 'NONE',  ( 3.206271600917503850, -0.5505154639175213749, -8.171628500994101429 ) ) ;
#5303 = EDGE_CURVE ( 'NONE', #397, #4935, #5843, .T. ) ;
#5304 = LINE ( 'NONE', #8073, #1361 ) ;
#5305 = EDGE_CURVE ( 'NONE', #3432, #471, #2296, .T. ) ;
#5306 = ORIENTED_EDGE ( 'NONE', *, *, #8798, .F. ) ;
#5307 = EDGE_CURVE ( 'NONE', #3921, #6603, #4449, .T. ) ;
#5308 = EDGE_CURVE ( 'NONE', #4352, #3326, #5743, .T. ) ;
#5309 = AXIS2_PLACEMENT_3D ( 'NONE', #7597, #7641, #8937 ) ;
#5310 = EDGE_LOOP ( 'NONE', ( #5125, #7198, #5644, #3532 ) ) ;
#5311 = ORIENTED_EDGE ( 'NONE', *, *, #2910, .T. ) ;
#5312 = VERTEX_POINT ( 'NONE', #3079 ) ;
#5313 = DIRECTION ( 'NONE',  ( -1.000000000000000000, 0.000000000000000000, 0.000000000000000000 ) ) ;
#5314 = LINE ( 'NONE', #1761, #4792 ) ;
#5315 = DIRECTION ( 'NONE',  ( 1.000000000000000000, 0.000000000000000000, 0.000000000000000000 ) ) ;
#5316 = DIRECTION ( 'NONE',  ( 0.000000000000000000, -0.7071067811865474617, -0.7071067811865474617 ) ) ;
#5317 = CIRCLE ( 'NONE', #7376, 4.099999999999999645 ) ;
#5318 = ADVANCED_FACE ( 'NONE', ( #8560 ), #2989, .T. ) ;
#5319 = VECTOR ( 'NONE', #5282, 1000.000000000000000 ) ;
#5320 = FACE_OUTER_BOUND ( 'NONE', #6219, .T. ) ;
#5321 = CARTESIAN_POINT ( 'NONE',  ( 2.500000000000000000, -6.400000000000000355, 1.000000000000000000 ) ) ;
#5322 = VERTEX_POINT ( 'NONE', #8786 ) ;
#5323 = ORIENTED_EDGE ( 'NONE', *, *, #807, .T. ) ;
#5324 = LINE ( 'NONE', #621, #6939 ) ;
#5325 = CIRCLE ( 'NONE', #4145, 0.4000000000000001887 ) ;
#5326 = VERTEX_POINT ( 'NONE', #3849 ) ;
#5327 = VECTOR ( 'NONE', #2013, 1000.000000000000000 ) ;
#5328 = CARTESIAN_POINT ( 'NONE',  ( 2.324999999999999734, 3.649484536082479469, 0.000000000000000000 ) ) ;
#5329 = DIRECTION ( 'NONE',  ( 1.000000000000000000, -1.606225440719265627E-16, 1.931541112668179645E-15 ) ) ;
#5330 = EDGE_CURVE ( 'NONE', #473, #7596, #2617, .T. ) ;
#5332 = VECTOR ( 'NONE', #8779, 1000.000000000000000 ) ;
#5331 = DIRECTION ( 'NONE',  ( 1.000000000000000000, 0.000000000000000000, 0.000000000000000000 ) ) ;
#5333 = CARTESIAN_POINT ( 'NONE',  ( -3.675000000000000266, 3.649484536082479469, 0.000000000000000000 ) ) ;
#5334 = ORIENTED_EDGE ( 'NONE', *, *, #8300, .T. ) ;
#5335 = ORIENTED_EDGE ( 'NONE', *, *, #8189, .T. ) ;
#5336 = CARTESIAN_POINT ( 'NONE',  ( 2.399251774991946196, 0.1649176233897861887, 1.164917623389783108 ) ) ;
#5337 = CARTESIAN_POINT ( 'NONE',  ( 1.479999999999999982, 10.90000000000000036, 0.8499999999999999778 ) ) ;
#5338 = AXIS2_PLACEMENT_3D ( 'NONE', #6640, #1013, #8032 ) ;
#5339 = VECTOR ( 'NONE', #5959, 1000.000000000000000 ) ;
#5340 = SURFACE_SIDE_STYLE ('',( #6812 ) ) ;
#5341 = DIRECTION ( 'NONE',  ( 0.000000000000000000, 1.000000000000000000, 0.000000000000000000 ) ) ;
#5342 = FACE_OUTER_BOUND ( 'NONE', #6544, .T. ) ;
#5343 = ORIENTED_EDGE ( 'NONE', *, *, #336, .T. ) ;
#5344 = CARTESIAN_POINT ( 'NONE',  ( 4.900000000000000355, 4.049484536082479380, -4.299999999999999822 ) ) ;
#5345 = ORIENTED_EDGE ( 'NONE', *, *, #3221, .F. ) ;
#5346 = VECTOR ( 'NONE', #1844, 1000.000000000000000 ) ;
#5347 = VERTEX_POINT ( 'NONE', #2518 ) ;
#5348 = ORIENTED_EDGE ( 'NONE', *, *, #6250, .T. ) ;
#5349 = EDGE_CURVE ( 'NONE', #3243, #8045, #2470, .T. ) ;
#5350 = VECTOR ( 'NONE', #5246, 1000.000000000000000 ) ;
#5351 = CARTESIAN_POINT ( 'NONE',  ( 0.000000000000000000, -0.5505154639175203757, 4.600000000000000533 ) ) ;
#5352 = DIRECTION ( 'NONE',  ( 2.154044051295704582E-16, 0.000000000000000000, 1.000000000000000000 ) ) ;
#5353 = LINE ( 'NONE', #1112, #3282 ) ;
#5354 = DIRECTION ( 'NONE',  ( 0.000000000000000000, 0.000000000000000000, -1.000000000000000000 ) ) ;
#5355 = ORIENTED_EDGE ( 'NONE', *, *, #2445, .T. ) ;
#5356 = AXIS2_PLACEMENT_3D ( 'NONE', #1675, #2289, #895 ) ;
#5357 = ORIENTED_EDGE ( 'NONE', *, *, #126, .F. ) ;
#5358 = EDGE_LOOP ( 'NONE', ( #3521, #6565, #1423, #6442 ) ) ;
#5359 = VERTEX_POINT ( 'NONE', #7358 ) ;
#5360 = ADVANCED_FACE ( 'NONE', ( #3900 ), #1773, .F. ) ;
#5361 = CARTESIAN_POINT ( 'NONE',  ( 3.399999999999998579, -2.050000000000001155, 0.5000000000000000000 ) ) ;
#5362 = PLANE ( 'NONE',  #7445 ) ;
#5363 = EDGE_CURVE ( 'NONE', #6862, #2907, #1405, .T. ) ;
#5364 = LINE ( 'NONE', #1856, #8279 ) ;
#5365 = EDGE_CURVE ( 'NONE', #2812, #3294, #4587, .T. ) ;
#5366 = CYLINDRICAL_SURFACE ( 'NONE', #3536, 0.6000000000000001998 ) ;
#5367 = AXIS2_PLACEMENT_3D ( 'NONE', #2352, #3190, #2308 ) ;
#5368 = VECTOR ( 'NONE', #7437, 1000.000000000000000 ) ;
#5369 = CARTESIAN_POINT ( 'NONE',  ( 4.900000000000000355, 4.349484536082479202, -4.299999999999999822 ) ) ;
#5370 = CARTESIAN_POINT ( 'NONE',  ( 4.911598099521945926, -1.550515463917522485, -9.101887738487539181 ) ) ;
#5371 = ORIENTED_EDGE ( 'NONE', *, *, #2429, .F. ) ;
#5372 = UNCERTAINTY_MEASURE_WITH_UNIT (LENGTH_MEASURE( 1.000000000000000082E-05 ), #5145, 'distance_accuracy_value', 'NONE');
#5373 = ORIENTED_EDGE ( 'NONE', *, *, #1055, .F. ) ;
#5374 = DIRECTION ( 'NONE',  ( -0.000000000000000000, -0.000000000000000000, -1.000000000000000000 ) ) ;
#5375 = VECTOR ( 'NONE', #4963, 1000.000000000000000 ) ;
#5376 = CIRCLE ( 'NONE', #6553, 0.3500000000000000333 ) ;
#5377 = EDGE_LOOP ( 'NONE', ( #6081, #8079, #2262, #7475 ) ) ;
#5378 = EDGE_CURVE ( 'NONE', #2344, #274, #4676, .T. ) ;
#5379 = FACE_OUTER_BOUND ( 'NONE', #3313, .T. ) ;
#5380 = DIRECTION ( 'NONE',  ( 0.000000000000000000, 0.000000000000000000, -1.000000000000000000 ) ) ;
#5381 = ADVANCED_FACE ( 'NONE', ( #1088 ), #6620, .T. ) ;
#5382 = COLOUR_RGB ( '',0.7921568627450980005, 0.8196078431372548767, 0.9333333333333333481 ) ;
#5383 = LINE ( 'NONE', #3902, #7410 ) ;
#5384 = CARTESIAN_POINT ( 'NONE',  ( -4.899999999999995914, -5.150515463917520798, -4.900000000000009237 ) ) ;
#5385 = ORIENTED_EDGE ( 'NONE', *, *, #3350, .F. ) ;
#5386 = ORIENTED_EDGE ( 'NONE', *, *, #3058, .F. ) ;
#5387 = DIRECTION ( 'NONE',  ( -1.931541112668179645E-15, 1.551245237481413525E-31, 1.000000000000000000 ) ) ;
#5388 = DIRECTION ( 'NONE',  ( -0.000000000000000000, -0.000000000000000000, -1.000000000000000000 ) ) ;
#5389 = EDGE_CURVE ( 'NONE', #7928, #3137, #4638, .T. ) ;
#5390 = VECTOR ( 'NONE', #1277, 1000.000000000000000 ) ;
#5391 = CARTESIAN_POINT ( 'NONE',  ( -0.4500000000000001776, -3.020950878361716274, 2.100000000000000089 ) ) ;
#5392 = CIRCLE ( 'NONE', #237, 1.200000000000029932 ) ;
#5393 = CARTESIAN_POINT ( 'NONE',  ( -4.899999999999990585, 2.849484536082480091, -6.800000000000009592 ) ) ;
#5394 = LINE ( 'NONE', #407, #6810 ) ;
#5395 = ORIENTED_EDGE ( 'NONE', *, *, #3056, .F. ) ;
#5396 = DIRECTION ( 'NONE',  ( 1.000000000000000000, 0.000000000000000000, 0.000000000000000000 ) ) ;
#5397 = CARTESIAN_POINT ( 'NONE',  ( 4.399999999999998579, -5.549999999999998934, 1.300000000000000266 ) ) ;
#5398 = ORIENTED_EDGE ( 'NONE', *, *, #8697, .F. ) ;
#5399 = VERTEX_POINT ( 'NONE', #6112 ) ;
#5400 = ORIENTED_EDGE ( 'NONE', *, *, #7272, .T. ) ;
#5401 = ORIENTED_EDGE ( 'NONE', *, *, #238, .T. ) ;
#5402 = CARTESIAN_POINT ( 'NONE',  ( 0.4999999999999982792, -2.050000000000000711, 0.5000000000000000000 ) ) ;
#5403 = LINE ( 'NONE', #8906, #192 ) ;
#5404 = LINE ( 'NONE', #5494, #629 ) ;
#5405 = EDGE_CURVE ( 'NONE', #3219, #8851, #3943, .T. ) ;
#5406 = VERTEX_POINT ( 'NONE', #8831 ) ;
#5407 = ORIENTED_EDGE ( 'NONE', *, *, #6954, .F. ) ;
#5408 = ORIENTED_EDGE ( 'NONE', *, *, #5249, .T. ) ;
#5409 = ORIENTED_EDGE ( 'NONE', *, *, #5741, .T. ) ;
#5410 = CARTESIAN_POINT ( 'NONE',  ( 0.4500000000000000111, -3.020950878361716274, 2.100000000000000089 ) ) ;
#5411 = PLANE ( 'NONE',  #3659 ) ;
#5412 = LINE ( 'NONE', #1306, #36 ) ;
#5413 = DIRECTION ( 'NONE',  ( -1.000000000000000000, 0.000000000000000000, 0.000000000000000000 ) ) ;
#5414 = CARTESIAN_POINT ( 'NONE',  ( 0.000000000000000000, -6.700000000000000178, 0.000000000000000000 ) ) ;
#5415 = EDGE_CURVE ( 'NONE', #3191, #3201, #8930, .T. ) ;
#5416 = ORIENTED_EDGE ( 'NONE', *, *, #8233, .F. ) ;
#5417 = ORIENTED_EDGE ( 'NONE', *, *, #6427, .T. ) ;
#5418 = LINE ( 'NONE', #8963, #3695 ) ;
#5419 = EDGE_CURVE ( 'NONE', #4830, #3200, #1036, .T. ) ;
#5420 = ORIENTED_EDGE ( 'NONE', *, *, #8644, .T. ) ;
#5421 = FACE_OUTER_BOUND ( 'NONE', #2069, .T. ) ;
#5422 = DIRECTION ( 'NONE',  ( 0.000000000000000000, 1.000000000000000000, 0.000000000000000000 ) ) ;
#5423 = LINE ( 'NONE', #5926, #3735 ) ;
#5424 = EDGE_CURVE ( 'NONE', #5046, #787, #5231, .T. ) ;
#5425 = DIRECTION ( 'NONE',  ( 0.000000000000000000, 1.000000000000000000, 0.000000000000000000 ) ) ;
#5426 = EDGE_CURVE ( 'NONE', #1224, #9050, #2439, .T. ) ;
#5427 = ADVANCED_FACE ( 'NONE', ( #3259 ), #1177, .F. ) ;
#5428 = ORIENTED_EDGE ( 'NONE', *, *, #4074, .F. ) ;
#5429 = ORIENTED_EDGE ( 'NONE', *, *, #3225, .T. ) ;
#5430 = CARTESIAN_POINT ( 'NONE',  ( 2.500000000000000000, -6.500000000000001776, 1.100000000000000089 ) ) ;
#5431 = ADVANCED_FACE ( 'NONE', ( #5923 ), #3172, .F. ) ;
#5432 = CARTESIAN_POINT ( 'NONE',  ( -4.500000000000003553, -5.450515463917522396, 0.3999999999999913625 ) ) ;
#5433 = CARTESIAN_POINT ( 'NONE',  ( -4.900000000000001243, -2.550515463917520265, -5.800000000000009592 ) ) ;
#5434 = FACE_OUTER_BOUND ( 'NONE', #2596, .T. ) ;
#5435 = VECTOR ( 'NONE', #1527, 1000.000000000000000 ) ;
#5436 = CARTESIAN_POINT ( 'NONE',  ( 2.500000000000000000, -6.400000000000000355, -1.350000000000000089 ) ) ;
#5437 = VERTEX_POINT ( 'NONE', #2428 ) ;
#5438 = CARTESIAN_POINT ( 'NONE',  ( -1.900000000000001910, -4.200000000000000178, 0.1000000000000000056 ) ) ;
#5439 = DIRECTION ( 'NONE',  ( -0.000000000000000000, -1.000000000000000000, -0.000000000000000000 ) ) ;
#5440 = ORIENTED_EDGE ( 'NONE', *, *, #2789, .T. ) ;
#5441 = VECTOR ( 'NONE', #2768, 1000.000000000000000 ) ;
#5442 = EDGE_LOOP ( 'NONE', ( #6006, #4143, #411, #1258 ) ) ;
#5443 = ORIENTED_EDGE ( 'NONE', *, *, #6383, .T. ) ;
#5444 = ORIENTED_EDGE ( 'NONE', *, *, #9032, .T. ) ;
#5445 = DIRECTION ( 'NONE',  ( 1.232047923278982446E-16, 0.000000000000000000, -1.000000000000000000 ) ) ;
#5446 = DIRECTION ( 'NONE',  ( -8.850629979473506011E-17, 1.000000000000000000, 0.000000000000000000 ) ) ;
#5447 = CIRCLE ( 'NONE', #7065, 3.100000000000000977 ) ;
#5448 = DIRECTION ( 'NONE',  ( -1.000000000000000000, 0.000000000000000000, 0.000000000000000000 ) ) ;
#5449 = ORIENTED_EDGE ( 'NONE', *, *, #7394, .F. ) ;
#5450 = ORIENTED_EDGE ( 'NONE', *, *, #3661, .F. ) ;
#5451 = ORIENTED_EDGE ( 'NONE', *, *, #5419, .F. ) ;
#5452 = ORIENTED_EDGE ( 'NONE', *, *, #5941, .T. ) ;
#5453 = CIRCLE ( 'NONE', #446, 0.1500000000000000777 ) ;
#5454 = DIRECTION ( 'NONE',  ( -1.000000000000000000, 0.000000000000000000, 0.000000000000000000 ) ) ;
#5455 = DIRECTION ( 'NONE',  ( 0.000000000000000000, 1.000000000000000000, 0.000000000000000000 ) ) ;
#5456 = LINE ( 'NONE', #1998, #1657 ) ;
#5457 = CARTESIAN_POINT ( 'NONE',  ( -0.4500000000000001221, 0.4500000000000040079, 2.500000000000000000 ) ) ;
#5458 = LINE ( 'NONE', #1949, #28 ) ;
#5459 = VECTOR ( 'NONE', #4225, 1000.000000000000000 ) ;
#5460 = VERTEX_POINT ( 'NONE', #4537 ) ;
#5461 = EDGE_LOOP ( 'NONE', ( #1713, #7281, #7509, #2209 ) ) ;
#5462 = FACE_OUTER_BOUND ( 'NONE', #203, .T. ) ;
#5463 = ORIENTED_EDGE ( 'NONE', *, *, #1808, .T. ) ;
#5464 = DIRECTION ( 'NONE',  ( 1.000000000000000000, 0.000000000000000000, 0.000000000000000000 ) ) ;
#5465 = VECTOR ( 'NONE', #2423, 1000.000000000000000 ) ;
#5466 = DIRECTION ( 'NONE',  ( 0.000000000000000000, 0.000000000000000000, -1.000000000000000000 ) ) ;
#5467 = ADVANCED_FACE ( 'NONE', ( #345 ), #5970, .T. ) ;
#5468 = VECTOR ( 'NONE', #7043, 1000.000000000000000 ) ;
#5469 = DIRECTION ( 'NONE',  ( 0.000000000000000000, 0.000000000000000000, 1.000000000000000000 ) ) ;
#5470 = FACE_OUTER_BOUND ( 'NONE', #530, .T. ) ;
#5471 = CARTESIAN_POINT ( 'NONE',  ( -4.499999999999992895, 6.873989284057756956E-16, -4.300000000000008704 ) ) ;
#5472 = VECTOR ( 'NONE', #5469, 1000.000000000000000 ) ;
#5473 = VECTOR ( 'NONE', #2847, 1000.000000000000000 ) ;
#5474 = ORIENTED_EDGE ( 'NONE', *, *, #8350, .F. ) ;
#5475 = VERTEX_POINT ( 'NONE', #8967 ) ;
#5476 = PLANE ( 'NONE',  #3 ) ;
#5477 = CARTESIAN_POINT ( 'NONE',  ( 0.000000000000000000, 8.500000000000000000, 0.000000000000000000 ) ) ;
#5478 = DIRECTION ( 'NONE',  ( 0.000000000000000000, 0.000000000000000000, -1.000000000000000000 ) ) ;
#5479 = EDGE_CURVE ( 'NONE', #8210, #7893, #2054, .T. ) ;
#5480 = CARTESIAN_POINT ( 'NONE',  ( -4.499999999999989342, 2.449484536082479735, -5.900000000000009237 ) ) ;
#5481 = EDGE_CURVE ( 'NONE', #8802, #4752, #3440, .T. ) ;
#5482 = EDGE_CURVE ( 'NONE', #1522, #410, #7030, .T. ) ;
#5483 = EDGE_CURVE ( 'NONE', #8961, #8783, #5561, .T. ) ;
#5484 = CARTESIAN_POINT ( 'NONE',  ( 4.500000000000002665, 1.949484536082478847, -5.900000000000000355 ) ) ;
#5485 = VERTEX_POINT ( 'NONE', #2793 ) ;
#5486 = PLANE ( 'NONE',  #8027 ) ;
#5487 = CYLINDRICAL_SURFACE ( 'NONE', #3992, 4.099999999999999645 ) ;
#5488 = AXIS2_PLACEMENT_3D ( 'NONE', #7947, #4528, #6653 ) ;
#5489 = VERTEX_POINT ( 'NONE', #4946 ) ;
#5490 = VERTEX_POINT ( 'NONE', #6254 ) ;
#5491 = CARTESIAN_POINT ( 'NONE',  ( -5.942807819042231770E-16, 10.90000000000000036, -2.645908512313469113E-16 ) ) ;
#5492 = CARTESIAN_POINT ( 'NONE',  ( 4.500000000000002665, -2.450515463917521508, -0.5999999999999906519 ) ) ;
#5493 = VECTOR ( 'NONE', #5446, 1000.000000000000000 ) ;
#5494 = CARTESIAN_POINT ( 'NONE',  ( -4.400000000000002132, 0.000000000000000000, 0.000000000000000000 ) ) ;
#5495 = EDGE_CURVE ( 'NONE', #1836, #8802, #5647, .T. ) ;
#5496 = EDGE_LOOP ( 'NONE', ( #2485, #8217, #5274, #7280 ) ) ;
#5497 = VERTEX_POINT ( 'NONE', #625 ) ;
#5498 = AXIS2_PLACEMENT_3D ( 'NONE', #5663, #1378, #6406 ) ;
#5499 = AXIS2_PLACEMENT_3D ( 'NONE', #3028, #590, #3574 ) ;
#5500 = ORIENTED_EDGE ( 'NONE', *, *, #3372, .F. ) ;
#5501 = ORIENTED_EDGE ( 'NONE', *, *, #5305, .T. ) ;
#5502 = PLANE ( 'NONE',  #3318 ) ;
#5503 = DIRECTION ( 'NONE',  ( -1.000000000000000000, 0.000000000000000000, 0.000000000000000000 ) ) ;
#5504 = DIRECTION ( 'NONE',  ( 0.000000000000000000, 0.000000000000000000, 1.000000000000000000 ) ) ;
#5505 = CARTESIAN_POINT ( 'NONE',  ( -5.011844097109290352, -1.550515463917519821, -9.823847585124239501 ) ) ;
#5506 = CARTESIAN_POINT ( 'NONE',  ( -4.500000000000003553, 0.000000000000000000, 0.4000000000000000222 ) ) ;
#5507 = AXIS2_PLACEMENT_3D ( 'NONE', #2157, #4955, #4498 ) ;
#5508 = ORIENTED_EDGE ( 'NONE', *, *, #2417, .T. ) ;
#5509 = CARTESIAN_POINT ( 'NONE',  ( 0.5000000000000002220, 10.90000000000000036, 2.299999999999999822 ) ) ;
#5510 = ORIENTED_EDGE ( 'NONE', *, *, #7913, .F. ) ;
#5511 = DIRECTION ( 'NONE',  ( 0.000000000000000000, 0.000000000000000000, -1.000000000000000000 ) ) ;
#5512 = VECTOR ( 'NONE', #5127, 1000.000000000000000 ) ;
#5513 = CARTESIAN_POINT ( 'NONE',  ( 0.000000000000000000, 0.4000000000000000222, 1.300000000000000266 ) ) ;
#5514 = B_SPLINE_CURVE_WITH_KNOTS ( 'NONE', 3,
 ( #1044, #4594, #5336, #8839 ),
 .UNSPECIFIED., .F., .F.,
 ( 4, 4 ),
 ( 1.810598475875195129E-16, 0.0007707912170036852577 ),
 .UNSPECIFIED. ) ;
#5515 = DIRECTION ( 'NONE',  ( 0.000000000000000000, 0.000000000000000000, -1.000000000000000000 ) ) ;
#5516 = CYLINDRICAL_SURFACE ( 'NONE', #4321, 0.3500000000000000333 ) ;
#5518 = LINE ( 'NONE', #8327, #4000 ) ;
#5517 = AXIS2_PLACEMENT_3D ( 'NONE', #7510, #6026, #5396 ) ;
#5519 = AXIS2_PLACEMENT_3D ( 'NONE', #401, #3997, #8939 ) ;
#5520 = EDGE_CURVE ( 'NONE', #7332, #4087, #8458, .T. ) ;
#5521 = VERTEX_POINT ( 'NONE', #8366 ) ;
#5522 = VERTEX_POINT ( 'NONE', #9014 ) ;
#5523 = DIRECTION ( 'NONE',  ( 2.154044051295704582E-16, 0.000000000000000000, -1.000000000000000000 ) ) ;
#5524 = CARTESIAN_POINT ( 'NONE',  ( 0.000000000000000000, 0.4999999999881765689, 0.000000000000000000 ) ) ;
#5525 = DIRECTION ( 'NONE',  ( 1.000000000000000000, 1.781189283369042886E-15, 0.000000000000000000 ) ) ;
#5526 = DIRECTION ( 'NONE',  ( -0.000000000000000000, -0.000000000000000000, -1.000000000000000000 ) ) ;
#5527 = AXIS2_PLACEMENT_3D ( 'NONE', #7739, #7225, #1684 ) ;
#5528 = CARTESIAN_POINT ( 'NONE',  ( -4.499999999999991118, 4.049484536082480268, -4.300000000000008704 ) ) ;
#5529 = DIRECTION ( 'NONE',  ( -0.4226182617407091557, 0.000000000000000000, 0.9063077870366453848 ) ) ;
#5530 = ORIENTED_EDGE ( 'NONE', *, *, #3820, .T. ) ;
#5531 = DIRECTION ( 'NONE',  ( 0.000000000000000000, 1.000000000000000000, 0.000000000000000000 ) ) ;
#5532 = EDGE_LOOP ( 'NONE', ( #8794, #8108, #368, #3857 ) ) ;
#5533 = ADVANCED_FACE ( 'NONE', ( #1364 ), #7727, .T. ) ;
#5534 = AXIS2_PLACEMENT_3D ( 'NONE', #985, #1023, #2460 ) ;
#5535 = EDGE_CURVE ( 'NONE', #3425, #7893, #5600, .T. ) ;
#5536 = EDGE_CURVE ( 'NONE', #6980, #341, #8325, .T. ) ;
#5537 = EDGE_LOOP ( 'NONE', ( #2435, #6775, #5170, #8774 ) ) ;
#5538 = EDGE_CURVE ( 'NONE', #4929, #5716, #4124, .T. ) ;
#5539 = ORIENTED_EDGE ( 'NONE', *, *, #5820, .F. ) ;
#5540 = CARTESIAN_POINT ( 'NONE',  ( 4.399999999999998579, 0.000000000000000000, 0.000000000000000000 ) ) ;
#5541 = DIRECTION ( 'NONE',  ( -0.000000000000000000, -1.000000000000000000, -0.000000000000000000 ) ) ;
#5542 = FACE_OUTER_BOUND ( 'NONE', #5856, .T. ) ;
#5543 = PLANE ( 'NONE',  #680 ) ;
#5544 = EDGE_CURVE ( 'NONE', #7776, #7341, #6892, .T. ) ;
#5545 = ORIENTED_EDGE ( 'NONE', *, *, #8760, .T. ) ;
#5546 = EDGE_CURVE ( 'NONE', #2985, #767, #8276, .T. ) ;
#5547 = ORIENTED_EDGE ( 'NONE', *, *, #3347, .F. ) ;
#5548 = ORIENTED_EDGE ( 'NONE', *, *, #4189, .T. ) ;
#5549 = FACE_OUTER_BOUND ( 'NONE', #1888, .T. ) ;
#5550 = DIRECTION ( 'NONE',  ( 0.000000000000000000, 0.000000000000000000, -1.000000000000000000 ) ) ;
#5551 = CARTESIAN_POINT ( 'NONE',  ( -0.7500000000000000000, -6.500000000000001776, 1.100000000000000089 ) ) ;
#5552 = DIRECTION ( 'NONE',  ( 0.000000000000000000, 1.000000000000000000, 0.000000000000000000 ) ) ;
#5553 = LINE ( 'NONE', #6884, #5172 ) ;
#5554 = EDGE_LOOP ( 'NONE', ( #4713, #3105, #1380, #6981 ) ) ;
#5555 = ORIENTED_EDGE ( 'NONE', *, *, #3284, .F. ) ;
#5556 = ORIENTED_EDGE ( 'NONE', *, *, #2841, .F. ) ;
#5557 = DIRECTION ( 'NONE',  ( -1.606225440719265627E-16, -1.000000000000000000, -3.102490474962827050E-31 ) ) ;
#5558 = ORIENTED_EDGE ( 'NONE', *, *, #4226, .F. ) ;
#5559 = VERTEX_POINT ( 'NONE', #3488 ) ;
#5560 = CARTESIAN_POINT ( 'NONE',  ( -4.900000000000001243, 4.336808689942018722E-16, 0.000000000000000000 ) ) ;
#5561 = LINE ( 'NONE', #2752, #2593 ) ;
#5562 = DIRECTION ( 'NONE',  ( 0.000000000000000000, 0.000000000000000000, 1.000000000000000000 ) ) ;
#5563 = FILL_AREA_STYLE_COLOUR ( '', #8773 ) ;
#5564 = CARTESIAN_POINT ( 'NONE',  ( 0.4500000000000000111, -3.020950878361716274, 2.100000000000000089 ) ) ;
#5565 = ORIENTED_EDGE ( 'NONE', *, *, #8068, .T. ) ;
#5566 = ORIENTED_EDGE ( 'NONE', *, *, #842, .F. ) ;
#5567 = LINE ( 'NONE', #1968, #7668 ) ;
#5568 = CARTESIAN_POINT ( 'NONE',  ( 1.479999999999999982, 11.50000000000000000, 0.8499999999999999778 ) ) ;
#5569 = CARTESIAN_POINT ( 'NONE',  ( 3.675000000000000266, -4.750515463917523107, 0.4000000000000000222 ) ) ;
#5570 = EDGE_CURVE ( 'NONE', #4629, #5716, #5681, .T. ) ;
#5571 = DIRECTION ( 'NONE',  ( 0.000000000000000000, 0.000000000000000000, -1.000000000000000000 ) ) ;
#5572 = ORIENTED_EDGE ( 'NONE', *, *, #2559, .T. ) ;
#5573 = PLANE ( 'NONE',  #4196 ) ;
#5574 = VERTEX_POINT ( 'NONE', #578 ) ;
#5575 = ORIENTED_EDGE ( 'NONE', *, *, #4005, .F. ) ;
#5576 = ORIENTED_EDGE ( 'NONE', *, *, #404, .F. ) ;
#5577 = FACE_OUTER_BOUND ( 'NONE', #2916, .T. ) ;
#5578 = CARTESIAN_POINT ( 'NONE',  ( -0.4499999999999999556, -3.625230054855794304, 2.100000000000000089 ) ) ;
#5579 = ADVANCED_FACE ( 'NONE', ( #6295 ), #1957, .F. ) ;
#5580 = FACE_OUTER_BOUND ( 'NONE', #834, .T. ) ;
#5581 = DIRECTION ( 'NONE',  ( 0.000000000000000000, 0.000000000000000000, -1.000000000000000000 ) ) ;
#5582 = VECTOR ( 'NONE', #8445, 1000.000000000000000 ) ;
#5583 = ORIENTED_EDGE ( 'NONE', *, *, #8692, .F. ) ;
#5584 = ORIENTED_EDGE ( 'NONE', *, *, #3119, .T. ) ;
#5585 = DIRECTION ( 'NONE',  ( -8.850629979473506011E-17, 1.000000000000000000, -3.469446951953613696E-16 ) ) ;
#5586 = DIRECTION ( 'NONE',  ( -1.000000000000000000, 2.491288438666616105E-16, 0.000000000000000000 ) ) ;
#5587 = CARTESIAN_POINT ( 'NONE',  ( -3.250000000000001332, -6.699999999999999289, -1.349999999999999867 ) ) ;
#5588 = ADVANCED_FACE ( 'NONE', ( #9107 ), #6336, .T. ) ;
#5589 = LINE ( 'NONE', #8398, #8986 ) ;
#5590 = EDGE_CURVE ( 'NONE', #2026, #4140, #4208, .T. ) ;
#5591 = DIRECTION ( 'NONE',  ( 1.000000000000000000, -1.085300408096357451E-16, 0.000000000000000000 ) ) ;
#5592 = ADVANCED_FACE ( 'NONE', ( #5038 ), #3027, .F. ) ;
#5593 = EDGE_CURVE ( 'NONE', #3103, #5865, #3330, .T. ) ;
#5594 = VERTEX_POINT ( 'NONE', #6432 ) ;
#5595 = CIRCLE ( 'NONE', #6621, 0.2000000000000000944 ) ;
#5596 = ORIENTED_EDGE ( 'NONE', *, *, #8357, .T. ) ;
#5597 = DIRECTION ( 'NONE',  ( -1.000000000000000000, 0.000000000000000000, 0.000000000000000000 ) ) ;
#5598 = ORIENTED_EDGE ( 'NONE', *, *, #8131, .F. ) ;
#5599 = DIRECTION ( 'NONE',  ( -0.000000000000000000, -0.000000000000000000, -1.000000000000000000 ) ) ;
#5600 = LINE ( 'NONE', #4170, #8186 ) ;
#5601 = AXIS2_PLACEMENT_3D ( 'NONE', #5702, #7082, #3533 ) ;
#5602 = CIRCLE ( 'NONE', #5155, 0.4000000000132786226 ) ;
#5603 = DIRECTION ( 'NONE',  ( -1.000000000000000000, -1.971276677246371519E-16, 0.000000000000000000 ) ) ;
#5604 = CARTESIAN_POINT ( 'NONE',  ( 2.349999999999998312, -3.750000000000000000, 5.000000000000000000 ) ) ;
#5605 = APPLICATION_PROTOCOL_DEFINITION ( 'draft international standard', 'automotive_design', 1998, #7114 ) ;
#5606 = DIRECTION ( 'NONE',  ( -1.000000000000000000, 0.000000000000000000, 0.000000000000000000 ) ) ;
#5607 = ORIENTED_EDGE ( 'NONE', *, *, #4329, .F. ) ;
#5608 = DIRECTION ( 'NONE',  ( 0.000000000000000000, 0.000000000000000000, 1.000000000000000000 ) ) ;
#5609 = VECTOR ( 'NONE', #899, 1000.000000000000000 ) ;
#5610 = DIRECTION ( 'NONE',  ( 0.6560590289905036121, 0.000000000000000000, -0.7547095802227752337 ) ) ;
#5611 = FILL_AREA_STYLE ('',( #771 ) ) ;
#5612 = EDGE_CURVE ( 'NONE', #1537, #3201, #8501, .T. ) ;
#5613 = CARTESIAN_POINT ( 'NONE',  ( 0.0008203932499369634770, 11.70000000000000462, 4.781147327278692800E-17 ) ) ;
#5614 = VERTEX_POINT ( 'NONE', #5734 ) ;
#5615 = CARTESIAN_POINT ( 'NONE',  ( -0.6500000000000019096, 0.4500000000000040079, 1.800000000000000711 ) ) ;
#5616 = DIRECTION ( 'NONE',  ( 1.606225440719265627E-16, 1.000000000000000000, 3.102490474962827488E-31 ) ) ;
#5617 = EDGE_LOOP ( 'NONE', ( #3792, #2144 ) ) ;
#5618 = LINE ( 'NONE', #6312, #468 ) ;
#5619 = ORIENTED_EDGE ( 'NONE', *, *, #6868, .T. ) ;
#5620 = VECTOR ( 'NONE', #8324, 1000.000000000000000 ) ;
#5621 = ORIENTED_EDGE ( 'NONE', *, *, #5235, .T. ) ;
#5622 = VECTOR ( 'NONE', #7882, 1000.000000000000000 ) ;
#5623 = CARTESIAN_POINT ( 'NONE',  ( 2.600000000000000533, -3.950515463917520620, -4.900000000000010125 ) ) ;
#5624 = CARTESIAN_POINT ( 'NONE',  ( -4.499999999999991118, 4.049484536082480268, -5.300000000000009592 ) ) ;
#5625 = FACE_OUTER_BOUND ( 'NONE', #6752, .T. ) ;
#5626 = PLANE ( 'NONE',  #6271 ) ;
#5627 = ORIENTED_EDGE ( 'NONE', *, *, #3891, .T. ) ;
#5628 = EDGE_CURVE ( 'NONE', #5716, #4629, #235, .T. ) ;
#5629 = ORIENTED_EDGE ( 'NONE', *, *, #2559, .F. ) ;
#5630 = PLANE ( 'NONE',  #805 ) ;
#5631 = AXIS2_PLACEMENT_3D ( 'NONE', #5226, #2371, #3109 ) ;
#5632 = CARTESIAN_POINT ( 'NONE',  ( 1.479999999999999982, 10.90000000000000036, 0.8499999999999999778 ) ) ;
#5633 = LINE ( 'NONE', #7854, #50 ) ;
#5634 = FACE_BOUND ( 'NONE', #1232, .T. ) ;
#5635 = DIRECTION ( 'NONE',  ( 0.9063077870366488265, -2.257874111717931083E-16, 0.4226182617407018283 ) ) ;
#5636 = EDGE_LOOP ( 'NONE', ( #2121, #2541, #8014, #6057 ) ) ;
#5637 = AXIS2_PLACEMENT_3D ( 'NONE', #5883, #861, #7879 ) ;
#5638 = VECTOR ( 'NONE', #3923, 1000.000000000000000 ) ;
#5639 = ADVANCED_FACE ( 'NONE', ( #4394 ), #7214, .F. ) ;
#5640 = ORIENTED_EDGE ( 'NONE', *, *, #2138, .F. ) ;
#5641 = DIRECTION ( 'NONE',  ( 1.000000000000000000, 8.850629979473506011E-17, 0.000000000000000000 ) ) ;
#5642 = APPLICATION_CONTEXT ( 'automotive_design' ) ;
#5643 = ADVANCED_FACE ( 'NONE', ( #5778 ), #2325, .T. ) ;
#5644 = ORIENTED_EDGE ( 'NONE', *, *, #2380, .T. ) ;
#5645 = EDGE_CURVE ( 'NONE', #7982, #6183, #6385, .T. ) ;
#5646 = DIRECTION ( 'NONE',  ( 1.000000000000000000, 0.000000000000000000, 0.000000000000000000 ) ) ;
#5647 = LINE ( 'NONE', #4814, #678 ) ;
#5648 = CIRCLE ( 'NONE', #4469, 0.4000000000000001887 ) ;
#5649 = CARTESIAN_POINT ( 'NONE',  ( -3.250000000000001332, -5.549999999999998934, 1.000000000000000000 ) ) ;
#5650 = DIRECTION ( 'NONE',  ( -0.000000000000000000, -1.000000000000000000, -0.000000000000000000 ) ) ;
#5651 = CARTESIAN_POINT ( 'NONE',  ( 1.370000000000000329, 8.900000000000000355, 3.349876971653937829 ) ) ;
#5652 = EDGE_CURVE ( 'NONE', #4152, #1522, #5830, .T. ) ;
#5653 = ORIENTED_EDGE ( 'NONE', *, *, #5177, .F. ) ;
#5654 = VERTEX_POINT ( 'NONE', #8546 ) ;
#5655 = CARTESIAN_POINT ( 'NONE',  ( 2.600000000000000533, 4.049484536082481156, -5.300000000000009592 ) ) ;
#5656 = AXIS2_PLACEMENT_3D ( 'NONE', #5568, #4089, #6262 ) ;
#5657 = AXIS2_PLACEMENT_3D ( 'NONE', #2191, #159, #5783 ) ;
#5658 = CARTESIAN_POINT ( 'NONE',  ( 4.500000000000002665, -5.450515463917523284, 0.4000000000000000222 ) ) ;
#5659 = CARTESIAN_POINT ( 'NONE',  ( 2.999999999999998224, -3.750000000000000000, 5.000000000000000000 ) ) ;
#5660 = ORIENTED_EDGE ( 'NONE', *, *, #4841, .F. ) ;
#5661 = VECTOR ( 'NONE', #5854, 1000.000000000000000 ) ;
#5662 = VECTOR ( 'NONE', #2459, 1000.000000000000000 ) ;
#5663 = CARTESIAN_POINT ( 'NONE',  ( -1.479999999999999982, 11.50000000000000000, 0.8499999999999999778 ) ) ;
#5664 = EDGE_LOOP ( 'NONE', ( #5739, #4277 ) ) ;
#5665 = FACE_OUTER_BOUND ( 'NONE', #150, .T. ) ;
#5666 = DIRECTION ( 'NONE',  ( 0.000000000000000000, 0.000000000000000000, 1.000000000000000000 ) ) ;
#5667 = ORIENTED_EDGE ( 'NONE', *, *, #3616, .T. ) ;
#5668 = CARTESIAN_POINT ( 'NONE',  ( 1.899999999999998801, 3.600000000000003642, 0.1000000000000000056 ) ) ;
#5669 = ORIENTED_EDGE ( 'NONE', *, *, #8846, .F. ) ;
#5670 = AXIS2_PLACEMENT_3D ( 'NONE', #4094, #1243, #8159 ) ;
#5671 = AXIS2_PLACEMENT_3D ( 'NONE', #7663, #5585, #6093 ) ;
#5672 = EDGE_LOOP ( 'NONE', ( #1982, #8141, #1054, #5033 ) ) ;
#5673 = LINE ( 'NONE', #5623, #1896 ) ;
#5674 = DIRECTION ( 'NONE',  ( 0.000000000000000000, 0.000000000000000000, -1.000000000000000000 ) ) ;
#5675 = CARTESIAN_POINT ( 'NONE',  ( 4.500000000000002665, 4.049484536082481156, -5.300000000000009592 ) ) ;
#5676 = CARTESIAN_POINT ( 'NONE',  ( 4.500000000000001776, -5.450515463917523284, 0.4000000000000000777 ) ) ;
#5677 = COLOUR_RGB ( '',0.7921568627450980005, 0.8196078431372548767, 0.9333333333333333481 ) ;
#5678 = ORIENTED_EDGE ( 'NONE', *, *, #3780, .T. ) ;
#5679 = ORIENTED_EDGE ( 'NONE', *, *, #970, .T. ) ;
#5680 = FACE_OUTER_BOUND ( 'NONE', #6505, .T. ) ;
#5681 = CIRCLE ( 'NONE', #6859, 3.399999999999999911 ) ;
#5682 = DIRECTION ( 'NONE',  ( -1.000000000000000000, 0.000000000000000000, 0.000000000000000000 ) ) ;
#5683 = CARTESIAN_POINT ( 'NONE',  ( -1.370000000000000329, 8.900000000000000355, 3.352688591713894883 ) ) ;
#5684 = DIRECTION ( 'NONE',  ( 0.000000000000000000, 0.000000000000000000, -1.000000000000000000 ) ) ;
#5685 = ADVANCED_FACE ( 'NONE', ( #3753 ), #1584, .T. ) ;
#5686 = DIRECTION ( 'NONE',  ( 0.000000000000000000, 0.000000000000000000, 1.000000000000000000 ) ) ;
#5687 = ORIENTED_EDGE ( 'NONE', *, *, #6085, .T. ) ;
#5688 = EDGE_LOOP ( 'NONE', ( #5885, #830 ) ) ;
#5689 = DIRECTION ( 'NONE',  ( 0.000000000000000000, 1.000000000000000000, 0.000000000000000000 ) ) ;
#5690 = EDGE_LOOP ( 'NONE', ( #8124, #4543, #3304, #4788 ) ) ;
#5691 = CARTESIAN_POINT ( 'NONE',  ( 3.399999999999999911, -0.5505154639175199316, 0.4000000000000001887 ) ) ;
#5692 = DIRECTION ( 'NONE',  ( 0.000000000000000000, -1.000000000000000000, 0.000000000000000000 ) ) ;
#5693 = CARTESIAN_POINT ( 'NONE',  ( 4.900000000000001243, -2.550515463917522041, -5.900000000000000355 ) ) ;
#5694 = LINE ( 'NONE', #2235, #5001 ) ;
#5695 = EDGE_CURVE ( 'NONE', #4942, #8924, #4989, .T. ) ;
#5696 = DIRECTION ( 'NONE',  ( 0.000000000000000000, 1.000000000000000000, 0.000000000000000000 ) ) ;
#5697 = DIRECTION ( 'NONE',  ( -0.000000000000000000, -1.000000000000000000, -0.000000000000000000 ) ) ;
#5698 = EDGE_CURVE ( 'NONE', #3256, #2799, #939, .T. ) ;
#5699 = DIRECTION ( 'NONE',  ( 0.000000000000000000, 0.000000000000000000, 1.000000000000000000 ) ) ;
#5700 = ORIENTED_EDGE ( 'NONE', *, *, #6274, .F. ) ;
#5701 = ORIENTED_EDGE ( 'NONE', *, *, #2248, .T. ) ;
#5702 = CARTESIAN_POINT ( 'NONE',  ( -1.734723475976807094E-15, 0.4500000000000040079, 1.800000000000000711 ) ) ;
#5703 = PLANE ( 'NONE',  #6538 ) ;
#5704 = CARTESIAN_POINT ( 'NONE',  ( -1.734723475976807094E-15, 0.4500000000000040079, 5.000000000000000000 ) ) ;
#5705 = ORIENTED_EDGE ( 'NONE', *, *, #3958, .T. ) ;
#5706 = EDGE_CURVE ( 'NONE', #7451, #4274, #6571, .T. ) ;
#5707 = CARTESIAN_POINT ( 'NONE',  ( -3.400000000000001688, 0.9500000000000039524, 0.000000000000000000 ) ) ;
#5708 = ADVANCED_FACE ( 'NONE', ( #8600 ), #4306, .F. ) ;
#5709 = ADVANCED_FACE ( 'NONE', ( #848, #2976, #7946, #3704, #3067, #6520 ), #206, .F. ) ;
#5710 = EDGE_CURVE ( 'NONE', #5322, #7156, #6652, .T. ) ;
#5711 = LINE ( 'NONE', #6267, #9057 ) ;
#5712 = DIRECTION ( 'NONE',  ( 0.000000000000000000, 0.000000000000000000, 1.000000000000000000 ) ) ;
#5713 = ORIENTED_EDGE ( 'NONE', *, *, #8622, .F. ) ;
#5714 = LINE ( 'NONE', #4373, #4438 ) ;
#5715 = CARTESIAN_POINT ( 'NONE',  ( 0.000000000000000000, 8.500000000000000000, 0.000000000000000000 ) ) ;
#5716 = VERTEX_POINT ( 'NONE', #8870 ) ;
#5717 = CARTESIAN_POINT ( 'NONE',  ( -1.900000000000001910, -2.700000000000000622, 0.1000000000000000056 ) ) ;
#5718 = CARTESIAN_POINT ( 'NONE',  ( 0.000000000000000000, 10.90000000000000036, -0.5047000102205828620 ) ) ;
#5719 = DIRECTION ( 'NONE',  ( -0.000000000000000000, -0.000000000000000000, -1.000000000000000000 ) ) ;
#5720 = VERTEX_POINT ( 'NONE', #7391 ) ;
#5721 = ORIENTED_EDGE ( 'NONE', *, *, #8284, .F. ) ;
#5722 = EDGE_LOOP ( 'NONE', ( #8111, #7237, #8738, #1942 ) ) ;
#5723 = DIRECTION ( 'NONE',  ( 1.000000000000000000, 0.000000000000000000, 0.000000000000000000 ) ) ;
#5724 = LINE ( 'NONE', #6462, #2937 ) ;
#5725 = DIRECTION ( 'NONE',  ( 1.000000000000000000, 0.000000000000000000, 0.000000000000000000 ) ) ;
#5726 = PLANE ( 'NONE',  #4868 ) ;
#5727 = AXIS2_PLACEMENT_3D ( 'NONE', #5632, #2133, #6 ) ;
#5728 = LINE ( 'NONE', #5031, #2389 ) ;
#5729 = ORIENTED_EDGE ( 'NONE', *, *, #7167, .F. ) ;
#5730 = PLANE ( 'NONE',  #7825 ) ;
#5731 = ORIENTED_EDGE ( 'NONE', *, *, #3010, .T. ) ;
#5732 = VECTOR ( 'NONE', #1885, 1000.000000000000000 ) ;
#5733 = DIRECTION ( 'NONE',  ( -1.000000000000000000, 0.000000000000000000, 0.000000000000000000 ) ) ;
#5734 = CARTESIAN_POINT ( 'NONE',  ( -4.598116167910875518, -1.550515463917520709, -7.662869739802289359 ) ) ;
#5735 = DIRECTION ( 'NONE',  ( 0.000000000000000000, 0.000000000000000000, 1.000000000000000000 ) ) ;
#5736 = LINE ( 'NONE', #6434, #8386 ) ;
#5737 = LINE ( 'NONE', #1547, #2932 ) ;
#5738 = DIRECTION ( 'NONE',  ( 0.000000000000000000, 0.000000000000000000, 1.000000000000000000 ) ) ;
#5739 = ORIENTED_EDGE ( 'NONE', *, *, #6147, .F. ) ;
#5740 = LINE ( 'NONE', #5655, #5154 ) ;
#5741 = EDGE_CURVE ( 'NONE', #6625, #7136, #8481, .T. ) ;
#5742 = DIRECTION ( 'NONE',  ( 0.000000000000000000, 1.000000000000000000, 0.000000000000000000 ) ) ;
#5743 = LINE ( 'NONE', #3764, #7741 ) ;
#5744 = LINE ( 'NONE', #2342, #6674 ) ;
#5745 = DIRECTION ( 'NONE',  ( 0.000000000000000000, 0.000000000000000000, 1.000000000000000000 ) ) ;
#5746 = CARTESIAN_POINT ( 'NONE',  ( 2.599999999999999201, 3.338162607258091185E-15, 0.000000000000000000 ) ) ;
#5747 = AXIS2_PLACEMENT_3D ( 'NONE', #7500, #7137, #4997 ) ;
#5748 = ORIENTED_EDGE ( 'NONE', *, *, #4796, .T. ) ;
#5749 = CARTESIAN_POINT ( 'NONE',  ( -2.324999999999999734, -4.750515463917523107, 0.4000000000000000222 ) ) ;
#5750 = ADVANCED_FACE ( 'NONE', ( #2506 ), #1073, .T. ) ;
#5751 = CARTESIAN_POINT ( 'NONE',  ( 4.500000000000003553, -5.150515463917521686, -6.800000000000000711 ) ) ;
#5752 = EDGE_CURVE ( 'NONE', #2035, #4606, #1268, .T. ) ;
#5753 = ORIENTED_EDGE ( 'NONE', *, *, #4235, .T. ) ;
#5754 = EDGE_CURVE ( 'NONE', #7332, #4055, #8040, .T. ) ;
#5755 = VECTOR ( 'NONE', #5123, 1000.000000000000000 ) ;
#5756 = DIRECTION ( 'NONE',  ( 1.000000000000000000, 0.000000000000000000, 0.000000000000000000 ) ) ;
#5757 = DIRECTION ( 'NONE',  ( 1.000000000000000000, 0.000000000000000000, 0.000000000000000000 ) ) ;
#5758 = AXIS2_PLACEMENT_3D ( 'NONE', #2202, #2859, #2167 ) ;
#5759 = FACE_OUTER_BOUND ( 'NONE', #420, .T. ) ;
#5760 = VERTEX_POINT ( 'NONE', #2415 ) ;
#5761 = VERTEX_POINT ( 'NONE', #381 ) ;
#5762 = AXIS2_PLACEMENT_3D ( 'NONE', #7263, #944, #3756 ) ;
#5763 = EDGE_CURVE ( 'NONE', #5996, #5720, #3205, .T. ) ;
#5764 = VECTOR ( 'NONE', #3444, 1000.000000000000000 ) ;
#5765 = VERTEX_POINT ( 'NONE', #8082 ) ;
#5766 = LINE ( 'NONE', #1397, #5811 ) ;
#5767 = DIRECTION ( 'NONE',  ( 0.000000000000000000, 1.000000000000000000, 0.000000000000000000 ) ) ;
#5768 = DIRECTION ( 'NONE',  ( 0.000000000000000000, 8.673617379884039416E-16, 1.000000000000000000 ) ) ;
#5769 = LINE ( 'NONE', #6425, #8575 ) ;
#5770 = VECTOR ( 'NONE', #109, 1000.000000000000000 ) ;
#5771 = CARTESIAN_POINT ( 'NONE',  ( -4.663541149204271541, -1.550515463917520043, -9.633847585124243551 ) ) ;
#5772 = ORIENTED_EDGE ( 'NONE', *, *, #7503, .F. ) ;
#5773 = AXIS2_PLACEMENT_3D ( 'NONE', #1648, #3593, #2999 ) ;
#5774 = CARTESIAN_POINT ( 'NONE',  ( -0.5000000000000029976, -2.050000000000001155, 0.5000000000000000000 ) ) ;
#5775 = VECTOR ( 'NONE', #5504, 1000.000000000000000 ) ;
#5776 = ORIENTED_EDGE ( 'NONE', *, *, #3289, .F. ) ;
#5777 = CARTESIAN_POINT ( 'NONE',  ( 0.000000000000000000, 0.000000000000000000, 0.000000000000000000 ) ) ;
#5778 = FACE_OUTER_BOUND ( 'NONE', #8709, .T. ) ;
#5779 = CARTESIAN_POINT ( 'NONE',  ( 0.000000000000000000, 13.19999999999999929, 0.000000000000000000 ) ) ;
#5780 = LINE ( 'NONE', #7129, #3094 ) ;
#5781 = CARTESIAN_POINT ( 'NONE',  ( 3.649999999999998135, 4.650000000000004796, 5.599999999999999645 ) ) ;
#5782 = VECTOR ( 'NONE', #2161, 1000.000000000000000 ) ;
#5784 = AXIS2_PLACEMENT_3D ( 'NONE', #7656, #4058, #6736 ) ;
#5783 = DIRECTION ( 'NONE',  ( 0.6560590289905020578, 0.000000000000000000, 0.7547095802227765660 ) ) ;
#5785 = CARTESIAN_POINT ( 'NONE',  ( -1.479999999999999982, 11.70000000000000462, 0.8499999999999999778 ) ) ;
#5786 = ORIENTED_EDGE ( 'NONE', *, *, #7847, .T. ) ;
#5787 = ORIENTED_EDGE ( 'NONE', *, *, #8676, .F. ) ;
#5788 = CARTESIAN_POINT ( 'NONE',  ( 0.9999999999999997780, 3.804101966249687994, 4.299999999999999822 ) ) ;
#5789 = LINE ( 'NONE', #262, #4033 ) ;
#5790 = AXIS2_PLACEMENT_3D ( 'NONE', #7911, #1329, #1543 ) ;
#5791 = CARTESIAN_POINT ( 'NONE',  ( 4.500000000000002665, 1.449484536082478847, -6.400000000000000355 ) ) ;
#5792 = DIRECTION ( 'NONE',  ( 1.000000000000000000, 0.000000000000000000, 0.000000000000000000 ) ) ;
#5793 = EDGE_CURVE ( 'NONE', #1701, #5720, #5314, .T. ) ;
#5794 =( NAMED_UNIT ( * ) SI_UNIT ( $, .STERADIAN. ) SOLID_ANGLE_UNIT ( ) );
#5795 = CARTESIAN_POINT ( 'NONE',  ( 0.4000000000000000777, -6.700000000000000178, 4.928191693115930646E-17 ) ) ;
#5796 = AXIS2_PLACEMENT_3D ( 'NONE', #1771, #6754, #1176 ) ;
#5797 = ORIENTED_EDGE ( 'NONE', *, *, #5809, .F. ) ;
#5798 = DIRECTION ( 'NONE',  ( 1.931541112668179645E-15, 0.000000000000000000, -1.000000000000000000 ) ) ;
#5799 = CYLINDRICAL_SURFACE ( 'NONE', #775, 0.7999999999999999334 ) ;
#5800 = VERTEX_POINT ( 'NONE', #8129 ) ;
#5801 = VECTOR ( 'NONE', #3641, 1000.000000000000000 ) ;
#5802 = CIRCLE ( 'NONE', #5216, 0.6500000000000000222 ) ;
#5803 = FACE_OUTER_BOUND ( 'NONE', #7371, .T. ) ;
#5804 = DIRECTION ( 'NONE',  ( 0.000000000000000000, 0.000000000000000000, 1.000000000000000000 ) ) ;
#5805 = EDGE_CURVE ( 'NONE', #1393, #6531, #5972, .T. ) ;
#5806 = CARTESIAN_POINT ( 'NONE',  ( -4.500000000000002665, 1.349484536082479869, 0.4000000000000000777 ) ) ;
#5807 = VERTEX_POINT ( 'NONE', #4620 ) ;
#5808 = EDGE_CURVE ( 'NONE', #6045, #6172, #3158, .T. ) ;
#5809 = EDGE_CURVE ( 'NONE', #8164, #7421, #3475, .T. ) ;
#5810 = AXIS2_PLACEMENT_3D ( 'NONE', #2661, #6116, #1962 ) ;
#5811 = VECTOR ( 'NONE', #7160, 1000.000000000000000 ) ;
#5812 = EDGE_LOOP ( 'NONE', ( #8497, #649 ) ) ;
#5813 = DIRECTION ( 'NONE',  ( 0.000000000000000000, 0.000000000000000000, 1.000000000000000000 ) ) ;
#5814 = CARTESIAN_POINT ( 'NONE',  ( -1.734723475976807094E-15, 0.4500000000000040079, 2.500000000000000000 ) ) ;
#5815 = CARTESIAN_POINT ( 'NONE',  ( -3.675000000000000266, -4.750515463917523107, 0.000000000000000000 ) ) ;
#5816 = CYLINDRICAL_SURFACE ( 'NONE', #15, 0.4000000000000001887 ) ;
#5817 = STYLED_ITEM ( 'NONE', ( #2018 ), #5206 ) ;
#5818 = ADVANCED_FACE ( 'NONE', ( #7438 ), #2739, .T. ) ;
#5819 = CARTESIAN_POINT ( 'NONE',  ( -1.000000000000000000, 4.426179070414212546, 2.500000000000000000 ) ) ;
#5820 = EDGE_CURVE ( 'NONE', #5437, #473, #4527, .T. ) ;
#5821 = ORIENTED_EDGE ( 'NONE', *, *, #5902, .T. ) ;
#5822 = EDGE_CURVE ( 'NONE', #1745, #8910, #5173, .T. ) ;
#5823 = ORIENTED_EDGE ( 'NONE', *, *, #5645, .F. ) ;
#5824 = LINE ( 'NONE', #8678, #8860 ) ;
#5825 = AXIS2_PLACEMENT_3D ( 'NONE', #7126, #806, #7175 ) ;
#5826 = ORIENTED_EDGE ( 'NONE', *, *, #6447, .F. ) ;
#5827 = ORIENTED_EDGE ( 'NONE', *, *, #4745, .F. ) ;
#5828 = AXIS2_PLACEMENT_3D ( 'NONE', #7154, #3510, #5581 ) ;
#5829 = DIRECTION ( 'NONE',  ( -0.000000000000000000, -1.000000000000000000, -0.000000000000000000 ) ) ;
#5830 = LINE ( 'NONE', #1494, #95 ) ;
#5831 = CARTESIAN_POINT ( 'NONE',  ( -0.7500000000000000000, -6.700000000000000178, 0.000000000000000000 ) ) ;
#5832 = SHAPE_REPRESENTATION ( 'PT01-D_HOUSING', ( #5810, #3169, #8172 ), #8314 ) ;
#5833 = DIRECTION ( 'NONE',  ( 0.5147285590694861135, 0.000000000000000000, 0.8573532005412066725 ) ) ;
#5834 = CARTESIAN_POINT ( 'NONE',  ( 3.250000000000000888, -5.549999999999999822, -1.350000000000000089 ) ) ;
#5835 = CARTESIAN_POINT ( 'NONE',  ( 4.900000000000000355, 2.449484536082478847, -4.299999999999999822 ) ) ;
#5836 = EDGE_LOOP ( 'NONE', ( #1891, #8976, #5679, #5401 ) ) ;
#5837 = DIRECTION ( 'NONE',  ( 0.000000000000000000, 0.000000000000000000, 1.000000000000000000 ) ) ;
#5838 = UNCERTAINTY_MEASURE_WITH_UNIT (LENGTH_MEASURE( 1.000000000000000082E-05 ), #8153, 'distance_accuracy_value', 'NONE');
#5839 = ORIENTED_EDGE ( 'NONE', *, *, #3223, .F. ) ;
#5840 = CARTESIAN_POINT ( 'NONE',  ( 0.000000000000000000, 10.20000000000000107, -2.404700010220583106 ) ) ;
#5841 = ORIENTED_EDGE ( 'NONE', *, *, #3122, .F. ) ;
#5842 = DIRECTION ( 'NONE',  ( -1.000000000000000000, 0.000000000000000000, 0.000000000000000000 ) ) ;
#5843 = LINE ( 'NONE', #1505, #9064 ) ;
#5844 = DIRECTION ( 'NONE',  ( -0.000000000000000000, -1.000000000000000000, -0.000000000000000000 ) ) ;
#5845 = LINE ( 'NONE', #1688, #7430 ) ;
#5846 = FACE_OUTER_BOUND ( 'NONE', #869, .T. ) ;
#5847 = VERTEX_POINT ( 'NONE', #3795 ) ;
#5848 = CARTESIAN_POINT ( 'NONE',  ( 3.100000000000000977, -0.5505154639175199316, 1.400000000000000577 ) ) ;
#5849 = CARTESIAN_POINT ( 'NONE',  ( 0.000000000000000000, -0.5505154639175203757, 1.400000000000000577 ) ) ;
#5850 = ORIENTED_EDGE ( 'NONE', *, *, #176, .F. ) ;
#5851 = EDGE_CURVE ( 'NONE', #7893, #4830, #3932, .T. ) ;
#5852 = DIRECTION ( 'NONE',  ( -1.931541112668179645E-15, 1.551245237481413525E-31, 1.000000000000000000 ) ) ;
#5853 = FACE_OUTER_BOUND ( 'NONE', #3312, .T. ) ;
#5854 = DIRECTION ( 'NONE',  ( 0.000000000000000000, -1.000000000000000000, 0.000000000000000000 ) ) ;
#5855 = ORIENTED_EDGE ( 'NONE', *, *, #1026, .T. ) ;
#5856 = EDGE_LOOP ( 'NONE', ( #7037, #1095, #7555, #3471 ) ) ;
#5857 = ADVANCED_FACE ( 'NONE', ( #6049 ), #5362, .T. ) ;
#5858 = DIRECTION ( 'NONE',  ( 1.000000000000000000, 0.000000000000000000, 0.000000000000000000 ) ) ;
#5859 = PLANE ( 'NONE',  #1069 ) ;
#5860 = DIRECTION ( 'NONE',  ( 1.000000000000000000, 0.000000000000000000, 1.232047923278982446E-16 ) ) ;
#5861 = FACE_OUTER_BOUND ( 'NONE', #1148, .T. ) ;
#5862 = ORIENTED_EDGE ( 'NONE', *, *, #3661, .T. ) ;
#5863 = CARTESIAN_POINT ( 'NONE',  ( -5.236132948075080229, -1.550515463917520487, -8.396377958773982186 ) ) ;
#5864 = ORIENTED_EDGE ( 'NONE', *, *, #8450, .T. ) ;
#5865 = VERTEX_POINT ( 'NONE', #6789 ) ;
#5866 = ADVANCED_FACE ( 'NONE', ( #3296 ), #6094, .T. ) ;
#5867 = LINE ( 'NONE', #252, #1680 ) ;
#5868 = DIRECTION ( 'NONE',  ( 1.000000000000000000, 0.000000000000000000, 0.000000000000000000 ) ) ;
#5869 = EDGE_CURVE ( 'NONE', #8520, #1539, #2931, .T. ) ;
#5870 = CARTESIAN_POINT ( 'NONE',  ( -4.499999999999992006, -3.950515463917520620, -4.900000000000009237 ) ) ;
#5871 = EDGE_CURVE ( 'NONE', #6886, #3376, #9001, .T. ) ;
#5872 = EDGE_CURVE ( 'NONE', #1415, #6618, #2776, .T. ) ;
#5873 = CARTESIAN_POINT ( 'NONE',  ( -2.100000000000000089, -6.700000000000000178, -5.750000000000000000 ) ) ;
#5874 = CARTESIAN_POINT ( 'NONE',  ( -3.250000000000001332, -6.400000000000000355, -1.349999999999999867 ) ) ;
#5875 = DIRECTION ( 'NONE',  ( -0.6560590289905071648, 0.000000000000000000, -0.7547095802227721251 ) ) ;
#5876 = ORIENTED_EDGE ( 'NONE', *, *, #2910, .F. ) ;
#5877 = PLANE ( 'NONE',  #1209 ) ;
#5878 = VECTOR ( 'NONE', #8756, 1000.000000000000000 ) ;
#5879 = CARTESIAN_POINT ( 'NONE',  ( -1.750000000000000000, -6.700000000000000178, 1.000000000000000000 ) ) ;
#5880 = ORIENTED_EDGE ( 'NONE', *, *, #5082, .T. ) ;
#5881 = DIRECTION ( 'NONE',  ( 0.000000000000000000, 0.000000000000000000, -1.000000000000000000 ) ) ;
#5882 = DIRECTION ( 'NONE',  ( 0.000000000000000000, 0.000000000000000000, 1.000000000000000000 ) ) ;
#5883 = CARTESIAN_POINT ( 'NONE',  ( 2.600000000000000533, 6.000000000000000000, 1.500000000000000000 ) ) ;
#5884 = DIRECTION ( 'NONE',  ( -0.000000000000000000, -0.000000000000000000, -1.000000000000000000 ) ) ;
#5885 = ORIENTED_EDGE ( 'NONE', *, *, #8584, .F. ) ;
#5886 = ORIENTED_EDGE ( 'NONE', *, *, #8074, .F. ) ;
#5887 = LINE ( 'NONE', #1001, #4419 ) ;
#5888 = VECTOR ( 'NONE', #2888, 1000.000000000000000 ) ;
#5889 = CARTESIAN_POINT ( 'NONE',  ( -1.000000000000000000, 4.426179070414212546, 4.299999999999999822 ) ) ;
#5890 = ORIENTED_EDGE ( 'NONE', *, *, #6901, .F. ) ;
#5891 = DIRECTION ( 'NONE',  ( 1.000000000000000000, 0.000000000000000000, 0.000000000000000000 ) ) ;
#5892 = VECTOR ( 'NONE', #3045, 1000.000000000000000 ) ;
#5893 = CARTESIAN_POINT ( 'NONE',  ( -4.499999999999993783, -5.150515463917520798, -6.800000000000009592 ) ) ;
#5894 = VERTEX_POINT ( 'NONE', #7713 ) ;
#5895 = ORIENTED_EDGE ( 'NONE', *, *, #8927, .T. ) ;
#5896 = AXIS2_PLACEMENT_3D ( 'NONE', #6797, #6751, #6846 ) ;
#5897 = CARTESIAN_POINT ( 'NONE',  ( -4.499999999999989342, 0.4494845360824794023, -5.800000000000008704 ) ) ;
#5898 = CARTESIAN_POINT ( 'NONE',  ( 2.324999999999999734, 3.649484536082479469, 0.4000000000000000222 ) ) ;
#5899 = CARTESIAN_POINT ( 'NONE',  ( -5.636132948075080584, -1.550515463917520487, -8.396377958773982186 ) ) ;
#5900 = LINE ( 'NONE', #4477, #6651 ) ;
#5901 = VECTOR ( 'NONE', #5696, 1000.000000000000000 ) ;
#5902 = EDGE_CURVE ( 'NONE', #4888, #3053, #5120, .T. ) ;
#5903 = ORIENTED_EDGE ( 'NONE', *, *, #1080, .T. ) ;
#5904 = ORIENTED_EDGE ( 'NONE', *, *, #3328, .T. ) ;
#5905 = ORIENTED_EDGE ( 'NONE', *, *, #2315, .F. ) ;
#5906 = ORIENTED_EDGE ( 'NONE', *, *, #7742, .F. ) ;
#5907 = CARTESIAN_POINT ( 'NONE',  ( 1.250000000000000222, 8.900000000000000355, 3.150000003002861870 ) ) ;
#5908 = DIRECTION ( 'NONE',  ( 1.000000000000000000, 0.000000000000000000, 0.000000000000000000 ) ) ;
#5909 = CARTESIAN_POINT ( 'NONE',  ( 0.4999999999999982792, -0.05000000000000062034, 0.5000000000000000000 ) ) ;
#5910 = AXIS2_PLACEMENT_3D ( 'NONE', #827, #3635, #4925 ) ;
#5911 = LINE ( 'NONE', #1168, #6924 ) ;
#5912 = CARTESIAN_POINT ( 'NONE',  ( 4.900000000000000355, 2.849484536082479202, -6.800000000000000711 ) ) ;
#5913 = DIRECTION ( 'NONE',  ( 0.000000000000000000, 0.000000000000000000, 1.000000000000000000 ) ) ;
#5914 = EDGE_CURVE ( 'NONE', #1247, #1274, #2692, .T. ) ;
#5915 = EDGE_LOOP ( 'NONE', ( #8946, #7616, #2, #2960, #3926, #5283, #6518, #7119 ) ) ;
#5916 = AXIS2_PLACEMENT_3D ( 'NONE', #5909, #5130, #332 ) ;
#5917 = ADVANCED_FACE ( 'NONE', ( #1262 ), #5411, .T. ) ;
#5918 = EDGE_CURVE ( 'NONE', #3137, #7011, #4892, .T. ) ;
#5919 = ORIENTED_EDGE ( 'NONE', *, *, #8066, .F. ) ;
#5920 = DIRECTION ( 'NONE',  ( 0.000000000000000000, 0.000000000000000000, -1.000000000000000000 ) ) ;
#5921 = ORIENTED_EDGE ( 'NONE', *, *, #3286, .T. ) ;
#5922 = LINE ( 'NONE', #342, #2711 ) ;
#5923 = FACE_OUTER_BOUND ( 'NONE', #1300, .T. ) ;
#5924 = AXIS2_PLACEMENT_3D ( 'NONE', #6494, #2303, #5009 ) ;
#5925 = VECTOR ( 'NONE', #5768, 1000.000000000000000 ) ;
#5926 = CARTESIAN_POINT ( 'NONE',  ( 4.399999999999998579, -5.549999999999998934, 1.000000000000000000 ) ) ;
#5927 = CARTESIAN_POINT ( 'NONE',  ( 0.7500000000000000000, -6.500000000000001776, 1.100000000000000089 ) ) ;
#5928 = CARTESIAN_POINT ( 'NONE',  ( 1.750000000000000000, -6.500000000000001776, 1.300000000000000266 ) ) ;
#5929 = ADVANCED_FACE ( 'NONE', ( #1997 ), #7621, .T. ) ;
#5930 = ORIENTED_EDGE ( 'NONE', *, *, #5426, .T. ) ;
#5931 = AXIS2_PLACEMENT_3D ( 'NONE', #8376, #593, #5571 ) ;
#5932 = ORIENTED_EDGE ( 'NONE', *, *, #9095, .T. ) ;
#5933 = CARTESIAN_POINT ( 'NONE',  ( 3.599999999999999645, 5.950000000000003730, 0.000000000000000000 ) ) ;
#5934 = AXIS2_PLACEMENT_3D ( 'NONE', #8601, #1495, #4395 ) ;
#5935 = ORIENTED_EDGE ( 'NONE', *, *, #8747, .T. ) ;
#5936 = DIRECTION ( 'NONE',  ( -1.000000000000000000, 1.606225440719265627E-16, -1.931541112668179645E-15 ) ) ;
#5937 = ADVANCED_FACE ( 'NONE', ( #2083, #9054, #1894, #6879, #1216, #8311 ), #2038, .F. ) ;
#5938 = ORIENTED_EDGE ( 'NONE', *, *, #2208, .T. ) ;
#5939 = FACE_OUTER_BOUND ( 'NONE', #6963, .T. ) ;
#5940 = AXIS2_PLACEMENT_3D ( 'NONE', #4366, #7185, #2196 ) ;
#5941 = EDGE_CURVE ( 'NONE', #6481, #3970, #564, .T. ) ;
#5942 = DIRECTION ( 'NONE',  ( 0.000000000000000000, 0.000000000000000000, -1.000000000000000000 ) ) ;
#5943 = ORIENTED_EDGE ( 'NONE', *, *, #5389, .F. ) ;
#5944 = ORIENTED_EDGE ( 'NONE', *, *, #5482, .F. ) ;
#5945 = ORIENTED_EDGE ( 'NONE', *, *, #1805, .T. ) ;
#5946 = CIRCLE ( 'NONE', #6253, 0.6500000000000000222 ) ;
#5947 = DIRECTION ( 'NONE',  ( -1.000000000000000000, 0.000000000000000000, 0.000000000000000000 ) ) ;
#5948 = CARTESIAN_POINT ( 'NONE',  ( 0.4999999999999980571, -0.6408712114635676249, 0.5000000000000000000 ) ) ;
#5949 = LINE ( 'NONE', #5899, #1366 ) ;
#5950 = DIRECTION ( 'NONE',  ( 0.000000000000000000, 1.000000000000000000, 0.000000000000000000 ) ) ;
#5951 = VECTOR ( 'NONE', #4842, 1000.000000000000000 ) ;
#5952 = VERTEX_POINT ( 'NONE', #1350 ) ;
#5953 = ORIENTED_EDGE ( 'NONE', *, *, #7793, .T. ) ;
#5954 = ORIENTED_EDGE ( 'NONE', *, *, #8846, .T. ) ;
#5955 = CARTESIAN_POINT ( 'NONE',  ( 1.899999999999996358, -4.200000000000000178, 0.1000000000000000056 ) ) ;
#5956 = LINE ( 'NONE', #5624, #1228 ) ;
#5957 = VECTOR ( 'NONE', #8332, 1000.000000000000000 ) ;
#5958 = CARTESIAN_POINT ( 'NONE',  ( -4.900000000000001243, 4.336808689942018722E-16, 0.000000000000000000 ) ) ;
#5959 = DIRECTION ( 'NONE',  ( 1.000000000000000000, 0.000000000000000000, 0.000000000000000000 ) ) ;
#5960 = ADVANCED_FACE ( 'NONE', ( #7022 ), #4158, .T. ) ;
#5961 = CARTESIAN_POINT ( 'NONE',  ( -0.4999999999999997780, 11.70000000000000462, 1.500000000000000000 ) ) ;
#5962 = DIRECTION ( 'NONE',  ( 0.000000000000000000, 0.000000000000000000, 1.000000000000000000 ) ) ;
#5963 = FACE_OUTER_BOUND ( 'NONE', #8952, .T. ) ;
#5964 = VERTEX_POINT ( 'NONE', #6839 ) ;
#5965 = VECTOR ( 'NONE', #9027, 1000.000000000000000 ) ;
#5966 = DIRECTION ( 'NONE',  ( -0.000000000000000000, -0.000000000000000000, -1.000000000000000000 ) ) ;
#5967 = EDGE_LOOP ( 'NONE', ( #3710, #7925, #3483, #2362 ) ) ;
#5968 = CARTESIAN_POINT ( 'NONE',  ( -3.400000000000003464, -2.050000000000000711, 0.5000000000000000000 ) ) ;
#5969 = PRODUCT_DEFINITION_SHAPE ( 'NONE', 'NONE',  #9133 ) ;
#5970 = PLANE ( 'NONE',  #4060 ) ;
#5971 = EDGE_CURVE ( 'NONE', #310, #7471, #2643, .T. ) ;
#5972 = CIRCLE ( 'NONE', #3184, 0.4000000000000001887 ) ;
#5973 = DIRECTION ( 'NONE',  ( -1.734723475976806848E-16, -1.000000000000000000, 0.000000000000000000 ) ) ;
#5974 = CARTESIAN_POINT ( 'NONE',  ( -3.600000000000001421, 5.950000000000002842, 0.000000000000000000 ) ) ;
#5975 = ORIENTED_EDGE ( 'NONE', *, *, #4286, .F. ) ;
#5976 = CARTESIAN_POINT ( 'NONE',  ( 4.500000000000003553, -5.150515463917521686, -4.299999999999999822 ) ) ;
#5977 = FACE_OUTER_BOUND ( 'NONE', #4093, .T. ) ;
#5978 = DIRECTION ( 'NONE',  ( 0.000000000000000000, 0.000000000000000000, -1.000000000000000000 ) ) ;
#5979 = ADVANCED_FACE ( 'NONE', ( #703 ), #3338, .F. ) ;
#5980 = DIRECTION ( 'NONE',  ( 0.000000000000000000, 1.000000000000000000, 0.000000000000000000 ) ) ;
#5981 = EDGE_CURVE ( 'NONE', #4830, #3413, #8395, .T. ) ;
#5982 = EDGE_CURVE ( 'NONE', #9050, #134, #8263, .T. ) ;
#5983 = EDGE_CURVE ( 'NONE', #4108, #5297, #3378, .T. ) ;
#5984 = DIRECTION ( 'NONE',  ( 0.000000000000000000, 8.673617379884041389E-16, 1.000000000000000000 ) ) ;
#5985 = ORIENTED_EDGE ( 'NONE', *, *, #7482, .F. ) ;
#5986 = CARTESIAN_POINT ( 'NONE',  ( 2.100000000000000089, -6.400000000000000355, -1.349999999999999867 ) ) ;
#5987 = VERTEX_POINT ( 'NONE', #878 ) ;
#5988 = VERTEX_POINT ( 'NONE', #8535 ) ;
#5989 = APPLICATION_CONTEXT ( 'automotive_design' ) ;
#5990 = VERTEX_POINT ( 'NONE', #4383 ) ;
#5991 = ORIENTED_EDGE ( 'NONE', *, *, #8864, .T. ) ;
#5992 = CARTESIAN_POINT ( 'NONE',  ( -4.900000000000001243, 1.349484536082479869, 0.000000000000000000 ) ) ;
#5993 = CARTESIAN_POINT ( 'NONE',  ( -0.5000000000000029976, -2.050000000000001155, 0.5000000000000000000 ) ) ;
#5994 = FACE_OUTER_BOUND ( 'NONE', #8211, .T. ) ;
#5995 = LINE ( 'NONE', #7339, #7535 ) ;
#5996 = VERTEX_POINT ( 'NONE', #4424 ) ;
#5997 = ORIENTED_EDGE ( 'NONE', *, *, #5706, .T. ) ;
#5998 = VERTEX_POINT ( 'NONE', #1484 ) ;
#5999 = ORIENTED_EDGE ( 'NONE', *, *, #6329, .F. ) ;
#6000 = CARTESIAN_POINT ( 'NONE',  ( 0.8032336497292290600, 10.20000000000000107, 1.730200664999783971E-16 ) ) ;
#6001 = DIRECTION ( 'NONE',  ( 0.000000000000000000, 0.000000000000000000, -1.000000000000000000 ) ) ;
#6002 = DIRECTION ( 'NONE',  ( -1.000000000000000000, 0.000000000000000000, 0.000000000000000000 ) ) ;
#6003 = DIRECTION ( 'NONE',  ( 0.000000000000000000, 0.000000000000000000, -1.000000000000000000 ) ) ;
#6004 = PLANE ( 'NONE',  #7382 ) ;
#6005 = DIRECTION ( 'NONE',  ( -1.606225440719265627E-16, -1.000000000000000000, -3.102490474962827050E-31 ) ) ;
#6006 = ORIENTED_EDGE ( 'NONE', *, *, #920, .T. ) ;
#6007 = LINE ( 'NONE', #3714, #7238 ) ;
#6008 = ORIENTED_EDGE ( 'NONE', *, *, #8274, .T. ) ;
#6009 = DIRECTION ( 'NONE',  ( -1.000000000000000000, 0.000000000000000000, 0.000000000000000000 ) ) ;
#6010 = CARTESIAN_POINT ( 'NONE',  ( -4.899999999999987921, -1.550515463917520709, -7.400000000000009237 ) ) ;
#6011 = PLANE ( 'NONE',  #4171 ) ;
#6012 = VECTOR ( 'NONE', #4758, 1000.000000000000000 ) ;
#6013 = SHAPE_REPRESENTATION_RELATIONSHIP ( 'NONE' , 'NONE' ,  #470, #8576 ) ;
#6014 = LINE ( 'NONE', #1689, #1346 ) ;
#6015 = EDGE_CURVE ( 'NONE', #9038, #5522, #146, .T. ) ;
#6016 = ORIENTED_EDGE ( 'NONE', *, *, #2899, .F. ) ;
#6017 = ORIENTED_EDGE ( 'NONE', *, *, #5330, .F. ) ;
#6018 = DIRECTION ( 'NONE',  ( 0.000000000000000000, 1.000000000000000000, 0.000000000000000000 ) ) ;
#6019 = DIRECTION ( 'NONE',  ( 0.000000000000000000, 0.000000000000000000, -1.000000000000000000 ) ) ;
#6020 = EDGE_CURVE ( 'NONE', #7341, #5312, #3557, .T. ) ;
#6021 = DIRECTION ( 'NONE',  ( 0.000000000000000000, 0.000000000000000000, 1.000000000000000000 ) ) ;
#6022 = AXIS2_PLACEMENT_3D ( 'NONE', #1004, #3816, #4549 ) ;
#6023 = DIRECTION ( 'NONE',  ( -0.000000000000000000, -1.000000000000000000, -0.000000000000000000 ) ) ;
#6024 = CARTESIAN_POINT ( 'NONE',  ( -4.500000000000002665, -2.450515463917520620, -0.5999999999999996447 ) ) ;
#6025 = EDGE_LOOP ( 'NONE', ( #963, #246, #5373, #3073, #5019, #1984, #1094 ) ) ;
#6026 = DIRECTION ( 'NONE',  ( 0.000000000000000000, 0.000000000000000000, 1.000000000000000000 ) ) ;
#6027 = ORIENTED_EDGE ( 'NONE', *, *, #1533, .F. ) ;
#6028 = EDGE_CURVE ( 'NONE', #1301, #1815, #6167, .T. ) ;
#6029 = AXIS2_PLACEMENT_3D ( 'NONE', #4308, #892, #2979 ) ;
#6030 = ORIENTED_EDGE ( 'NONE', *, *, #4189, .F. ) ;
#6031 = EDGE_CURVE ( 'NONE', #2198, #3151, #105, .T. ) ;
#6032 = VERTEX_POINT ( 'NONE', #7898 ) ;
#6033 = ADVANCED_FACE ( 'NONE', ( #193 ), #7762, .T. ) ;
#6034 = ORIENTED_EDGE ( 'NONE', *, *, #7573, .F. ) ;
#6035 = ORIENTED_EDGE ( 'NONE', *, *, #8593, .F. ) ;
#6036 = FACE_OUTER_BOUND ( 'NONE', #8098, .T. ) ;
#6037 = DIRECTION ( 'NONE',  ( -1.000000000000000000, 0.000000000000000000, 0.000000000000000000 ) ) ;
#6038 = VECTOR ( 'NONE', #9100, 1000.000000000000000 ) ;
#6039 = DIRECTION ( 'NONE',  ( -0.4226182617407000519, 0.000000000000000000, -0.9063077870366496036 ) ) ;
#6040 = CARTESIAN_POINT ( 'NONE',  ( 2.600000000000001865, -5.150515463917521686, -5.300000000000009592 ) ) ;
#6041 = EDGE_CURVE ( 'NONE', #9076, #2475, #1744, .T. ) ;
#6042 = ORIENTED_EDGE ( 'NONE', *, *, #1870, .T. ) ;
#6043 = AXIS2_PLACEMENT_3D ( 'NONE', #5430, #1283, #4088 ) ;
#6044 = ORIENTED_EDGE ( 'NONE', *, *, #1455, .T. ) ;
#6045 = VERTEX_POINT ( 'NONE', #744 ) ;
#6046 = ORIENTED_EDGE ( 'NONE', *, *, #4246, .T. ) ;
#6047 = FACE_OUTER_BOUND ( 'NONE', #1967, .T. ) ;
#6048 = EDGE_CURVE ( 'NONE', #102, #3294, #7792, .T. ) ;
#6049 = FACE_OUTER_BOUND ( 'NONE', #7258, .T. ) ;
#6050 = DIRECTION ( 'NONE',  ( 0.000000000000000000, 0.000000000000000000, -1.000000000000000000 ) ) ;
#6051 = CYLINDRICAL_SURFACE ( 'NONE', #3392, 0.6500000000000000222 ) ;
#6052 = VECTOR ( 'NONE', #7123, 1000.000000000000000 ) ;
#6053 = AXIS2_PLACEMENT_3D ( 'NONE', #1425, #8478, #173 ) ;
#6054 = PLANE ( 'NONE',  #1353 ) ;
#6055 = CARTESIAN_POINT ( 'NONE',  ( -0.4499999999999996780, -3.625230054855794304, 2.500000000000000000 ) ) ;
#6056 = ORIENTED_EDGE ( 'NONE', *, *, #3288, .T. ) ;
#6057 = ORIENTED_EDGE ( 'NONE', *, *, #5495, .T. ) ;
#6058 = CIRCLE ( 'NONE', #2086, 3.100000000000000977 ) ;
#6059 = ORIENTED_EDGE ( 'NONE', *, *, #66, .T. ) ;
#6060 = AXIS2_PLACEMENT_3D ( 'NONE', #2755, #4085, #8886 ) ;
#6061 = LINE ( 'NONE', #5968, #216 ) ;
#6062 = DIRECTION ( 'NONE',  ( 1.931541112668179645E-15, 0.000000000000000000, -1.000000000000000000 ) ) ;
#6064 = AXIS2_PLACEMENT_3D ( 'NONE', #8118, #4612, #3925 ) ;
#6063 = DIRECTION ( 'NONE',  ( 1.419004388030903816E-16, 1.000000000000000000, -1.233521695418295137E-16 ) ) ;
#6065 = CARTESIAN_POINT ( 'NONE',  ( 4.500000000000002665, -5.450515463917523284, -4.299999999999999822 ) ) ;
#6066 = ORIENTED_EDGE ( 'NONE', *, *, #5820, .T. ) ;
#6067 = ORIENTED_EDGE ( 'NONE', *, *, #1704, .T. ) ;
#6068 = FACE_OUTER_BOUND ( 'NONE', #7721, .T. ) ;
#6069 = DIRECTION ( 'NONE',  ( -1.618212197739559129E-16, 0.000000000000000000, -1.000000000000000000 ) ) ;
#6070 = VECTOR ( 'NONE', #7428, 1000.000000000000000 ) ;
#6071 = AXIS2_PLACEMENT_3D ( 'NONE', #6609, #7349, #6002 ) ;
#6072 = CARTESIAN_POINT ( 'NONE',  ( 0.0008203932499369634770, 11.70000000000000462, 0.6000000000000000888 ) ) ;
#6073 = EDGE_CURVE ( 'NONE', #7451, #4152, #6372, .T. ) ;
#6074 = LINE ( 'NONE', #1147, #8436 ) ;
#6075 = ORIENTED_EDGE ( 'NONE', *, *, #6764, .T. ) ;
#6076 = CARTESIAN_POINT ( 'NONE',  ( 4.500000000000002665, 4.049484536082481156, -4.900000000000009237 ) ) ;
#6077 = DIRECTION ( 'NONE',  ( -1.606225440719265627E-16, -1.000000000000000000, -3.102490474962827050E-31 ) ) ;
#6078 = TOROIDAL_SURFACE ( 'NONE', #8286, 0.1500000000000000777, 0.2000000000000011213 ) ;
#6079 = ORIENTED_EDGE ( 'NONE', *, *, #8192, .T. ) ;
#6080 = ORIENTED_EDGE ( 'NONE', *, *, #2822, .T. ) ;
#6081 = ORIENTED_EDGE ( 'NONE', *, *, #5593, .T. ) ;
#6082 = AXIS2_PLACEMENT_3D ( 'NONE', #73, #5735, #2285 ) ;
#6083 = DIRECTION ( 'NONE',  ( -1.000000000000000000, -8.850629979473506011E-17, -1.535339560257681503E-32 ) ) ;
#6084 = DIRECTION ( 'NONE',  ( 0.000000000000000000, 1.000000000000000000, 0.000000000000000000 ) ) ;
#6085 = EDGE_CURVE ( 'NONE', #4056, #3747, #7161, .T. ) ;
#6086 = DIRECTION ( 'NONE',  ( 1.000000000000000000, 0.000000000000000000, 1.232047923278982446E-16 ) ) ;
#6087 = EDGE_CURVE ( 'NONE', #5760, #6469, #5724, .T. ) ;
#6088 = ADVANCED_FACE ( 'NONE', ( #7063 ), #4341, .T. ) ;
#6089 = ORIENTED_EDGE ( 'NONE', *, *, #1740, .F. ) ;
#6090 = AXIS2_PLACEMENT_3D ( 'NONE', #4536, #3214, #6009 ) ;
#6091 = ORIENTED_EDGE ( 'NONE', *, *, #5695, .F. ) ;
#6092 = ORIENTED_EDGE ( 'NONE', *, *, #6666, .T. ) ;
#6093 = DIRECTION ( 'NONE',  ( 0.000000000000000000, 3.469446951953613696E-16, 1.000000000000000000 ) ) ;
#6094 = CYLINDRICAL_SURFACE ( 'NONE', #4098, 0.7999999999999999334 ) ;
#6095 = CARTESIAN_POINT ( 'NONE',  ( -1.900000000000001910, -4.200000000000000178, 0.1000000000000000056 ) ) ;
#6096 = ADVANCED_FACE ( 'NONE', ( #2313 ), #2270, .T. ) ;
#6097 = LINE ( 'NONE', #7529, #4 ) ;
#6098 = VECTOR ( 'NONE', #2464, 1000.000000000000000 ) ;
#6099 = AXIS2_PLACEMENT_3D ( 'NONE', #6000, #8868, #4619 ) ;
#6100 = EDGE_CURVE ( 'NONE', #3762, #1273, #7853, .T. ) ;
#6101 = CARTESIAN_POINT ( 'NONE',  ( -0.5000000000000027756, -0.05202383709185192523, 0.5000000000000000000 ) ) ;
#6102 = ADVANCED_FACE ( 'NONE', ( #4978 ), #7805, .T. ) ;
#6103 = EDGE_CURVE ( 'NONE', #983, #328, #792, .T. ) ;
#6104 = ORIENTED_EDGE ( 'NONE', *, *, #3492, .T. ) ;
#6105 = PRODUCT_DEFINITION_CONTEXT ( 'detailed design', #330, 'design' ) ;
#6106 = VERTEX_POINT ( 'NONE', #3647 ) ;
#6107 = DIRECTION ( 'NONE',  ( 0.000000000000000000, -1.000000000000000000, 0.000000000000000000 ) ) ;
#6108 = VECTOR ( 'NONE', #2629, 1000.000000000000000 ) ;
#6109 = PRESENTATION_LAYER_ASSIGNMENT (  '', '', ( #8761 ) ) ;
#6110 = ORIENTED_EDGE ( 'NONE', *, *, #5188, .T. ) ;
#6111 = DIRECTION ( 'NONE',  ( -1.000000000000000000, 3.614007241618346306E-16, 7.836629005481910297E-31 ) ) ;
#6112 = CARTESIAN_POINT ( 'NONE',  ( -2.600000000000000533, 2.849484536082479647, -5.300000000000009592 ) ) ;
#6113 = EDGE_CURVE ( 'NONE', #5326, #3870, #5074, .T. ) ;
#6114 = VECTOR ( 'NONE', #392, 1000.000000000000000 ) ;
#6115 = DIRECTION ( 'NONE',  ( 0.000000000000000000, -1.000000000000000000, 0.000000000000000000 ) ) ;
#6116 = DIRECTION ( 'NONE',  ( 0.000000000000000000, 0.000000000000000000, 1.000000000000000000 ) ) ;
#6117 = LINE ( 'NONE', #7594, #5764 ) ;
#6118 = ORIENTED_EDGE ( 'NONE', *, *, #5983, .F. ) ;
#6119 = ORIENTED_EDGE ( 'NONE', *, *, #4957, .F. ) ;
#6120 = DIRECTION ( 'NONE',  ( 0.000000000000000000, 0.000000000000000000, -1.000000000000000000 ) ) ;
#6121 = DIRECTION ( 'NONE',  ( -0.000000000000000000, -1.000000000000000000, -0.000000000000000000 ) ) ;
#6122 = AXIS2_PLACEMENT_3D ( 'NONE', #253, #7073, #115 ) ;
#6123 = DIRECTION ( 'NONE',  ( 0.000000000000000000, 0.000000000000000000, -1.000000000000000000 ) ) ;
#6124 = DIRECTION ( 'NONE',  ( 1.000000000000000000, 0.000000000000000000, 1.232047923278982446E-16 ) ) ;
#6125 = DIRECTION ( 'NONE',  ( -0.000000000000000000, -0.000000000000000000, -1.000000000000000000 ) ) ;
#6126 = VERTEX_POINT ( 'NONE', #6596 ) ;
#6127 = DIRECTION ( 'NONE',  ( 1.000000000000000000, 0.000000000000000000, 0.000000000000000000 ) ) ;
#6128 = CARTESIAN_POINT ( 'NONE',  ( 0.4499999999999991229, -3.020950878361716274, 2.100000000000000089 ) ) ;
#6129 = ORIENTED_EDGE ( 'NONE', *, *, #3846, .T. ) ;
#6130 = VERTEX_POINT ( 'NONE', #6691 ) ;
#6131 = EDGE_LOOP ( 'NONE', ( #7633, #8297 ) ) ;
#6132 = ORIENTED_EDGE ( 'NONE', *, *, #1409, .T. ) ;
#6133 = LINE ( 'NONE', #1205, #5732 ) ;
#6134 = FACE_OUTER_BOUND ( 'NONE', #7026, .T. ) ;
#6135 = CARTESIAN_POINT ( 'NONE',  ( -1.370000000000000107, 8.500000000000000000, 3.352688591713894439 ) ) ;
#6136 = ORIENTED_EDGE ( 'NONE', *, *, #3625, .F. ) ;
#6137 = EDGE_CURVE ( 'NONE', #5312, #673, #2405, .T. ) ;
#6138 = EDGE_LOOP ( 'NONE', ( #5416, #367, #6351, #1931, #8349 ) ) ;
#6139 = ORIENTED_EDGE ( 'NONE', *, *, #1481, .F. ) ;
#6140 = ORIENTED_EDGE ( 'NONE', *, *, #1636, .F. ) ;
#6141 = CARTESIAN_POINT ( 'NONE',  ( -3.878914831578275990, -0.5505154639175209308, -8.538556816112469861 ) ) ;
#6142 = CARTESIAN_POINT ( 'NONE',  ( 4.500000000000002665, 0.000000000000000000, 0.000000000000000000 ) ) ;
#6143 = CARTESIAN_POINT ( 'NONE',  ( 4.900000000000000355, 1.449484536082478847, 0.4000000000000000222 ) ) ;
#6144 = CARTESIAN_POINT ( 'NONE',  ( 3.599999999999999645, 5.950000000000003730, 5.000000000000000000 ) ) ;
#6145 = DIRECTION ( 'NONE',  ( -1.000000000000000000, -1.355252715606879803E-16, 0.000000000000000000 ) ) ;
#6146 = ORIENTED_EDGE ( 'NONE', *, *, #3402, .F. ) ;
#6147 = EDGE_CURVE ( 'NONE', #1668, #8690, #9119, .T. ) ;
#6148 = ORIENTED_EDGE ( 'NONE', *, *, #4286, .T. ) ;
#6149 = LINE ( 'NONE', #1173, #1488 ) ;
#6150 = ADVANCED_FACE ( 'NONE', ( #7426 ), #7378, .F. ) ;
#6151 = ORIENTED_EDGE ( 'NONE', *, *, #2487, .F. ) ;
#6152 = ADVANCED_FACE ( 'NONE', ( #6036 ), #975, .F. ) ;
#6153 = PLANE ( 'NONE',  #1248 ) ;
#6154 = ADVANCED_FACE ( 'NONE', ( #4516 ), #1793, .T. ) ;
#6155 = DIRECTION ( 'NONE',  ( -1.931541112668179645E-15, 1.551245237481413525E-31, 1.000000000000000000 ) ) ;
#6156 = CARTESIAN_POINT ( 'NONE',  ( -0.9762697651501761609, 8.500000000000000000, 3.152284464583363199 ) ) ;
#6157 = CARTESIAN_POINT ( 'NONE',  ( 4.500000000000002665, -1.550515463917522041, -5.800000000000000711 ) ) ;
#6158 =( NAMED_UNIT ( * ) SI_UNIT ( $, .STERADIAN. ) SOLID_ANGLE_UNIT ( ) );
#6159 = DIRECTION ( 'NONE',  ( -1.734723475976805517E-15, 0.000000000000000000, 1.000000000000000000 ) ) ;
#6160 = EDGE_CURVE ( 'NONE', #6032, #1757, #8764, .T. ) ;
#6161 = VERTEX_POINT ( 'NONE', #240 ) ;
#6162 = ORIENTED_EDGE ( 'NONE', *, *, #6427, .F. ) ;
#6163 = DIRECTION ( 'NONE',  ( 0.4788843252278996987, 0.000000000000000000, -0.8778780114862311246 ) ) ;
#6164 = PLANE ( 'NONE',  #2419 ) ;
#6165 = EDGE_CURVE ( 'NONE', #2159, #397, #2451, .T. ) ;
#6166 = DIRECTION ( 'NONE',  ( -1.000000000000000000, 0.000000000000000000, 0.000000000000000000 ) ) ;
#6167 = CIRCLE ( 'NONE', #5727, 0.3500000000000000333 ) ;
#6168 = PLANE ( 'NONE',  #7851 ) ;
#6169 = ORIENTED_EDGE ( 'NONE', *, *, #457, .F. ) ;
#6170 = DIRECTION ( 'NONE',  ( -0.000000000000000000, -1.000000000000000000, -0.000000000000000000 ) ) ;
#6171 = DIRECTION ( 'NONE',  ( 0.000000000000000000, 0.000000000000000000, 1.000000000000000000 ) ) ;
#6172 = VERTEX_POINT ( 'NONE', #5992 ) ;
#6173 = AXIS2_PLACEMENT_3D ( 'NONE', #5717, #98, #4969 ) ;
#6174 = ORIENTED_EDGE ( 'NONE', *, *, #13, .F. ) ;
#6175 = ORIENTED_EDGE ( 'NONE', *, *, #8054, .T. ) ;
#6176 = ORIENTED_EDGE ( 'NONE', *, *, #3441, .T. ) ;
#6177 = DIRECTION ( 'NONE',  ( 1.931541112668179251E-15, 0.000000000000000000, -1.000000000000000000 ) ) ;
#6178 = CARTESIAN_POINT ( 'NONE',  ( 5.259901047426962073, 0.4494845360824790137, -9.291887738487536907 ) ) ;
#6179 = DIRECTION ( 'NONE',  ( -1.000000000000000000, 0.000000000000000000, 0.000000000000000000 ) ) ;
#6180 = ORIENTED_EDGE ( 'NONE', *, *, #738, .T. ) ;
#6181 = EDGE_LOOP ( 'NONE', ( #8953, #5293 ) ) ;
#6182 = ORIENTED_EDGE ( 'NONE', *, *, #5652, .T. ) ;
#6183 = VERTEX_POINT ( 'NONE', #3922 ) ;
#6184 = VECTOR ( 'NONE', #8132, 1000.000000000000000 ) ;
#6185 = DIRECTION ( 'NONE',  ( 0.000000000000000000, 1.000000000000000000, 0.000000000000000000 ) ) ;
#6186 = CARTESIAN_POINT ( 'NONE',  ( -1.062518129035794345E-14, 0.4500000000000127232, 0.000000000000000000 ) ) ;
#6187 = CARTESIAN_POINT ( 'NONE',  ( -4.499999999999989342, -5.150515463917520798, -4.300000000000009592 ) ) ;
#6188 = LINE ( 'NONE', #2041, #6038 ) ;
#6189 = ADVANCED_FACE ( 'NONE', ( #5211 ), #7297, .F. ) ;
#6190 = DIRECTION ( 'NONE',  ( -0.000000000000000000, -1.000000000000000000, -0.000000000000000000 ) ) ;
#6191 = ORIENTED_EDGE ( 'NONE', *, *, #5645, .T. ) ;
#6192 = CARTESIAN_POINT ( 'NONE',  ( -4.500000000000001776, 4.349484536082480091, -4.350361217098086541E-15 ) ) ;
#6193 = VERTEX_POINT ( 'NONE', #415 ) ;
#6194 = VERTEX_POINT ( 'NONE', #1010 ) ;
#6195 = DIRECTION ( 'NONE',  ( 0.000000000000000000, 0.000000000000000000, 1.000000000000000000 ) ) ;
#6196 = AXIS2_PLACEMENT_3D ( 'NONE', #6617, #298, #8653 ) ;
#6197 = DIRECTION ( 'NONE',  ( 0.000000000000000000, 1.000000000000000000, 0.000000000000000000 ) ) ;
#6198 = VECTOR ( 'NONE', #6537, 1000.000000000000000 ) ;
#6199 = EDGE_CURVE ( 'NONE', #3276, #3812, #8525, .T. ) ;
#6200 = LINE ( 'NONE', #4126, #6349 ) ;
#6201 = LINE ( 'NONE', #4259, #2607 ) ;
#6202 = ADVANCED_FACE ( 'NONE', ( #1705 ), #7472, .F. ) ;
#6203 = ADVANCED_FACE ( 'NONE', ( #2356 ), #1747, .T. ) ;
#6204 = APPLICATION_PROTOCOL_DEFINITION ( 'draft international standard', 'automotive_design', 1998, #330 ) ;
#6205 = LINE ( 'NONE', #4681, #7981 ) ;
#6206 = AXIS2_PLACEMENT_3D ( 'NONE', #2509, #6747, #8183 ) ;
#6207 = AXIS2_PLACEMENT_3D ( 'NONE', #2997, #7147, #5798 ) ;
#6208 = VERTEX_POINT ( 'NONE', #318 ) ;
#6209 = ORIENTED_EDGE ( 'NONE', *, *, #64, .T. ) ;
#6210 = DIRECTION ( 'NONE',  ( 0.000000000000000000, 1.000000000000000000, 0.000000000000000000 ) ) ;
#6211 = CARTESIAN_POINT ( 'NONE',  ( 0.000000000000000000, -0.5505154639175203757, 0.4000000000000001887 ) ) ;
#6212 = LINE ( 'NONE', #3451, #5965 ) ;
#6213 = DIRECTION ( 'NONE',  ( 0.000000000000000000, 0.000000000000000000, 1.000000000000000000 ) ) ;
#6214 = VECTOR ( 'NONE', #5228, 1000.000000000000000 ) ;
#6215 = CARTESIAN_POINT ( 'NONE',  ( -5.538016780164189967, -1.550515463917520487, -8.133954347177780875 ) ) ;
#6216 = EDGE_CURVE ( 'NONE', #4462, #817, #3380, .T. ) ;
#6217 = CARTESIAN_POINT ( 'NONE',  ( -1.900000000000001910, 3.600000000000003642, 0.1000000000000000056 ) ) ;
#6218 = EDGE_CURVE ( 'NONE', #134, #5760, #7944, .T. ) ;
#6219 = EDGE_LOOP ( 'NONE', ( #2381, #7844, #42, #7384 ) ) ;
#6220 = CARTESIAN_POINT ( 'NONE',  ( 0.01275798393824550958, 10.20000000000000107, 0.008155582768801673127 ) ) ;
#6221 = CARTESIAN_POINT ( 'NONE',  ( 4.900000000000000355, 2.849484536082478758, -4.900000000000009237 ) ) ;
#6222 = VECTOR ( 'NONE', #5213, 1000.000000000000000 ) ;
#6223 = VECTOR ( 'NONE', #9002, 1000.000000000000000 ) ;
#6224 = ORIENTED_EDGE ( 'NONE', *, *, #1065, .T. ) ;
#6225 = LINE ( 'NONE', #8213, #3967 ) ;
#6226 = LINE ( 'NONE', #8948, #6820 ) ;
#6227 = EDGE_CURVE ( 'NONE', #5654, #307, #1661, .T. ) ;
#6228 = AXIS2_PLACEMENT_3D ( 'NONE', #222, #3041, #4320 ) ;
#6229 = ADVANCED_FACE ( 'NONE', ( #5577 ), #8905, .F. ) ;
#6230 = VECTOR ( 'NONE', #3874, 1000.000000000000000 ) ;
#6231 = FACE_OUTER_BOUND ( 'NONE', #4236, .T. ) ;
#6232 = LINE ( 'NONE', #1127, #6986 ) ;
#6233 = EDGE_LOOP ( 'NONE', ( #1331, #4066, #8724, #7736 ) ) ;
#6234 = VERTEX_POINT ( 'NONE', #3416 ) ;
#6235 = CIRCLE ( 'NONE', #6082, 4.099999999999999645 ) ;
#6236 = ORIENTED_EDGE ( 'NONE', *, *, #3454, .F. ) ;
#6237 = EDGE_LOOP ( 'NONE', ( #3861, #3512, #1990, #1210, #6673, #1170, #8097, #7515, #4958, #6334, #2070, #7940, #3032, #7659, #5385, #5700, #5395, #4704, #5084, #1724, #8568, #7267, #3024, #6855 ) ) ;
#6238 = CARTESIAN_POINT ( 'NONE',  ( -4.499999999999990230, -1.550515463917520709, -5.800000000000009592 ) ) ;
#6239 = DIRECTION ( 'NONE',  ( 0.000000000000000000, 0.000000000000000000, 1.000000000000000000 ) ) ;
#6240 = LINE ( 'NONE', #8957, #4740 ) ;
#6241 = CARTESIAN_POINT ( 'NONE',  ( -4.500000000000003553, -5.150515463917519909, -5.300000000000009592 ) ) ;
#6242 = CARTESIAN_POINT ( 'NONE',  ( -4.400000000000002132, 5.100000000000004086, 0.000000000000000000 ) ) ;
#6243 = AXIS2_PLACEMENT_3D ( 'NONE', #497, #3315, #8331 ) ;
#6244 = ORIENTED_EDGE ( 'NONE', *, *, #8784, .F. ) ;
#6245 = ORIENTED_EDGE ( 'NONE', *, *, #3529, .F. ) ;
#6246 = VERTEX_POINT ( 'NONE', #4011 ) ;
#6247 = LINE ( 'NONE', #8879, #2814 ) ;
#6248 = ORIENTED_EDGE ( 'NONE', *, *, #6305, .T. ) ;
#6249 = VERTEX_POINT ( 'NONE', #4747 ) ;
#6250 = EDGE_CURVE ( 'NONE', #8037, #3294, #4790, .T. ) ;
#6251 = DIRECTION ( 'NONE',  ( -1.085300408096357451E-16, -1.000000000000000000, -0.000000000000000000 ) ) ;
#6252 = VECTOR ( 'NONE', #7615, 1000.000000000000000 ) ;
#6253 = AXIS2_PLACEMENT_3D ( 'NONE', #69, #7259, #3526 ) ;
#6254 = CARTESIAN_POINT ( 'NONE',  ( 1.749999999999999778, -5.549999999999998934, 1.300000000000000266 ) ) ;
#6255 = PLANE ( 'NONE',  #9004 ) ;
#6257 = DIRECTION ( 'NONE',  ( -1.000000000000000000, 2.491288438666616105E-16, -1.931541112668179645E-15 ) ) ;
#6256 = AXIS2_PLACEMENT_3D ( 'NONE', #2066, #7696, #1381 ) ;
#6258 = EDGE_LOOP ( 'NONE', ( #1842, #8876, #9105, #7905 ) ) ;
#6259 = ORIENTED_EDGE ( 'NONE', *, *, #5902, .F. ) ;
#6260 = LINE ( 'NONE', #3995, #8845 ) ;
#6261 = EDGE_CURVE ( 'NONE', #1757, #2353, #6780, .T. ) ;
#6262 = DIRECTION ( 'NONE',  ( 0.000000000000000000, 0.000000000000000000, -1.000000000000000000 ) ) ;
#6263 = CARTESIAN_POINT ( 'NONE',  ( 1.000000000000000000, 4.426179070414211658, 2.500000000000000000 ) ) ;
#6264 = STYLED_ITEM ( 'NONE', ( #7828 ), #5253 ) ;
#6265 = DIRECTION ( 'NONE',  ( 1.000000000000000000, 0.000000000000000000, 0.000000000000000000 ) ) ;
#6266 = ORIENTED_EDGE ( 'NONE', *, *, #2032, .T. ) ;
#6267 = CARTESIAN_POINT ( 'NONE',  ( -4.499999999999987566, 6.873989284057756956E-16, -7.400446128206086271 ) ) ;
#6268 = DIRECTION ( 'NONE',  ( 0.000000000000000000, 0.000000000000000000, 1.000000000000000000 ) ) ;
#6269 = EDGE_LOOP ( 'NONE', ( #8329, #4851, #6428, #8540 ) ) ;
#6270 = AXIS2_PLACEMENT_3D ( 'NONE', #889, #2928, #7864 ) ;
#6271 = AXIS2_PLACEMENT_3D ( 'NONE', #8439, #7758, #3468 ) ;
#6272 = EDGE_CURVE ( 'NONE', #2051, #4826, #3465, .T. ) ;
#6273 = ORIENTED_EDGE ( 'NONE', *, *, #5482, .T. ) ;
#6274 = EDGE_CURVE ( 'NONE', #282, #4942, #3280, .T. ) ;
#6275 = ORIENTED_EDGE ( 'NONE', *, *, #4048, .F. ) ;
#6276 = EDGE_CURVE ( 'NONE', #4542, #7574, #2634, .T. ) ;
#6277 = ADVANCED_FACE ( 'NONE', ( #6966 ), #6826, .F. ) ;
#6278 = CARTESIAN_POINT ( 'NONE',  ( 4.900000000000001243, -1.550515463917521597, -5.800000000000000711 ) ) ;
#6279 = DIRECTION ( 'NONE',  ( 0.000000000000000000, -1.000000000000000000, 0.000000000000000000 ) ) ;
#6280 = PLANE ( 'NONE',  #1368 ) ;
#6281 = DIRECTION ( 'NONE',  ( 0.000000000000000000, 0.000000000000000000, 1.000000000000000000 ) ) ;
#6282 = EDGE_LOOP ( 'NONE', ( #7433, #1438, #7315, #7182 ) ) ;
#6283 = ORIENTED_EDGE ( 'NONE', *, *, #4356, .F. ) ;
#6284 = FACE_OUTER_BOUND ( 'NONE', #5358, .T. ) ;
#6285 = DIRECTION ( 'NONE',  ( 1.000000000000000000, 0.000000000000000000, 0.000000000000000000 ) ) ;
#6286 = LINE ( 'NONE', #2556, #3578 ) ;
#6287 = CARTESIAN_POINT ( 'NONE',  ( 2.600000000000000533, -2.035644895278906395E-16, -4.900000000000009237 ) ) ;
#6288 = DIRECTION ( 'NONE',  ( 1.000000000000000000, 0.000000000000000000, 0.000000000000000000 ) ) ;
#6289 = ORIENTED_EDGE ( 'NONE', *, *, #3469, .F. ) ;
#6290 = ORIENTED_EDGE ( 'NONE', *, *, #8973, .T. ) ;
#6291 = ORIENTED_EDGE ( 'NONE', *, *, #8676, .T. ) ;
#6292 = DIRECTION ( 'NONE',  ( -0.000000000000000000, -1.000000000000000000, -0.000000000000000000 ) ) ;
#6293 = ORIENTED_EDGE ( 'NONE', *, *, #6261, .T. ) ;
#6294 = CARTESIAN_POINT ( 'NONE',  ( -0.5000000000000027756, -0.6408712114635669588, 0.000000000000000000 ) ) ;
#6295 = FACE_OUTER_BOUND ( 'NONE', #846, .T. ) ;
#6296 = CARTESIAN_POINT ( 'NONE',  ( 0.000000000000000000, 0.000000000000000000, 0.1000000000000000056 ) ) ;
#6297 = APPLICATION_PROTOCOL_DEFINITION ( 'draft international standard', 'automotive_design', 1998, #5989 ) ;
#6298 = DIRECTION ( 'NONE',  ( 0.000000000000000000, 1.000000000000000000, 0.000000000000000000 ) ) ;
#6299 = EDGE_LOOP ( 'NONE', ( #3484, #7959, #2089, #4233 ) ) ;
#6300 = ORIENTED_EDGE ( 'NONE', *, *, #6048, .T. ) ;
#6301 = PLANE ( 'NONE',  #1184 ) ;
#6302 = LINE ( 'NONE', #9116, #2865 ) ;
#6303 = LINE ( 'NONE', #1459, #3174 ) ;
#6304 = CARTESIAN_POINT ( 'NONE',  ( -1.734723475976807094E-15, 0.4500000000000040079, 2.500000000000000000 ) ) ;
#6305 = EDGE_CURVE ( 'NONE', #5359, #4663, #1294, .T. ) ;
#6306 = VECTOR ( 'NONE', #5550, 1000.000000000000000 ) ;
#6307 = ORIENTED_EDGE ( 'NONE', *, *, #7790, .T. ) ;
#6308 = DIRECTION ( 'NONE',  ( 0.000000000000000000, 0.000000000000000000, 1.000000000000000000 ) ) ;
#6309 = LINE ( 'NONE', #3633, #8411 ) ;
#6310 = ORIENTED_EDGE ( 'NONE', *, *, #2487, .T. ) ;
#6311 = EDGE_CURVE ( 'NONE', #4179, #341, #1249, .T. ) ;
#6312 = CARTESIAN_POINT ( 'NONE',  ( 4.500000000000002665, 1.349484536082478980, 8.691935007006808402E-15 ) ) ;
#6313 = EDGE_LOOP ( 'NONE', ( #4164, #55, #5678, #937, #3568 ) ) ;
#6314 = ORIENTED_EDGE ( 'NONE', *, *, #6147, .T. ) ;
#6315 = FACE_OUTER_BOUND ( 'NONE', #6258, .T. ) ;
#6316 = LINE ( 'NONE', #4332, #784 ) ;
#6317 = EDGE_CURVE ( 'NONE', #673, #4616, #9089, .T. ) ;
#6318 = CARTESIAN_POINT ( 'NONE',  ( 0.000000000000000000, 10.90000000000000036, 1.500000000000000000 ) ) ;
#6319 = CARTESIAN_POINT ( 'NONE',  ( 3.250000000000001332, 0.4000000000000000222, 1.000000000000000000 ) ) ;
#6320 = ADVANCED_FACE ( 'NONE', ( #8303 ), #3965, .F. ) ;
#6321 = AXIS2_PLACEMENT_3D ( 'NONE', #8021, #6590, #6726 ) ;
#6322 = EDGE_CURVE ( 'NONE', #153, #4555, #6225, .T. ) ;
#6323 = ORIENTED_EDGE ( 'NONE', *, *, #7295, .T. ) ;
#6324 = VERTEX_POINT ( 'NONE', #6278 ) ;
#6325 = CARTESIAN_POINT ( 'NONE',  ( 2.600000000000000533, 2.849484536082479202, -6.800000000000000711 ) ) ;
#6326 = DIRECTION ( 'NONE',  ( 1.000000000000000000, 8.850629979473506011E-17, 0.000000000000000000 ) ) ;
#6327 = DIRECTION ( 'NONE',  ( 0.000000000000000000, 0.000000000000000000, -1.000000000000000000 ) ) ;
#6328 = CARTESIAN_POINT ( 'NONE',  ( 3.000000000000000000, 3.649484536082479469, 0.000000000000000000 ) ) ;
#6329 = EDGE_CURVE ( 'NONE', #5460, #141, #6133, .T. ) ;
#6330 = FACE_OUTER_BOUND ( 'NONE', #1950, .T. ) ;
#6331 = ORIENTED_EDGE ( 'NONE', *, *, #459, .T. ) ;
#6332 = ORIENTED_EDGE ( 'NONE', *, *, #7742, .T. ) ;
#6333 = FACE_OUTER_BOUND ( 'NONE', #2664, .T. ) ;
#6334 = ORIENTED_EDGE ( 'NONE', *, *, #6103, .F. ) ;
#6335 = DIRECTION ( 'NONE',  ( -0.000000000000000000, -0.000000000000000000, -1.000000000000000000 ) ) ;
#6336 = PLANE ( 'NONE',  #7155 ) ;
#6337 = VECTOR ( 'NONE', #8607, 1000.000000000000000 ) ;
#6338 = AXIS2_PLACEMENT_3D ( 'NONE', #7997, #2286, #7914 ) ;
#6339 = DIRECTION ( 'NONE',  ( 0.000000000000000000, -1.000000000000000000, 0.000000000000000000 ) ) ;
#6340 = ITEM_DEFINED_TRANSFORMATION ( 'NONE', 'NONE', #4203,  #804 ) ;
#6341 = CARTESIAN_POINT ( 'NONE',  ( -2.600000000000000533, 2.849484536082480091, -5.300000000000009592 ) ) ;
#6342 = ORIENTED_EDGE ( 'NONE', *, *, #1065, .F. ) ;
#6343 = ORIENTED_EDGE ( 'NONE', *, *, #1795, .F. ) ;
#6344 = FACE_OUTER_BOUND ( 'NONE', #2786, .T. ) ;
#6345 = AXIS2_PLACEMENT_3D ( 'NONE', #3386, #4030, #8319 ) ;
#6346 = CARTESIAN_POINT ( 'NONE',  ( -1.749999999999999778, 0.4000000000000000222, 1.000000000000000000 ) ) ;
#6347 = EDGE_LOOP ( 'NONE', ( #6965, #5945, #1902, #5217 ) ) ;
#6349 = VECTOR ( 'NONE', #6942, 1000.000000000000000 ) ;
#6348 = DIRECTION ( 'NONE',  ( -1.000000000000000000, 0.000000000000000000, 0.000000000000000000 ) ) ;
#6350 = VECTOR ( 'NONE', #6077, 1000.000000000000000 ) ;
#6351 = ORIENTED_EDGE ( 'NONE', *, *, #7392, .T. ) ;
#6352 = DIRECTION ( 'NONE',  ( -0.000000000000000000, -0.000000000000000000, -1.000000000000000000 ) ) ;
#6353 = CARTESIAN_POINT ( 'NONE',  ( -4.500000000000003553, -5.450515463917523284, -8.691935007006809980E-15 ) ) ;
#6354 = ORIENTED_EDGE ( 'NONE', *, *, #3395, .T. ) ;
#6355 = DIRECTION ( 'NONE',  ( 1.000000000000000000, -6.195440985631452852E-17, 0.000000000000000000 ) ) ;
#6356 = ORIENTED_EDGE ( 'NONE', *, *, #1305, .F. ) ;
#6357 = AXIS2_PLACEMENT_3D ( 'NONE', #796, #2223, #6426 ) ;
#6358 = ORIENTED_EDGE ( 'NONE', *, *, #5914, .F. ) ;
#6359 = ADVANCED_FACE ( 'NONE', ( #9042 ), #2681, .F. ) ;
#6360 = VECTOR ( 'NONE', #8650, 1000.000000000000000 ) ;
#6361 = DIRECTION ( 'NONE',  ( -0.9999994735200916640, 0.000000000000000000, 0.001026138167772244671 ) ) ;
#6362 = LINE ( 'NONE', #832, #8151 ) ;
#6363 = DIRECTION ( 'NONE',  ( -1.000000000000000000, -8.850629979473506011E-17, -0.000000000000000000 ) ) ;
#6364 = CARTESIAN_POINT ( 'NONE',  ( 0.6700000000000000400, 11.70000000000000462, -0.6000000000000000888 ) ) ;
#6365 = VECTOR ( 'NONE', #6782, 1000.000000000000000 ) ;
#6366 = ORIENTED_EDGE ( 'NONE', *, *, #7322, .F. ) ;
#6367 = EDGE_LOOP ( 'NONE', ( #8046, #3096, #8637, #2240 ) ) ;
#6368 = EDGE_CURVE ( 'NONE', #7156, #4755, #509, .T. ) ;
#6369 = PLANE ( 'NONE',  #2431 ) ;
#6370 = VECTOR ( 'NONE', #8801, 1000.000000000000000 ) ;
#6371 = VECTOR ( 'NONE', #7379, 1000.000000000000000 ) ;
#6372 = LINE ( 'NONE', #1610, #5582 ) ;
#6373 = DIRECTION ( 'NONE',  ( 0.9999994735200916640, 0.000000000000000000, -0.001026138167771969935 ) ) ;
#6374 = LINE ( 'NONE', #4980, #5208 ) ;
#6375 = ADVANCED_FACE ( 'NONE', ( #8252 ), #1935, .F. ) ;
#6376 = CARTESIAN_POINT ( 'NONE',  ( -0.7500000000000001110, -6.400000000000000355, -1.349999999999999867 ) ) ;
#6377 = VERTEX_POINT ( 'NONE', #1339 ) ;
#6378 = VECTOR ( 'NONE', #128, 1000.000000000000000 ) ;
#6379 = CIRCLE ( 'NONE', #3584, 1.200000000000029932 ) ;
#6380 = ORIENTED_EDGE ( 'NONE', *, *, #5257, .F. ) ;
#6381 = CARTESIAN_POINT ( 'NONE',  ( -3.600000000000001421, -5.150000000000000355, 0.000000000000000000 ) ) ;
#6382 = ORIENTED_EDGE ( 'NONE', *, *, #4117, .T. ) ;
#6383 = EDGE_CURVE ( 'NONE', #1273, #668, #7703, .T. ) ;
#6384 = PLANE ( 'NONE',  #7289 ) ;
#6385 = LINE ( 'NONE', #2370, #7009 ) ;
#6386 = EDGE_CURVE ( 'NONE', #4274, #8759, #6414, .T. ) ;
#6387 = CARTESIAN_POINT ( 'NONE',  ( 4.500000000000003553, -3.950515463917520620, -4.900000000000009237 ) ) ;
#6388 = EDGE_CURVE ( 'NONE', #3375, #4929, #1608, .T. ) ;
#6389 = EDGE_CURVE ( 'NONE', #7862, #2002, #4279, .T. ) ;
#6390 = DIRECTION ( 'NONE',  ( 0.4067366430758003193, 0.000000000000000000, 0.9135454576426008666 ) ) ;
#6391 = AXIS2_PLACEMENT_3D ( 'NONE', #3508, #7756, #3597 ) ;
#6392 = DIRECTION ( 'NONE',  ( 0.000000000000000000, 0.000000000000000000, 1.000000000000000000 ) ) ;
#6393 = CARTESIAN_POINT ( 'NONE',  ( -3.000000000000001776, -3.750000000000000000, 5.599999999999999645 ) ) ;
#6394 = PRODUCT_CONTEXT ( 'NONE', #3931, 'mechanical' ) ;
#6395 = LINE ( 'NONE', #1370, #5473 ) ;
#6396 = VERTEX_POINT ( 'NONE', #3507 ) ;
#6397 = ORIENTED_EDGE ( 'NONE', *, *, #5706, .F. ) ;
#6398 = DIRECTION ( 'NONE',  ( 0.000000000000000000, 0.000000000000000000, 1.000000000000000000 ) ) ;
#6399 = CONICAL_SURFACE ( 'NONE', #8449, 2.999999999985902832, 0.7853981633974482790 ) ;
#6400 = LINE ( 'NONE', #8511, #4181 ) ;
#6401 = ORIENTED_EDGE ( 'NONE', *, *, #4857, .T. ) ;
#6402 = DIRECTION ( 'NONE',  ( -0.000000000000000000, -0.000000000000000000, -1.000000000000000000 ) ) ;
#6403 = ORIENTED_EDGE ( 'NONE', *, *, #1924, .T. ) ;
#6404 = AXIS2_PLACEMENT_3D ( 'NONE', #5927, #8052, #4370 ) ;
#6405 = AXIS2_PLACEMENT_3D ( 'NONE', #9013, #1956, #2097 ) ;
#6406 = DIRECTION ( 'NONE',  ( 0.000000000000000000, 0.000000000000000000, 1.000000000000000000 ) ) ;
#6407 = LINE ( 'NONE', #2166, #4927 ) ;
#6408 = DIRECTION ( 'NONE',  ( -1.000000000000000000, 0.000000000000000000, 0.000000000000000000 ) ) ;
#6409 = ORIENTED_EDGE ( 'NONE', *, *, #4741, .T. ) ;
#6410 = LINE ( 'NONE', #135, #3826 ) ;
#6411 = FACE_OUTER_BOUND ( 'NONE', #3653, .T. ) ;
#6412 = VECTOR ( 'NONE', #3337, 1000.000000000000000 ) ;
#6413 = ORIENTED_EDGE ( 'NONE', *, *, #3231, .F. ) ;
#6414 = LINE ( 'NONE', #7887, #2796 ) ;
#6415 = CARTESIAN_POINT ( 'NONE',  ( 4.900000000000001243, -3.950515463917521508, -4.900000000000009237 ) ) ;
#6416 = CARTESIAN_POINT ( 'NONE',  ( 2.999999999999998224, 4.650000000000004796, 5.599999999999999645 ) ) ;
#6417 = VECTOR ( 'NONE', #6755, 1000.000000000000000 ) ;
#6418 = VERTEX_POINT ( 'NONE', #7099 ) ;
#6419 = ORIENTED_EDGE ( 'NONE', *, *, #8633, .T. ) ;
#6420 = LINE ( 'NONE', #7761, #2137 ) ;
#6421 = AXIS2_PLACEMENT_3D ( 'NONE', #6702, #288, #3108 ) ;
#6422 = DIRECTION ( 'NONE',  ( 1.000000000000000000, 0.000000000000000000, 0.000000000000000000 ) ) ;
#6423 = DIRECTION ( 'NONE',  ( 0.000000000000000000, -1.000000000000000000, 0.000000000000000000 ) ) ;
#6424 = AXIS2_PLACEMENT_3D ( 'NONE', #7593, #1279, #6943 ) ;
#6425 = CARTESIAN_POINT ( 'NONE',  ( 0.000000000000000000, -4.200000000000000178, 0.000000000000000000 ) ) ;
#6426 = DIRECTION ( 'NONE',  ( 1.000000000000000000, 0.000000000000000000, 0.000000000000000000 ) ) ;
#6427 = EDGE_CURVE ( 'NONE', #896, #597, #7194, .T. ) ;
#6428 = ORIENTED_EDGE ( 'NONE', *, *, #7907, .T. ) ;
#6429 = CARTESIAN_POINT ( 'NONE',  ( -2.600000000000000533, 2.849484536082480091, -5.300000000000009592 ) ) ;
#6430 = ORIENTED_EDGE ( 'NONE', *, *, #130, .T. ) ;
#6431 = DIRECTION ( 'NONE',  ( 0.000000000000000000, 0.000000000000000000, 1.000000000000000000 ) ) ;
#6432 = CARTESIAN_POINT ( 'NONE',  ( 2.900000000000001243, -6.400000000000000355, -1.349999999999999867 ) ) ;
#6433 = CYLINDRICAL_SURFACE ( 'NONE', #5934, 0.4000000000000001887 ) ;
#6434 = CARTESIAN_POINT ( 'NONE',  ( -1.000000000000000000, 4.426179070414212546, 4.299999999999999822 ) ) ;
#6435 = SURFACE_SIDE_STYLE ('',( #894 ) ) ;
#6436 = CARTESIAN_POINT ( 'NONE',  ( 0.003233649729229023419, 10.90000000000000036, 3.151279358214723825 ) ) ;
#6437 = ADVANCED_FACE ( 'NONE', ( #6315 ), #733, .F. ) ;
#6438 = CARTESIAN_POINT ( 'NONE',  ( 4.399999999999998579, -5.949999999999998401, 5.000000000000000000 ) ) ;
#6439 = ADVANCED_FACE ( 'NONE', ( #5803 ), #1516, .F. ) ;
#6440 = EDGE_CURVE ( 'NONE', #8880, #6246, #1563, .T. ) ;
#6441 = ORIENTED_EDGE ( 'NONE', *, *, #1419, .T. ) ;
#6442 = ORIENTED_EDGE ( 'NONE', *, *, #1755, .T. ) ;
#6443 = FACE_OUTER_BOUND ( 'NONE', #8847, .T. ) ;
#6444 = DIRECTION ( 'NONE',  ( 0.000000000000000000, 1.000000000000000000, 0.000000000000000000 ) ) ;
#6445 = LINE ( 'NONE', #7275, #1988 ) ;
#6446 = CARTESIAN_POINT ( 'NONE',  ( -2.500000000000000000, -6.700000000000000178, 0.000000000000000000 ) ) ;
#6447 = EDGE_CURVE ( 'NONE', #8256, #585, #3639, .T. ) ;
#6448 = DIRECTION ( 'NONE',  ( -0.000000000000000000, -1.000000000000000000, -0.000000000000000000 ) ) ;
#6449 = ORIENTED_EDGE ( 'NONE', *, *, #1924, .F. ) ;
#6450 = LINE ( 'NONE', #7926, #445 ) ;
#6451 = DIRECTION ( 'NONE',  ( 0.000000000000000000, 0.000000000000000000, 1.000000000000000000 ) ) ;
#6452 = PRODUCT_RELATED_PRODUCT_CATEGORY ( 'part', '', ( #2597 ) ) ;
#6453 = ORIENTED_EDGE ( 'NONE', *, *, #8745, .T. ) ;
#6454 = CARTESIAN_POINT ( 'NONE',  ( 0.000000000000000000, -6.400000000000000355, 0.000000000000000000 ) ) ;
#6455 = FACE_OUTER_BOUND ( 'NONE', #4403, .T. ) ;
#6456 = ADVANCED_FACE ( 'NONE', ( #7014 ), #8526, .F. ) ;
#6457 = LINE ( 'NONE', #8487, #5801 ) ;
#6458 = ORIENTED_EDGE ( 'NONE', *, *, #576, .F. ) ;
#6459 = ORIENTED_EDGE ( 'NONE', *, *, #6832, .F. ) ;
#6460 = EDGE_LOOP ( 'NONE', ( #2779, #8173, #2708, #7028 ) ) ;
#6461 = DIRECTION ( 'NONE',  ( -2.551063935260010491E-16, 1.000000000000000000, 0.000000000000000000 ) ) ;
#6462 = CARTESIAN_POINT ( 'NONE',  ( 4.500000000000002665, 0.000000000000000000, 0.4000000000000000222 ) ) ;
#6463 = DIRECTION ( 'NONE',  ( 1.000000000000000000, 1.121588454295349533E-16, 0.000000000000000000 ) ) ;
#6464 = CARTESIAN_POINT ( 'NONE',  ( 0.4999999999999987232, 2.950000000000003730, 0.5000000000000000000 ) ) ;
#6465 = APPLICATION_CONTEXT ( 'automotive_design' ) ;
#6466 = VECTOR ( 'NONE', #3428, 1000.000000000000000 ) ;
#6467 = DIRECTION ( 'NONE',  ( -0.000000000000000000, -1.000000000000000000, -0.000000000000000000 ) ) ;
#6468 = ORIENTED_EDGE ( 'NONE', *, *, #4070, .T. ) ;
#6469 = VERTEX_POINT ( 'NONE', #697 ) ;
#6470 = CARTESIAN_POINT ( 'NONE',  ( -4.911598099521928162, 0.4494845360824795133, -9.101887738487548063 ) ) ;
#6471 = EDGE_LOOP ( 'NONE', ( #3610, #5855, #2949, #5999 ) ) ;
#6472 = VECTOR ( 'NONE', #231, 1000.000000000000000 ) ;
#6473 = FACE_BOUND ( 'NONE', #8781, .T. ) ;
#6474 = DIRECTION ( 'NONE',  ( 0.000000000000000000, 1.000000000000000000, 0.000000000000000000 ) ) ;
#6475 = CARTESIAN_POINT ( 'NONE',  ( -4.400000000000002132, 5.150000000000003020, 5.000000000000000000 ) ) ;
#6476 = EDGE_CURVE ( 'NONE', #8530, #1212, #2349, .T. ) ;
#6477 = CARTESIAN_POINT ( 'NONE',  ( 1.250000000000000222, 8.500000000000000000, 3.150000003002861870 ) ) ;
#6478 = FACE_OUTER_BOUND ( 'NONE', #4650, .T. ) ;
#6479 = DIRECTION ( 'NONE',  ( -1.000000000000000000, 0.000000000000000000, 0.000000000000000000 ) ) ;
#6480 = DIRECTION ( 'NONE',  ( 8.850629979473506011E-17, -1.000000000000000000, 0.000000000000000000 ) ) ;
#6481 = VERTEX_POINT ( 'NONE', #8573 ) ;
#6482 = LINE ( 'NONE', #8420, #301 ) ;
#6483 = FACE_OUTER_BOUND ( 'NONE', #8293, .T. ) ;
#6484 = CARTESIAN_POINT ( 'NONE',  ( 4.900000000000000355, 1.449484536082478847, -5.900000000000000355 ) ) ;
#6485 = EDGE_CURVE ( 'NONE', #6733, #7459, #2815, .T. ) ;
#6486 = EDGE_CURVE ( 'NONE', #4523, #3970, #5673, .T. ) ;
#6487 = EDGE_CURVE ( 'NONE', #7159, #5594, #8434, .T. ) ;
#6488 = EDGE_CURVE ( 'NONE', #5347, #7307, #4930, .T. ) ;
#6489 = LINE ( 'NONE', #823, #1659 ) ;
#6490 = CARTESIAN_POINT ( 'NONE',  ( -4.400000000000002132, -4.200000000000000178, 0.000000000000000000 ) ) ;
#6491 = AXIS2_PLACEMENT_3D ( 'NONE', #1733, #3087, #5244 ) ;
#6492 = ORIENTED_EDGE ( 'NONE', *, *, #7338, .F. ) ;
#6493 = DIRECTION ( 'NONE',  ( 0.000000000000000000, 2.168404344971008868E-16, 1.000000000000000000 ) ) ;
#6494 = CARTESIAN_POINT ( 'NONE',  ( 0.000000000000000000, 10.90000000000000036, 0.000000000000000000 ) ) ;
#6495 = ORIENTED_EDGE ( 'NONE', *, *, #5652, .F. ) ;
#6496 = EDGE_CURVE ( 'NONE', #1270, #1247, #2257, .T. ) ;
#6497 = VECTOR ( 'NONE', #7318, 1000.000000000000114 ) ;
#6498 = DIRECTION ( 'NONE',  ( 1.000000000000000000, 8.850629979473506011E-17, 3.198624083870171646E-32 ) ) ;
#6499 = LINE ( 'NONE', #183, #1520 ) ;
#6500 = EDGE_CURVE ( 'NONE', #6959, #5298, #3683, .T. ) ;
#6501 = CARTESIAN_POINT ( 'NONE',  ( -0.006290684479731949857, 10.90000000000000036, 0.008155582768842546681 ) ) ;
#6502 = ORIENTED_EDGE ( 'NONE', *, *, #4120, .T. ) ;
#6503 = VECTOR ( 'NONE', #1812, 1000.000000000000000 ) ;
#6504 = VECTOR ( 'NONE', #2378, 1000.000000000000000 ) ;
#6505 = EDGE_LOOP ( 'NONE', ( #6889, #6044, #4364, #8754, #3368, #5167, #4497 ) ) ;
#6506 = CARTESIAN_POINT ( 'NONE',  ( -4.900000000000001243, -3.550515463917520709, -4.300000000000009592 ) ) ;
#6507 = CARTESIAN_POINT ( 'NONE',  ( 4.500000000000002665, -3.540251991789402774E-17, -4.299999999999999822 ) ) ;
#6508 = PLANE ( 'NONE',  #44 ) ;
#6509 = LINE ( 'NONE', #1612, #3160 ) ;
#6510 = CIRCLE ( 'NONE', #5030, 0.3999999999999993006 ) ;
#6511 = DIRECTION ( 'NONE',  ( -0.000000000000000000, -0.000000000000000000, -1.000000000000000000 ) ) ;
#6512 = ORIENTED_EDGE ( 'NONE', *, *, #5024, .T. ) ;
#6513 = VERTEX_POINT ( 'NONE', #182 ) ;
#6514 = AXIS2_PLACEMENT_3D ( 'NONE', #5302, #2453, #6693 ) ;
#6515 = DIRECTION ( 'NONE',  ( 0.000000000000000000, 0.000000000000000000, 1.000000000000000000 ) ) ;
#6516 = VECTOR ( 'NONE', #8041, 1000.000000000000000 ) ;
#6517 = ORIENTED_EDGE ( 'NONE', *, *, #1695, .F. ) ;
#6518 = ORIENTED_EDGE ( 'NONE', *, *, #6015, .T. ) ;
#6519 = DIRECTION ( 'NONE',  ( -1.495451272393799296E-16, -1.000000000000000000, 0.000000000000000000 ) ) ;
#6520 = FACE_BOUND ( 'NONE', #3917, .T. ) ;
#6521 = CARTESIAN_POINT ( 'NONE',  ( -3.000000000000001776, -3.750000000000000000, 5.000000000000000000 ) ) ;
#6522 = CARTESIAN_POINT ( 'NONE',  ( -2.599999999999994316, -5.150515463917519909, -4.900000000000008349 ) ) ;
#6523 = AXIS2_PLACEMENT_3D ( 'NONE', #4961, #6907, #2719 ) ;
#6524 = CARTESIAN_POINT ( 'NONE',  ( -0.0008203932499368550568, 11.70000000000000462, 1.279727070297659203E-17 ) ) ;
#6525 = VERTEX_POINT ( 'NONE', #3001 ) ;
#6526 = LINE ( 'NONE', #2291, #2390 ) ;
#6527 = EDGE_CURVE ( 'NONE', #3855, #4935, #5109, .T. ) ;
#6528 = ORIENTED_EDGE ( 'NONE', *, *, #3019, .F. ) ;
#6529 = VERTEX_POINT ( 'NONE', #4417 ) ;
#6530 = CARTESIAN_POINT ( 'NONE',  ( 4.500000000000002665, -3.550515463917521153, -5.900000000000000355 ) ) ;
#6531 = VERTEX_POINT ( 'NONE', #2397 ) ;
#6532 = DIRECTION ( 'NONE',  ( -0.000000000000000000, -1.000000000000000000, -0.000000000000000000 ) ) ;
#6533 = AXIS2_PLACEMENT_3D ( 'NONE', #5039, #6213, #6904 ) ;
#6534 = DIRECTION ( 'NONE',  ( -1.000000000000000000, 0.000000000000000000, 0.000000000000000000 ) ) ;
#6535 = DIRECTION ( 'NONE',  ( 0.000000000000000000, -1.000000000000000000, 0.000000000000000000 ) ) ;
#6536 = CARTESIAN_POINT ( 'NONE',  ( 0.000000000000000000, 10.90000000000000036, 0.000000000000000000 ) ) ;
#6537 = DIRECTION ( 'NONE',  ( -0.000000000000000000, -0.000000000000000000, -1.000000000000000000 ) ) ;
#6538 = AXIS2_PLACEMENT_3D ( 'NONE', #952, #4405, #7960 ) ;
#6539 = EDGE_CURVE ( 'NONE', #7478, #689, #8843, .T. ) ;
#6540 = VECTOR ( 'NONE', #3031, 1000.000000000000000 ) ;
#6541 = ORIENTED_EDGE ( 'NONE', *, *, #6815, .F. ) ;
#6542 = CARTESIAN_POINT ( 'NONE',  ( -3.000000000000000000, -4.750515463917523107, 0.000000000000000000 ) ) ;
#6543 = CARTESIAN_POINT ( 'NONE',  ( 4.399999999999998579, -5.149999999999998579, 5.000000000000000000 ) ) ;
#6544 = EDGE_LOOP ( 'NONE', ( #4521, #1615, #755, #8190, #8026 ) ) ;
#6545 = VECTOR ( 'NONE', #3937, 1000.000000000000000 ) ;
#6546 = VECTOR ( 'NONE', #8775, 1000.000000000000000 ) ;
#6547 = CARTESIAN_POINT ( 'NONE',  ( 3.250000000000000888, -5.549999999999999822, 1.000000000000000000 ) ) ;
#6548 = PLANE ( 'NONE',  #4754 ) ;
#6549 = CARTESIAN_POINT ( 'NONE',  ( 4.399999999999998579, -4.200000000000000178, 0.1000000000000000888 ) ) ;
#6550 = ORIENTED_EDGE ( 'NONE', *, *, #5202, .T. ) ;
#6551 = ADVANCED_FACE ( 'NONE', ( #312 ), #2350, .T. ) ;
#6552 = AXIS2_PLACEMENT_3D ( 'NONE', #1557, #1643, #2947 ) ;
#6553 = AXIS2_PLACEMENT_3D ( 'NONE', #7781, #8471, #5478 ) ;
#6554 = ADVANCED_FACE ( 'NONE', ( #5939 ), #3048, .F. ) ;
#6555 = ORIENTED_EDGE ( 'NONE', *, *, #7482, .T. ) ;
#6556 = EDGE_CURVE ( 'NONE', #5952, #4542, #5201, .T. ) ;
#6557 = EDGE_CURVE ( 'NONE', #6749, #7753, #1652, .T. ) ;
#6558 = CARTESIAN_POINT ( 'NONE',  ( -1.734723475976807094E-15, 0.4500000000000040079, 0.000000000000000000 ) ) ;
#6559 = CARTESIAN_POINT ( 'NONE',  ( -1.479999999999999982, 11.50000000000000000, 0.8499999999999999778 ) ) ;
#6560 = DIRECTION ( 'NONE',  ( 1.000000000000000000, 0.000000000000000000, 0.000000000000000000 ) ) ;
#6561 = AXIS2_PLACEMENT_3D ( 'NONE', #8933, #8235, #1139 ) ;
#6562 = AXIS2_PLACEMENT_3D ( 'NONE', #5704, #1635, #6534 ) ;
#6563 = CARTESIAN_POINT ( 'NONE',  ( 0.4999999999999987232, 1.540871211463575419, 0.5000000000000000000 ) ) ;
#6564 = ORIENTED_EDGE ( 'NONE', *, *, #633, .T. ) ;
#6565 = ORIENTED_EDGE ( 'NONE', *, *, #3877, .T. ) ;
#6566 = DIRECTION ( 'NONE',  ( -0.000000000000000000, -1.000000000000000000, -0.000000000000000000 ) ) ;
#6567 = AXIS2_PLACEMENT_3D ( 'NONE', #1542, #7260, #1449 ) ;
#6568 = ORIENTED_EDGE ( 'NONE', *, *, #499, .F. ) ;
#6569 = ORIENTED_EDGE ( 'NONE', *, *, #1568, .T. ) ;
#6570 = CARTESIAN_POINT ( 'NONE',  ( 4.064678695506497519, -1.550515463917522485, -10.91811226151245862 ) ) ;
#6571 = LINE ( 'NONE', #3618, #2149 ) ;
#6572 = LINE ( 'NONE', #3834, #4157 ) ;
#6573 = DIRECTION ( 'NONE',  ( 0.000000000000000000, 0.000000000000000000, 1.000000000000000000 ) ) ;
#6574 = PRESENTATION_STYLE_ASSIGNMENT (( #3030 ) ) ;
#6575 = DIRECTION ( 'NONE',  ( -0.000000000000000000, -0.000000000000000000, -1.000000000000000000 ) ) ;
#6576 = ORIENTED_EDGE ( 'NONE', *, *, #1082, .F. ) ;
#6577 = CARTESIAN_POINT ( 'NONE',  ( 4.500000000000002665, -2.450515463917520620, 8.691935007006808402E-15 ) ) ;
#6578 = CARTESIAN_POINT ( 'NONE',  ( -4.900000000000000355, 1.349484536082479869, 0.4000000000000000222 ) ) ;
#6579 = ORIENTED_EDGE ( 'NONE', *, *, #7443, .T. ) ;
#6580 = DIRECTION ( 'NONE',  ( -0.7071067811865474617, 0.7071067811865476838, 0.000000000000000000 ) ) ;
#6581 = SURFACE_SIDE_STYLE ('',( #2244 ) ) ;
#6582 = CIRCLE ( 'NONE', #1711, 0.2000000000000000944 ) ;
#6583 = CARTESIAN_POINT ( 'NONE',  ( -4.900000000000000355, 4.349484536082479202, -4.300000000000009592 ) ) ;
#6584 = DIRECTION ( 'NONE',  ( 0.000000000000000000, 0.000000000000000000, 1.000000000000000000 ) ) ;
#6585 = CARTESIAN_POINT ( 'NONE',  ( 0.7500000000000001110, -6.699999999999999289, -1.349999999999999867 ) ) ;
#6586 = ORIENTED_EDGE ( 'NONE', *, *, #5971, .T. ) ;
#6587 = FACE_OUTER_BOUND ( 'NONE', #4130, .T. ) ;
#6588 = CARTESIAN_POINT ( 'NONE',  ( -0.7500000000000000000, -5.549999999999998934, -1.350000000000000089 ) ) ;
#6589 = ORIENTED_EDGE ( 'NONE', *, *, #5982, .F. ) ;
#6590 = DIRECTION ( 'NONE',  ( -8.850629979473506011E-17, 1.000000000000000000, 7.228014483236699514E-16 ) ) ;
#6591 = CARTESIAN_POINT ( 'NONE',  ( -3.400000000000001243, 0.9500000000000038414, 0.5000000000000000000 ) ) ;
#6592 = ADVANCED_FACE ( 'NONE', ( #3913 ), #917, .T. ) ;
#6593 = CARTESIAN_POINT ( 'NONE',  ( 0.000000000000000000, -6.700000000000000178, -1.350000000000000089 ) ) ;
#6594 = ORIENTED_EDGE ( 'NONE', *, *, #2729, .T. ) ;
#6595 = VERTEX_POINT ( 'NONE', #964 ) ;
#6596 = CARTESIAN_POINT ( 'NONE',  ( -3.250000000000001332, -6.500000000000001776, 1.300000000000000266 ) ) ;
#6597 = DIRECTION ( 'NONE',  ( 0.000000000000000000, 0.000000000000000000, 1.000000000000000000 ) ) ;
#6598 = EDGE_CURVE ( 'NONE', #4335, #8942, #7652, .T. ) ;
#6599 = DIRECTION ( 'NONE',  ( -2.491288438666617091E-16, -1.000000000000000000, -3.559366888705205925E-31 ) ) ;
#6600 = ADVANCED_FACE ( 'NONE', ( #1049 ), #3186, .T. ) ;
#6601 = DIRECTION ( 'NONE',  ( 8.850629979473506011E-17, -1.000000000000000000, 0.000000000000000000 ) ) ;
#6602 = ADVANCED_FACE ( 'NONE', ( #7329 ), #4464, .F. ) ;
#6603 = VERTEX_POINT ( 'NONE', #7929 ) ;
#6604 = ORIENTED_EDGE ( 'NONE', *, *, #406, .T. ) ;
#6605 = ORIENTED_EDGE ( 'NONE', *, *, #2162, .F. ) ;
#6606 = ORIENTED_EDGE ( 'NONE', *, *, #7895, .F. ) ;
#6607 = LINE ( 'NONE', #5955, #5662 ) ;
#6608 = DIRECTION ( 'NONE',  ( -1.000000000000000000, 2.710505431213759606E-16, 0.000000000000000000 ) ) ;
#6609 = CARTESIAN_POINT ( 'NONE',  ( -3.000000000000001776, -3.750000000000000000, 5.599999999999999645 ) ) ;
#6610 = EDGE_CURVE ( 'NONE', #93, #8064, #8826, .T. ) ;
#6611 = VECTOR ( 'NONE', #4657, 1000.000000000000000 ) ;
#6612 = CARTESIAN_POINT ( 'NONE',  ( 4.900000000000001243, -5.150515463917521686, -6.800000000000000711 ) ) ;
#6613 = CARTESIAN_POINT ( 'NONE',  ( -4.500000000000002665, -2.450515463917520620, -0.5999999999999996447 ) ) ;
#6614 = CARTESIAN_POINT ( 'NONE',  ( -4.900000000000001243, -5.450515463917522396, 0.4000000000000000222 ) ) ;
#6615 = ORIENTED_EDGE ( 'NONE', *, *, #3009, .F. ) ;
#6616 = PRODUCT_DEFINITION ( 'UNKNOWN', '', #5223, #1130 ) ;
#6617 = CARTESIAN_POINT ( 'NONE',  ( 4.500000000000002665, 2.849484536082479202, -6.800000000000000711 ) ) ;
#6618 = VERTEX_POINT ( 'NONE', #271 ) ;
#6619 = CARTESIAN_POINT ( 'NONE',  ( 1.479999999999999982, 11.50000000000000000, 1.200000000000000622 ) ) ;
#6620 = PLANE ( 'NONE',  #8618 ) ;
#6621 = AXIS2_PLACEMENT_3D ( 'NONE', #7312, #2933, #3797 ) ;
#6622 = DIRECTION ( 'NONE',  ( 0.000000000000000000, 1.000000000000000000, 0.000000000000000000 ) ) ;
#6623 =( NAMED_UNIT ( * ) PLANE_ANGLE_UNIT ( ) SI_UNIT ( $, .RADIAN. ) );
#6624 = LINE ( 'NONE', #4641, #4139 ) ;
#6625 = VERTEX_POINT ( 'NONE', #359 ) ;
#6626 = LINE ( 'NONE', #4544, #4567 ) ;
#6627 = VECTOR ( 'NONE', #2743, 1000.000000000000000 ) ;
#6628 = LINE ( 'NONE', #1002, #1383 ) ;
#6629 = VERTEX_POINT ( 'NONE', #6547 ) ;
#6630 = LINE ( 'NONE', #2442, #2206 ) ;
#6631 = VECTOR ( 'NONE', #4459, 1000.000000000000000 ) ;
#6632 = LINE ( 'NONE', #4470, #3479 ) ;
#6633 = ORIENTED_EDGE ( 'NONE', *, *, #7564, .T. ) ;
#6634 = ADVANCED_FACE ( 'NONE', ( #7290 ), #3091, .F. ) ;
#6635 = ORIENTED_EDGE ( 'NONE', *, *, #8918, .F. ) ;
#6636 = AXIS2_PLACEMENT_3D ( 'NONE', #7449, #4673, #8925 ) ;
#6637 = VECTOR ( 'NONE', #7785, 1000.000000000000000 ) ;
#6638 = CARTESIAN_POINT ( 'NONE',  ( -1.734723475976807094E-15, 0.4500000000000040079, 1.800000000000000488 ) ) ;
#6639 = CARTESIAN_POINT ( 'NONE',  ( -4.499999999999986677, 2.849484536082479647, -4.300000000000009592 ) ) ;
#6640 = CARTESIAN_POINT ( 'NONE',  ( 0.000000000000000000, -0.5505154639175201536, 9.757819552369539906E-17 ) ) ;
#6641 = CARTESIAN_POINT ( 'NONE',  ( -4.400000000000002132, -4.200000000000000178, 0.1000000000000000056 ) ) ;
#6642 = AXIS2_PLACEMENT_3D ( 'NONE', #7178, #851, #7819 ) ;
#6643 = AXIS2_PLACEMENT_3D ( 'NONE', #8569, #7046, #6493 ) ;
#6644 = ORIENTED_EDGE ( 'NONE', *, *, #1431, .T. ) ;
#6645 = EDGE_CURVE ( 'NONE', #4140, #1224, #6630, .T. ) ;
#6646 = EDGE_LOOP ( 'NONE', ( #718, #1609, #3301, #8899 ) ) ;
#6647 = ORIENTED_EDGE ( 'NONE', *, *, #2266, .F. ) ;
#6648 = ORIENTED_EDGE ( 'NONE', *, *, #6317, .T. ) ;
#6649 = CARTESIAN_POINT ( 'NONE',  ( 4.500000000000002665, 0.4494845360824784586, -5.800000000000000711 ) ) ;
#6650 = EDGE_CURVE ( 'NONE', #1007, #6849, #8061, .T. ) ;
#6651 = VECTOR ( 'NONE', #8171, 1000.000000000000000 ) ;
#6652 = LINE ( 'NONE', #7348, #7306 ) ;
#6653 = DIRECTION ( 'NONE',  ( 1.000000000000000000, 0.000000000000000000, -1.618212197739559129E-16 ) ) ;
#6654 = CARTESIAN_POINT ( 'NONE',  ( -0.5000000000000015543, 2.950000000000003286, 0.000000000000000000 ) ) ;
#6655 = CARTESIAN_POINT ( 'NONE',  ( -0.5000000000000017764, 0.9500000000000040634, 0.5000000000000000000 ) ) ;
#6656 = PLANE ( 'NONE',  #2742 ) ;
#6657 = ORIENTED_EDGE ( 'NONE', *, *, #615, .F. ) ;
#6658 = CIRCLE ( 'NONE', #7109, 0.2000000000000000944 ) ;
#6659 = ADVANCED_FACE ( 'NONE', ( #5289 ), #8102, .T. ) ;
#6660 = PRODUCT_DEFINITION_CONTEXT ( 'detailed design', #8993, 'design' ) ;
#6661 = CARTESIAN_POINT ( 'NONE',  ( -4.499999999999990230, -3.550515463917520265, -5.900000000000009237 ) ) ;
#6662 = EDGE_CURVE ( 'NONE', #8245, #5807, #7952, .T. ) ;
#6663 = EDGE_LOOP ( 'NONE', ( #5045, #6331, #8429, #6564 ) ) ;
#6664 = EDGE_CURVE ( 'NONE', #4523, #5326, #4648, .T. ) ;
#6665 = DIRECTION ( 'NONE',  ( -1.000000000000000000, -0.000000000000000000, -0.000000000000000000 ) ) ;
#6666 = EDGE_CURVE ( 'NONE', #2489, #4693, #3999, .T. ) ;
#6667 = DIRECTION ( 'NONE',  ( 1.000000000000000000, 0.000000000000000000, 0.000000000000000000 ) ) ;
#6668 = AXIS2_PLACEMENT_3D ( 'NONE', #2255, #4414, #3729 ) ;
#6669 = TOROIDAL_SURFACE ( 'NONE', #4312, 0.1500000000000000777, 0.2000000000000011768 ) ;
#6670 = LINE ( 'NONE', #4723, #933 ) ;
#6671 =( NAMED_UNIT ( * ) SI_UNIT ( $, .STERADIAN. ) SOLID_ANGLE_UNIT ( ) );
#6672 = FACE_OUTER_BOUND ( 'NONE', #7409, .T. ) ;
#6673 = ORIENTED_EDGE ( 'NONE', *, *, #8513, .F. ) ;
#6674 = VECTOR ( 'NONE', #303, 1000.000000000000000 ) ;
#6675 = ORIENTED_EDGE ( 'NONE', *, *, #5570, .T. ) ;
#6676 = DIRECTION ( 'NONE',  ( -1.000000000000000000, 0.000000000000000000, 0.000000000000000000 ) ) ;
#6677 = AXIS2_PLACEMENT_3D ( 'NONE', #8485, #2173, #8527 ) ;
#6678 = PLANE ( 'NONE',  #2118 ) ;
#6679 = CARTESIAN_POINT ( 'NONE',  ( 0.000000000000000000, 10.90000000000000036, 0.000000000000000000 ) ) ;
#6680 = CARTESIAN_POINT ( 'NONE',  ( 4.500000000000002665, 2.849484536082478758, -4.299999999999999822 ) ) ;
#6681 = AXIS2_PLACEMENT_3D ( 'NONE', #8830, #8142, #995 ) ;
#6682 = LINE ( 'NONE', #5436, #41 ) ;
#6683 = ORIENTED_EDGE ( 'NONE', *, *, #7170, .F. ) ;
#6684 = CARTESIAN_POINT ( 'NONE',  ( 0.6499999999999984679, 0.4500000000000040634, 0.000000000000000000 ) ) ;
#6685 = VERTEX_POINT ( 'NONE', #2716 ) ;
#6686 = ORIENTED_EDGE ( 'NONE', *, *, #1255, .F. ) ;
#6687 = ORIENTED_EDGE ( 'NONE', *, *, #2822, .F. ) ;
#6688 = VECTOR ( 'NONE', #1765, 1000.000000000000114 ) ;
#6689 = AXIS2_PLACEMENT_3D ( 'NONE', #5777, #1493, #4305 ) ;
#6690 = ORIENTED_EDGE ( 'NONE', *, *, #8808, .F. ) ;
#6691 = CARTESIAN_POINT ( 'NONE',  ( 2.600000000000000533, 4.049484536082480268, -5.300000000000009592 ) ) ;
#6692 = LINE ( 'NONE', #5161, #3868 ) ;
#6693 = DIRECTION ( 'NONE',  ( 0.4788843252278979223, 0.000000000000000000, 0.8778780114862320128 ) ) ;
#6694 = DIRECTION ( 'NONE',  ( 1.224646799147353454E-16, 1.000000000000000000, 0.000000000000000000 ) ) ;
#6695 = CIRCLE ( 'NONE', #6552, 0.4000000000132786226 ) ;
#6696 = COLOUR_RGB ( '',0.7921568627450980005, 0.8196078431372548767, 0.9333333333333333481 ) ;
#6697 = ORIENTED_EDGE ( 'NONE', *, *, #179, .F. ) ;
#6698 = EDGE_LOOP ( 'NONE', ( #883, #7979, #6175, #5409 ) ) ;
#6699 = ORIENTED_EDGE ( 'NONE', *, *, #5284, .F. ) ;
#6700 = ORIENTED_EDGE ( 'NONE', *, *, #1125, .T. ) ;
#6701 = LINE ( 'NONE', #4525, #8903 ) ;
#6702 = CARTESIAN_POINT ( 'NONE',  ( 2.999999999999998224, 4.650000000000004796, 5.599999999999999645 ) ) ;
#6703 = PLANE ( 'NONE',  #7845 ) ;
#6704 = CARTESIAN_POINT ( 'NONE',  ( -4.900000000000000355, 4.349484536082479202, -0.6000000000000000888 ) ) ;
#6705 = ADVANCED_FACE ( 'NONE', ( #547 ), #8154, .F. ) ;
#6706 = DIRECTION ( 'NONE',  ( 0.000000000000000000, 0.000000000000000000, 1.000000000000000000 ) ) ;
#6707 = DIRECTION ( 'NONE',  ( -0.7071067811865477948, 0.7071067811865473507, 0.000000000000000000 ) ) ;
#6708 = ORIENTED_EDGE ( 'NONE', *, *, #12, .T. ) ;
#6709 = VECTOR ( 'NONE', #7480, 1000.000000000000000 ) ;
#6710 = VECTOR ( 'NONE', #5067, 1000.000000000000000 ) ;
#6711 = ORIENTED_EDGE ( 'NONE', *, *, #364, .F. ) ;
#6712 = PLANE ( 'NONE',  #7967 ) ;
#6713 = ORIENTED_EDGE ( 'NONE', *, *, #3176, .F. ) ;
#6714 = CARTESIAN_POINT ( 'NONE',  ( -4.900000000000001243, -3.550515463917521153, 0.4000000000000000222 ) ) ;
#6715 = CARTESIAN_POINT ( 'NONE',  ( -3.000000000000000000, 3.649484536082479469, 0.4000000000000000222 ) ) ;
#6716 = EDGE_CURVE ( 'NONE', #3170, #4063, #6813, .T. ) ;
#6717 = FACE_OUTER_BOUND ( 'NONE', #2140, .T. ) ;
#6718 = EDGE_CURVE ( 'NONE', #6603, #1427, #1145, .T. ) ;
#6719 = ADVANCED_FACE ( 'NONE', ( #4734 ), #3319, .F. ) ;
#6720 = CARTESIAN_POINT ( 'NONE',  ( 0.000000000000000000, 0.000000000000000000, 0.000000000000000000 ) ) ;
#6721 = LINE ( 'NONE', #2391, #5015 ) ;
#6722 = ORIENTED_EDGE ( 'NONE', *, *, #8399, .T. ) ;
#6723 = LINE ( 'NONE', #3220, #7370 ) ;
#6724 = CARTESIAN_POINT ( 'NONE',  ( -4.900000000000000355, 4.349484536082479202, -7.400000000000009237 ) ) ;
#6725 = DIRECTION ( 'NONE',  ( -1.000000000000000000, -1.794207403895423791E-16, 0.000000000000000000 ) ) ;
#6726 = DIRECTION ( 'NONE',  ( 0.000000000000000000, -7.228014483236699514E-16, 1.000000000000000000 ) ) ;
#6727 = EDGE_CURVE ( 'NONE', #2674, #8690, #1450, .T. ) ;
#6728 = DIRECTION ( 'NONE',  ( 0.000000000000000000, 1.000000000000000000, 0.000000000000000000 ) ) ;
#6729 = ORIENTED_EDGE ( 'NONE', *, *, #8950, .F. ) ;
#6730 = DIRECTION ( 'NONE',  ( -1.000000000000000000, -1.971276677246371519E-16, 0.000000000000000000 ) ) ;
#6731 = ORIENTED_EDGE ( 'NONE', *, *, #8635, .F. ) ;
#6732 = ORIENTED_EDGE ( 'NONE', *, *, #8931, .F. ) ;
#6733 = VERTEX_POINT ( 'NONE', #592 ) ;
#6734 = ORIENTED_EDGE ( 'NONE', *, *, #3452, .F. ) ;
#6735 = DIRECTION ( 'NONE',  ( -1.121588454295349533E-16, -1.000000000000000000, 0.000000000000000000 ) ) ;
#6736 = DIRECTION ( 'NONE',  ( -1.000000000000000000, 0.000000000000000000, 0.000000000000000000 ) ) ;
#6737 = CARTESIAN_POINT ( 'NONE',  ( 4.399999999999998579, -4.200000000000000178, 0.000000000000000000 ) ) ;
#6738 = CARTESIAN_POINT ( 'NONE',  ( 3.250000000000001332, 0.4000000000000000222, 1.300000000000000266 ) ) ;
#6739 = EDGE_LOOP ( 'NONE', ( #8727, #2402, #2186, #669 ) ) ;
#6740 = ORIENTED_EDGE ( 'NONE', *, *, #8189, .F. ) ;
#6741 = ORIENTED_EDGE ( 'NONE', *, *, #2672, .F. ) ;
#6742 = ORIENTED_EDGE ( 'NONE', *, *, #8585, .F. ) ;
#6743 = CARTESIAN_POINT ( 'NONE',  ( 2.100000000000000089, -6.400000000000000355, -5.750000000000000000 ) ) ;
#6744 = CARTESIAN_POINT ( 'NONE',  ( 4.500000000000002665, -7.582039682415637141E-16, 0.000000000000000000 ) ) ;
#6745 = DIRECTION ( 'NONE',  ( 0.6560590289905086081, 0.000000000000000000, -0.7547095802227707928 ) ) ;
#6746 = CARTESIAN_POINT ( 'NONE',  ( -1.479999999999999982, 11.70000000000000462, 0.4999999999999998890 ) ) ;
#6747 = DIRECTION ( 'NONE',  ( 8.850629979473506011E-17, 1.000000000000000000, 0.000000000000000000 ) ) ;
#6748 = LINE ( 'NONE', #6055, #6545 ) ;
#6749 = VERTEX_POINT ( 'NONE', #6768 ) ;
#6750 = UNCERTAINTY_MEASURE_WITH_UNIT (LENGTH_MEASURE( 1.000000000000000082E-05 ), #4822, 'distance_accuracy_value', 'NONE');
#6751 = DIRECTION ( 'NONE',  ( -8.850629979473506011E-17, 1.000000000000000000, 0.000000000000000000 ) ) ;
#6752 = EDGE_LOOP ( 'NONE', ( #788, #6732, #740, #8318 ) ) ;
#6753 = ADVANCED_FACE ( 'NONE', ( #74 ), #8334, .F. ) ;
#6754 = DIRECTION ( 'NONE',  ( 0.000000000000000000, 0.000000000000000000, 1.000000000000000000 ) ) ;
#6755 = DIRECTION ( 'NONE',  ( 0.000000000000000000, -2.168404344971008868E-16, -1.000000000000000000 ) ) ;
#6756 = CARTESIAN_POINT ( 'NONE',  ( 2.600000000000000533, 2.849484536082478758, -5.300000000000009592 ) ) ;
#6757 = VECTOR ( 'NONE', #5160, 1000.000000000000000 ) ;
#6758 = LINE ( 'NONE', #5471, #5327 ) ;
#6759 = VERTEX_POINT ( 'NONE', #3270 ) ;
#6760 = ORIENTED_EDGE ( 'NONE', *, *, #5628, .F. ) ;
#6761 = PLANE ( 'NONE',  #2517 ) ;
#6762 = ADVANCED_FACE ( 'NONE', ( #7601 ), #1972, .F. ) ;
#6763 = CARTESIAN_POINT ( 'NONE',  ( 0.003233649729229023419, 8.900000000000000355, 3.151279358214723825 ) ) ;
#6764 = EDGE_CURVE ( 'NONE', #3020, #4826, #8893, .T. ) ;
#6765 = DIRECTION ( 'NONE',  ( 1.000000000000000000, 0.000000000000000000, 1.931541112668179645E-15 ) ) ;
#6766 = VECTOR ( 'NONE', #8947, 1000.000000000000000 ) ;
#6767 = ADVANCED_FACE ( 'NONE', ( #1877 ), #3575, .T. ) ;
#6768 = CARTESIAN_POINT ( 'NONE',  ( -1.749999999999999778, -6.500000000000001776, 1.300000000000000266 ) ) ;
#6769 = DIRECTION ( 'NONE',  ( 1.000000000000000000, 0.000000000000000000, 0.000000000000000000 ) ) ;
#6770 = ORIENTED_EDGE ( 'NONE', *, *, #1245, .F. ) ;
#6771 = DIRECTION ( 'NONE',  ( 0.000000000000000000, 3.469446951953610738E-16, 1.000000000000000000 ) ) ;
#6772 = ORIENTED_EDGE ( 'NONE', *, *, #5981, .T. ) ;
#6773 = EDGE_CURVE ( 'NONE', #5122, #5151, #5447, .T. ) ;
#6774 = EDGE_LOOP ( 'NONE', ( #7618, #162, #1710, #1646, #5583, #374, #7523, #8238, #3682, #5295, #266, #2512, #6734, #3504, #4504, #2649, #6589, #2553, #801, #2436, #7565, #8809, #1941, #2047, #1161, #3325, #1348, #5098 ) ) ;
#6775 = ORIENTED_EDGE ( 'NONE', *, *, #8515, .T. ) ;
#6776 = ADVANCED_FACE ( 'NONE', ( #5434 ), #1921, .T. ) ;
#6777 = VERTEX_POINT ( 'NONE', #5480 ) ;
#6778 = EDGE_CURVE ( 'NONE', #5312, #6418, #1286, .T. ) ;
#6779 = AXIS2_PLACEMENT_3D ( 'NONE', #818, #6398, #7038 ) ;
#6780 = LINE ( 'NONE', #463, #7212 ) ;
#6781 = CARTESIAN_POINT ( 'NONE',  ( 4.500000000000003553, 4.349484536082479202, 6.727453826140563391E-47 ) ) ;
#6782 = DIRECTION ( 'NONE',  ( -1.000000000000000000, 1.495451272393799049E-16, 0.000000000000000000 ) ) ;
#6783 = ORIENTED_EDGE ( 'NONE', *, *, #2728, .T. ) ;
#6784 = VECTOR ( 'NONE', #2651, 1000.000000000000000 ) ;
#6785 = ORIENTED_EDGE ( 'NONE', *, *, #4059, .F. ) ;
#6786 = ORIENTED_EDGE ( 'NONE', *, *, #5808, .T. ) ;
#6787 = ORIENTED_EDGE ( 'NONE', *, *, #2953, .F. ) ;
#6788 = PLANE ( 'NONE',  #7294 ) ;
#6789 = CARTESIAN_POINT ( 'NONE',  ( -5.636132948075080584, -1.550515463917520487, -8.396377958773982186 ) ) ;
#6790 = DIRECTION ( 'NONE',  ( 0.000000000000000000, 0.000000000000000000, 1.000000000000000000 ) ) ;
#6791 = FACE_OUTER_BOUND ( 'NONE', #5461, .T. ) ;
#6792 = VECTOR ( 'NONE', #6566, 1000.000000000000000 ) ;
#6793 = CLOSED_SHELL ( 'NONE', ( #6152, #2444, #2930, #4730, #6767, #6154, #8964, #5281, #1251, #6989, #739, #2376, #54, #3116, #5076, #6102, #4914, #7692, #642, #339, #7570, #6880, #6551, #4911, #3397, #2347, #8296, #1594, #467, #1810, #8920, #2770, #1860, #1728, #7330, #7115, #7230, #2264, #4605, #5639, #4503, #3261, #3675, #6439, #6554, #2616, #1750, #8683, #7886, #6189, #5018, #2904, #4694, #2761, #4339, #7842, #7779, #7506, #3341, #247, #7035, #8008, #5708, #2620, #7505, #5866, #8796, #7858, #5592, #1293, #2557, #1420, #6437, #2881, #2329, #5709, #2994 ) ) ;
#6794 = CYLINDRICAL_SURFACE ( 'NONE', #6947, 0.4000000000000001887 ) ;
#6795 = ORIENTED_EDGE ( 'NONE', *, *, #5021, .T. ) ;
#6796 = VERTEX_POINT ( 'NONE', #3406 ) ;
#6797 = CARTESIAN_POINT ( 'NONE',  ( 4.500000000000002665, 2.449484536082478847, -4.299999999999999822 ) ) ;
#6798 = AXIS2_PLACEMENT_3D ( 'NONE', #1764, #4711, #7667 ) ;
#6799 = EDGE_LOOP ( 'NONE', ( #270, #7171, #5821, #3166 ) ) ;
#6800 = CIRCLE ( 'NONE', #5910, 3.850000000000000089 ) ;
#6801 = LINE ( 'NONE', #8785, #2425 ) ;
#6802 = CARTESIAN_POINT ( 'NONE',  ( -0.4999999999999997780, 11.70000000000000462, 2.299999999999999822 ) ) ;
#6804 = AXIS2_PLACEMENT_3D ( 'NONE', #3299, #4807, #6145 ) ;
#6803 = CARTESIAN_POINT ( 'NONE',  ( -2.100000000000000089, -6.400000000000000355, -1.349999999999999867 ) ) ;
#6805 = DIRECTION ( 'NONE',  ( -0.8778780114862319017, -7.769773446780632914E-17, 0.4788843252278979223 ) ) ;
#6806 = VERTEX_POINT ( 'NONE', #6215 ) ;
#6807 = ORIENTED_EDGE ( 'NONE', *, *, #4563, .T. ) ;
#6808 = DIRECTION ( 'NONE',  ( -1.278426997811956241E-48, -3.439160614977206978E-33, 1.000000000000000000 ) ) ;
#6809 = DIRECTION ( 'NONE',  ( 1.000000000000000000, 0.000000000000000000, 0.000000000000000000 ) ) ;
#6810 = VECTOR ( 'NONE', #3188, 1000.000000000000000 ) ;
#6811 = AXIS2_PLACEMENT_3D ( 'NONE', #4283, #2126, #4882 ) ;
#6812 = SURFACE_STYLE_FILL_AREA ( #2530 ) ;
#6813 = LINE ( 'NONE', #4047, #286 ) ;
#6814 = FACE_OUTER_BOUND ( 'NONE', #2835, .T. ) ;
#6815 = EDGE_CURVE ( 'NONE', #3433, #6161, #4993, .T. ) ;
#6816 = CIRCLE ( 'NONE', #49, 1.200000000000002176 ) ;
#6817 = ORIENTED_EDGE ( 'NONE', *, *, #2587, .F. ) ;
#6818 = LINE ( 'NONE', #1837, #8456 ) ;
#6819 = LINE ( 'NONE', #7007, #2969 ) ;
#6820 = VECTOR ( 'NONE', #5541, 1000.000000000000000 ) ;
#6821 = ORIENTED_EDGE ( 'NONE', *, *, #9088, .F. ) ;
#6822 = VERTEX_POINT ( 'NONE', #2330 ) ;
#6823 = VERTEX_POINT ( 'NONE', #3029 ) ;
#6824 = VECTOR ( 'NONE', #2520, 1000.000000000000000 ) ;
#6825 = VECTOR ( 'NONE', #3658, 1000.000000000000000 ) ;
#6826 = PLANE ( 'NONE',  #1322 ) ;
#6827 = LINE ( 'NONE', #6870, #7852 ) ;
#6828 = EDGE_CURVE ( 'NONE', #3000, #8880, #5780, .T. ) ;
#6829 = DIRECTION ( 'NONE',  ( 0.4067366430758009299, 0.000000000000000000, 0.9135454576426004225 ) ) ;
#6830 = ADVANCED_FACE ( 'NONE', ( #8504 ), #7866, .T. ) ;
#6831 = ORIENTED_EDGE ( 'NONE', *, *, #1014, .T. ) ;
#6832 = EDGE_CURVE ( 'NONE', #1337, #8627, #8686, .T. ) ;
#6833 = EDGE_CURVE ( 'NONE', #1267, #3644, #8645, .T. ) ;
#6834 = VECTOR ( 'NONE', #4869, 1000.000000000000000 ) ;
#6835 = VERTEX_POINT ( 'NONE', #3755 ) ;
#6836 = ORIENTED_EDGE ( 'NONE', *, *, #4048, .T. ) ;
#6837 = EDGE_LOOP ( 'NONE', ( #174, #2027, #6148, #8136 ) ) ;
#6838 = DIRECTION ( 'NONE',  ( -1.000000000000000000, 0.000000000000000000, 0.000000000000000000 ) ) ;
#6839 = CARTESIAN_POINT ( 'NONE',  ( 3.649999999999998135, -3.750000000000000000, 5.000000000000000000 ) ) ;
#6840 = CARTESIAN_POINT ( 'NONE',  ( 0.6700000000000000400, 11.70000000000000462, 0.5999999999999998668 ) ) ;
#6841 = FACE_OUTER_BOUND ( 'NONE', #4217, .T. ) ;
#6842 = VECTOR ( 'NONE', #3841, 1000.000000000000000 ) ;
#6843 = AXIS2_PLACEMENT_3D ( 'NONE', #1669, #287, #8039 ) ;
#6844 = CARTESIAN_POINT ( 'NONE',  ( 0.000000000000000000, -0.5505154639175203757, 4.600000000000000533 ) ) ;
#6845 = ORIENTED_EDGE ( 'NONE', *, *, #3273, .T. ) ;
#6846 = DIRECTION ( 'NONE',  ( -1.000000000000000000, -8.850629979473506011E-17, 0.000000000000000000 ) ) ;
#6847 = CIRCLE ( 'NONE', #2136, 0.4000000000000001887 ) ;
#6848 = VECTOR ( 'NONE', #3556, 1000.000000000000114 ) ;
#6849 = VERTEX_POINT ( 'NONE', #7262 ) ;
#6850 = LINE ( 'NONE', #6985, #1535 ) ;
#6851 = DIRECTION ( 'NONE',  ( -0.000000000000000000, -0.000000000000000000, -1.000000000000000000 ) ) ;
#6852 = DIRECTION ( 'NONE',  ( 0.000000000000000000, 1.000000000000000000, 0.000000000000000000 ) ) ;
#6853 = CARTESIAN_POINT ( 'NONE',  ( 1.899999999999998801, 3.600000000000003642, 0.1000000000000000056 ) ) ;
#6854 = LINE ( 'NONE', #4817, #8418 ) ;
#6855 = ORIENTED_EDGE ( 'NONE', *, *, #958, .T. ) ;
#6856 = ORIENTED_EDGE ( 'NONE', *, *, #1529, .T. ) ;
#6857 = FACE_OUTER_BOUND ( 'NONE', #5442, .T. ) ;
#6858 = CARTESIAN_POINT ( 'NONE',  ( 2.500000000000000000, -6.700000000000000178, -1.350000000000000089 ) ) ;
#6859 = AXIS2_PLACEMENT_3D ( 'NONE', #4034, #6851, #2008 ) ;
#6860 = DIRECTION ( 'NONE',  ( -0.000000000000000000, -0.000000000000000000, -1.000000000000000000 ) ) ;
#6861 = CARTESIAN_POINT ( 'NONE',  ( -1.734723475976807094E-15, 0.4500000000000040079, 2.500000000000000000 ) ) ;
#6862 = VERTEX_POINT ( 'NONE', #4991 ) ;
#6863 = FACE_OUTER_BOUND ( 'NONE', #8452, .T. ) ;
#6864 = LINE ( 'NONE', #551, #7241 ) ;
#6865 = ORIENTED_EDGE ( 'NONE', *, *, #3730, .T. ) ;
#6866 = ORIENTED_EDGE ( 'NONE', *, *, #7338, .T. ) ;
#6867 = EDGE_LOOP ( 'NONE', ( #6606, #2819, #2832, #226, #443, #5640, #5450 ) ) ;
#6868 = EDGE_CURVE ( 'NONE', #7533, #1651, #5736, .T. ) ;
#6869 = DIRECTION ( 'NONE',  ( 0.000000000000000000, -3.614007241618352715E-16, 1.000000000000000000 ) ) ;
#6870 = CARTESIAN_POINT ( 'NONE',  ( -3.400000000000003464, -0.05202383709185157135, 0.5000000000000000000 ) ) ;
#6871 = VECTOR ( 'NONE', #2150, 1000.000000000000000 ) ;
#6872 = CARTESIAN_POINT ( 'NONE',  ( 4.500000000000002665, 1.449484536082478625, -5.800000000000000711 ) ) ;
#6873 = VERTEX_POINT ( 'NONE', #117 ) ;
#6874 = VERTEX_POINT ( 'NONE', #7216 ) ;
#6875 = VERTEX_POINT ( 'NONE', #6522 ) ;
#6876 = ORIENTED_EDGE ( 'NONE', *, *, #4007, .T. ) ;
#6877 = EDGE_CURVE ( 'NONE', #3287, #299, #5595, .T. ) ;
#6878 = CYLINDRICAL_SURFACE ( 'NONE', #515, 1.200000000000029932 ) ;
#6879 = FACE_BOUND ( 'NONE', #2918, .T. ) ;
#6880 = ADVANCED_FACE ( 'NONE', ( #5092 ), #3620, .T. ) ;
#6881 = CARTESIAN_POINT ( 'NONE',  ( -1.734723475976807094E-15, 0.4500000000000040079, 1.800000000000000488 ) ) ;
#6882 = EDGE_CURVE ( 'NONE', #8045, #230, #5694, .T. ) ;
#6883 = LINE ( 'NONE', #2135, #4559 ) ;
#6884 = CARTESIAN_POINT ( 'NONE',  ( -2.900000000000000355, -6.700000000000000178, -5.750000000000000000 ) ) ;
#6885 = ORIENTED_EDGE ( 'NONE', *, *, #1702, .F. ) ;
#6886 = VERTEX_POINT ( 'NONE', #5040 ) ;
#6887 = CARTESIAN_POINT ( 'NONE',  ( -4.900000000000001243, -1.550515463917520487, 0.4000000000000000222 ) ) ;
#6888 = ORIENTED_EDGE ( 'NONE', *, *, #5021, .F. ) ;
#6889 = ORIENTED_EDGE ( 'NONE', *, *, #8565, .T. ) ;
#6890 = ADVANCED_FACE ( 'NONE', ( #1545 ), #4360, .T. ) ;
#6891 = LINE ( 'NONE', #8322, #3595 ) ;
#6892 = LINE ( 'NONE', #1227, #1113 ) ;
#6893 = EDGE_CURVE ( 'NONE', #8944, #7723, #5453, .T. ) ;
#6894 = CARTESIAN_POINT ( 'NONE',  ( -4.499999999999992895, -3.950515463917520620, -5.300000000000009592 ) ) ;
#6895 = ADVANCED_FACE ( 'NONE', ( #3660 ), #8602, .T. ) ;
#6896 = CARTESIAN_POINT ( 'NONE',  ( 4.900000000000001243, -2.450515463917521064, -0.5999999999999903189 ) ) ;
#6897 = LINE ( 'NONE', #8236, #7089 ) ;
#6898 = ORIENTED_EDGE ( 'NONE', *, *, #5265, .T. ) ;
#6899 = VERTEX_POINT ( 'NONE', #1623 ) ;
#6900 = PLANE ( 'NONE',  #2666 ) ;
#6901 = EDGE_CURVE ( 'NONE', #7398, #1469, #4396, .T. ) ;
#6902 = DIRECTION ( 'NONE',  ( 0.000000000000000000, 0.000000000000000000, 1.000000000000000000 ) ) ;
#6903 = DIRECTION ( 'NONE',  ( 0.000000000000000000, 0.000000000000000000, 1.000000000000000000 ) ) ;
#6904 = DIRECTION ( 'NONE',  ( 1.000000000000000000, 0.000000000000000000, 0.000000000000000000 ) ) ;
#6905 = DIRECTION ( 'NONE',  ( 1.000000000000000000, 0.000000000000000000, 0.000000000000000000 ) ) ;
#6906 = AXIS2_PLACEMENT_3D ( 'NONE', #3742, #2875, #8589 ) ;
#6907 = DIRECTION ( 'NONE',  ( 0.000000000000000000, 0.000000000000000000, -1.000000000000000000 ) ) ;
#6908 = ORIENTED_EDGE ( 'NONE', *, *, #2598, .T. ) ;
#6909 = CARTESIAN_POINT ( 'NONE',  ( -4.900000000000000355, 4.349484536082480091, 0.4000000000000000222 ) ) ;
#6910 = ORIENTED_EDGE ( 'NONE', *, *, #1980, .F. ) ;
#6911 = VECTOR ( 'NONE', #2912, 1000.000000000000000 ) ;
#6912 = VERTEX_POINT ( 'NONE', #255 ) ;
#6913 = EDGE_LOOP ( 'NONE', ( #8533, #8578, #17, #4421 ) ) ;
#6914 = CARTESIAN_POINT ( 'NONE',  ( -4.900000000000000355, 4.349484536082479202, -4.300000000000009592 ) ) ;
#6915 = CARTESIAN_POINT ( 'NONE',  ( 4.412981643411523436, 0.4494845360824787917, -11.10811226151246878 ) ) ;
#6916 = AXIS2_PLACEMENT_3D ( 'NONE', #5528, #8981, #8242 ) ;
#6917 = PLANE ( 'NONE',  #1062 ) ;
#6918 = DIRECTION ( 'NONE',  ( 0.000000000000000000, 0.000000000000000000, -1.000000000000000000 ) ) ;
#6919 = EDGE_CURVE ( 'NONE', #7489, #8306, #3070, .T. ) ;
#6920 = ORIENTED_EDGE ( 'NONE', *, *, #1175, .F. ) ;
#6921 = ORIENTED_EDGE ( 'NONE', *, *, #5871, .T. ) ;
#6922 = ORIENTED_EDGE ( 'NONE', *, *, #108, .T. ) ;
#6923 = ORIENTED_EDGE ( 'NONE', *, *, #5080, .F. ) ;
#6924 = VECTOR ( 'NONE', #8042, 1000.000000000000000 ) ;
#6925 = FACE_OUTER_BOUND ( 'NONE', #5377, .T. ) ;
#6926 = CARTESIAN_POINT ( 'NONE',  ( 4.500000000000002665, -3.050515463917521597, -5.900000000000000355 ) ) ;
#6927 = CARTESIAN_POINT ( 'NONE',  ( -5.598656062889739715, -1.550515463917520487, -8.565425263470261896 ) ) ;
#6928 = CARTESIAN_POINT ( 'NONE',  ( -4.499999999999992895, 2.449484536082479735, -4.300000000000008704 ) ) ;
#6929 = CYLINDRICAL_SURFACE ( 'NONE', #4151, 3.399999999999999911 ) ;
#6930 = EDGE_CURVE ( 'NONE', #5574, #7166, #987, .T. ) ;
#6931 = VECTOR ( 'NONE', #8480, 1000.000000000000000 ) ;
#6932 = EDGE_CURVE ( 'NONE', #8013, #6862, #7440, .T. ) ;
#6933 = ORIENTED_EDGE ( 'NONE', *, *, #347, .F. ) ;
#6934 = ORIENTED_EDGE ( 'NONE', *, *, #4687, .T. ) ;
#6935 = ORIENTED_EDGE ( 'NONE', *, *, #4161, .F. ) ;
#6936 = LINE ( 'NONE', #3437, #1040 ) ;
#6937 = VERTEX_POINT ( 'NONE', #3886 ) ;
#6938 = DIRECTION ( 'NONE',  ( 0.000000000000000000, -1.000000000000000000, 0.000000000000000000 ) ) ;
#6939 = VECTOR ( 'NONE', #3303, 1000.000000000000000 ) ;
#6940 = DIRECTION ( 'NONE',  ( 0.000000000000000000, 3.469446951953610738E-16, 1.000000000000000000 ) ) ;
#6941 = CIRCLE ( 'NONE', #2524, 0.6750000000000002665 ) ;
#6942 = DIRECTION ( 'NONE',  ( -0.000000000000000000, -0.000000000000000000, -1.000000000000000000 ) ) ;
#6943 = DIRECTION ( 'NONE',  ( 0.000000000000000000, 0.000000000000000000, -1.000000000000000000 ) ) ;
#6944 = EDGE_CURVE ( 'NONE', #4510, #3882, #5911, .T. ) ;
#6945 = CONTEXT_DEPENDENT_SHAPE_REPRESENTATION ( #3806, #966 ) ;
#6946 = CARTESIAN_POINT ( 'NONE',  ( 3.675000000000000266, 3.649484536082479469, 0.4000000000000000222 ) ) ;
#6947 = AXIS2_PLACEMENT_3D ( 'NONE', #7396, #8134, #2463 ) ;
#6948 = EDGE_CURVE ( 'NONE', #7873, #574, #4622, .T. ) ;
#6949 = CIRCLE ( 'NONE', #6060, 0.1500000000000000777 ) ;
#6950 = EDGE_CURVE ( 'NONE', #2002, #7459, #8732, .T. ) ;
#6951 = ORIENTED_EDGE ( 'NONE', *, *, #7602, .F. ) ;
#6952 = ORIENTED_EDGE ( 'NONE', *, *, #5095, .F. ) ;
#6953 = DIRECTION ( 'NONE',  ( -0.000000000000000000, -1.000000000000000000, -0.000000000000000000 ) ) ;
#6954 = EDGE_CURVE ( 'NONE', #4368, #3432, #7483, .T. ) ;
#6955 = CARTESIAN_POINT ( 'NONE',  ( 4.900000000000001243, -2.550515463917522041, -5.800000000000000711 ) ) ;
#6956 = CARTESIAN_POINT ( 'NONE',  ( 3.399999999999998579, -2.050000000000001155, 0.000000000000000000 ) ) ;
#6957 = CIRCLE ( 'NONE', #2239, 0.3999999999999990785 ) ;
#6958 = CARTESIAN_POINT ( 'NONE',  ( -0.5000000000000017764, 1.540871211463575863, 0.000000000000000000 ) ) ;
#6959 = VERTEX_POINT ( 'NONE', #4026 ) ;
#6960 = CYLINDRICAL_SURFACE ( 'NONE', #8019, 1.199999999999963762 ) ;
#6961 = DIRECTION ( 'NONE',  ( -0.000000000000000000, -1.000000000000000000, -0.000000000000000000 ) ) ;
#6962 = VECTOR ( 'NONE', #269, 1000.000000000000000 ) ;
#6963 = EDGE_LOOP ( 'NONE', ( #9065, #5729, #1524, #623 ) ) ;
#6964 = AXIS2_PLACEMENT_3D ( 'NONE', #3876, #5354, #8674 ) ;
#6965 = ORIENTED_EDGE ( 'NONE', *, *, #6485, .T. ) ;
#6966 = FACE_OUTER_BOUND ( 'NONE', #9066, .T. ) ;
#6967 = DIRECTION ( 'NONE',  ( 0.000000000000000000, 0.000000000000000000, 1.000000000000000000 ) ) ;
#6968 = VECTOR ( 'NONE', #8657, 1000.000000000000000 ) ;
#6969 = VECTOR ( 'NONE', #929, 1000.000000000000000 ) ;
#6970 = CARTESIAN_POINT ( 'NONE',  ( 0.6499999999999984679, 0.4500000000000040634, 1.800000000000000711 ) ) ;
#6971 = LINE ( 'NONE', #6319, #8608 ) ;
#6972 = ORIENTED_EDGE ( 'NONE', *, *, #7061, .F. ) ;
#6973 = ORIENTED_EDGE ( 'NONE', *, *, #971, .T. ) ;
#6974 = VECTOR ( 'NONE', #1285, 1000.000000000000000 ) ;
#6975 = DIRECTION ( 'NONE',  ( -0.5147285590694852253, -0.000000000000000000, -0.8573532005412071166 ) ) ;
#6976 = CARTESIAN_POINT ( 'NONE',  ( 0.9999999999999995559, 3.804101966249688438, 1.800000000000000488 ) ) ;
#6977 = DIRECTION ( 'NONE',  ( 0.000000000000000000, 0.000000000000000000, 1.000000000000000000 ) ) ;
#6978 = DIRECTION ( 'NONE',  ( -1.000000000000000000, 0.000000000000000000, 0.000000000000000000 ) ) ;
#6979 = LINE ( 'NONE', #5506, #765 ) ;
#6980 = VERTEX_POINT ( 'NONE', #8778 ) ;
#6981 = ORIENTED_EDGE ( 'NONE', *, *, #6919, .F. ) ;
#6982 = EDGE_LOOP ( 'NONE', ( #4076, #7317 ) ) ;
#6983 = CARTESIAN_POINT ( 'NONE',  ( -4.400000000000002132, -5.950000000000000178, 0.1000000000000002554 ) ) ;
#6984 = ORIENTED_EDGE ( 'NONE', *, *, #3945, .T. ) ;
#6985 = CARTESIAN_POINT ( 'NONE',  ( -2.500000000000000000, -6.700000000000000178, 1.100000000000000089 ) ) ;
#6986 = VECTOR ( 'NONE', #6005, 1000.000000000000000 ) ;
#6987 = VECTOR ( 'NONE', #4902, 1000.000000000000000 ) ;
#6988 = CARTESIAN_POINT ( 'NONE',  ( -3.399999999999999911, -0.5505154639175203757, 4.600000000000000533 ) ) ;
#6989 = ADVANCED_FACE ( 'NONE', ( #6791 ), #6051, .T. ) ;
#6990 = DIRECTION ( 'NONE',  ( 0.000000000000000000, 0.000000000000000000, -1.000000000000000000 ) ) ;
#6991 = CARTESIAN_POINT ( 'NONE',  ( 2.900000000000000799, -6.400000000000000355, 0.000000000000000000 ) ) ;
#6992 = CONTEXT_DEPENDENT_SHAPE_REPRESENTATION ( #4695, #7368 ) ;
#6994 = LINE ( 'NONE', #6438, #29 ) ;
#6993 = VECTOR ( 'NONE', #3916, 1000.000000000000000 ) ;
#6995 = COLOUR_RGB ( '',0.7921568627450980005, 0.8196078431372548767, 0.9333333333333333481 ) ;
#6996 = VERTEX_POINT ( 'NONE', #3110 ) ;
#6997 = DIRECTION ( 'NONE',  ( 1.000000000000000000, 0.000000000000000000, 0.000000000000000000 ) ) ;
#6998 = LINE ( 'NONE', #6346, #6834 ) ;
#6999 = CARTESIAN_POINT ( 'NONE',  ( 3.000000000000000000, -4.750515463917523107, 0.4000000000000000222 ) ) ;
#7000 = EDGE_CURVE ( 'NONE', #5406, #4017, #1811, .T. ) ;
#7001 = MECHANICAL_DESIGN_GEOMETRIC_PRESENTATION_REPRESENTATION (  '', ( #5817 ), #4204 ) ;
#7002 = ADVANCED_FACE ( 'NONE', ( #5227 ), #5366, .T. ) ;
#7003 = EDGE_CURVE ( 'NONE', #7059, #8256, #1334, .T. ) ;
#7004 = LINE ( 'NONE', #1974, #4457 ) ;
#7005 = ORIENTED_EDGE ( 'NONE', *, *, #4857, .F. ) ;
#7006 = CARTESIAN_POINT ( 'NONE',  ( -0.7500000000000000000, -5.549999999999998934, 1.000000000000000000 ) ) ;
#7007 = CARTESIAN_POINT ( 'NONE',  ( -2.600000000000000533, 4.049484536082480268, -4.900000000000009237 ) ) ;
#7008 = EDGE_LOOP ( 'NONE', ( #3969, #3414, #1786, #1182 ) ) ;
#7009 = VECTOR ( 'NONE', #72, 1000.000000000000000 ) ;
#7010 = VECTOR ( 'NONE', #2399, 1000.000000000000000 ) ;
#7011 = VERTEX_POINT ( 'NONE', #6654 ) ;
#7012 = ORIENTED_EDGE ( 'NONE', *, *, #3650, .F. ) ;
#7013 = EDGE_CURVE ( 'NONE', #5195, #5987, #3249, .T. ) ;
#7014 = FACE_OUTER_BOUND ( 'NONE', #959, .T. ) ;
#7015 = CARTESIAN_POINT ( 'NONE',  ( -1.734723475976807094E-15, 0.4500000000000040079, 1.800000000000000488 ) ) ;
#7016 = CARTESIAN_POINT ( 'NONE',  ( -0.7967663502707700296, 10.90000000000000036, -1.604700010220583728 ) ) ;
#7017 = DIRECTION ( 'NONE',  ( -1.000000000000000000, 0.000000000000000000, 1.618212197739559129E-16 ) ) ;
#7018 = ADVANCED_FACE ( 'NONE', ( #333 ), #1025, .F. ) ;
#7019 = ORIENTED_EDGE ( 'NONE', *, *, #3835, .T. ) ;
#7020 = EDGE_LOOP ( 'NONE', ( #6541, #2293, #8163, #6176, #5444 ) ) ;
#7021 =( NAMED_UNIT ( * ) PLANE_ANGLE_UNIT ( ) SI_UNIT ( $, .RADIAN. ) );
#7022 = FACE_OUTER_BOUND ( 'NONE', #1128, .T. ) ;
#7023 = LINE ( 'NONE', #704, #1660 ) ;
#7024 = CARTESIAN_POINT ( 'NONE',  ( 2.900000000000000355, -6.699999999999999289, -1.349999999999999867 ) ) ;
#7025 = DIRECTION ( 'NONE',  ( 0.000000000000000000, 1.000000000000000000, 0.000000000000000000 ) ) ;
#7026 = EDGE_LOOP ( 'NONE', ( #3233, #2600, #2502, #5880, #2589, #3086 ) ) ;
#7027 = CARTESIAN_POINT ( 'NONE',  ( 4.399999999999998579, 5.100000000000004086, 0.1000000000000000749 ) ) ;
#7028 = ORIENTED_EDGE ( 'NONE', *, *, #8464, .F. ) ;
#7029 = CARTESIAN_POINT ( 'NONE',  ( -2.599999999999992539, 9.845506349388365357E-16, 2.350988701644567659E-30 ) ) ;
#7030 = LINE ( 'NONE', #1408, #4645 ) ;
#7031 = DIRECTION ( 'NONE',  ( 0.8778780114862310135, -2.187047340575287411E-16, 0.4788843252278996432 ) ) ;
#7032 = CARTESIAN_POINT ( 'NONE',  ( 4.911598099521945926, 0.4494845360824792913, -9.101887738487540958 ) ) ;
#7033 = SHAPE_DEFINITION_REPRESENTATION ( #1850, #5832 ) ;
#7034 = DIRECTION ( 'NONE',  ( 0.000000000000000000, 0.000000000000000000, 1.000000000000000000 ) ) ;
#7035 = ADVANCED_FACE ( 'NONE', ( #8223 ), #8822, .F. ) ;
#7036 = ORIENTED_EDGE ( 'NONE', *, *, #5941, .F. ) ;
#7037 = ORIENTED_EDGE ( 'NONE', *, *, #4615, .F. ) ;
#7038 = DIRECTION ( 'NONE',  ( -1.000000000000000000, 0.000000000000000000, 0.000000000000000000 ) ) ;
#7039 = CARTESIAN_POINT ( 'NONE',  ( 4.500000000000003553, 1.349484536082478758, -0.5999999999999916511 ) ) ;
#7040 = DIRECTION ( 'NONE',  ( -0.000000000000000000, -1.000000000000000000, -0.000000000000000000 ) ) ;
#7041 = ORIENTED_EDGE ( 'NONE', *, *, #8580, .F. ) ;
#7042 = CARTESIAN_POINT ( 'NONE',  ( -1.734723475976807094E-15, 0.4500000000000040079, 5.000000000000000000 ) ) ;
#7043 = DIRECTION ( 'NONE',  ( 0.000000000000000000, 0.000000000000000000, 1.000000000000000000 ) ) ;
#7044 = EDGE_CURVE ( 'NONE', #2015, #4458, #7963, .T. ) ;
#7045 = ORIENTED_EDGE ( 'NONE', *, *, #6662, .F. ) ;
#7046 = DIRECTION ( 'NONE',  ( 8.850629979473506011E-17, 1.000000000000000000, -2.168404344971008868E-16 ) ) ;
#7047 = ORIENTED_EDGE ( 'NONE', *, *, #6496, .F. ) ;
#7048 = EDGE_CURVE ( 'NONE', #1737, #1009, #296, .T. ) ;
#7049 = EDGE_LOOP ( 'NONE', ( #8359, #2339, #5598, #2526 ) ) ;
#7050 = AXIS2_PLACEMENT_3D ( 'NONE', #9098, #2781, #5586 ) ;
#7051 = CARTESIAN_POINT ( 'NONE',  ( 0.4000000000000009104, -6.700000000000000178, 0.000000000000000000 ) ) ;
#7052 = FACE_OUTER_BOUND ( 'NONE', #4197, .T. ) ;
#7053 = DIRECTION ( 'NONE',  ( 0.000000000000000000, 1.000000000000000000, 0.000000000000000000 ) ) ;
#7054 = CARTESIAN_POINT ( 'NONE',  ( -3.250000000000001332, -5.549999999999998934, 1.000000000000000000 ) ) ;
#7055 = EDGE_CURVE ( 'NONE', #865, #6525, #6097, .T. ) ;
#7056 = AXIS2_PLACEMENT_3D ( 'NONE', #3862, #5852, #3733 ) ;
#7057 = ORIENTED_EDGE ( 'NONE', *, *, #1307, .F. ) ;
#7058 = EDGE_CURVE ( 'NONE', #4606, #8581, #4575, .T. ) ;
#7059 = VERTEX_POINT ( 'NONE', #1857 ) ;
#7060 = EDGE_CURVE ( 'NONE', #7969, #7760, #8062, .T. ) ;
#7061 = EDGE_CURVE ( 'NONE', #3290, #4462, #2605, .T. ) ;
#7062 = DIRECTION ( 'NONE',  ( 1.000000000000000000, 2.551063935260010491E-16, 0.000000000000000000 ) ) ;
#7063 = FACE_OUTER_BOUND ( 'NONE', #4627, .T. ) ;
#7064 = CARTESIAN_POINT ( 'NONE',  ( -2.600000000000000533, 2.849484536082479647, -4.900000000000009237 ) ) ;
#7065 = AXIS2_PLACEMENT_3D ( 'NONE', #7504, #1190, #4781 ) ;
#7066 = CARTESIAN_POINT ( 'NONE',  ( 2.600000000000001421, -5.150515463917519909, -4.900000000000008349 ) ) ;
#7067 = DIRECTION ( 'NONE',  ( 0.000000000000000000, 0.000000000000000000, 1.000000000000000000 ) ) ;
#7068 = ORIENTED_EDGE ( 'NONE', *, *, #1372, .T. ) ;
#7069 = EDGE_LOOP ( 'NONE', ( #2588, #7631, #6180, #701 ) ) ;
#7070 = LINE ( 'NONE', #753, #4576 ) ;
#7071 = ORIENTED_EDGE ( 'NONE', *, *, #1823, .F. ) ;
#7072 = DIRECTION ( 'NONE',  ( 1.000000000000000000, 2.551063935260010491E-16, 0.000000000000000000 ) ) ;
#7073 = DIRECTION ( 'NONE',  ( 2.491288438666617091E-16, 1.000000000000000000, 3.559366888705205925E-31 ) ) ;
#7074 = CARTESIAN_POINT ( 'NONE',  ( -4.836441345419223659, -0.5505154639175205977, -10.20000000000000995 ) ) ;
#7075 = DIRECTION ( 'NONE',  ( 1.000000000000000000, 0.000000000000000000, 1.931541112668179645E-15 ) ) ;
#7076 = VECTOR ( 'NONE', #6210, 1000.000000000000000 ) ;
#7077 = VECTOR ( 'NONE', #746, 1000.000000000000000 ) ;
#7078 = LINE ( 'NONE', #5834, #3118 ) ;
#7079 = DIRECTION ( 'NONE',  ( 0.000000000000000000, 0.000000000000000000, 1.000000000000000000 ) ) ;
#7080 = DIRECTION ( 'NONE',  ( 0.000000000000000000, 1.000000000000000000, 0.000000000000000000 ) ) ;
#7081 = VERTEX_POINT ( 'NONE', #6928 ) ;
#7082 = DIRECTION ( 'NONE',  ( -0.000000000000000000, -0.000000000000000000, -1.000000000000000000 ) ) ;
#7083 = VECTOR ( 'NONE', #8090, 1000.000000000000000 ) ;
#7084 = CIRCLE ( 'NONE', #7681, 3.000000000000000444 ) ;
#7085 = CARTESIAN_POINT ( 'NONE',  ( 4.500000000000003553, -2.450515463917521508, -0.5999999999999902078 ) ) ;
#7086 = CARTESIAN_POINT ( 'NONE',  ( -1.479999999999999982, 11.50000000000000000, 0.4999999999999993339 ) ) ;
#7087 = EDGE_LOOP ( 'NONE', ( #911, #7953, #2686, #5787 ) ) ;
#7088 = CARTESIAN_POINT ( 'NONE',  ( 4.500000000000002665, -5.450515463917523284, 0.000000000000000000 ) ) ;
#7089 = VECTOR ( 'NONE', #6805, 1000.000000000000114 ) ;
#7090 = EDGE_LOOP ( 'NONE', ( #2809, #6922, #4224, #494, #836, #6290 ) ) ;
#7091 = CARTESIAN_POINT ( 'NONE',  ( -2.899999999999999911, -6.699999999999999289, -1.349999999999999867 ) ) ;
#7092 = CARTESIAN_POINT ( 'NONE',  ( 4.500000000000002665, -5.450515463917523284, 8.673617379884035472E-15 ) ) ;
#7093 = ORIENTED_EDGE ( 'NONE', *, *, #2544, .T. ) ;
#7094 = CARTESIAN_POINT ( 'NONE',  ( 1.750000000000000222, -6.700000000000000178, 0.000000000000000000 ) ) ;
#7095 = EDGE_LOOP ( 'NONE', ( #8667, #1882, #946, #8896 ) ) ;
#7096 = CIRCLE ( 'NONE', #2539, 3.850000000000000089 ) ;
#7097 = ORIENTED_EDGE ( 'NONE', *, *, #8336, .F. ) ;
#7098 = AXIS2_PLACEMENT_3D ( 'NONE', #8280, #1869, #7544 ) ;
#7099 = CARTESIAN_POINT ( 'NONE',  ( 4.900000000000000355, 2.849484536082478758, -4.299999999999999822 ) ) ;
#7100 = DIRECTION ( 'NONE',  ( 0.000000000000000000, 0.000000000000000000, 1.000000000000000000 ) ) ;
#7101 = EDGE_CURVE ( 'NONE', #6249, #4616, #566, .T. ) ;
#7102 = CARTESIAN_POINT ( 'NONE',  ( -3.650000000000001688, 4.650000000000003908, 5.000000000000000000 ) ) ;
#7103 = CARTESIAN_POINT ( 'NONE',  ( 0.000000000000000000, 13.19999999999999929, 0.000000000000000000 ) ) ;
#7104 = AXIS2_PLACEMENT_3D ( 'NONE', #3285, #7520, #9091 ) ;
#7105 = ORIENTED_EDGE ( 'NONE', *, *, #3502, .T. ) ;
#7106 = ORIENTED_EDGE ( 'NONE', *, *, #3611, .F. ) ;
#7107 = LINE ( 'NONE', #4291, #3608 ) ;
#7108 = VECTOR ( 'NONE', #7464, 1000.000000000000000 ) ;
#7109 = AXIS2_PLACEMENT_3D ( 'NONE', #5551, #8264, #4759 ) ;
#7110 = DIRECTION ( 'NONE',  ( 1.000000000000000000, 0.000000000000000000, 0.000000000000000000 ) ) ;
#7111 = CARTESIAN_POINT ( 'NONE',  ( -0.4999999999999997780, 10.90000000000000036, 2.299999999999999822 ) ) ;
#7112 = EDGE_CURVE ( 'NONE', #1703, #3446, #8958, .T. ) ;
#7113 = DIRECTION ( 'NONE',  ( -0.000000000000000000, -0.000000000000000000, -1.000000000000000000 ) ) ;
#7114 = APPLICATION_CONTEXT ( 'automotive_design' ) ;
#7115 = ADVANCED_FACE ( 'NONE', ( #525, #2694, #6841, #613, #5634, #8313 ), #3342, .T. ) ;
#7116 = CARTESIAN_POINT ( 'NONE',  ( -4.499999999999986677, 0.4494845360824791802, -7.550000000000007816 ) ) ;
#7117 = EDGE_CURVE ( 'NONE', #983, #6396, #1999, .T. ) ;
#7118 = EDGE_CURVE ( 'NONE', #1665, #9076, #4848, .T. ) ;
#7119 = ORIENTED_EDGE ( 'NONE', *, *, #5254, .T. ) ;
#7120 = VECTOR ( 'NONE', #8009, 1000.000000000000000 ) ;
#7121 = AXIS2_PLACEMENT_3D ( 'NONE', #4881, #4931, #5110 ) ;
#7122 = ORIENTED_EDGE ( 'NONE', *, *, #6383, .F. ) ;
#7123 = DIRECTION ( 'NONE',  ( -8.850629979473506011E-17, 1.000000000000000000, 0.000000000000000000 ) ) ;
#7124 = ORIENTED_EDGE ( 'NONE', *, *, #4718, .T. ) ;
#7125 = PLANE ( 'NONE',  #349 ) ;
#7126 = CARTESIAN_POINT ( 'NONE',  ( 1.899999999999998801, 3.600000000000003642, 0.1000000000000000056 ) ) ;
#7127 = CARTESIAN_POINT ( 'NONE',  ( -1.900000000000001910, 3.600000000000003642, 0.000000000000000000 ) ) ;
#7128 = EDGE_CURVE ( 'NONE', #6126, #398, #8265, .T. ) ;
#7129 = CARTESIAN_POINT ( 'NONE',  ( 4.500000000000002665, 4.049484536082479380, -4.299999999999999822 ) ) ;
#7130 = VECTOR ( 'NONE', #4731, 1000.000000000000000 ) ;
#7131 = FACE_OUTER_BOUND ( 'NONE', #3346, .T. ) ;
#7132 = CARTESIAN_POINT ( 'NONE',  ( -3.100000000000000977, -0.5505154639175203757, 4.600000000000000533 ) ) ;
#7133 = ADVANCED_FACE ( 'NONE', ( #2826 ), #3430, .F. ) ;
#7134 = CARTESIAN_POINT ( 'NONE',  ( 3.675000000000000266, 3.649484536082479469, 0.000000000000000000 ) ) ;
#7135 = ORIENTED_EDGE ( 'NONE', *, *, #2195, .F. ) ;
#7136 = VERTEX_POINT ( 'NONE', #4805 ) ;
#7137 = DIRECTION ( 'NONE',  ( 0.000000000000000000, 1.000000000000000000, 0.000000000000000000 ) ) ;
#7138 = DIRECTION ( 'NONE',  ( 0.000000000000000000, 0.000000000000000000, -1.000000000000000000 ) ) ;
#7139 = VERTEX_POINT ( 'NONE', #2783 ) ;
#7140 = CARTESIAN_POINT ( 'NONE',  ( 0.6700000000000001510, 11.70000000000000462, -0.6000000000000001998 ) ) ;
#7141 = ORIENTED_EDGE ( 'NONE', *, *, #856, .F. ) ;
#7142 = CIRCLE ( 'NONE', #8611, 4.099999999999999645 ) ;
#7143 = PLANE ( 'NONE',  #5637 ) ;
#7144 = DIRECTION ( 'NONE',  ( -1.000000000000000000, -8.850629979473506011E-17, 0.000000000000000000 ) ) ;
#7145 = FACE_OUTER_BOUND ( 'NONE', #261, .T. ) ;
#7146 = EDGE_LOOP ( 'NONE', ( #7939, #8962, #324, #8705 ) ) ;
#7147 = DIRECTION ( 'NONE',  ( 1.000000000000000000, -1.606225440719265627E-16, 1.931541112668179645E-15 ) ) ;
#7148 = FACE_OUTER_BOUND ( 'NONE', #3156, .T. ) ;
#7149 = AXIS2_PLACEMENT_3D ( 'NONE', #8835, #2846, #7684 ) ;
#7150 = CIRCLE ( 'NONE', #8916, 0.6500000000000000222 ) ;
#7151 = ORIENTED_EDGE ( 'NONE', *, *, #7847, .F. ) ;
#7152 = DIRECTION ( 'NONE',  ( -1.495451272393799296E-16, 1.000000000000000000, 0.000000000000000000 ) ) ;
#7153 = CARTESIAN_POINT ( 'NONE',  ( 0.0008203932499369634770, 11.70000000000000462, 4.781147327278692800E-17 ) ) ;
#7154 = CARTESIAN_POINT ( 'NONE',  ( 0.000000000000000000, 8.900000000000000355, 0.000000000000000000 ) ) ;
#7155 = AXIS2_PLACEMENT_3D ( 'NONE', #5513, #4220, #712 ) ;
#7156 = VERTEX_POINT ( 'NONE', #6241 ) ;
#7157 = VERTEX_POINT ( 'NONE', #2085 ) ;
#7158 = EDGE_CURVE ( 'NONE', #7345, #2449, #6883, .T. ) ;
#7159 = VERTEX_POINT ( 'NONE', #7024 ) ;
#7160 = DIRECTION ( 'NONE',  ( 0.000000000000000000, 0.000000000000000000, -1.000000000000000000 ) ) ;
#7161 = LINE ( 'NONE', #1571, #7205 ) ;
#7162 = DIRECTION ( 'NONE',  ( 1.121588454295349533E-16, -1.000000000000000000, 0.000000000000000000 ) ) ;
#7163 = B_SPLINE_CURVE_WITH_KNOTS ( 'NONE', 3,
 ( #852, #2375, #3663, #5179 ),
 .UNSPECIFIED., .F., .F.,
 ( 4, 4 ),
 ( 1.874846287083661611E-16, 0.0007707912170038328176 ),
 .UNSPECIFIED. ) ;
#7164 = CARTESIAN_POINT ( 'NONE',  ( 2.324999999999999734, -4.750515463917523107, 0.000000000000000000 ) ) ;
#7165 = CARTESIAN_POINT ( 'NONE',  ( -4.911598099521928162, -1.550515463917520487, -9.101887738487548063 ) ) ;
#7166 = VERTEX_POINT ( 'NONE', #9056 ) ;
#7167 = EDGE_CURVE ( 'NONE', #597, #3828, #6188, .T. ) ;
#7168 = ORIENTED_EDGE ( 'NONE', *, *, #7377, .F. ) ;
#7169 = DIRECTION ( 'NONE',  ( 0.8778780114862319017, 7.769773446780632914E-17, -0.4788843252278979223 ) ) ;
#7170 = EDGE_CURVE ( 'NONE', #2674, #9007, #2068, .T. ) ;
#7171 = ORIENTED_EDGE ( 'NONE', *, *, #3289, .T. ) ;
#7172 = EDGE_CURVE ( 'NONE', #6937, #865, #5602, .T. ) ;
#7173 = LINE ( 'NONE', #2187, #4624 ) ;
#7174 = EDGE_CURVE ( 'NONE', #2766, #5559, #5589, .T. ) ;
#7175 = DIRECTION ( 'NONE',  ( -1.445602896647339163E-16, -1.000000000000000000, 0.000000000000000000 ) ) ;
#7176 = CARTESIAN_POINT ( 'NONE',  ( -4.500000000000001776, 4.349484536082480091, -8.691935007006806825E-15 ) ) ;
#7177 = DIRECTION ( 'NONE',  ( 5.782411586589355667E-15, -1.000000000000000000, 0.000000000000000000 ) ) ;
#7178 = CARTESIAN_POINT ( 'NONE',  ( 0.003438877362783012304, 8.500000000000000000, 3.351279252918741403 ) ) ;
#7179 = CARTESIAN_POINT ( 'NONE',  ( -1.090871211463572132, 0.9500000000000040634, 0.000000000000000000 ) ) ;
#7180 = CARTESIAN_POINT ( 'NONE',  ( 0.4999999999999982792, -2.050000000000000711, 0.5000000000000000000 ) ) ;
#7181 = EDGE_CURVE ( 'NONE', #2227, #5807, #1400, .T. ) ;
#7182 = ORIENTED_EDGE ( 'NONE', *, *, #6500, .T. ) ;
#7183 = CARTESIAN_POINT ( 'NONE',  ( 1.479999999999999982, 10.90000000000000036, 0.4999999999999998890 ) ) ;
#7184 = EDGE_CURVE ( 'NONE', #594, #4352, #7512, .T. ) ;
#7185 = DIRECTION ( 'NONE',  ( 0.000000000000000000, 0.000000000000000000, 1.000000000000000000 ) ) ;
#7186 = CYLINDRICAL_SURFACE ( 'NONE', #6562, 0.6500000000000001332 ) ;
#7187 = PLANE ( 'NONE',  #1958 ) ;
#7188 = FACE_BOUND ( 'NONE', #5617, .T. ) ;
#7189 = DIRECTION ( 'NONE',  ( 0.000000000000000000, 0.000000000000000000, 1.000000000000000000 ) ) ;
#7190 = VERTEX_POINT ( 'NONE', #5077 ) ;
#7191 = PLANE ( 'NONE',  #6643 ) ;
#7192 = DIRECTION ( 'NONE',  ( 0.000000000000000000, 0.000000000000000000, -1.000000000000000000 ) ) ;
#7193 = ORIENTED_EDGE ( 'NONE', *, *, #3662, .T. ) ;
#7194 = LINE ( 'NONE', #8484, #4407 ) ;
#7195 = DIRECTION ( 'NONE',  ( 0.000000000000000000, 0.000000000000000000, 1.000000000000000000 ) ) ;
#7196 = DIRECTION ( 'NONE',  ( -0.000000000000000000, -0.000000000000000000, -1.000000000000000000 ) ) ;
#7197 = ORIENTED_EDGE ( 'NONE', *, *, #8950, .T. ) ;
#7198 = ORIENTED_EDGE ( 'NONE', *, *, #1910, .T. ) ;
#7199 = ORIENTED_EDGE ( 'NONE', *, *, #6485, .F. ) ;
#7200 = PRESENTATION_STYLE_ASSIGNMENT (( #8444 ) ) ;
#7201 = CARTESIAN_POINT ( 'NONE',  ( -3.250000000000001332, -5.549999999999998934, -1.350000000000000089 ) ) ;
#7202 = CARTESIAN_POINT ( 'NONE',  ( -1.900000000000001910, -2.700000000000000622, 0.1000000000000000056 ) ) ;
#7203 = DIRECTION ( 'NONE',  ( 0.000000000000000000, 0.000000000000000000, -1.000000000000000000 ) ) ;
#7204 = EDGE_CURVE ( 'NONE', #7081, #6777, #5029, .T. ) ;
#7205 = VECTOR ( 'NONE', #4249, 1000.000000000000000 ) ;
#7206 = CARTESIAN_POINT ( 'NONE',  ( -1.750000000000000222, -5.549999999999999822, 1.000000000000000000 ) ) ;
#7207 = ORIENTED_EDGE ( 'NONE', *, *, #4844, .T. ) ;
#7208 = ORIENTED_EDGE ( 'NONE', *, *, #1371, .T. ) ;
#7209 = DIRECTION ( 'NONE',  ( 1.000000000000000000, 0.000000000000000000, 0.000000000000000000 ) ) ;
#7210 = VERTEX_POINT ( 'NONE', #7164 ) ;
#7211 = ORIENTED_EDGE ( 'NONE', *, *, #6476, .F. ) ;
#7212 = VECTOR ( 'NONE', #6177, 1000.000000000000000 ) ;
#7213 = DIRECTION ( 'NONE',  ( 0.000000000000000000, 0.000000000000000000, -1.000000000000000000 ) ) ;
#7214 = PLANE ( 'NONE',  #1411 ) ;
#7215 = DIRECTION ( 'NONE',  ( 1.000000000000000000, 0.000000000000000000, 0.000000000000000000 ) ) ;
#7216 = CARTESIAN_POINT ( 'NONE',  ( 1.899999999999998801, 5.100000000000004086, 0.1000000000000000056 ) ) ;
#7217 = ADVANCED_FACE ( 'NONE', ( #4385 ), #5726, .T. ) ;
#7218 = DIRECTION ( 'NONE',  ( 0.000000000000000000, 0.000000000000000000, -1.000000000000000000 ) ) ;
#7219 = ADVANCED_FACE ( 'NONE', ( #2222 ), #5816, .T. ) ;
#7220 = LINE ( 'NONE', #897, #908 ) ;
#7221 = ORIENTED_EDGE ( 'NONE', *, *, #2486, .F. ) ;
#7222 = ORIENTED_EDGE ( 'NONE', *, *, #4463, .F. ) ;
#7223 = CARTESIAN_POINT ( 'NONE',  ( -4.500000000000003553, -2.450515463917520176, 0.4000000000000000777 ) ) ;
#7224 = DIRECTION ( 'NONE',  ( -8.850629979473508477E-17, 1.000000000000000000, -1.358334161808126433E-32 ) ) ;
#7225 = DIRECTION ( 'NONE',  ( 0.000000000000000000, -1.000000000000000000, 0.000000000000000000 ) ) ;
#7226 = EDGE_CURVE ( 'NONE', #3103, #7969, #7900, .T. ) ;
#7227 = CARTESIAN_POINT ( 'NONE',  ( 2.600000000000000533, 4.049484536082481156, -4.900000000000009237 ) ) ;
#7228 = EDGE_CURVE ( 'NONE', #2336, #7139, #1193, .T. ) ;
#7229 = EDGE_CURVE ( 'NONE', #948, #3242, #6374, .T. ) ;
#7230 = ADVANCED_FACE ( 'NONE', ( #3693 ), #242, .T. ) ;
#7231 = CARTESIAN_POINT ( 'NONE',  ( -0.4999999999999997780, 10.90000000000000036, 1.500000000000000000 ) ) ;
#7232 = DIRECTION ( 'NONE',  ( -1.931541112668179251E-15, 0.000000000000000000, 1.000000000000000000 ) ) ;
#7233 = AXIS2_PLACEMENT_3D ( 'NONE', #2710, #5387, #2758 ) ;
#7234 = ORIENTED_EDGE ( 'NONE', *, *, #4515, .T. ) ;
#7235 = PLANE ( 'NONE',  #7538 ) ;
#7236 = DIRECTION ( 'NONE',  ( 8.850629979473506011E-17, -1.000000000000000000, 0.000000000000000000 ) ) ;
#7237 = ORIENTED_EDGE ( 'NONE', *, *, #8174, .F. ) ;
#7238 = VECTOR ( 'NONE', #8782, 1000.000000000000000 ) ;
#7239 = CARTESIAN_POINT ( 'NONE',  ( -4.900000000000000355, 1.449484536082479957, 0.4000000000000000222 ) ) ;
#7240 = PLANE ( 'NONE',  #8737 ) ;
#7241 = VECTOR ( 'NONE', #6171, 1000.000000000000000 ) ;
#7242 = DIRECTION ( 'NONE',  ( 0.4226182617407091557, 0.000000000000000000, -0.9063077870366453848 ) ) ;
#7243 = VERTEX_POINT ( 'NONE', #840 ) ;
#7244 = PRESENTATION_LAYER_ASSIGNMENT (  '', '', ( #7530 ) ) ;
#7245 = AXIS2_PLACEMENT_3D ( 'NONE', #1414, #5606, #5699 ) ;
#7246 = ORIENTED_EDGE ( 'NONE', *, *, #7204, .T. ) ;
#7247 = CARTESIAN_POINT ( 'NONE',  ( 4.500000000000002665, 2.849484536082478758, -4.900000000000009237 ) ) ;
#7248 = LINE ( 'NONE', #3148, #6969 ) ;
#7249 = DIRECTION ( 'NONE',  ( -0.000000000000000000, -0.000000000000000000, -1.000000000000000000 ) ) ;
#7250 = AXIS2_PLACEMENT_3D ( 'NONE', #9101, #7025, #2744 ) ;
#7251 = DIRECTION ( 'NONE',  ( 0.000000000000000000, 1.000000000000000000, 0.000000000000000000 ) ) ;
#7252 = EDGE_LOOP ( 'NONE', ( #4375, #6224 ) ) ;
#7253 = ORIENTED_EDGE ( 'NONE', *, *, #6329, .T. ) ;
#7254 = VECTOR ( 'NONE', #2346, 1000.000000000000000 ) ;
#7255 = FACE_OUTER_BOUND ( 'NONE', #8862, .T. ) ;
#7256 = VECTOR ( 'NONE', #3754, 1000.000000000000000 ) ;
#7257 = ORIENTED_EDGE ( 'NONE', *, *, #7003, .T. ) ;
#7258 = EDGE_LOOP ( 'NONE', ( #5826, #2622, #4392, #1490, #4818, #3388 ) ) ;
#7259 = DIRECTION ( 'NONE',  ( -0.000000000000000000, -0.000000000000000000, -1.000000000000000000 ) ) ;
#7260 = DIRECTION ( 'NONE',  ( 8.850629979473506011E-17, 1.000000000000000000, 0.000000000000000000 ) ) ;
#7261 = LINE ( 'NONE', #940, #7256 ) ;
#7262 = CARTESIAN_POINT ( 'NONE',  ( 4.500000000000002665, 0.4494845360824784031, -7.400446128206079166 ) ) ;
#7263 = CARTESIAN_POINT ( 'NONE',  ( 4.900000000000000355, 0.4494845360824782921, -7.400446128206079166 ) ) ;
#7264 = AXIS2_PLACEMENT_3D ( 'NONE', #7276, #6622, #2946 ) ;
#7266 = CIRCLE ( 'NONE', #8145, 0.6500000000000000222 ) ;
#7265 = LINE ( 'NONE', #945, #7719 ) ;
#7267 = ORIENTED_EDGE ( 'NONE', *, *, #4007, .F. ) ;
#7268 = CARTESIAN_POINT ( 'NONE',  ( -2.350000000000001865, 4.650000000000003908, 5.599999999999999645 ) ) ;
#7269 = ORIENTED_EDGE ( 'NONE', *, *, #3565, .T. ) ;
#7270 = CARTESIAN_POINT ( 'NONE',  ( -4.400000000000002132, -5.950000000000000178, 5.000000000000000000 ) ) ;
#7271 = ORIENTED_EDGE ( 'NONE', *, *, #8697, .T. ) ;
#7272 = EDGE_CURVE ( 'NONE', #8261, #186, #6509, .T. ) ;
#7273 = CARTESIAN_POINT ( 'NONE',  ( 3.261177379365211237, 10.90000000000000036, -0.5047000102205828620 ) ) ;
#7274 = VECTOR ( 'NONE', #3851, 1000.000000000000000 ) ;
#7275 = CARTESIAN_POINT ( 'NONE',  ( -4.499999999999992895, 6.873989284057756956E-16, -4.300000000000008704 ) ) ;
#7276 = CARTESIAN_POINT ( 'NONE',  ( 4.500000000000003553, -5.950515463917520620, 0.4000000000000000222 ) ) ;
#7277 = CARTESIAN_POINT ( 'NONE',  ( 3.261177379365211237, 10.90000000000000036, -0.5047000102205829730 ) ) ;
#7278 = LINE ( 'NONE', #4502, #8996 ) ;
#7279 = AXIS2_PLACEMENT_3D ( 'NONE', #9024, #638, #2802 ) ;
#7280 = ORIENTED_EDGE ( 'NONE', *, *, #2441, .F. ) ;
#7281 = ORIENTED_EDGE ( 'NONE', *, *, #5752, .T. ) ;
#7282 = LINE ( 'NONE', #5976, #7961 ) ;
#7283 = ADVANCED_FACE ( 'NONE', ( #195 ), #3057, .T. ) ;
#7284 = DIRECTION ( 'NONE',  ( 0.000000000000000000, 0.000000000000000000, 1.000000000000000000 ) ) ;
#7285 = EDGE_CURVE ( 'NONE', #6183, #7486, #3744, .T. ) ;
#7286 = ORIENTED_EDGE ( 'NONE', *, *, #6311, .F. ) ;
#7287 = ADVANCED_FACE ( 'NONE', ( #5162 ), #60, .F. ) ;
#7288 = VECTOR ( 'NONE', #7242, 1000.000000000000114 ) ;
#7289 = AXIS2_PLACEMENT_3D ( 'NONE', #5089, #5646, #756 ) ;
#7290 = FACE_OUTER_BOUND ( 'NONE', #4422, .T. ) ;
#7291 = CYLINDRICAL_SURFACE ( 'NONE', #7413, 0.4000000000000001887 ) ;
#7292 = CARTESIAN_POINT ( 'NONE',  ( -4.499999999999989342, 1.449484536082479513, -5.900000000000009237 ) ) ;
#7293 = ORIENTED_EDGE ( 'NONE', *, *, #7957, .T. ) ;
#7294 = AXIS2_PLACEMENT_3D ( 'NONE', #5410, #8220, #520 ) ;
#7295 = EDGE_CURVE ( 'NONE', #4618, #2015, #2359, .T. ) ;
#7296 = ORIENTED_EDGE ( 'NONE', *, *, #1203, .F. ) ;
#7297 = PLANE ( 'NONE',  #3808 ) ;
#7298 = DIRECTION ( 'NONE',  ( 1.000000000000000000, 8.850629979473506011E-17, -3.070679120515363007E-32 ) ) ;
#7299 = CARTESIAN_POINT ( 'NONE',  ( -4.499999999999992006, 4.349484536082480091, -4.300000000000008704 ) ) ;
#7300 = DIRECTION ( 'NONE',  ( -1.000000000000000000, -1.495451272393799296E-16, 0.000000000000000000 ) ) ;
#7301 = CIRCLE ( 'NONE', #7884, 0.9000000000000002442 ) ;
#7302 = DIRECTION ( 'NONE',  ( 0.000000000000000000, -1.000000000000000000, 0.000000000000000000 ) ) ;
#7303 = ORIENTED_EDGE ( 'NONE', *, *, #8234, .F. ) ;
#7304 = PRODUCT ( 'CUI_DEVICES_PT01-D115D-B104', 'CUI_DEVICES_PT01-D115D-B104', '', ( #8369 ) ) ;
#7305 = ORIENTED_EDGE ( 'NONE', *, *, #1201, .F. ) ;
#7306 = VECTOR ( 'NONE', #3247, 1000.000000000000000 ) ;
#7307 = VERTEX_POINT ( 'NONE', #7066 ) ;
#7308 = ORIENTED_EDGE ( 'NONE', *, *, #8631, .T. ) ;
#7309 = CARTESIAN_POINT ( 'NONE',  ( 4.911598099521945926, 0.4494845360824792913, -9.101887738487540958 ) ) ;
#7310 = DIRECTION ( 'NONE',  ( -1.000000000000000000, 0.000000000000000000, 0.000000000000000000 ) ) ;
#7311 = LINE ( 'NONE', #986, #4014 ) ;
#7312 = CARTESIAN_POINT ( 'NONE',  ( 1.750000000000000000, -6.500000000000001776, 1.100000000000000089 ) ) ;
#7313 = LINE ( 'NONE', #1674, #8571 ) ;
#7314 = DIRECTION ( 'NONE',  ( -0.000000000000000000, -1.000000000000000000, -0.000000000000000000 ) ) ;
#7315 = ORIENTED_EDGE ( 'NONE', *, *, #3469, .T. ) ;
#7316 = DIRECTION ( 'NONE',  ( 0.000000000000000000, 0.000000000000000000, 1.000000000000000000 ) ) ;
#7317 = ORIENTED_EDGE ( 'NONE', *, *, #391, .F. ) ;
#7318 = DIRECTION ( 'NONE',  ( 0.9999994735200916640, 0.000000000000000000, -0.001026138167772390605 ) ) ;
#7319 = VERTEX_POINT ( 'NONE', #2877 ) ;
#7320 = FACE_OUTER_BOUND ( 'NONE', #4584, .T. ) ;
#7321 = CARTESIAN_POINT ( 'NONE',  ( -5.259901047426943421, -1.550515463917520487, -9.291887738487545789 ) ) ;
#7322 = EDGE_CURVE ( 'NONE', #6595, #3812, #2182, .T. ) ;
#7323 = PLANE ( 'NONE',  #220 ) ;
#7324 = DIRECTION ( 'NONE',  ( 1.000000000000000000, 0.000000000000000000, 0.000000000000000000 ) ) ;
#7325 = ORIENTED_EDGE ( 'NONE', *, *, #3790, .T. ) ;
#7326 = LINE ( 'NONE', #308, #7076 ) ;
#7327 = FACE_OUTER_BOUND ( 'NONE', #3486, .T. ) ;
#7328 = ORIENTED_EDGE ( 'NONE', *, *, #1743, .F. ) ;
#7329 = FACE_OUTER_BOUND ( 'NONE', #6739, .T. ) ;
#7330 = ADVANCED_FACE ( 'NONE', ( #2272 ), #7807, .F. ) ;
#7331 = CARTESIAN_POINT ( 'NONE',  ( -2.500000000000000000, -6.500000000000001776, 1.300000000000000266 ) ) ;
#7332 = VERTEX_POINT ( 'NONE', #3607 ) ;
#7333 = EDGE_CURVE ( 'NONE', #7411, #7862, #5769, .T. ) ;
#7334 = EDGE_LOOP ( 'NONE', ( #4492, #3781 ) ) ;
#7335 = CARTESIAN_POINT ( 'NONE',  ( -3.250000000000000888, -5.549999999999999822, -6.159999999999998366 ) ) ;
#7336 = DIRECTION ( 'NONE',  ( 0.000000000000000000, 0.000000000000000000, -1.000000000000000000 ) ) ;
#7337 = LINE ( 'NONE', #3924, #2545 ) ;
#7338 = EDGE_CURVE ( 'NONE', #4510, #4555, #881, .T. ) ;
#7339 = CARTESIAN_POINT ( 'NONE',  ( 0.7500000000000000000, 0.4000000000000000222, 1.000000000000000000 ) ) ;
#7340 = EDGE_CURVE ( 'NONE', #6618, #3747, #4611, .T. ) ;
#7341 = VERTEX_POINT ( 'NONE', #1061 ) ;
#7342 = ADVANCED_FACE ( 'NONE', ( #8116 ), #4560, .T. ) ;
#7343 = EDGE_CURVE ( 'NONE', #327, #8488, #184, .T. ) ;
#7344 = ORIENTED_EDGE ( 'NONE', *, *, #569, .T. ) ;
#7345 = VERTEX_POINT ( 'NONE', #3149 ) ;
#7346 = ORIENTED_EDGE ( 'NONE', *, *, #80, .F. ) ;
#7347 = CYLINDRICAL_SURFACE ( 'NONE', #4919, 0.6500000000000000222 ) ;
#7348 = CARTESIAN_POINT ( 'NONE',  ( -4.899999999999995914, -5.150515463917519021, -5.300000000000009592 ) ) ;
#7349 = DIRECTION ( 'NONE',  ( -0.000000000000000000, -0.000000000000000000, -1.000000000000000000 ) ) ;
#7350 = AXIS2_PLACEMENT_3D ( 'NONE', #5814, #8629, #7934 ) ;
#7351 = DIRECTION ( 'NONE',  ( -0.000000000000000000, -1.000000000000000000, -0.000000000000000000 ) ) ;
#7352 = DIRECTION ( 'NONE',  ( 0.000000000000000000, -1.000000000000000000, 0.000000000000000000 ) ) ;
#7353 = FACE_OUTER_BOUND ( 'NONE', #6138, .T. ) ;
#7354 = ORIENTED_EDGE ( 'NONE', *, *, #2042, .F. ) ;
#7355 = CARTESIAN_POINT ( 'NONE',  ( -4.500000000000003553, -5.450515463917521508, -4.336808689942017736E-15 ) ) ;
#7356 = ORIENTED_EDGE ( 'NONE', *, *, #338, .T. ) ;
#7357 = LINE ( 'NONE', #3804, #2568 ) ;
#7358 = CARTESIAN_POINT ( 'NONE',  ( -0.7499999999999998890, -5.549999999999998934, 1.300000000000000266 ) ) ;
#7359 = DIRECTION ( 'NONE',  ( 1.000000000000000000, 1.971276677246371519E-16, 0.000000000000000000 ) ) ;
#7360 = CARTESIAN_POINT ( 'NONE',  ( 2.999999999999998224, -3.750000000000000000, 5.599999999999999645 ) ) ;
#7361 = ORIENTED_EDGE ( 'NONE', *, *, #1531, .T. ) ;
#7362 = DIRECTION ( 'NONE',  ( 0.000000000000000000, 0.000000000000000000, 1.000000000000000000 ) ) ;
#7363 = VECTOR ( 'NONE', #5552, 1000.000000000000000 ) ;
#7364 = CARTESIAN_POINT ( 'NONE',  ( 0.000000000000000000, -6.500000000000001776, 1.100000000000000089 ) ) ;
#7365 = PLANE ( 'NONE',  #3462 ) ;
#7366 = EDGE_LOOP ( 'NONE', ( #502, #8029, #8419, #7822 ) ) ;
#7367 = CARTESIAN_POINT ( 'NONE',  ( -1.750000000000000000, 0.4000000000000000222, 1.300000000000000266 ) ) ;
#7368 = PRODUCT_DEFINITION_SHAPE ( 'NONE', 'NONE',  #9132 ) ;
#7370 = VECTOR ( 'NONE', #6018, 1000.000000000000000 ) ;
#7369 = DIRECTION ( 'NONE',  ( 1.000000000000000000, 8.850629979473506011E-17, 0.000000000000000000 ) ) ;
#7371 = EDGE_LOOP ( 'NONE', ( #5334, #6162, #5555, #1057 ) ) ;
#7372 = LINE ( 'NONE', #8025, #3017 ) ;
#7373 = ORIENTED_EDGE ( 'NONE', *, *, #405, .T. ) ;
#7374 = VERTEX_POINT ( 'NONE', #7299 ) ;
#7375 = ORIENTED_EDGE ( 'NONE', *, *, #4959, .F. ) ;
#7376 = AXIS2_PLACEMENT_3D ( 'NONE', #4119, #7632, #2699 ) ;
#7377 = EDGE_CURVE ( 'NONE', #7699, #2198, #3875, .T. ) ;
#7378 = CYLINDRICAL_SURFACE ( 'NONE', #5131, 3.100000000000000977 ) ;
#7379 = DIRECTION ( 'NONE',  ( 0.000000000000000000, 0.000000000000000000, 1.000000000000000000 ) ) ;
#7380 = CARTESIAN_POINT ( 'NONE',  ( 5.708436666169093954, -1.550515463917522041, -8.329999999999998295 ) ) ;
#7381 = DIRECTION ( 'NONE',  ( 1.000000000000000000, -1.224646799147353207E-16, 8.572512939234082624E-49 ) ) ;
#7382 = AXIS2_PLACEMENT_3D ( 'NONE', #3208, #1126, #4625 ) ;
#7383 = VECTOR ( 'NONE', #8972, 1000.000000000000000 ) ;
#7384 = ORIENTED_EDGE ( 'NONE', *, *, #8699, .F. ) ;
#7385 = ORIENTED_EDGE ( 'NONE', *, *, #4563, .F. ) ;
#7386 = EDGE_LOOP ( 'NONE', ( #6836, #45, #5275, #4565 ) ) ;
#7387 = EDGE_LOOP ( 'NONE', ( #6136, #4447, #6016, #8888 ) ) ;
#7388 = EDGE_CURVE ( 'NONE', #5865, #7136, #5949, .T. ) ;
#7389 = DIRECTION ( 'NONE',  ( -0.000000000000000000, -1.000000000000000000, -0.000000000000000000 ) ) ;
#7390 = VECTOR ( 'NONE', #6601, 1000.000000000000000 ) ;
#7391 = CARTESIAN_POINT ( 'NONE',  ( 4.399999999999998579, 5.100000000000004086, 0.000000000000000000 ) ) ;
#7392 = EDGE_CURVE ( 'NONE', #3615, #1291, #5353, .T. ) ;
#7393 = PLANE ( 'NONE',  #7700 ) ;
#7394 = EDGE_CURVE ( 'NONE', #5489, #3103, #3784, .T. ) ;
#7395 = CARTESIAN_POINT ( 'NONE',  ( 0.000000000000000000, 8.900000000000000355, 0.000000000000000000 ) ) ;
#7396 = CARTESIAN_POINT ( 'NONE',  ( -4.500000000000002665, 4.349484536082479202, -4.900000000000009237 ) ) ;
#7397 = CARTESIAN_POINT ( 'NONE',  ( -3.600000000000001865, 5.150000000000003908, 0.000000000000000000 ) ) ;
#7398 = VERTEX_POINT ( 'NONE', #8766 ) ;
#7399 = AXIS2_PLACEMENT_3D ( 'NONE', #2771, #8255, #1937 ) ;
#7400 = CARTESIAN_POINT ( 'NONE',  ( 3.261177379365211237, 10.20000000000000107, -0.5047000102205828620 ) ) ;
#7401 = ORIENTED_EDGE ( 'NONE', *, *, #3785, .T. ) ;
#7402 = ADVANCED_FACE ( 'NONE', ( #279 ), #3099, .T. ) ;
#7403 = DIRECTION ( 'NONE',  ( 0.000000000000000000, -1.000000000000000000, 0.000000000000000000 ) ) ;
#7404 = CARTESIAN_POINT ( 'NONE',  ( 0.000000000000000000, 5.100000000000004086, 0.000000000000000000 ) ) ;
#7405 = AXIS2_PLACEMENT_3D ( 'NONE', #9120, #2804, #6348 ) ;
#7406 = VECTOR ( 'NONE', #3477, 1000.000000000000000 ) ;
#7407 = CARTESIAN_POINT ( 'NONE',  ( 4.900000000000000355, 0.4494845360824787361, 0.4000000000000000222 ) ) ;
#7408 = CARTESIAN_POINT ( 'NONE',  ( -1.900000000000001910, 5.100000000000004086, 0.000000000000000000 ) ) ;
#7409 = EDGE_LOOP ( 'NONE', ( #8017, #1429, #6139, #1603, #5660, #1841, #3023, #6293, #8680, #4944, #5935 ) ) ;
#7410 = VECTOR ( 'NONE', #2471, 1000.000000000000000 ) ;
#7411 = VERTEX_POINT ( 'NONE', #6737 ) ;
#7412 = CARTESIAN_POINT ( 'NONE',  ( 4.900000000000000355, 1.349484536082478536, 0.4000000000000000222 ) ) ;
#7413 = AXIS2_PLACEMENT_3D ( 'NONE', #872, #3684, #5091 ) ;
#7414 = LINE ( 'NONE', #1875, #3300 ) ;
#7415 = FACE_OUTER_BOUND ( 'NONE', #2679, .T. ) ;
#7416 = DIRECTION ( 'NONE',  ( 0.000000000000000000, 0.000000000000000000, 1.000000000000000000 ) ) ;
#7417 = VECTOR ( 'NONE', #2713, 1000.000000000000114 ) ;
#7418 = CARTESIAN_POINT ( 'NONE',  ( 3.649999999999998135, 4.650000000000004796, 5.000000000000000000 ) ) ;
#7419 = ORIENTED_EDGE ( 'NONE', *, *, #4190, .F. ) ;
#7420 = LINE ( 'NONE', #1105, #70 ) ;
#7421 = VERTEX_POINT ( 'NONE', #371 ) ;
#7422 = ORIENTED_EDGE ( 'NONE', *, *, #5191, .F. ) ;
#7423 = ORIENTED_EDGE ( 'NONE', *, *, #3176, .T. ) ;
#7424 = AXIS2_PLACEMENT_3D ( 'NONE', #7798, #4333, #1342 ) ;
#7425 = VECTOR ( 'NONE', #5829, 1000.000000000000000 ) ;
#7426 = FACE_OUTER_BOUND ( 'NONE', #8619, .T. ) ;
#7427 = DIRECTION ( 'NONE',  ( -1.000000000000000000, 0.000000000000000000, 0.000000000000000000 ) ) ;
#7428 = DIRECTION ( 'NONE',  ( 1.000000000000000000, 8.850629979473506011E-17, 0.000000000000000000 ) ) ;
#7429 = LINE ( 'NONE', #4562, #8869 ) ;
#7430 = VECTOR ( 'NONE', #5745, 1000.000000000000000 ) ;
#7431 = VECTOR ( 'NONE', #7502, 1000.000000000000000 ) ;
#7432 = EDGE_CURVE ( 'NONE', #4634, #1651, #8072, .T. ) ;
#7433 = ORIENTED_EDGE ( 'NONE', *, *, #3007, .T. ) ;
#7434 = ORIENTED_EDGE ( 'NONE', *, *, #1964, .F. ) ;
#7435 = ORIENTED_EDGE ( 'NONE', *, *, #7731, .F. ) ;
#7436 = VERTEX_POINT ( 'NONE', #5260 ) ;
#7437 = DIRECTION ( 'NONE',  ( 0.000000000000000000, 0.000000000000000000, -1.000000000000000000 ) ) ;
#7438 = FACE_OUTER_BOUND ( 'NONE', #3915, .T. ) ;
#7439 = DIRECTION ( 'NONE',  ( -0.000000000000000000, -1.000000000000000000, -0.000000000000000000 ) ) ;
#7440 = LINE ( 'NONE', #1218, #6184 ) ;
#7441 = LINE ( 'NONE', #1858, #907 ) ;
#7442 = LINE ( 'NONE', #3209, #6098 ) ;
#7443 = EDGE_CURVE ( 'NONE', #2525, #1174, #7337, .T. ) ;
#7444 = VERTEX_POINT ( 'NONE', #3823 ) ;
#7445 = AXIS2_PLACEMENT_3D ( 'NONE', #1855, #1165, #3974 ) ;
#7446 = ADVANCED_FACE ( 'NONE', ( #5994 ), #3198, .T. ) ;
#7447 = AXIS2_PLACEMENT_3D ( 'NONE', #7683, #1961, #8368 ) ;
#7448 = VECTOR ( 'NONE', #140, 1000.000000000000000 ) ;
#7449 = CARTESIAN_POINT ( 'NONE',  ( -5.236132948075079341, 0.4494845360824796243, -8.396377958773982186 ) ) ;
#7450 = EDGE_CURVE ( 'NONE', #1402, #5894, #4659, .T. ) ;
#7451 = VERTEX_POINT ( 'NONE', #8170 ) ;
#7452 = DIRECTION ( 'NONE',  ( 7.228014483236699514E-16, -1.000000000000000000, 0.000000000000000000 ) ) ;
#7453 = CARTESIAN_POINT ( 'NONE',  ( 4.500000000000002665, -3.540251991789402774E-17, -4.299999999999999822 ) ) ;
#7454 = CARTESIAN_POINT ( 'NONE',  ( -0.5000000000000015543, 0.000000000000000000, 0.000000000000000000 ) ) ;
#7455 = EDGE_CURVE ( 'NONE', #7894, #7477, #1845, .T. ) ;
#7456 = LINE ( 'NONE', #7497, #7833 ) ;
#7457 = ADVANCED_FACE ( 'NONE', ( #2909 ), #1693, .F. ) ;
#7458 = ORIENTED_EDGE ( 'NONE', *, *, #4526, .T. ) ;
#7459 = VERTEX_POINT ( 'NONE', #8570 ) ;
#7460 = CARTESIAN_POINT ( 'NONE',  ( 0.7500000000000000000, 0.4000000000000000222, 1.300000000000000266 ) ) ;
#7461 = CARTESIAN_POINT ( 'NONE',  ( 0.7500000000000000000, -6.500000000000001776, 1.300000000000000266 ) ) ;
#7462 = DIRECTION ( 'NONE',  ( -1.931541112668179645E-15, 1.551245237481413525E-31, 1.000000000000000000 ) ) ;
#7463 = CARTESIAN_POINT ( 'NONE',  ( 4.500000000000002665, -3.950515463917521508, -4.299999999999999822 ) ) ;
#7464 = DIRECTION ( 'NONE',  ( 1.000000000000000000, -2.491288438666609203E-16, -9.003534458301204471E-32 ) ) ;
#7465 = VERTEX_POINT ( 'NONE', #6543 ) ;
#7466 = DIRECTION ( 'NONE',  ( -0.000000000000000000, -1.000000000000000000, -0.000000000000000000 ) ) ;
#7467 = ORIENTED_EDGE ( 'NONE', *, *, #129, .F. ) ;
#7468 = ORIENTED_EDGE ( 'NONE', *, *, #10, .T. ) ;
#7469 = ORIENTED_EDGE ( 'NONE', *, *, #3383, .F. ) ;
#7470 = VERTEX_POINT ( 'NONE', #1561 ) ;
#7471 = VERTEX_POINT ( 'NONE', #3681 ) ;
#7472 = PLANE ( 'NONE',  #4539 ) ;
#7473 = CARTESIAN_POINT ( 'NONE',  ( -0.5000000000000027756, -0.6408712114635669588, 0.5000000000000000000 ) ) ;
#7474 = LINE ( 'NONE', #3968, #1945 ) ;
#7475 = ORIENTED_EDGE ( 'NONE', *, *, #7394, .T. ) ;
#7476 = VERTEX_POINT ( 'NONE', #5199 ) ;
#7477 = VERTEX_POINT ( 'NONE', #96 ) ;
#7478 = VERTEX_POINT ( 'NONE', #4327 ) ;
#7479 = DIRECTION ( 'NONE',  ( 0.000000000000000000, 0.000000000000000000, 1.000000000000000000 ) ) ;
#7480 = DIRECTION ( 'NONE',  ( -1.000000000000000000, -2.168404344971008079E-15, 0.000000000000000000 ) ) ;
#7481 = CARTESIAN_POINT ( 'NONE',  ( 1.090871211463567247, -0.05000000000000071054, 0.000000000000000000 ) ) ;
#7482 = EDGE_CURVE ( 'NONE', #1803, #1108, #628, .T. ) ;
#7483 = LINE ( 'NONE', #1763, #5301 ) ;
#7484 = VECTOR ( 'NONE', #8956, 1000.000000000000000 ) ;
#7485 = CARTESIAN_POINT ( 'NONE',  ( 0.7500000000000000000, -6.700000000000000178, 1.100000000000000089 ) ) ;
#7486 = VERTEX_POINT ( 'NONE', #4506 ) ;
#7487 = ORIENTED_EDGE ( 'NONE', *, *, #4635, .F. ) ;
#7488 = DIRECTION ( 'NONE',  ( 0.000000000000000000, 0.000000000000000000, -1.000000000000000000 ) ) ;
#7489 = VERTEX_POINT ( 'NONE', #8016 ) ;
#7490 = AXIS2_PLACEMENT_3D ( 'NONE', #928, #58, #5682 ) ;
#7491 = DIRECTION ( 'NONE',  ( 1.606225440719267599E-16, 1.000000000000000000, -1.018148511238954428E-16 ) ) ;
#7492 = CARTESIAN_POINT ( 'NONE',  ( -3.400000000000001243, 0.000000000000000000, 0.000000000000000000 ) ) ;
#7493 = ADVANCED_FACE ( 'NONE', ( #7148 ), #5150, .T. ) ;
#7494 = CARTESIAN_POINT ( 'NONE',  ( -5.538016780164189967, -1.550515463917520709, -8.133954347177782651 ) ) ;
#7495 = AXIS2_PLACEMENT_3D ( 'NONE', #3782, #3147, #5858 ) ;
#7496 =( NAMED_UNIT ( * ) PLANE_ANGLE_UNIT ( ) SI_UNIT ( $, .RADIAN. ) );
#7497 = CARTESIAN_POINT ( 'NONE',  ( -3.675000000000000266, 3.649484536082479469, -1.600000000000000089 ) ) ;
#7498 = ORIENTED_EDGE ( 'NONE', *, *, #7229, .T. ) ;
#7499 = ORIENTED_EDGE ( 'NONE', *, *, #4399, .F. ) ;
#7500 = CARTESIAN_POINT ( 'NONE',  ( 0.000000000000000000, 6.000000000000000000, 0.000000000000000000 ) ) ;
#7501 = LINE ( 'NONE', #1187, #789 ) ;
#7502 = DIRECTION ( 'NONE',  ( 0.000000000000000000, 0.000000000000000000, 1.000000000000000000 ) ) ;
#7503 = EDGE_CURVE ( 'NONE', #4352, #594, #8137, .T. ) ;
#7504 = CARTESIAN_POINT ( 'NONE',  ( 0.000000000000000000, -0.5505154639175203757, 0.4000000000000001887 ) ) ;
#7505 = ADVANCED_FACE ( 'NONE', ( #5059 ), #829, .F. ) ;
#7506 = ADVANCED_FACE ( 'NONE', ( #6411 ), #5799, .T. ) ;
#7507 = EDGE_CURVE ( 'NONE', #8802, #4495, #7883, .T. ) ;
#7508 = LINE ( 'NONE', #1191, #8735 ) ;
#7509 = ORIENTED_EDGE ( 'NONE', *, *, #7058, .T. ) ;
#7510 = CARTESIAN_POINT ( 'NONE',  ( 0.000000000000000000, 0.4000000000000000222, 1.000000000000000000 ) ) ;
#7511 = CARTESIAN_POINT ( 'NONE',  ( -4.499999999999990230, 6.873989284057756956E-16, -5.800000000000008704 ) ) ;
#7512 = CIRCLE ( 'NONE', #8689, 0.6750000000000002665 ) ;
#7513 = ORIENTED_EDGE ( 'NONE', *, *, #1613, .T. ) ;
#7514 = ORIENTED_EDGE ( 'NONE', *, *, #904, .F. ) ;
#7515 = ORIENTED_EDGE ( 'NONE', *, *, #2728, .F. ) ;
#7516 = CIRCLE ( 'NONE', #599, 0.2000000000000011768 ) ;
#7517 = DIRECTION ( 'NONE',  ( 0.000000000000000000, -1.000000000000000000, 0.000000000000000000 ) ) ;
#7518 = CARTESIAN_POINT ( 'NONE',  ( 1.479999999999999982, 11.50000000000000000, 0.8499999999999999778 ) ) ;
#7519 = VECTOR ( 'NONE', #8447, 1000.000000000000000 ) ;
#7520 = DIRECTION ( 'NONE',  ( -1.495451272393799049E-16, -1.000000000000000000, 0.000000000000000000 ) ) ;
#7521 = ORIENTED_EDGE ( 'NONE', *, *, #1981, .T. ) ;
#7522 = VECTOR ( 'NONE', #5641, 1000.000000000000000 ) ;
#7523 = ORIENTED_EDGE ( 'NONE', *, *, #2445, .F. ) ;
#7524 = ORIENTED_EDGE ( 'NONE', *, *, #3513, .T. ) ;
#7525 = VERTEX_POINT ( 'NONE', #4461 ) ;
#7526 = FACE_OUTER_BOUND ( 'NONE', #8440, .T. ) ;
#7527 = DIRECTION ( 'NONE',  ( 1.000000000000000000, -1.606225440719265627E-16, 1.931541112668179251E-15 ) ) ;
#7528 = CYLINDRICAL_SURFACE ( 'NONE', #1797, 3.100000000000000977 ) ;
#7529 = CARTESIAN_POINT ( 'NONE',  ( 0.000000000000000000, 13.00000000009049472, -0.5999999999062310962 ) ) ;
#7530 = STYLED_ITEM ( 'NONE', ( #6574 ), #2012 ) ;
#7531 = AXIS2_PLACEMENT_3D ( 'NONE', #5795, #1599, #5004 ) ;
#7532 = DIRECTION ( 'NONE',  ( 0.000000000000000000, 1.000000000000000000, 0.000000000000000000 ) ) ;
#7533 = VERTEX_POINT ( 'NONE', #8617 ) ;
#7534 = FACE_OUTER_BOUND ( 'NONE', #7608, .T. ) ;
#7535 = VECTOR ( 'NONE', #1798, 1000.000000000000000 ) ;
#7536 = ORIENTED_EDGE ( 'NONE', *, *, #6199, .F. ) ;
#7537 = ORIENTED_EDGE ( 'NONE', *, *, #4467, .F. ) ;
#7538 = AXIS2_PLACEMENT_3D ( 'NONE', #9125, #4326, #2204 ) ;
#7539 = FACE_OUTER_BOUND ( 'NONE', #4442, .T. ) ;
#7540 = DIRECTION ( 'NONE',  ( 0.000000000000000000, 0.000000000000000000, 1.000000000000000000 ) ) ;
#7541 = CARTESIAN_POINT ( 'NONE',  ( 4.500000000000002665, -1.550515463917522041, -7.550000000000000711 ) ) ;
#7543 = VECTOR ( 'NONE', #4972, 1000.000000000000000 ) ;
#7542 = DIRECTION ( 'NONE',  ( 0.000000000000000000, 0.000000000000000000, 1.000000000000000000 ) ) ;
#7544 = DIRECTION ( 'NONE',  ( -0.6560590289905036121, 0.000000000000000000, 0.7547095802227752337 ) ) ;
#7545 = ADVANCED_FACE ( 'NONE', ( #4374, #228 ), #3046, .T. ) ;
#7546 = EDGE_LOOP ( 'NONE', ( #6742, #874, #7859, #7222 ) ) ;
#7547 = EDGE_LOOP ( 'NONE', ( #6952, #6458, #4348, #4876, #7942, #9121, #2267 ) ) ;
#7548 = CARTESIAN_POINT ( 'NONE',  ( -3.878914831578275990, -0.5505154639175209308, -8.538556816112469861 ) ) ;
#7549 = DIRECTION ( 'NONE',  ( 1.000000000000000000, 0.000000000000000000, 0.000000000000000000 ) ) ;
#7550 = VECTOR ( 'NONE', #6599, 1000.000000000000000 ) ;
#7551 = CIRCLE ( 'NONE', #8726, 4.099999999999999645 ) ;
#7552 = FACE_OUTER_BOUND ( 'NONE', #6233, .T. ) ;
#7553 = CARTESIAN_POINT ( 'NONE',  ( 4.900000000000000355, -1.550515463917522041, -7.400446128206079166 ) ) ;
#7554 = PLANE ( 'NONE',  #926 ) ;
#7555 = ORIENTED_EDGE ( 'NONE', *, *, #524, .T. ) ;
#7556 = FACE_OUTER_BOUND ( 'NONE', #2071, .T. ) ;
#7557 = LINE ( 'NONE', #5397, #760 ) ;
#7558 = VECTOR ( 'NONE', #6967, 1000.000000000000000 ) ;
#7559 = EDGE_CURVE ( 'NONE', #8706, #4031, #921, .T. ) ;
#7560 = EDGE_CURVE ( 'NONE', #3373, #8245, #779, .T. ) ;
#7561 = ORIENTED_EDGE ( 'NONE', *, *, #6556, .F. ) ;
#7562 = EDGE_CURVE ( 'NONE', #6835, #1427, #480, .T. ) ;
#7563 = ORIENTED_EDGE ( 'NONE', *, *, #5025, .T. ) ;
#7564 = EDGE_CURVE ( 'NONE', #2449, #6208, #3772, .T. ) ;
#7565 = ORIENTED_EDGE ( 'NONE', *, *, #3453, .F. ) ;
#7566 = CIRCLE ( 'NONE', #5940, 4.099999999999999645 ) ;
#7567 = CARTESIAN_POINT ( 'NONE',  ( -2.899999999999999911, -6.700000000000000178, -4.928191693115928797E-17 ) ) ;
#7568 = CARTESIAN_POINT ( 'NONE',  ( 4.412981643411524324, -1.550515463917525372, -11.10811226151246878 ) ) ;
#7569 = DIRECTION ( 'NONE',  ( 0.000000000000000000, 0.000000000000000000, -1.000000000000000000 ) ) ;
#7570 = ADVANCED_FACE ( 'NONE', ( #3088 ), #8708, .F. ) ;
#7571 = ORIENTED_EDGE ( 'NONE', *, *, #644, .F. ) ;
#7572 = AXIS2_PLACEMENT_3D ( 'NONE', #3763, #6532, #7138 ) ;
#7573 = EDGE_CURVE ( 'NONE', #7476, #2344, #5394, .T. ) ;
#7574 = VERTEX_POINT ( 'NONE', #1051 ) ;
#7575 = ORIENTED_EDGE ( 'NONE', *, *, #8231, .T. ) ;
#7576 = ORIENTED_EDGE ( 'NONE', *, *, #6598, .T. ) ;
#7577 = CARTESIAN_POINT ( 'NONE',  ( 1.090871211463567247, 0.9500000000000085043, 0.5000000000000000000 ) ) ;
#7578 = PRODUCT_DEFINITION ( 'UNKNOWN', '', #8473, #6105 ) ;
#7579 = CARTESIAN_POINT ( 'NONE',  ( -1.750000000000000222, -5.549999999999999822, 1.000000000000000000 ) ) ;
#7580 = CYLINDRICAL_SURFACE ( 'NONE', #5198, 3.500000000000000000 ) ;
#7581 = CARTESIAN_POINT ( 'NONE',  ( -1.091177379365210198, 10.20000000000000107, -0.5047000102205828620 ) ) ;
#7582 = VECTOR ( 'NONE', #1598, 1000.000000000000000 ) ;
#7583 = AXIS2_PLACEMENT_3D ( 'NONE', #2386, #5185, #3848 ) ;
#7584 = CARTESIAN_POINT ( 'NONE',  ( 0.000000000000000000, 10.20000000000000107, 0.000000000000000000 ) ) ;
#7585 = ORIENTED_EDGE ( 'NONE', *, *, #6944, .F. ) ;
#7586 = DIRECTION ( 'NONE',  ( 0.000000000000000000, 0.000000000000000000, -1.000000000000000000 ) ) ;
#7587 = VECTOR ( 'NONE', #3646, 1000.000000000000000 ) ;
#7588 = ORIENTED_EDGE ( 'NONE', *, *, #7788, .F. ) ;
#7589 = DIRECTION ( 'NONE',  ( 1.000000000000000000, 0.000000000000000000, 0.000000000000000000 ) ) ;
#7590 = DIRECTION ( 'NONE',  ( 8.850629979473506011E-17, -1.000000000000000000, 0.000000000000000000 ) ) ;
#7591 = LINE ( 'NONE', #3528, #21 ) ;
#7592 = CIRCLE ( 'NONE', #3324, 0.6500000000000000222 ) ;
#7593 = CARTESIAN_POINT ( 'NONE',  ( 0.000000000000000000, 8.500000000000000000, 0.000000000000000000 ) ) ;
#7594 = CARTESIAN_POINT ( 'NONE',  ( -1.342230922150143391, 10.90000000000000036, -3.014700010220582538 ) ) ;
#7595 = ORIENTED_EDGE ( 'NONE', *, *, #6727, .T. ) ;
#7596 = VERTEX_POINT ( 'NONE', #2670 ) ;
#7597 = CARTESIAN_POINT ( 'NONE',  ( -2.500000000000000000, -6.700000000000000178, -1.350000000000000089 ) ) ;
#7598 = CARTESIAN_POINT ( 'NONE',  ( -1.479999999999999982, 11.50000000000000000, 1.200000000000000622 ) ) ;
#7599 = VECTOR ( 'NONE', #6197, 1000.000000000000000 ) ;
#7600 = DIRECTION ( 'NONE',  ( 1.000000000000000000, 0.000000000000000000, 0.000000000000000000 ) ) ;
#7601 = FACE_OUTER_BOUND ( 'NONE', #898, .T. ) ;
#7602 = EDGE_CURVE ( 'NONE', #2756, #8772, #3914, .T. ) ;
#7603 = PRODUCT ( 'PT01-D_SHELL', 'PT01-D_SHELL', '', ( #6394 ) ) ;
#7604 = FACE_OUTER_BOUND ( 'NONE', #3731, .T. ) ;
#7605 = ORIENTED_EDGE ( 'NONE', *, *, #2210, .F. ) ;
#7606 = LINE ( 'NONE', #8246, #9048 ) ;
#7607 = DIRECTION ( 'NONE',  ( 0.000000000000000000, 1.000000000000000000, 0.000000000000000000 ) ) ;
#7608 = EDGE_LOOP ( 'NONE', ( #2720, #6700, #6275, #2805 ) ) ;
#7609 = EDGE_LOOP ( 'NONE', ( #3626, #7702, #5687, #969 ) ) ;
#7610 = ORIENTED_EDGE ( 'NONE', *, *, #1989, .F. ) ;
#7611 = CARTESIAN_POINT ( 'NONE',  ( -4.499999999999988454, 1.449484536082480179, -6.400000000000009237 ) ) ;
#7612 = DIRECTION ( 'NONE',  ( 2.154044051295704582E-16, 0.000000000000000000, -1.000000000000000000 ) ) ;
#7613 = EDGE_CURVE ( 'NONE', #6959, #7776, #2843, .T. ) ;
#7614 = CARTESIAN_POINT ( 'NONE',  ( -0.7500000000000000000, -6.500000000000001776, 1.300000000000000266 ) ) ;
#7615 = DIRECTION ( 'NONE',  ( 1.000000000000000000, 0.000000000000000000, 0.000000000000000000 ) ) ;
#7616 = ORIENTED_EDGE ( 'NONE', *, *, #5822, .F. ) ;
#7617 = ORIENTED_EDGE ( 'NONE', *, *, #4075, .F. ) ;
#7618 = ORIENTED_EDGE ( 'NONE', *, *, #2248, .F. ) ;
#7619 = ORIENTED_EDGE ( 'NONE', *, *, #802, .F. ) ;
#7620 = CARTESIAN_POINT ( 'NONE',  ( -4.899999999999996803, 2.849484536082479647, -4.300000000000009592 ) ) ;
#7621 = PLANE ( 'NONE',  #3514 ) ;
#7622 = DIRECTION ( 'NONE',  ( 0.6560590289905020578, 0.000000000000000000, 0.7547095802227765660 ) ) ;
#7623 = ADVANCED_FACE ( 'NONE', ( #6814 ), #6168, .F. ) ;
#7624 = DIRECTION ( 'NONE',  ( 0.000000000000000000, 0.000000000000000000, -1.000000000000000000 ) ) ;
#7625 = EDGE_CURVE ( 'NONE', #5800, #2777, #8104, .T. ) ;
#7626 = DIRECTION ( 'NONE',  ( -1.000000000000000000, 0.000000000000000000, 0.000000000000000000 ) ) ;
#7627 = EDGE_CURVE ( 'NONE', #5594, #283, #6682, .T. ) ;
#7628 = ADVANCED_FACE ( 'NONE', ( #5342 ), #8244, .T. ) ;
#7629 = EDGE_LOOP ( 'NONE', ( #1314, #4267 ) ) ;
#7630 = ORIENTED_EDGE ( 'NONE', *, *, #5113, .F. ) ;
#7631 = ORIENTED_EDGE ( 'NONE', *, *, #8858, .T. ) ;
#7632 = DIRECTION ( 'NONE',  ( 0.000000000000000000, 0.000000000000000000, 1.000000000000000000 ) ) ;
#7633 = ORIENTED_EDGE ( 'NONE', *, *, #1203, .T. ) ;
#7634 = CARTESIAN_POINT ( 'NONE',  ( -1.900000000000001910, 5.100000000000004086, 0.1000000000000000056 ) ) ;
#7635 = DIRECTION ( 'NONE',  ( -0.9063077870366461619, -8.021394870576827794E-17, 0.4226182617407076014 ) ) ;
#7636 = DIRECTION ( 'NONE',  ( 1.000000000000000000, -7.211624427719193402E-17, 1.563771774336536413E-32 ) ) ;
#7637 = CARTESIAN_POINT ( 'NONE',  ( 1.899999999999999023, 5.100000000000004086, 0.1000000000000000056 ) ) ;
#7638 = DIRECTION ( 'NONE',  ( -1.794207403895423791E-16, 1.000000000000000000, 0.000000000000000000 ) ) ;
#7639 = ORIENTED_EDGE ( 'NONE', *, *, #7044, .T. ) ;
#7640 = ORIENTED_EDGE ( 'NONE', *, *, #3625, .T. ) ;
#7641 = DIRECTION ( 'NONE',  ( 0.000000000000000000, 0.000000000000000000, 1.000000000000000000 ) ) ;
#7642 = AXIS2_PLACEMENT_3D ( 'NONE', #6393, #1627, #6479 ) ;
#7643 = FACE_OUTER_BOUND ( 'NONE', #7689, .T. ) ;
#7644 = CARTESIAN_POINT ( 'NONE',  ( 4.500000000000001776, -5.950515463917520620, 6.505213034913026604E-15 ) ) ;
#7645 = DIRECTION ( 'NONE',  ( 1.000000000000000000, 0.000000000000000000, 0.000000000000000000 ) ) ;
#7646 = VECTOR ( 'NONE', #2824, 1000.000000000000000 ) ;
#7647 = DIRECTION ( 'NONE',  ( -0.000000000000000000, -1.000000000000000000, -0.000000000000000000 ) ) ;
#7648 = ORIENTED_EDGE ( 'NONE', *, *, #3549, .T. ) ;
#7649 = DIRECTION ( 'NONE',  ( -8.850629979473508477E-17, 1.000000000000000000, -1.358334161808126433E-32 ) ) ;
#7650 = DIRECTION ( 'NONE',  ( 0.000000000000000000, 0.000000000000000000, 1.000000000000000000 ) ) ;
#7651 = EDGE_LOOP ( 'NONE', ( #53, #5705, #4976, #2724 ) ) ;
#7652 = CIRCLE ( 'NONE', #8673, 0.3500000000000000333 ) ;
#7653 = ORIENTED_EDGE ( 'NONE', *, *, #8792, .F. ) ;
#7654 = ORIENTED_EDGE ( 'NONE', *, *, #8747, .F. ) ;
#7655 = CARTESIAN_POINT ( 'NONE',  ( -4.499999999999992895, -3.950515463917520620, -4.300000000000008704 ) ) ;
#7656 = CARTESIAN_POINT ( 'NONE',  ( -0.4999999999999997780, 11.70000000000000462, 2.299999999999999822 ) ) ;
#7657 = CARTESIAN_POINT ( 'NONE',  ( 1.980935939680744334E-16, 10.90000000000000036, -8.819695041044892934E-17 ) ) ;
#7658 = CARTESIAN_POINT ( 'NONE',  ( 0.000000000000000000, 3.600000000000003642, 0.000000000000000000 ) ) ;
#7659 = ORIENTED_EDGE ( 'NONE', *, *, #4200, .F. ) ;
#7660 = EDGE_CURVE ( 'NONE', #134, #2164, #1878, .T. ) ;
#7661 = ORIENTED_EDGE ( 'NONE', *, *, #3350, .T. ) ;
#7662 = AXIS2_PLACEMENT_3D ( 'NONE', #8872, #1897, #3298 ) ;
#7663 = CARTESIAN_POINT ( 'NONE',  ( 4.500000000000002665, -3.950515463917521508, -4.299999999999999822 ) ) ;
#7664 = DIRECTION ( 'NONE',  ( 1.000000000000000000, 0.000000000000000000, 0.000000000000000000 ) ) ;
#7665 = DIRECTION ( 'NONE',  ( 1.000000000000000000, -2.491288438666616105E-16, 0.000000000000000000 ) ) ;
#7666 = DIRECTION ( 'NONE',  ( -0.000000000000000000, -1.000000000000000000, -0.000000000000000000 ) ) ;
#7667 = DIRECTION ( 'NONE',  ( 0.000000000000000000, 1.000000000000000000, 0.000000000000000000 ) ) ;
#7668 = VECTOR ( 'NONE', #4042, 1000.000000000000000 ) ;
#7669 = ORIENTED_EDGE ( 'NONE', *, *, #8760, .F. ) ;
#7670 = EDGE_LOOP ( 'NONE', ( #884, #7207, #201, #5500 ) ) ;
#7671 = EDGE_CURVE ( 'NONE', #7478, #1120, #3272, .T. ) ;
#7672 = ORIENTED_EDGE ( 'NONE', *, *, #3991, .F. ) ;
#7673 = CARTESIAN_POINT ( 'NONE',  ( -4.900000000000001243, -5.450515463917521508, 0.4000000000000000222 ) ) ;
#7674 = ORIENTED_EDGE ( 'NONE', *, *, #4463, .T. ) ;
#7675 = EDGE_CURVE ( 'NONE', #5800, #310, #3227, .T. ) ;
#7676 = ORIENTED_EDGE ( 'NONE', *, *, #383, .T. ) ;
#7677 = ADVANCED_FACE ( 'NONE', ( #4049 ), #7554, .F. ) ;
#7678 = LINE ( 'NONE', #4032, #8749 ) ;
#7679 = VECTOR ( 'NONE', #1631, 1000.000000000000114 ) ;
#7680 = CARTESIAN_POINT ( 'NONE',  ( -0.7967663502707696965, 11.70000000000000462, 1.716269817073340895E-16 ) ) ;
#7681 = AXIS2_PLACEMENT_3D ( 'NONE', #2630, #5439, #9036 ) ;
#7682 = LINE ( 'NONE', #8413, #2678 ) ;
#7683 = CARTESIAN_POINT ( 'NONE',  ( -4.899999999999995914, -3.950515463917521508, -5.300000000000009592 ) ) ;
#7684 = DIRECTION ( 'NONE',  ( 1.000000000000000000, 0.000000000000000000, 0.000000000000000000 ) ) ;
#7685 = LINE ( 'NONE', #681, #5175 ) ;
#7686 = VECTOR ( 'NONE', #8874, 1000.000000000000000 ) ;
#7687 = EDGE_CURVE ( 'NONE', #1003, #8389, #6074, .T. ) ;
#7688 = AXIS2_PLACEMENT_3D ( 'NONE', #4864, #7733, #4313 ) ;
#7689 = EDGE_LOOP ( 'NONE', ( #1838, #7045, #7588, #6831, #4682 ) ) ;
#7690 = PLANE ( 'NONE',  #3541 ) ;
#7691 = CARTESIAN_POINT ( 'NONE',  ( 3.100000000000000977, -0.5505154639175199316, 4.600000000000000533 ) ) ;
#7692 = ADVANCED_FACE ( 'NONE', ( #4001 ), #1103, .T. ) ;
#7693 = AXIS2_PLACEMENT_3D ( 'NONE', #1355, #3481, #6288 ) ;
#7694 = CARTESIAN_POINT ( 'NONE',  ( -1.750000000000000000, -5.549999999999999822, 1.300000000000000266 ) ) ;
#7695 = ORIENTED_EDGE ( 'NONE', *, *, #5405, .F. ) ;
#7696 = DIRECTION ( 'NONE',  ( 8.850629979473506011E-17, -1.000000000000000000, 0.000000000000000000 ) ) ;
#7697 = CARTESIAN_POINT ( 'NONE',  ( 1.479999999999999982, 11.50000000000000000, 0.6999999999999998446 ) ) ;
#7698 = AXIS2_PLACEMENT_3D ( 'NONE', #5715, #2951, #7192 ) ;
#7699 = VERTEX_POINT ( 'NONE', #3362 ) ;
#7700 = AXIS2_PLACEMENT_3D ( 'NONE', #1717, #1762, #6745 ) ;
#7701 = ORIENTED_EDGE ( 'NONE', *, *, #691, .T. ) ;
#7702 = ORIENTED_EDGE ( 'NONE', *, *, #4437, .T. ) ;
#7703 = LINE ( 'NONE', #1388, #6911 ) ;
#7704 = CARTESIAN_POINT ( 'NONE',  ( 4.500000000000003553, -5.150515463917521686, -6.800000000000000711 ) ) ;
#7705 = TOROIDAL_SURFACE ( 'NONE', #5498, 0.1500000000000000777, 0.2000000000000011213 ) ;
#7706 = AXIS2_PLACEMENT_3D ( 'NONE', #7153, #1340, #5674 ) ;
#7707 = LINE ( 'NONE', #699, #1215 ) ;
#7708 = CARTESIAN_POINT ( 'NONE',  ( -4.500000000000003553, -5.950515463917520620, -2.168404344971008868E-15 ) ) ;
#7709 = ORIENTED_EDGE ( 'NONE', *, *, #130, .F. ) ;
#7710 = VERTEX_POINT ( 'NONE', #7418 ) ;
#7711 = CIRCLE ( 'NONE', #5499, 3.850000000000000089 ) ;
#7712 = CARTESIAN_POINT ( 'NONE',  ( -1.891663167769254139, 8.900000000000000355, 3.353223890482887271 ) ) ;
#7713 = CARTESIAN_POINT ( 'NONE',  ( -4.499999999999989342, 4.049484536082480268, -4.300000000000008704 ) ) ;
#7714 = DIRECTION ( 'NONE',  ( -0.000000000000000000, -1.000000000000000000, -0.000000000000000000 ) ) ;
#7715 = DIRECTION ( 'NONE',  ( -0.000000000000000000, -0.000000000000000000, -1.000000000000000000 ) ) ;
#7716 = ADVANCED_FACE ( 'NONE', ( #1835 ), #4649, .T. ) ;
#7717 = DIRECTION ( 'NONE',  ( 0.000000000000000000, -1.000000000000000000, 0.000000000000000000 ) ) ;
#7718 = VECTOR ( 'NONE', #8195, 1000.000000000000000 ) ;
#7719 = VECTOR ( 'NONE', #4992, 1000.000000000000000 ) ;
#7720 = EDGE_LOOP ( 'NONE', ( #1480, #8901, #7943, #636 ) ) ;
#7721 = EDGE_LOOP ( 'NONE', ( #8669, #7654, #3154, #4194, #2131 ) ) ;
#7722 = DIRECTION ( 'NONE',  ( -1.000000000000000000, 0.000000000000000000, 0.000000000000000000 ) ) ;
#7723 = VERTEX_POINT ( 'NONE', #8844 ) ;
#7724 = LINE ( 'NONE', #1407, #797 ) ;
#7725 = VECTOR ( 'NONE', #8044, 1000.000000000000000 ) ;
#7726 = CIRCLE ( 'NONE', #7583, 0.9000000000000002442 ) ;
#7727 = PLANE ( 'NONE',  #828 ) ;
#7728 = EDGE_CURVE ( 'NONE', #3375, #4629, #7508, .T. ) ;
#7729 = DIRECTION ( 'NONE',  ( 1.000000000000000000, 1.971276677246371519E-16, 0.000000000000000000 ) ) ;
#7730 = APPLICATION_PROTOCOL_DEFINITION ( 'draft international standard', 'automotive_design', 1998, #5163 ) ;
#7731 = EDGE_CURVE ( 'NONE', #6194, #4693, #3291, .T. ) ;
#7733 = DIRECTION ( 'NONE',  ( 0.000000000000000000, 0.000000000000000000, 1.000000000000000000 ) ) ;
#7732 = AXIS2_PLACEMENT_3D ( 'NONE', #6536, #863, #6584 ) ;
#7734 = VECTOR ( 'NONE', #6838, 1000.000000000000000 ) ;
#7735 = EDGE_LOOP ( 'NONE', ( #3688, #7576, #1052, #8554 ) ) ;
#7736 = ORIENTED_EDGE ( 'NONE', *, *, #7118, .F. ) ;
#7737 = CARTESIAN_POINT ( 'NONE',  ( -2.500000000000000000, -6.400000000000000355, 1.000000000000000000 ) ) ;
#7738 = DIRECTION ( 'NONE',  ( 0.000000000000000000, 0.000000000000000000, -1.000000000000000000 ) ) ;
#7739 = CARTESIAN_POINT ( 'NONE',  ( -2.500000000000000000, -6.700000000000000178, -5.750000000000000000 ) ) ;
#7740 = VECTOR ( 'NONE', #4580, 1000.000000000000000 ) ;
#7741 = VECTOR ( 'NONE', #8701, 1000.000000000000000 ) ;
#7742 = EDGE_CURVE ( 'NONE', #1430, #3740, #7004, .T. ) ;
#7743 = CARTESIAN_POINT ( 'NONE',  ( 0.000000000000000000, 10.20000000000000107, -0.5047000102205828620 ) ) ;
#7744 = ADVANCED_FACE ( 'NONE', ( #7604 ), #2760, .F. ) ;
#7745 = EDGE_CURVE ( 'NONE', #5847, #1427, #3587, .T. ) ;
#7746 = VERTEX_POINT ( 'NONE', #6958 ) ;
#7747 = EDGE_CURVE ( 'NONE', #1892, #8351, #4920, .T. ) ;
#7748 = LINE ( 'NONE', #4231, #2725 ) ;
#7749 = CYLINDRICAL_SURFACE ( 'NONE', #6053, 0.4000000000000001887 ) ;
#7750 = EDGE_LOOP ( 'NONE', ( #1047, #1344, #4912, #4153 ) ) ;
#7751 = DIRECTION ( 'NONE',  ( -0.000000000000000000, -0.000000000000000000, -1.000000000000000000 ) ) ;
#7752 = VECTOR ( 'NONE', #4256, 1000.000000000000000 ) ;
#7753 = VERTEX_POINT ( 'NONE', #7694 ) ;
#7754 = EDGE_LOOP ( 'NONE', ( #7467, #4107, #2688, #1142, #267 ) ) ;
#7755 = DIRECTION ( 'NONE',  ( 0.000000000000000000, 1.000000000000000000, 0.000000000000000000 ) ) ;
#7756 = DIRECTION ( 'NONE',  ( 1.000000000000000000, 0.000000000000000000, 1.232047923278982446E-16 ) ) ;
#7757 = DIRECTION ( 'NONE',  ( 0.000000000000000000, 1.000000000000000000, 0.000000000000000000 ) ) ;
#7758 = DIRECTION ( 'NONE',  ( 0.001026138167772244888, 0.000000000000000000, 0.9999994735200917750 ) ) ;
#7759 = ORIENTED_EDGE ( 'NONE', *, *, #8081, .T. ) ;
#7760 = VERTEX_POINT ( 'NONE', #37 ) ;
#7761 = CARTESIAN_POINT ( 'NONE',  ( 4.900000000000001243, -1.550515463917521597, 0.4000000000000000222 ) ) ;
#7762 = PLANE ( 'NONE',  #3082 ) ;
#7763 = DIRECTION ( 'NONE',  ( 1.000000000000000000, 8.850629979473506011E-17, 0.000000000000000000 ) ) ;
#7764 = CARTESIAN_POINT ( 'NONE',  ( -4.836441345419223659, -0.5505154639175205977, -10.20000000000000995 ) ) ;
#7765 = CARTESIAN_POINT ( 'NONE',  ( 4.900000000000000355, 4.349484536082479202, -5.800000000000000711 ) ) ;
#7766 = ORIENTED_EDGE ( 'NONE', *, *, #7846, .F. ) ;
#7767 = ORIENTED_EDGE ( 'NONE', *, *, #781, .T. ) ;
#7768 = CARTESIAN_POINT ( 'NONE',  ( -1.750000000000000000, -6.699999999999999289, -1.349999999999999867 ) ) ;
#7769 = ORIENTED_EDGE ( 'NONE', *, *, #3383, .T. ) ;
#7770 = FACE_BOUND ( 'NONE', #8849, .T. ) ;
#7771 = DIRECTION ( 'NONE',  ( -1.000000000000000000, 0.000000000000000000, 0.000000000000000000 ) ) ;
#7772 = CARTESIAN_POINT ( 'NONE',  ( 0.4999999999999982792, -0.05000000000000062034, 0.5000000000000000000 ) ) ;
#7773 = DIRECTION ( 'NONE',  ( -7.211624427719193402E-17, -1.000000000000000000, 2.168404344971008868E-16 ) ) ;
#7774 = PRODUCT_CONTEXT ( 'NONE', #7114, 'mechanical' ) ;
#7775 = FACE_OUTER_BOUND ( 'NONE', #5690, .T. ) ;
#7776 = VERTEX_POINT ( 'NONE', #686 ) ;
#7777 = ORIENTED_EDGE ( 'NONE', *, *, #4298, .T. ) ;
#7778 = DIRECTION ( 'NONE',  ( -2.551063935260010491E-16, 1.000000000000000000, 0.000000000000000000 ) ) ;
#7779 = ADVANCED_FACE ( 'NONE', ( #643 ), #9033, .T. ) ;
#7780 = DIRECTION ( 'NONE',  ( 0.000000000000000000, -1.000000000000000000, 0.000000000000000000 ) ) ;
#7781 = CARTESIAN_POINT ( 'NONE',  ( -1.479999999999999982, 10.90000000000000036, 0.8499999999999999778 ) ) ;
#7782 = LINE ( 'NONE', #7743, #2251 ) ;
#7783 = ORIENTED_EDGE ( 'NONE', *, *, #4358, .T. ) ;
#7784 = CARTESIAN_POINT ( 'NONE',  ( 4.900000000000000355, 4.349484536082479202, 0.4000000000000000222 ) ) ;
#7785 = DIRECTION ( 'NONE',  ( 0.000000000000000000, 0.000000000000000000, 1.000000000000000000 ) ) ;
#7786 = VERTEX_POINT ( 'NONE', #8335 ) ;
#7787 = CARTESIAN_POINT ( 'NONE',  ( 1.750000000000000000, -6.400000000000000355, 0.000000000000000000 ) ) ;
#7788 = EDGE_CURVE ( 'NONE', #2227, #8245, #3145, .T. ) ;
#7789 = VERTEX_POINT ( 'NONE', #3407 ) ;
#7790 = EDGE_CURVE ( 'NONE', #4737, #1273, #3456, .T. ) ;
#7791 = VERTEX_POINT ( 'NONE', #2903 ) ;
#7792 = CIRCLE ( 'NONE', #2052, 0.4000000000000001887 ) ;
#7793 = EDGE_CURVE ( 'NONE', #8210, #473, #2022, .T. ) ;
#7794 = ADVANCED_FACE ( 'NONE', ( #723 ), #7705, .T. ) ;
#7795 = CARTESIAN_POINT ( 'NONE',  ( -1.891663167769253473, 8.900000000000000355, 3.353223890482888159 ) ) ;
#7796 = LINE ( 'NONE', #2955, #7558 ) ;
#7797 = FACE_OUTER_BOUND ( 'NONE', #1132, .T. ) ;
#7798 = CARTESIAN_POINT ( 'NONE',  ( 4.500000000000002665, 0.4494845360824784586, -5.800000000000000711 ) ) ;
#7799 = AXIS2_PLACEMENT_3D ( 'NONE', #4699, #7517, #4833 ) ;
#7800 = ORIENTED_EDGE ( 'NONE', *, *, #8863, .F. ) ;
#7801 = ADVANCED_FACE ( 'NONE', ( #8290 ), #3537, .T. ) ;
#7802 = ORIENTED_EDGE ( 'NONE', *, *, #1922, .F. ) ;
#7803 = ORIENTED_EDGE ( 'NONE', *, *, #916, .T. ) ;
#7804 = PLANE ( 'NONE',  #8909 ) ;
#7805 = PLANE ( 'NONE',  #3956 ) ;
#7806 = DIRECTION ( 'NONE',  ( 1.000000000000000000, 0.000000000000000000, 0.000000000000000000 ) ) ;
#7807 = PLANE ( 'NONE',  #2697 ) ;
#7808 = EDGE_CURVE ( 'NONE', #1274, #3586, #3864, .T. ) ;
#7809 = DIRECTION ( 'NONE',  ( 0.000000000000000000, 0.000000000000000000, 1.000000000000000000 ) ) ;
#7810 = VERTEX_POINT ( 'NONE', #2112 ) ;
#7811 = AXIS2_PLACEMENT_3D ( 'NONE', #157, #7817, #1497 ) ;
#7812 = CARTESIAN_POINT ( 'NONE',  ( 4.900000000000000355, 4.349484536082479202, -0.5999999999999903189 ) ) ;
#7813 = ORIENTED_EDGE ( 'NONE', *, *, #80, .T. ) ;
#7814 = LINE ( 'NONE', #8455, #5512 ) ;
#7815 = DIRECTION ( 'NONE',  ( 0.000000000000000000, 0.000000000000000000, 1.000000000000000000 ) ) ;
#7816 = LINE ( 'NONE', #1098, #8890 ) ;
#7817 = DIRECTION ( 'NONE',  ( 0.000000000000000000, 0.000000000000000000, -1.000000000000000000 ) ) ;
#7818 = AXIS2_PLACEMENT_3D ( 'NONE', #2939, #4264, #2898 ) ;
#7819 = DIRECTION ( 'NONE',  ( 0.9999994735200916640, 0.000000000000000000, -0.001026138167772244671 ) ) ;
#7820 = LINE ( 'NONE', #3757, #943 ) ;
#7821 = LINE ( 'NONE', #2893, #8716 ) ;
#7822 = ORIENTED_EDGE ( 'NONE', *, *, #5247, .F. ) ;
#7823 = ORIENTED_EDGE ( 'NONE', *, *, #4450, .F. ) ;
#7824 = CARTESIAN_POINT ( 'NONE',  ( 0.000000000000000000, -4.336808689942017736E-16, 0.000000000000000000 ) ) ;
#7825 = AXIS2_PLACEMENT_3D ( 'NONE', #2788, #2883, #8543 ) ;
#7826 = CIRCLE ( 'NONE', #3839, 0.3500000000000000333 ) ;
#7827 = PLANE ( 'NONE',  #8302 ) ;
#7828 = PRESENTATION_STYLE_ASSIGNMENT (( #4406 ) ) ;
#7829 = ORIENTED_EDGE ( 'NONE', *, *, #5128, .F. ) ;
#7831 = VECTOR ( 'NONE', #6392, 1000.000000000000000 ) ;
#7830 = DIRECTION ( 'NONE',  ( -1.000000000000000000, -0.000000000000000000, -0.000000000000000000 ) ) ;
#7832 = EDGE_CURVE ( 'NONE', #1469, #1456, #7782, .T. ) ;
#7833 = VECTOR ( 'NONE', #1140, 1000.000000000000000 ) ;
#7834 = CARTESIAN_POINT ( 'NONE',  ( 1.479999999999999982, 11.50000000000000000, 0.4999999999999993339 ) ) ;
#7835 = CARTESIAN_POINT ( 'NONE',  ( 1.090871211463567247, -0.05000000000000070360, 0.5000000000000000000 ) ) ;
#7836 = ORIENTED_EDGE ( 'NONE', *, *, #8234, .T. ) ;
#7837 = CARTESIAN_POINT ( 'NONE',  ( 1.899999999999998801, 3.600000000000003642, 0.1000000000000000056 ) ) ;
#7838 = DIRECTION ( 'NONE',  ( -0.000000000000000000, -1.000000000000000000, -0.000000000000000000 ) ) ;
#7839 = CARTESIAN_POINT ( 'NONE',  ( 1.899999999999996358, 0.000000000000000000, 0.000000000000000000 ) ) ;
#7840 = DIRECTION ( 'NONE',  ( 0.000000000000000000, -1.000000000000000000, 0.000000000000000000 ) ) ;
#7841 =( BOUNDED_CURVE ( )  B_SPLINE_CURVE ( 3, ( #5118, #7937, #5771, #7165 ),
 .UNSPECIFIED., .F., .T. ) 
 B_SPLINE_CURVE_WITH_KNOTS ( ( 4, 4 ),
 ( 3.141592653589793116, 4.712388980384689674 ),
 .UNSPECIFIED. ) 
 CURVE ( )  GEOMETRIC_REPRESENTATION_ITEM ( )  RATIONAL_B_SPLINE_CURVE ( ( 1.000000000000000000, 0.8047378541243649375, 0.8047378541243649375, 1.000000000000000000 ) ) 
 REPRESENTATION_ITEM ( '' )  );
#7842 = ADVANCED_FACE ( 'NONE', ( #3498 ), #9080, .T. ) ;
#7843 = DIRECTION ( 'NONE',  ( 0.9999994735200916640, 0.000000000000000000, -0.001026138167772390822 ) ) ;
#7844 = ORIENTED_EDGE ( 'NONE', *, *, #1455, .F. ) ;
#7845 = AXIS2_PLACEMENT_3D ( 'NONE', #8821, #4436, #8731 ) ;
#7846 = EDGE_CURVE ( 'NONE', #560, #6603, #3724, .T. ) ;
#7847 = EDGE_CURVE ( 'NONE', #3545, #1003, #1422, .T. ) ;
#7848 = ORIENTED_EDGE ( 'NONE', *, *, #6950, .T. ) ;
#7849 = ORIENTED_EDGE ( 'NONE', *, *, #5754, .T. ) ;
#7850 = DIRECTION ( 'NONE',  ( 1.000000000000000000, 0.000000000000000000, 0.000000000000000000 ) ) ;
#7851 = AXIS2_PLACEMENT_3D ( 'NONE', #8157, #8895, #3320 ) ;
#7852 = VECTOR ( 'NONE', #6084, 1000.000000000000000 ) ;
#7853 = LINE ( 'NONE', #8491, #8084 ) ;
#7854 = CARTESIAN_POINT ( 'NONE',  ( 3.399999999999998135, 0.000000000000000000, 0.000000000000000000 ) ) ;
#7855 = DIRECTION ( 'NONE',  ( 1.000000000000000000, 0.000000000000000000, 0.000000000000000000 ) ) ;
#7856 = EDGE_CURVE ( 'NONE', #7489, #8910, #4268, .T. ) ;
#7857 = DIRECTION ( 'NONE',  ( 0.000000000000000000, 1.000000000000000000, 0.000000000000000000 ) ) ;
#7858 = ADVANCED_FACE ( 'NONE', ( #4369 ), #5002, .T. ) ;
#7859 = ORIENTED_EDGE ( 'NONE', *, *, #856, .T. ) ;
#7860 = ORIENTED_EDGE ( 'NONE', *, *, #970, .F. ) ;
#7861 = CARTESIAN_POINT ( 'NONE',  ( 4.900000000000000355, 0.4494845360824787361, -7.399999999999999467 ) ) ;
#7862 = VERTEX_POINT ( 'NONE', #1597 ) ;
#7863 = CARTESIAN_POINT ( 'NONE',  ( 0.000000000000000000, 0.000000000000000000, 0.4000000000000000222 ) ) ;
#7864 = DIRECTION ( 'NONE',  ( 0.000000000000000000, -1.000000000000000000, 1.445602896647339706E-15 ) ) ;
#7865 = CYLINDRICAL_SURFACE ( 'NONE', #4608, 0.6000000000000001998 ) ;
#7866 = CYLINDRICAL_SURFACE ( 'NONE', #1468, 0.2000000000000000944 ) ;
#7867 = CIRCLE ( 'NONE', #1087, 3.000000000000000444 ) ;
#7868 = CARTESIAN_POINT ( 'NONE',  ( 4.500000000000002665, 4.049484536082481156, -4.900000000000009237 ) ) ;
#7869 = EDGE_CURVE ( 'NONE', #1722, #6249, #2991, .T. ) ;
#7870 = CARTESIAN_POINT ( 'NONE',  ( 0.000000000000000000, 0.5000000000000004441, -3.000000000000000444 ) ) ;
#7871 = DIRECTION ( 'NONE',  ( 1.000000000000000000, 0.000000000000000000, 0.000000000000000000 ) ) ;
#7872 = ORIENTED_EDGE ( 'NONE', *, *, #8119, .F. ) ;
#7873 = VERTEX_POINT ( 'NONE', #5144 ) ;
#7874 = DIRECTION ( 'NONE',  ( -1.000000000000000000, 2.491288438666616105E-16, -1.931541112668179645E-15 ) ) ;
#7875 = VECTOR ( 'NONE', #1289, 1000.000000000000000 ) ;
#7876 = DIRECTION ( 'NONE',  ( 1.000000000000000000, -2.491288438666616105E-16, 1.931541112668179645E-15 ) ) ;
#7877 = FACE_OUTER_BOUND ( 'NONE', #3180, .T. ) ;
#7878 = VECTOR ( 'NONE', #6771, 1000.000000000000000 ) ;
#7879 = DIRECTION ( 'NONE',  ( -1.000000000000000000, 0.000000000000000000, -1.251002506714043540E-16 ) ) ;
#7880 = LINE ( 'NONE', #6353, #23 ) ;
#7881 = ORIENTED_EDGE ( 'NONE', *, *, #1030, .T. ) ;
#7882 = DIRECTION ( 'NONE',  ( 1.445602896647339163E-16, 1.000000000000000000, 0.000000000000000000 ) ) ;
#7883 = LINE ( 'NONE', #5107, #4451 ) ;
#7884 = AXIS2_PLACEMENT_3D ( 'NONE', #8512, #125, #2197 ) ;
#7885 = VERTEX_POINT ( 'NONE', #5103 ) ;
#7886 = ADVANCED_FACE ( 'NONE', ( #997 ), #3672, .F. ) ;
#7887 = CARTESIAN_POINT ( 'NONE',  ( -4.500000000000002665, 0.000000000000000000, 0.4000000000000000222 ) ) ;
#7888 = LINE ( 'NONE', #4418, #200 ) ;
#7889 = CARTESIAN_POINT ( 'NONE',  ( 0.4499999999999991784, -3.625230054855794304, 2.100000000000000089 ) ) ;
#7890 = AXIS2_PLACEMENT_3D ( 'NONE', #4666, #8776, #2555 ) ;
#7891 = ORIENTED_EDGE ( 'NONE', *, *, #6227, .T. ) ;
#7892 = VECTOR ( 'NONE', #5719, 1000.000000000000000 ) ;
#7893 = VERTEX_POINT ( 'NONE', #8702 ) ;
#7894 = VERTEX_POINT ( 'NONE', #8561 ) ;
#7895 = EDGE_CURVE ( 'NONE', #307, #2639, #4019, .T. ) ;
#7896 = EDGE_CURVE ( 'NONE', #5654, #7157, #7964, .T. ) ;
#7897 = CARTESIAN_POINT ( 'NONE',  ( -3.600000000000001421, -5.950000000000000178, 5.000000000000000000 ) ) ;
#7898 = CARTESIAN_POINT ( 'NONE',  ( -4.900000000000000355, 0.4494845360824792357, -5.800000000000009592 ) ) ;
#7899 = CARTESIAN_POINT ( 'NONE',  ( 4.399999999999998579, -5.949999999999998401, 0.1000000000000002554 ) ) ;
#7900 = LINE ( 'NONE', #2316, #7077 ) ;
#7901 = CARTESIAN_POINT ( 'NONE',  ( 3.000000000000000000, -4.750515463917523107, -1.600000000000000089 ) ) ;
#7902 = ORIENTED_EDGE ( 'NONE', *, *, #7112, .T. ) ;
#7903 = ORIENTED_EDGE ( 'NONE', *, *, #903, .T. ) ;
#7904 = DIRECTION ( 'NONE',  ( -0.000000000000000000, -1.000000000000000000, -0.000000000000000000 ) ) ;
#7905 = ORIENTED_EDGE ( 'NONE', *, *, #8495, .T. ) ;
#7906 = ORIENTED_EDGE ( 'NONE', *, *, #2138, .T. ) ;
#7907 = EDGE_CURVE ( 'NONE', #6525, #6835, #1637, .T. ) ;
#7908 = CARTESIAN_POINT ( 'NONE',  ( -3.400000000000003464, -2.050000000000000711, 0.5000000000000000000 ) ) ;
#7909 = DIRECTION ( 'NONE',  ( 0.000000000000000000, 0.000000000000000000, 1.000000000000000000 ) ) ;
#7910 = EDGE_CURVE ( 'NONE', #585, #3644, #5744, .T. ) ;
#7911 = CARTESIAN_POINT ( 'NONE',  ( -3.000000000000001776, 4.650000000000003908, 5.000000000000000000 ) ) ;
#7912 = ADVANCED_FACE ( 'NONE', ( #4454 ), #7187, .T. ) ;
#7913 = EDGE_CURVE ( 'NONE', #8158, #5126, #955, .T. ) ;
#7914 = DIRECTION ( 'NONE',  ( 0.000000000000000000, 0.000000000000000000, -1.000000000000000000 ) ) ;
#7915 = DIRECTION ( 'NONE',  ( 0.000000000000000000, 1.000000000000000000, 0.000000000000000000 ) ) ;
#7916 = FACE_OUTER_BOUND ( 'NONE', #1384, .T. ) ;
#7917 = DIRECTION ( 'NONE',  ( 0.000000000000000000, 0.000000000000000000, 1.000000000000000000 ) ) ;
#7918 = ORIENTED_EDGE ( 'NONE', *, *, #6832, .T. ) ;
#7919 = LINE ( 'NONE', #1593, #6497 ) ;
#7920 = LINE ( 'NONE', #7085, #3448 ) ;
#7921 =( LENGTH_UNIT ( ) NAMED_UNIT ( * ) SI_UNIT ( .MILLI., .METRE. ) );
#7922 = DIRECTION ( 'NONE',  ( -0.000000000000000000, -0.000000000000000000, -1.000000000000000000 ) ) ;
#7923 = LINE ( 'NONE', #2992, #3317 ) ;
#7924 = CARTESIAN_POINT ( 'NONE',  ( 4.900000000000001243, 4.349484536082479202, 0.000000000000000000 ) ) ;
#7925 = ORIENTED_EDGE ( 'NONE', *, *, #5754, .F. ) ;
#7926 = CARTESIAN_POINT ( 'NONE',  ( 0.5000000000000002220, 10.90000000000000036, 0.000000000000000000 ) ) ;
#7927 = CARTESIAN_POINT ( 'NONE',  ( 0.000000000000000000, 8.500000000000000000, -3.000000000000000444 ) ) ;
#7928 = VERTEX_POINT ( 'NONE', #5707 ) ;
#7929 = CARTESIAN_POINT ( 'NONE',  ( -0.6699999999999999289, 11.70000000000000462, 0.6000000000000001998 ) ) ;
#7930 = FACE_OUTER_BOUND ( 'NONE', #2575, .T. ) ;
#7931 = CARTESIAN_POINT ( 'NONE',  ( -4.488138397514202182, -0.5505154639175205977, -10.01000000000000867 ) ) ;
#7932 = EDGE_LOOP ( 'NONE', ( #5428, #1965, #5556, #2821 ) ) ;
#7933 = ORIENTED_EDGE ( 'NONE', *, *, #3056, .T. ) ;
#7934 = DIRECTION ( 'NONE',  ( 1.000000000000000000, 8.828503404524822102E-16, 0.000000000000000000 ) ) ;
#7935 = FACE_OUTER_BOUND ( 'NONE', #317, .T. ) ;
#7936 = CARTESIAN_POINT ( 'NONE',  ( 4.500000000000002665, 4.349484536082479202, -4.900000000000009237 ) ) ;
#7937 = CARTESIAN_POINT ( 'NONE',  ( -4.488138397514202182, -1.136301901544425341, -10.01000000000000689 ) ) ;
#7938 = ADVANCED_FACE ( 'NONE', ( #2299 ), #2247, .F. ) ;
#7939 = ORIENTED_EDGE ( 'NONE', *, *, #973, .T. ) ;
#7940 = ORIENTED_EDGE ( 'NONE', *, *, #8635, .T. ) ;
#7941 = CARTESIAN_POINT ( 'NONE',  ( -4.488138397514202182, 0.03527097370938396537, -10.01000000000000689 ) ) ;
#7942 = ORIENTED_EDGE ( 'NONE', *, *, #2205, .F. ) ;
#7943 = ORIENTED_EDGE ( 'NONE', *, *, #8412, .T. ) ;
#7944 = CIRCLE ( 'NONE', #1015, 0.4000000000000001887 ) ;
#7945 = CARTESIAN_POINT ( 'NONE',  ( 4.900000000000001243, -3.550515463917521153, -4.299999999999999822 ) ) ;
#7946 = FACE_BOUND ( 'NONE', #9022, .T. ) ;
#7947 = CARTESIAN_POINT ( 'NONE',  ( 0.6700000000000000400, 11.70000000000000462, -0.6000000000000000888 ) ) ;
#7948 = DIRECTION ( 'NONE',  ( -1.000000000000000000, 0.000000000000000000, 0.000000000000000000 ) ) ;
#7949 = DIRECTION ( 'NONE',  ( 0.000000000000000000, 0.000000000000000000, 1.000000000000000000 ) ) ;
#7950 = PLANE ( 'NONE',  #5657 ) ;
#7951 = ADVANCED_FACE ( 'NONE', ( #3766 ), #7143, .F. ) ;
#7952 = CIRCLE ( 'NONE', #8681, 3.000000000000000444 ) ;
#7953 = ORIENTED_EDGE ( 'NONE', *, *, #3850, .T. ) ;
#7954 = DIRECTION ( 'NONE',  ( 9.693873272465595811E-47, -1.000000000000000000, -2.123492242164234689E-31 ) ) ;
#7955 = EDGE_CURVE ( 'NONE', #1021, #1259, #6489, .T. ) ;
#7956 = UNCERTAINTY_MEASURE_WITH_UNIT (LENGTH_MEASURE( 1.000000000000000082E-05 ), #1038, 'distance_accuracy_value', 'NONE');
#7957 = EDGE_CURVE ( 'NONE', #431, #3828, #6816, .T. ) ;
#7958 = DIRECTION ( 'NONE',  ( 0.000000000000000000, 0.000000000000000000, 1.000000000000000000 ) ) ;
#7959 = ORIENTED_EDGE ( 'NONE', *, *, #7910, .F. ) ;
#7960 = DIRECTION ( 'NONE',  ( -0.5142627263715358055, 0.000000000000000000, 0.8576327000907292275 ) ) ;
#7961 = VECTOR ( 'NONE', #5197, 1000.000000000000000 ) ;
#7962 = CARTESIAN_POINT ( 'NONE',  ( 2.349999999999998312, -3.750000000000000000, 5.599999999999999645 ) ) ;
#7963 = CIRCLE ( 'NONE', #3979, 1.200000000000061240 ) ;
#7964 = LINE ( 'NONE', #6583, #2995 ) ;
#7965 = EDGE_CURVE ( 'NONE', #7341, #8261, #5189, .T. ) ;
#7966 = LINE ( 'NONE', #1039, #766 ) ;
#7967 = AXIS2_PLACEMENT_3D ( 'NONE', #5840, #3802, #532 ) ;
#7968 = ORIENTED_EDGE ( 'NONE', *, *, #8022, .T. ) ;
#7969 = VERTEX_POINT ( 'NONE', #7321 ) ;
#7970 = CYLINDRICAL_SURFACE ( 'NONE', #1338, 0.4000000000000001887 ) ;
#7971 = CARTESIAN_POINT ( 'NONE',  ( 0.000000000000000000, 11.70000000000000462, 0.000000000000000000 ) ) ;
#7972 = EDGE_CURVE ( 'NONE', #376, #2475, #8517, .T. ) ;
#7973 = ORIENTED_EDGE ( 'NONE', *, *, #4732, .F. ) ;
#7974 = VECTOR ( 'NONE', #6515, 1000.000000000000000 ) ;
#7975 = CARTESIAN_POINT ( 'NONE',  ( -0.5000000000000017764, 0.9500000000000040634, 0.5000000000000000000 ) ) ;
#7976 = CARTESIAN_POINT ( 'NONE',  ( -4.499999999999992006, 2.449484536082479735, -4.300000000000008704 ) ) ;
#7977 = CIRCLE ( 'NONE', #3696, 0.2000000000000011768 ) ;
#7978 = LINE ( 'NONE', #3140, #659 ) ;
#7979 = ORIENTED_EDGE ( 'NONE', *, *, #1792, .T. ) ;
#7980 = VECTOR ( 'NONE', #1310, 1000.000000000000000 ) ;
#7981 = VECTOR ( 'NONE', #9020, 1000.000000000000000 ) ;
#7982 = VERTEX_POINT ( 'NONE', #5280 ) ;
#7983 = CARTESIAN_POINT ( 'NONE',  ( -3.600000000000001865, 5.150000000000003908, 5.000000000000000000 ) ) ;
#7984 = LINE ( 'NONE', #3014, #9026 ) ;
#7985 = CARTESIAN_POINT ( 'NONE',  ( 0.000000000000000000, -0.05202383709185157135, 0.000000000000000000 ) ) ;
#7986 = VECTOR ( 'NONE', #2604, 1000.000000000000000 ) ;
#7987 = CARTESIAN_POINT ( 'NONE',  ( -4.500000000000002665, 4.049484536082480268, -5.300000000000009592 ) ) ;
#7988 = ORIENTED_EDGE ( 'NONE', *, *, #2379, .T. ) ;
#7989 = AXIS2_PLACEMENT_3D ( 'NONE', #5484, #7369, #4551 ) ;
#7990 = VECTOR ( 'NONE', #4149, 1000.000000000000000 ) ;
#7991 = EDGE_LOOP ( 'NONE', ( #6129, #7674 ) ) ;
#7992 = ORIENTED_EDGE ( 'NONE', *, *, #3716, .T. ) ;
#7993 = DIRECTION ( 'NONE',  ( 1.000000000000000000, 0.000000000000000000, 0.000000000000000000 ) ) ;
#7994 = CARTESIAN_POINT ( 'NONE',  ( 3.599999999999999645, 5.150000000000005684, 5.000000000000000000 ) ) ;
#7995 = PLANE ( 'NONE',  #5631 ) ;
#7996 = EDGE_CURVE ( 'NONE', #8759, #410, #346, .T. ) ;
#7997 = CARTESIAN_POINT ( 'NONE',  ( 0.000000000000000000, 10.90000000000000036, 0.000000000000000000 ) ) ;
#7998 = LINE ( 'NONE', #8823, #4434 ) ;
#7999 = CARTESIAN_POINT ( 'NONE',  ( -3.000000000000000000, 3.649484536082479469, 0.000000000000000000 ) ) ;
#8000 = ORIENTED_EDGE ( 'NONE', *, *, #3234, .T. ) ;
#8001 = CARTESIAN_POINT ( 'NONE',  ( -3.000000000000001776, 4.650000000000003908, 5.599999999999999645 ) ) ;
#8002 = DIRECTION ( 'NONE',  ( -8.850629979473506011E-17, -1.000000000000000000, 0.000000000000000000 ) ) ;
#8003 = EDGE_LOOP ( 'NONE', ( #3963, #8247, #8109, #5371 ) ) ;
#8004 = DIRECTION ( 'NONE',  ( 0.000000000000000000, 0.000000000000000000, -1.000000000000000000 ) ) ;
#8005 = AXIS2_PLACEMENT_3D ( 'NONE', #8095, #8232, #394 ) ;
#8006 =( NAMED_UNIT ( * ) PLANE_ANGLE_UNIT ( ) SI_UNIT ( $, .RADIAN. ) );
#8007 = ADVANCED_FACE ( 'NONE', ( #2570, #8146 ), #4678, .F. ) ;
#8008 = ADVANCED_FACE ( 'NONE', ( #6717 ), #6011, .F. ) ;
#8009 = DIRECTION ( 'NONE',  ( 1.000000000000000000, 8.850629979473506011E-17, 0.000000000000000000 ) ) ;
#8010 = PLANE ( 'NONE',  #7732 ) ;
#8011 = DIRECTION ( 'NONE',  ( -1.000000000000000000, 0.000000000000000000, 0.000000000000000000 ) ) ;
#8012 = VECTOR ( 'NONE', #8881, 1000.000000000000000 ) ;
#8013 = VERTEX_POINT ( 'NONE', #3987 ) ;
#8014 = ORIENTED_EDGE ( 'NONE', *, *, #2379, .F. ) ;
#8015 = CARTESIAN_POINT ( 'NONE',  ( -2.500000000000000000, -6.700000000000000178, -1.350000000000000089 ) ) ;
#8016 = CARTESIAN_POINT ( 'NONE',  ( -2.100000000000000089, -6.700000000000000178, -5.750000000000000000 ) ) ;
#8017 = ORIENTED_EDGE ( 'NONE', *, *, #4409, .F. ) ;
#8018 = EDGE_CURVE ( 'NONE', #6377, #3077, #199, .T. ) ;
#8019 = AXIS2_PLACEMENT_3D ( 'NONE', #6220, #2858, #2115 ) ;
#8020 = VECTOR ( 'NONE', #6665, 1000.000000000000000 ) ;
#8021 = CARTESIAN_POINT ( 'NONE',  ( 4.500000000000002665, -2.550515463917521597, -5.800000000000000711 ) ) ;
#8022 = EDGE_CURVE ( 'NONE', #4663, #1618, #5423, .T. ) ;
#8023 = ADVANCED_FACE ( 'NONE', ( #4640 ), #1230, .T. ) ;
#8024 = EDGE_CURVE ( 'NONE', #7210, #844, #6670, .T. ) ;
#8025 = CARTESIAN_POINT ( 'NONE',  ( 1.750000000000000000, -5.549999999999998934, 1.000000000000000000 ) ) ;
#8026 = ORIENTED_EDGE ( 'NONE', *, *, #5535, .T. ) ;
#8027 = AXIS2_PLACEMENT_3D ( 'NONE', #9035, #646, #8338 ) ;
#8028 = MECHANICAL_DESIGN_GEOMETRIC_PRESENTATION_REPRESENTATION (  '', ( #8761 ), #358 ) ;
#8029 = ORIENTED_EDGE ( 'NONE', *, *, #391, .T. ) ;
#8030 = DIRECTION ( 'NONE',  ( 0.000000000000000000, 0.000000000000000000, 1.000000000000000000 ) ) ;
#8031 = CARTESIAN_POINT ( 'NONE',  ( 1.899999999999996358, -4.200000000000000178, 0.1000000000000000056 ) ) ;
#8032 = DIRECTION ( 'NONE',  ( 1.000000000000000000, -6.195440985631452852E-17, 0.000000000000000000 ) ) ;
#8033 = CIRCLE ( 'NONE', #3034, 0.6750000000000002665 ) ;
#8034 = DIRECTION ( 'NONE',  ( 0.000000000000000000, 0.000000000000000000, 1.000000000000000000 ) ) ;
#8035 = EDGE_LOOP ( 'NONE', ( #8740, #5508, #2478, #1779, #3473, #7423, #542 ) ) ;
#8036 = ORIENTED_EDGE ( 'NONE', *, *, #2441, .T. ) ;
#8037 = VERTEX_POINT ( 'NONE', #6756 ) ;
#8038 = ORIENTED_EDGE ( 'NONE', *, *, #4669, .T. ) ;
#8039 = DIRECTION ( 'NONE',  ( -1.000000000000000000, 2.491288438666616105E-16, 0.000000000000000000 ) ) ;
#8040 = LINE ( 'NONE', #8730, #2447 ) ;
#8041 = DIRECTION ( 'NONE',  ( -1.000000000000000000, 0.000000000000000000, 0.000000000000000000 ) ) ;
#8042 = DIRECTION ( 'NONE',  ( 0.000000000000000000, -1.000000000000000000, 0.000000000000000000 ) ) ;
#8043 = FACE_OUTER_BOUND ( 'NONE', #8804, .T. ) ;
#8044 = DIRECTION ( 'NONE',  ( 1.000000000000000000, 0.000000000000000000, 0.000000000000000000 ) ) ;
#8045 = VERTEX_POINT ( 'NONE', #3946 ) ;
#8046 = ORIENTED_EDGE ( 'NONE', *, *, #8406, .T. ) ;
#8047 = DIRECTION ( 'NONE',  ( 0.000000000000000000, 0.000000000000000000, -1.000000000000000000 ) ) ;
#8048 = ORIENTED_EDGE ( 'NONE', *, *, #4059, .T. ) ;
#8049 = DIRECTION ( 'NONE',  ( 0.8778780114862311246, -2.187047340575287658E-16, 0.4788843252278996987 ) ) ;
#8050 = CARTESIAN_POINT ( 'NONE',  ( 4.500000000000002665, 1.349484536082478980, 0.4000000000000087375 ) ) ;
#8051 = DIRECTION ( 'NONE',  ( 0.000000000000000000, 0.000000000000000000, 1.000000000000000000 ) ) ;
#8052 = DIRECTION ( 'NONE',  ( 1.000000000000000000, 0.000000000000000000, 0.000000000000000000 ) ) ;
#8053 = DIRECTION ( 'NONE',  ( 8.850629979473507244E-17, -1.000000000000000000, 0.000000000000000000 ) ) ;
#8054 = EDGE_CURVE ( 'NONE', #6806, #6625, #3216, .T. ) ;
#8055 = ORIENTED_EDGE ( 'NONE', *, *, #4741, .F. ) ;
#8056 = ORIENTED_EDGE ( 'NONE', *, *, #108, .F. ) ;
#8057 = DIRECTION ( 'NONE',  ( -1.000000000000000000, 0.000000000000000000, 0.000000000000000000 ) ) ;
#8058 = DIRECTION ( 'NONE',  ( 0.000000000000000000, 0.000000000000000000, 1.000000000000000000 ) ) ;
#8059 = DIRECTION ( 'NONE',  ( 0.000000000000000000, 0.000000000000000000, -1.000000000000000000 ) ) ;
#8060 = ORIENTED_EDGE ( 'NONE', *, *, #118, .T. ) ;
#8061 = LINE ( 'NONE', #403, #8537 ) ;
#8062 =( BOUNDED_CURVE ( )  B_SPLINE_CURVE ( 3, ( #4213, #5505, #1308, #7764 ),
 .UNSPECIFIED., .F., .T. ) 
 B_SPLINE_CURVE_WITH_KNOTS ( ( 4, 4 ),
 ( 1.570796326794896780, 3.141592653589793116 ),
 .UNSPECIFIED. ) 
 CURVE ( )  GEOMETRIC_REPRESENTATION_ITEM ( )  RATIONAL_B_SPLINE_CURVE ( ( 1.000000000000000000, 0.8047378541243650485, 0.8047378541243650485, 1.000000000000000000 ) ) 
 REPRESENTATION_ITEM ( '' )  );
#8063 = CARTESIAN_POINT ( 'NONE',  ( 0.4999999999999987232, 2.950000000000003730, 0.5000000000000000000 ) ) ;
#8064 = VERTEX_POINT ( 'NONE', #1774 ) ;
#8065 = ADVANCED_FACE ( 'NONE', ( #1089 ), #2432, .F. ) ;
#8066 = EDGE_CURVE ( 'NONE', #7011, #7746, #4589, .T. ) ;
#8067 = ORIENTED_EDGE ( 'NONE', *, *, #2044, .T. ) ;
#8068 = EDGE_CURVE ( 'NONE', #2599, #7873, #5383, .T. ) ;
#8069 = VERTEX_POINT ( 'NONE', #4036 ) ;
#8070 = CARTESIAN_POINT ( 'NONE',  ( 0.7500000000000001110, -6.700000000000000178, 1.000000000000000000 ) ) ;
#8071 = LINE ( 'NONE', #4557, #6230 ) ;
#8072 = LINE ( 'NONE', #2407, #6222 ) ;
#8073 = CARTESIAN_POINT ( 'NONE',  ( 1.479999999999999982, 11.70000000000000462, 1.200000000000000178 ) ) ;
#8074 = EDGE_CURVE ( 'NONE', #6912, #8572, #5239, .T. ) ;
#8075 = ORIENTED_EDGE ( 'NONE', *, *, #1805, .F. ) ;
#8076 = AXIS2_PLACEMENT_3D ( 'NONE', #6524, #5697, #7218 ) ;
#8077 = ORIENTED_EDGE ( 'NONE', *, *, #7295, .F. ) ;
#8078 = ORIENTED_EDGE ( 'NONE', *, *, #6893, .T. ) ;
#8079 = ORIENTED_EDGE ( 'NONE', *, *, #7388, .T. ) ;
#8080 = FACE_OUTER_BOUND ( 'NONE', #645, .T. ) ;
#8081 = EDGE_CURVE ( 'NONE', #4391, #1940, #3260, .T. ) ;
#8082 = CARTESIAN_POINT ( 'NONE',  ( 4.900000000000001243, -3.950515463917521508, -4.299999999999999822 ) ) ;
#8083 = CYLINDRICAL_SURFACE ( 'NONE', #6071, 0.6500000000000000222 ) ;
#8084 = VECTOR ( 'NONE', #2179, 1000.000000000000000 ) ;
#8085 = DIRECTION ( 'NONE',  ( 0.000000000000000000, 0.000000000000000000, 1.000000000000000000 ) ) ;
#8086 = DIRECTION ( 'NONE',  ( -7.228014483236699514E-16, 1.000000000000000000, 0.000000000000000000 ) ) ;
#8087 = PLANE ( 'NONE',  #507 ) ;
#8088 = ORIENTED_EDGE ( 'NONE', *, *, #3502, .F. ) ;
#8089 = AXIS2_PLACEMENT_3D ( 'NONE', #2306, #2866, #2954 ) ;
#8090 = DIRECTION ( 'NONE',  ( 0.000000000000000000, 0.000000000000000000, 1.000000000000000000 ) ) ;
#8091 = ORIENTED_EDGE ( 'NONE', *, *, #8513, .T. ) ;
#8092 = CYLINDRICAL_SURFACE ( 'NONE', #2718, 0.6750000000000002665 ) ;
#8093 = DIRECTION ( 'NONE',  ( -0.000000000000000000, -1.000000000000000000, -0.000000000000000000 ) ) ;
#8094 = AXIS2_PLACEMENT_3D ( 'NONE', #498, #8205, #8940 ) ;
#8095 = CARTESIAN_POINT ( 'NONE',  ( -4.500000000000002665, 4.349484536082480091, 0.3999999999999913625 ) ) ;
#8096 = CARTESIAN_POINT ( 'NONE',  ( -4.899999999999996803, 4.049484536082480268, -4.900000000000009237 ) ) ;
#8097 = ORIENTED_EDGE ( 'NONE', *, *, #5378, .F. ) ;
#8098 = EDGE_LOOP ( 'NONE', ( #1872, #1018, #8838, #2036, #3591, #5841, #8763, #4865 ) ) ;
#8099 = CARTESIAN_POINT ( 'NONE',  ( -4.400000000000002132, -5.950000000000000178, 0.000000000000000000 ) ) ;
#8100 = VECTOR ( 'NONE', #4668, 1000.000000000000000 ) ;
#8101 = LINE ( 'NONE', #2438, #5350 ) ;
#8102 = PLANE ( 'NONE',  #589 ) ;
#8103 = ADVANCED_FACE ( 'NONE', ( #1824 ), #438, .T. ) ;
#8104 = LINE ( 'NONE', #2627, #4013 ) ;
#8105 = ORIENTED_EDGE ( 'NONE', *, *, #7060, .F. ) ;
#8106 = LINE ( 'NONE', #4602, #4037 ) ;
#8107 = VERTEX_POINT ( 'NONE', #6803 ) ;
#8108 = ORIENTED_EDGE ( 'NONE', *, *, #8274, .F. ) ;
#8109 = ORIENTED_EDGE ( 'NONE', *, *, #1479, .F. ) ;
#8110 = AXIS2_PLACEMENT_3D ( 'NONE', #3523, #4301, #2092 ) ;
#8111 = ORIENTED_EDGE ( 'NONE', *, *, #5793, .F. ) ;
#8112 = VECTOR ( 'NONE', #3809, 1000.000000000000000 ) ;
#8113 = DIRECTION ( 'NONE',  ( 1.000000000000000000, 0.000000000000000000, 0.000000000000000000 ) ) ;
#8114 = DIRECTION ( 'NONE',  ( 0.000000000000000000, 1.000000000000000000, 0.000000000000000000 ) ) ;
#8115 = EDGE_CURVE ( 'NONE', #1402, #948, #490, .T. ) ;
#8116 = FACE_OUTER_BOUND ( 'NONE', #3751, .T. ) ;
#8117 = ADVANCED_FACE ( 'NONE', ( #8932 ), #5516, .T. ) ;
#8118 = CARTESIAN_POINT ( 'NONE',  ( -3.000000000000001776, 4.650000000000003908, 5.599999999999999645 ) ) ;
#8119 = EDGE_CURVE ( 'NONE', #5252, #8158, #3152, .T. ) ;
#8120 = EDGE_CURVE ( 'NONE', #8069, #6324, #3394, .T. ) ;
#8121 = VECTOR ( 'NONE', #427, 1000.000000000000000 ) ;
#8122 = VECTOR ( 'NONE', #4724, 1000.000000000000000 ) ;
#8123 = ORIENTED_EDGE ( 'NONE', *, *, #7613, .F. ) ;
#8124 = ORIENTED_EDGE ( 'NONE', *, *, #5192, .T. ) ;
#8125 = ORIENTED_EDGE ( 'NONE', *, *, #289, .T. ) ;
#8126 = VERTEX_POINT ( 'NONE', #5604 ) ;
#8127 = DIRECTION ( 'NONE',  ( 1.000000000000000000, 2.168404344971008868E-16, 0.000000000000000000 ) ) ;
#8128 = AXIS2_PLACEMENT_3D ( 'NONE', #5414, #8268, #2088 ) ;
#8129 = CARTESIAN_POINT ( 'NONE',  ( -0.7967663502707695855, 10.90000000000000036, -0.8947000102205833194 ) ) ;
#8130 = CARTESIAN_POINT ( 'NONE',  ( 0.000000000000000000, 0.9500000000000038414, 0.000000000000000000 ) ) ;
#8131 = EDGE_CURVE ( 'NONE', #6749, #5497, #6582, .T. ) ;
#8132 = DIRECTION ( 'NONE',  ( 0.000000000000000000, 0.000000000000000000, 1.000000000000000000 ) ) ;
#8133 = EDGE_CURVE ( 'NONE', #3201, #9047, #6201, .T. ) ;
#8134 = DIRECTION ( 'NONE',  ( 8.850629979473506011E-17, 1.000000000000000000, 3.260780805318072864E-31 ) ) ;
#8135 = PLANE ( 'NONE',  #8188 ) ;
#8136 = ORIENTED_EDGE ( 'NONE', *, *, #559, .F. ) ;
#8137 = CIRCLE ( 'NONE', #5773, 0.6750000000000002665 ) ;
#8138 = CIRCLE ( 'NONE', #3136, 0.4000000000000001887 ) ;
#8139 = UNCERTAINTY_MEASURE_WITH_UNIT (LENGTH_MEASURE( 1.000000000000000082E-05 ), #3354, 'distance_accuracy_value', 'NONE');
#8140 = LINE ( 'NONE', #4715, #3838 ) ;
#8141 = ORIENTED_EDGE ( 'NONE', *, *, #3611, .T. ) ;
#8142 = DIRECTION ( 'NONE',  ( 5.782411586589350145E-15, -1.000000000000000000, 0.000000000000000000 ) ) ;
#8143 = DIRECTION ( 'NONE',  ( 0.000000000000000000, -1.000000000000000000, 0.000000000000000000 ) ) ;
#8144 = VECTOR ( 'NONE', #5844, 1000.000000000000000 ) ;
#8145 = AXIS2_PLACEMENT_3D ( 'NONE', #745, #8492, #9099 ) ;
#8146 = FACE_BOUND ( 'NONE', #2959, .T. ) ;
#8147 =( NAMED_UNIT ( * ) PLANE_ANGLE_UNIT ( ) SI_UNIT ( $, .RADIAN. ) );
#8148 = CARTESIAN_POINT ( 'NONE',  ( 2.556853995623906861E-49, -4.050515463917521153, -1.517883041479706208E-16 ) ) ;
#8149 = ORIENTED_EDGE ( 'NONE', *, *, #131, .F. ) ;
#8150 = CARTESIAN_POINT ( 'NONE',  ( 0.5000000000000008882, 11.50000000000000000, 1.500000000000000000 ) ) ;
#8151 = VECTOR ( 'NONE', #6279, 1000.000000000000000 ) ;
#8152 = DIRECTION ( 'NONE',  ( 8.850629979473506011E-17, 1.000000000000000000, 0.000000000000000000 ) ) ;
#8153 =( LENGTH_UNIT ( ) NAMED_UNIT ( * ) SI_UNIT ( .MILLI., .METRE. ) );
#8154 = PLANE ( 'NONE',  #6916 ) ;
#8155 = AXIS2_PLACEMENT_3D ( 'NONE', #1530, #1573, #7203 ) ;
#8156 = VECTOR ( 'NONE', #2759, 1000.000000000000000 ) ;
#8157 = CARTESIAN_POINT ( 'NONE',  ( 4.900000000000000355, 4.349484536082479202, 0.4000000000000000222 ) ) ;
#8158 = VERTEX_POINT ( 'NONE', #8326 ) ;
#8159 = DIRECTION ( 'NONE',  ( -1.000000000000000000, 0.000000000000000000, 0.000000000000000000 ) ) ;
#8160 = ORIENTED_EDGE ( 'NONE', *, *, #8233, .T. ) ;
#8161 = ORIENTED_EDGE ( 'NONE', *, *, #4218, .T. ) ;
#8162 = ADVANCED_FACE ( 'NONE', ( #5470 ), #2010, .T. ) ;
#8163 = ORIENTED_EDGE ( 'NONE', *, *, #4401, .T. ) ;
#8164 = VERTEX_POINT ( 'NONE', #9071 ) ;
#8165 = AXIS2_PLACEMENT_3D ( 'NONE', #314, #4378, #3092 ) ;
#8166 = AXIS2_PLACEMENT_3D ( 'NONE', #4675, #7491, #5236 ) ;
#8167 = EDGE_LOOP ( 'NONE', ( #1406, #2550, #1043, #3195 ) ) ;
#8168 = CARTESIAN_POINT ( 'NONE',  ( -4.899999999999991473, 4.049484536082480268, -4.300000000000008704 ) ) ;
#8169 = CARTESIAN_POINT ( 'NONE',  ( -2.599999999999994316, -5.150515463917519021, 2.350988701644567659E-30 ) ) ;
#8170 = CARTESIAN_POINT ( 'NONE',  ( -4.500000000000002665, 4.849484536082480091, 0.4000000000000021871 ) ) ;
#8171 = DIRECTION ( 'NONE',  ( -0.000000000000000000, -1.000000000000000000, -0.000000000000000000 ) ) ;
#8172 = AXIS2_PLACEMENT_3D ( 'NONE', #439, #8885, #1090 ) ;
#8173 = ORIENTED_EDGE ( 'NONE', *, *, #3102, .F. ) ;
#8174 = EDGE_CURVE ( 'NONE', #6874, #1701, #2658, .T. ) ;
#8175 = EDGE_LOOP ( 'NONE', ( #692, #3919, #3235, #2177, #7019, #1362, #2318, #6042 ) ) ;
#8176 = ORIENTED_EDGE ( 'NONE', *, *, #3010, .F. ) ;
#8177 = ORIENTED_EDGE ( 'NONE', *, *, #7101, .T. ) ;
#8178 = LINE ( 'NONE', #3246, #6546 ) ;
#8179 = PRESENTATION_LAYER_ASSIGNMENT (  '', '', ( #6264 ) ) ;
#8180 = DIRECTION ( 'NONE',  ( -8.850629979473506011E-17, -1.000000000000000000, 0.000000000000000000 ) ) ;
#8181 = DIRECTION ( 'NONE',  ( 0.000000000000000000, 0.000000000000000000, 1.000000000000000000 ) ) ;
#8182 = DIRECTION ( 'NONE',  ( -0.000000000000000000, -0.000000000000000000, -1.000000000000000000 ) ) ;
#8183 = DIRECTION ( 'NONE',  ( -1.000000000000000000, 0.000000000000000000, 0.000000000000000000 ) ) ;
#8184 = CARTESIAN_POINT ( 'NONE',  ( 4.286263797015737088E-16, 2.949484536082479735, -1.843143693225357538E-16 ) ) ;
#8185 = ORIENTED_EDGE ( 'NONE', *, *, #8585, .T. ) ;
#8186 = VECTOR ( 'NONE', #2098, 1000.000000000000000 ) ;
#8187 =( GEOMETRIC_REPRESENTATION_CONTEXT ( 3 ) GLOBAL_UNCERTAINTY_ASSIGNED_CONTEXT ( ( #2335 ) ) GLOBAL_UNIT_ASSIGNED_CONTEXT ( ( #2844, #2056, #4863 ) ) REPRESENTATION_CONTEXT ( 'NONE', 'WORKASPACE' ) );
#8188 = AXIS2_PLACEMENT_3D ( 'NONE', #1720, #5913, #4531 ) ;
#8189 = EDGE_CURVE ( 'NONE', #2746, #5594, #3353, .T. ) ;
#8190 = ORIENTED_EDGE ( 'NONE', *, *, #4226, .T. ) ;
#8191 = LINE ( 'NONE', #8227, #461 ) ;
#8192 = EDGE_CURVE ( 'NONE', #2907, #6862, #2594, .T. ) ;
#8193 = ORIENTED_EDGE ( 'NONE', *, *, #7044, .F. ) ;
#8194 = ADVANCED_FACE ( 'NONE', ( #8278 ), #4816, .T. ) ;
#8195 = DIRECTION ( 'NONE',  ( 1.000000000000000000, 0.000000000000000000, 0.000000000000000000 ) ) ;
#8196 = ADVANCED_FACE ( 'NONE', ( #4222 ), #4771, .T. ) ;
#8197 = DIRECTION ( 'NONE',  ( 0.000000000000000000, -1.000000000000000000, 0.000000000000000000 ) ) ;
#8198 = DIRECTION ( 'NONE',  ( 1.000000000000000000, 8.850629979473506011E-17, 0.000000000000000000 ) ) ;
#8199 = LINE ( 'NONE', #5564, #3847 ) ;
#8200 = ORIENTED_EDGE ( 'NONE', *, *, #129, .T. ) ;
#8201 = VERTEX_POINT ( 'NONE', #7032 ) ;
#8202 = DIRECTION ( 'NONE',  ( 0.000000000000000000, 0.000000000000000000, -1.000000000000000000 ) ) ;
#8203 = DIRECTION ( 'NONE',  ( 1.931541112668179251E-15, 0.000000000000000000, -1.000000000000000000 ) ) ;
#8204 = MANIFOLD_SOLID_BREP ( 'Body-Move/Copy1[3]', #606 ) ;
#8205 = DIRECTION ( 'NONE',  ( 0.000000000000000000, 0.000000000000000000, 1.000000000000000000 ) ) ;
#8206 = CARTESIAN_POINT ( 'NONE',  ( -4.499999999999988454, 1.449484536082479957, -5.800000000000009592 ) ) ;
#8207 = ORIENTED_EDGE ( 'NONE', *, *, #2659, .F. ) ;
#8208 = DIRECTION ( 'NONE',  ( 0.000000000000000000, 1.000000000000000000, 0.000000000000000000 ) ) ;
#8209 = CARTESIAN_POINT ( 'NONE',  ( 2.600000000000000533, 0.5000000000000022204, 1.500000000000000000 ) ) ;
#8210 = VERTEX_POINT ( 'NONE', #25 ) ;
#8211 = EDGE_LOOP ( 'NONE', ( #5547, #4325, #534, #6502 ) ) ;
#8212 = ORIENTED_EDGE ( 'NONE', *, *, #7790, .F. ) ;
#8213 = CARTESIAN_POINT ( 'NONE',  ( -0.4000000000000001887, -6.700000000000000178, -5.750000000000000000 ) ) ;
#8214 = CARTESIAN_POINT ( 'NONE',  ( -0.7967663502707696965, 10.20000000000000107, 1.716269817073340895E-16 ) ) ;
#8215 = DIRECTION ( 'NONE',  ( -0.000000000000000000, -1.000000000000000000, -0.000000000000000000 ) ) ;
#8216 = EDGE_LOOP ( 'NONE', ( #7135, #2924, #4053, #7036 ) ) ;
#8217 = ORIENTED_EDGE ( 'NONE', *, *, #4844, .F. ) ;
#8218 = VERTEX_POINT ( 'NONE', #6896 ) ;
#8219 = ORIENTED_EDGE ( 'NONE', *, *, #3650, .T. ) ;
#8220 = DIRECTION ( 'NONE',  ( 1.000000000000000000, 1.794207403895423791E-16, 0.000000000000000000 ) ) ;
#8221 = DIRECTION ( 'NONE',  ( -8.850629979473506011E-17, 1.000000000000000000, 0.000000000000000000 ) ) ;
#8222 = LINE ( 'NONE', #4159, #3570 ) ;
#8223 = FACE_OUTER_BOUND ( 'NONE', #9103, .T. ) ;
#8224 = EDGE_CURVE ( 'NONE', #8013, #315, #4211, .T. ) ;
#8225 = LINE ( 'NONE', #1401, #1650 ) ;
#8226 = ORIENTED_EDGE ( 'NONE', *, *, #626, .F. ) ;
#8227 = CARTESIAN_POINT ( 'NONE',  ( -4.500000000000002665, -2.450515463917520176, 0.000000000000000000 ) ) ;
#8228 = ORIENTED_EDGE ( 'NONE', *, *, #4615, .T. ) ;
#8229 = CYLINDRICAL_SURFACE ( 'NONE', #6405, 0.6750000000000002665 ) ;
#8230 = DIRECTION ( 'NONE',  ( -0.6560590289905071648, 0.000000000000000000, -0.7547095802227721251 ) ) ;
#8231 = EDGE_CURVE ( 'NONE', #1737, #1580, #1588, .T. ) ;
#8232 = DIRECTION ( 'NONE',  ( -1.000000000000000000, 1.606225440719265627E-16, -1.931541112668179645E-15 ) ) ;
#8233 = EDGE_CURVE ( 'NONE', #1444, #7190, #4971, .T. ) ;
#8234 = EDGE_CURVE ( 'NONE', #7398, #3365, #9108, .T. ) ;
#8235 = DIRECTION ( 'NONE',  ( 0.000000000000000000, 0.000000000000000000, 1.000000000000000000 ) ) ;
#8236 = CARTESIAN_POINT ( 'NONE',  ( 4.967022722742118646, -1.550515463917522485, -9.132121988513766553 ) ) ;
#8237 = ORIENTED_EDGE ( 'NONE', *, *, #1175, .T. ) ;
#8238 = ORIENTED_EDGE ( 'NONE', *, *, #3007, .F. ) ;
#8239 = DIRECTION ( 'NONE',  ( 0.000000000000000000, 0.000000000000000000, 1.000000000000000000 ) ) ;
#8240 = DIRECTION ( 'NONE',  ( -1.000000000000000000, 0.000000000000000000, 0.000000000000000000 ) ) ;
#8241 = LINE ( 'NONE', #1919, #4046 ) ;
#8242 = DIRECTION ( 'NONE',  ( 1.000000000000000000, -2.491288438666616105E-16, 0.000000000000000000 ) ) ;
#8243 = ADVANCED_FACE ( 'NONE', ( #7916 ), #257, .T. ) ;
#8244 = PLANE ( 'NONE',  #5186 ) ;
#8245 = VERTEX_POINT ( 'NONE', #7870 ) ;
#8246 = CARTESIAN_POINT ( 'NONE',  ( 0.000000000000000000, 8.900000000000000355, -3.850000000000000089 ) ) ;
#8247 = ORIENTED_EDGE ( 'NONE', *, *, #3119, .F. ) ;
#8248 = VECTOR ( 'NONE', #7351, 1000.000000000000000 ) ;
#8249 = ORIENTED_EDGE ( 'NONE', *, *, #1529, .F. ) ;
#8250 = ORIENTED_EDGE ( 'NONE', *, *, #1189, .T. ) ;
#8251 = VECTOR ( 'NONE', #399, 1000.000000000000000 ) ;
#8252 = FACE_OUTER_BOUND ( 'NONE', #6646, .T. ) ;
#8253 = CARTESIAN_POINT ( 'NONE',  ( 4.900000000000001243, 4.336808689942018722E-16, 0.000000000000000000 ) ) ;
#8254 = EDGE_CURVE ( 'NONE', #8696, #4968, #5737, .T. ) ;
#8255 = DIRECTION ( 'NONE',  ( 1.000000000000000000, 0.000000000000000000, 0.000000000000000000 ) ) ;
#8256 = VERTEX_POINT ( 'NONE', #8506 ) ;
#8257 = AXIS2_PLACEMENT_3D ( 'NONE', #7270, #4582, #5920 ) ;
#8258 = CLOSED_SHELL ( 'NONE', ( #6150, #3893, #1086, #4832, #3787, #6719, #3562, #4511, #1197, #5261, #4466, #4453, #2430, #3177, #1066, #4910, #2323, #3060, #4588, #7938, #3934, #4105, #2152, #5643, #8023, #5431, #5381, #233, #5960, #3739, #868, #5937, #8469, #7677, #855, #8960, #8162, #7628, #7133, #2773, #6203, #6229, #6602, #323, #5360, #9084, #5121, #4960, #1204, #4798, #6753, #2096, #3670, #8410, #7744, #4285, #5579, #6088, #1152, #3674, #8103, #6592, #1146, #285, #2894, #8516, #4240, #5318, #7716, #1579, #6600, #7219, #6096, #7623, #4128, #809, #4577, #9028, #6890, #5467, #4402, #6776, #6320, #6705, #8978, #1343, #7493, #8298, #513, #8194, #6659, #4468, #4353, #7217, #3728, #7446, #4628, #5006, #7342, #165, #5685, #3387, #1135, #5533, #2443, #5979, #7457, #7402, #8465, #4885, #7545 ) ) ;
#8259 = ORIENTED_EDGE ( 'NONE', *, *, #1641, .F. ) ;
#8260 = ORIENTED_EDGE ( 'NONE', *, *, #8733, .F. ) ;
#8261 = VERTEX_POINT ( 'NONE', #5835 ) ;
#8262 = CYLINDRICAL_SURFACE ( 'NONE', #1101, 0.9999999999999995559 ) ;
#8263 = LINE ( 'NONE', #1946, #6012 ) ;
#8264 = DIRECTION ( 'NONE',  ( -1.000000000000000000, 0.000000000000000000, 0.000000000000000000 ) ) ;
#8265 = LINE ( 'NONE', #1264, #2656 ) ;
#8266 = VECTOR ( 'NONE', #6852, 1000.000000000000000 ) ;
#8267 = CIRCLE ( 'NONE', #3563, 0.6500000000000000222 ) ;
#8268 = DIRECTION ( 'NONE',  ( 0.000000000000000000, -1.000000000000000000, 0.000000000000000000 ) ) ;
#8269 = ORIENTED_EDGE ( 'NONE', *, *, #3284, .T. ) ;
#8270 = PLANE ( 'NONE',  #8852 ) ;
#8271 = VECTOR ( 'NONE', #1752, 1000.000000000000000 ) ;
#8272 = ORIENTED_EDGE ( 'NONE', *, *, #903, .F. ) ;
#8273 = VERTEX_POINT ( 'NONE', #3577 ) ;
#8274 = EDGE_CURVE ( 'NONE', #6873, #6806, #5134, .T. ) ;
#8275 = FACE_OUTER_BOUND ( 'NONE', #5032, .T. ) ;
#8276 = LINE ( 'NONE', #8409, #531 ) ;
#8277 = DIRECTION ( 'NONE',  ( -1.000000000000000000, 0.000000000000000000, 0.000000000000000000 ) ) ;
#8279 = VECTOR ( 'NONE', #8312, 1000.000000000000000 ) ;
#8278 = FACE_OUTER_BOUND ( 'NONE', #7651, .T. ) ;
#8280 = CARTESIAN_POINT ( 'NONE',  ( 4.500000000000002665, -1.550515463917522041, -7.550000000000000711 ) ) ;
#8281 = ORIENTED_EDGE ( 'NONE', *, *, #2195, .T. ) ;
#8282 = ORIENTED_EDGE ( 'NONE', *, *, #8904, .T. ) ;
#8283 = LINE ( 'NONE', #3401, #1483 ) ;
#8284 = EDGE_CURVE ( 'NONE', #7421, #8164, #3084, .T. ) ;
#8285 = CARTESIAN_POINT ( 'NONE',  ( -1.249999999999999334, 8.900000000000000355, 3.152565349772896486 ) ) ;
#8286 = AXIS2_PLACEMENT_3D ( 'NONE', #6559, #8991, #3237 ) ;
#8287 = DIRECTION ( 'NONE',  ( -0.6560590289905089412, 0.000000000000000000, 0.7547095802227705708 ) ) ;
#8288 = EDGE_CURVE ( 'NONE', #7190, #8432, #4398, .T. ) ;
#8289 = DIRECTION ( 'NONE',  ( 0.5142627263715358055, 0.000000000000000000, -0.8576327000907292275 ) ) ;
#8290 = FACE_OUTER_BOUND ( 'NONE', #6367, .T. ) ;
#8291 = ORIENTED_EDGE ( 'NONE', *, *, #5192, .F. ) ;
#8292 = DIRECTION ( 'NONE',  ( 1.000000000000000000, 1.971276677246371519E-16, 0.000000000000000000 ) ) ;
#8293 = EDGE_LOOP ( 'NONE', ( #3544, #8651, #5355, #1730 ) ) ;
#8294 = CIRCLE ( 'NONE', #2860, 3.500000000000000000 ) ;
#8295 = ORIENTED_EDGE ( 'NONE', *, *, #455, .F. ) ;
#8296 = ADVANCED_FACE ( 'NONE', ( #76 ), #4361, .F. ) ;
#8297 = ORIENTED_EDGE ( 'NONE', *, *, #7170, .T. ) ;
#8298 = ADVANCED_FACE ( 'NONE', ( #2935 ), #7950, .F. ) ;
#8299 = EDGE_LOOP ( 'NONE', ( #8583, #6604, #8913, #8380 ) ) ;
#8300 = EDGE_CURVE ( 'NONE', #7011, #597, #210, .T. ) ;
#8301 = EDGE_CURVE ( 'NONE', #8520, #4140, #2237, .T. ) ;
#8302 = AXIS2_PLACEMENT_3D ( 'NONE', #2988, #3038, #5842 ) ;
#8303 = FACE_OUTER_BOUND ( 'NONE', #1758, .T. ) ;
#8304 = DIRECTION ( 'NONE',  ( 8.850629979473506011E-17, -1.000000000000000000, 0.000000000000000000 ) ) ;
#8305 = LINE ( 'NONE', #6135, #3859 ) ;
#8306 = VERTEX_POINT ( 'NONE', #4441 ) ;
#8307 = AXIS2_PLACEMENT_3D ( 'NONE', #711, #2615, #8928 ) ;
#8308 = ORIENTED_EDGE ( 'NONE', *, *, #7957, .F. ) ;
#8309 = VERTEX_POINT ( 'NONE', #7179 ) ;
#8310 = LINE ( 'NONE', #2780, #6412 ) ;
#8311 = FACE_BOUND ( 'NONE', #3678, .T. ) ;
#8312 = DIRECTION ( 'NONE',  ( -0.000000000000000000, -0.000000000000000000, -1.000000000000000000 ) ) ;
#8313 = FACE_BOUND ( 'NONE', #7629, .T. ) ;
#8314 =( GEOMETRIC_REPRESENTATION_CONTEXT ( 3 ) GLOBAL_UNCERTAINTY_ASSIGNED_CONTEXT ( ( #7956 ) ) GLOBAL_UNIT_ASSIGNED_CONTEXT ( ( #1038, #7496, #8788 ) ) REPRESENTATION_CONTEXT ( 'NONE', 'WORKASPACE' ) );
#8315 = VECTOR ( 'NONE', #9000, 1000.000000000000000 ) ;
#8316 = CARTESIAN_POINT ( 'NONE',  ( 3.399999999999998579, 2.950000000000003286, 0.5000000000000000000 ) ) ;
#8317 = ORIENTED_EDGE ( 'NONE', *, *, #1477, .T. ) ;
#8318 = ORIENTED_EDGE ( 'NONE', *, *, #5349, .T. ) ;
#8319 = DIRECTION ( 'NONE',  ( 1.000000000000000000, 0.000000000000000000, 0.000000000000000000 ) ) ;
#8320 = VECTOR ( 'NONE', #4956, 1000.000000000000000 ) ;
#8321 = ORIENTED_EDGE ( 'NONE', *, *, #7174, .F. ) ;
#8322 = CARTESIAN_POINT ( 'NONE',  ( -0.6500000000000019096, 0.4500000000000040079, 5.000000000000000000 ) ) ;
#8323 = DIRECTION ( 'NONE',  ( 0.000000000000000000, -1.000000000000000000, 0.000000000000000000 ) ) ;
#8324 = DIRECTION ( 'NONE',  ( -0.6560590289905036121, 0.000000000000000000, 0.7547095802227752337 ) ) ;
#8325 = CIRCLE ( 'NONE', #2890, 1.200000000000011502 ) ;
#8326 = CARTESIAN_POINT ( 'NONE',  ( -4.899999999999996803, -2.550515463917520265, -5.900000000000010125 ) ) ;
#8327 = CARTESIAN_POINT ( 'NONE',  ( -1.089941313553887126, -0.05202383709185200156, 0.5000000000000000000 ) ) ;
#8328 = ORIENTED_EDGE ( 'NONE', *, *, #3515, .T. ) ;
#8329 = ORIENTED_EDGE ( 'NONE', *, *, #7745, .F. ) ;
#8330 = DIRECTION ( 'NONE',  ( 1.000000000000000000, 0.000000000000000000, -1.224646799147353207E-16 ) ) ;
#8331 = DIRECTION ( 'NONE',  ( -1.000000000000000000, 0.000000000000000000, 0.000000000000000000 ) ) ;
#8332 = DIRECTION ( 'NONE',  ( 0.000000000000000000, 0.000000000000000000, 1.000000000000000000 ) ) ;
#8333 = DIRECTION ( 'NONE',  ( 0.000000000000000000, 0.000000000000000000, 1.000000000000000000 ) ) ;
#8334 = PLANE ( 'NONE',  #4260 ) ;
#8335 = CARTESIAN_POINT ( 'NONE',  ( 4.900000000000000355, 1.449484536082478847, -5.800000000000000711 ) ) ;
#8336 = EDGE_CURVE ( 'NONE', #6032, #7478, #7265, .T. ) ;
#8337 = EDGE_LOOP ( 'NONE', ( #1172, #4728, #8615, #7968 ) ) ;
#8338 = DIRECTION ( 'NONE',  ( 1.000000000000000000, 0.000000000000000000, 0.000000000000000000 ) ) ;
#8339 = DIRECTION ( 'NONE',  ( 0.000000000000000000, 0.000000000000000000, -1.000000000000000000 ) ) ;
#8340 = ORIENTED_EDGE ( 'NONE', *, *, #8288, .F. ) ;
#8341 = ORIENTED_EDGE ( 'NONE', *, *, #2263, .F. ) ;
#8342 = DIRECTION ( 'NONE',  ( -0.000000000000000000, -0.000000000000000000, -1.000000000000000000 ) ) ;
#8343 = LINE ( 'NONE', #8253, #5493 ) ;
#8344 = EDGE_CURVE ( 'NONE', #4254, #5807, #7163, .T. ) ;
#8345 = FACE_OUTER_BOUND ( 'NONE', #31, .T. ) ;
#8346 = CARTESIAN_POINT ( 'NONE',  ( -4.500000000000003553, -5.950515463917520620, 0.3999999999999935274 ) ) ;
#8347 =( REPRESENTATION_RELATIONSHIP ('NONE','NONE', #1058, #5832 ) REPRESENTATION_RELATIONSHIP_WITH_TRANSFORMATION ( #8415 )SHAPE_REPRESENTATION_RELATIONSHIP( ) );
#8348 = EDGE_CURVE ( 'NONE', #7157, #7374, #7820, .T. ) ;
#8349 = ORIENTED_EDGE ( 'NONE', *, *, #292, .F. ) ;
#8350 = EDGE_CURVE ( 'NONE', #8466, #8706, #813, .T. ) ;
#8351 = VERTEX_POINT ( 'NONE', #603 ) ;
#8352 = EDGE_LOOP ( 'NONE', ( #660, #6080, #7373, #5731 ) ) ;
#8353 = LINE ( 'NONE', #1303, #5224 ) ;
#8354 = CARTESIAN_POINT ( 'NONE',  ( 0.000000000000000000, 0.000000000000000000, 0.000000000000000000 ) ) ;
#8355 = LINE ( 'NONE', #3379, #5187 ) ;
#8356 = DIRECTION ( 'NONE',  ( 0.000000000000000000, 1.000000000000000000, 0.000000000000000000 ) ) ;
#8357 = EDGE_CURVE ( 'NONE', #8985, #8851, #9045, .T. ) ;
#8358 = PLANE ( 'NONE',  #7693 ) ;
#8359 = ORIENTED_EDGE ( 'NONE', *, *, #1436, .F. ) ;
#8360 = ORIENTED_EDGE ( 'NONE', *, *, #5137, .T. ) ;
#8361 = EDGE_LOOP ( 'NONE', ( #7777, #3972, #4897, #3750 ) ) ;
#8362 = LINE ( 'NONE', #6983, #4720 ) ;
#8363 = EDGE_CURVE ( 'NONE', #982, #1291, #6232, .T. ) ;
#8364 = VERTEX_POINT ( 'NONE', #3890 ) ;
#8365 = CARTESIAN_POINT ( 'NONE',  ( -0.3999999999999998002, -6.400000000000000355, -1.349999999999999867 ) ) ;
#8366 = CARTESIAN_POINT ( 'NONE',  ( -1.749999999999999778, -6.400000000000000355, 1.000000000000000000 ) ) ;
#8367 = LINE ( 'NONE', #4035, #8266 ) ;
#8368 = DIRECTION ( 'NONE',  ( 0.000000000000000000, 1.000000000000000000, 3.260780805318072864E-31 ) ) ;
#8369 = PRODUCT_CONTEXT ( 'NONE', #3637, 'mechanical' ) ;
#8370 = LINE ( 'NONE', #3947, #9005 ) ;
#8371 = ORIENTED_EDGE ( 'NONE', *, *, #7660, .T. ) ;
#8372 = ORIENTED_EDGE ( 'NONE', *, *, #3074, .T. ) ;
#8373 = CARTESIAN_POINT ( 'NONE',  ( 0.0008203932499369634770, 11.70000000000000462, 4.781147327278692800E-17 ) ) ;
#8374 = CARTESIAN_POINT ( 'NONE',  ( 0.8032336497292295041, 11.70000000000000462, -1.604700010220583728 ) ) ;
#8375 = DIRECTION ( 'NONE',  ( -0.000000000000000000, -0.000000000000000000, -1.000000000000000000 ) ) ;
#8376 = CARTESIAN_POINT ( 'NONE',  ( 0.000000000000000000, 0.5000000000000004441, 0.000000000000000000 ) ) ;
#8377 = EDGE_LOOP ( 'NONE', ( #5864, #1385, #7536, #6795 ) ) ;
#8378 = CARTESIAN_POINT ( 'NONE',  ( 4.399999999999998579, 3.600000000000003642, 0.1000000000000001305 ) ) ;
#8379 = CYLINDRICAL_SURFACE ( 'NONE', #750, 0.3500000000000000333 ) ;
#8380 = ORIENTED_EDGE ( 'NONE', *, *, #6272, .T. ) ;
#8381 = VECTOR ( 'NONE', #2073, 1000.000000000000000 ) ;
#8382 = ORIENTED_EDGE ( 'NONE', *, *, #3163, .F. ) ;
#8383 = ADVANCED_FACE ( 'NONE', ( #3799 ), #8135, .F. ) ;
#8384 = CARTESIAN_POINT ( 'NONE',  ( 4.500000000000002665, 2.849484536082478758, -5.300000000000009592 ) ) ;
#8385 = FACE_OUTER_BOUND ( 'NONE', #5207, .T. ) ;
#8386 = VECTOR ( 'NONE', #811, 1000.000000000000000 ) ;
#8387 = LINE ( 'NONE', #4701, #6365 ) ;
#8388 = DIRECTION ( 'NONE',  ( -0.000000000000000000, -0.000000000000000000, -1.000000000000000000 ) ) ;
#8389 = VERTEX_POINT ( 'NONE', #1297 ) ;
#8390 = ORIENTED_EDGE ( 'NONE', *, *, #8115, .F. ) ;
#8391 = CIRCLE ( 'NONE', #5601, 0.6500000000000001332 ) ;
#8392 = EDGE_CURVE ( 'NONE', #3287, #3077, #3420, .T. ) ;
#8393 = AXIS2_PLACEMENT_3D ( 'NONE', #4160, #9003, #6978 ) ;
#8394 = DIRECTION ( 'NONE',  ( 1.000000000000000000, 0.000000000000000000, 0.000000000000000000 ) ) ;
#8395 = LINE ( 'NONE', #6142, #1008 ) ;
#8396 = EDGE_CURVE ( 'NONE', #1665, #3667, #6748, .T. ) ;
#8397 = DIRECTION ( 'NONE',  ( 0.000000000000000000, 0.000000000000000000, 1.000000000000000000 ) ) ;
#8398 = CARTESIAN_POINT ( 'NONE',  ( 3.599999999999999645, -5.949999999999998401, 5.000000000000000000 ) ) ;
#8399 = EDGE_CURVE ( 'NONE', #4063, #6796, #7442, .T. ) ;
#8400 = DIRECTION ( 'NONE',  ( 0.000000000000000000, 0.000000000000000000, -1.000000000000000000 ) ) ;
#8401 = AXIS2_PLACEMENT_3D ( 'NONE', #3495, #2194, #4913 ) ;
#8402 = EDGE_LOOP ( 'NONE', ( #2023, #5072, #9081, #4570 ) ) ;
#8403 = ORIENTED_EDGE ( 'NONE', *, *, #4177, .T. ) ;
#8404 = DIRECTION ( 'NONE',  ( 0.000000000000000000, 0.000000000000000000, 1.000000000000000000 ) ) ;
#8405 = ORIENTED_EDGE ( 'NONE', *, *, #2813, .F. ) ;
#8406 = EDGE_CURVE ( 'NONE', #5195, #4108, #1679, .T. ) ;
#8407 = CARTESIAN_POINT ( 'NONE',  ( -4.500000000000002665, 2.849484536082480091, -5.300000000000009592 ) ) ;
#8408 = AXIS2_PLACEMENT_3D ( 'NONE', #4630, #6107, #7488 ) ;
#8409 = CARTESIAN_POINT ( 'NONE',  ( -4.499999999999992006, -3.950515463917520620, -4.300000000000008704 ) ) ;
#8410 = ADVANCED_FACE ( 'NONE', ( #7353 ), #5543, .F. ) ;
#8411 = VECTOR ( 'NONE', #8427, 1000.000000000000000 ) ;
#8412 = EDGE_CURVE ( 'NONE', #3644, #1803, #335, .T. ) ;
#8413 = CARTESIAN_POINT ( 'NONE',  ( 4.399999999999998579, -5.149999999999998579, 5.000000000000000000 ) ) ;
#8414 = DIRECTION ( 'NONE',  ( 1.000000000000000000, 0.000000000000000000, 0.000000000000000000 ) ) ;
#8415 = ITEM_DEFINED_TRANSFORMATION ( 'NONE', 'NONE', #4045,  #5810 ) ;
#8416 = CARTESIAN_POINT ( 'NONE',  ( -1.750000000000000000, -6.400000000000000355, 1.000000000000000000 ) ) ;
#8417 = CIRCLE ( 'NONE', #5165, 0.4000000000000001887 ) ;
#8418 = VECTOR ( 'NONE', #541, 1000.000000000000114 ) ;
#8419 = ORIENTED_EDGE ( 'NONE', *, *, #5284, .T. ) ;
#8420 = CARTESIAN_POINT ( 'NONE',  ( 0.7499999999999997780, -5.549999999999999822, -1.350000000000000089 ) ) ;
#8421 = CARTESIAN_POINT ( 'NONE',  ( 4.500000000000001776, -2.450515463917521064, 0.4000000000000000777 ) ) ;
#8422 = CARTESIAN_POINT ( 'NONE',  ( -4.899999999999996803, -3.550515463917521153, -5.900000000000010125 ) ) ;
#8423 = AXIS2_PLACEMENT_3D ( 'NONE', #2880, #5686, #1487 ) ;
#8424 = DIRECTION ( 'NONE',  ( 0.000000000000000000, 0.000000000000000000, -1.000000000000000000 ) ) ;
#8425 = ORIENTED_EDGE ( 'NONE', *, *, #2549, .T. ) ;
#8426 = DIRECTION ( 'NONE',  ( 0.000000000000000000, 0.000000000000000000, 1.000000000000000000 ) ) ;
#8427 = DIRECTION ( 'NONE',  ( 0.000000000000000000, 1.000000000000000000, 0.000000000000000000 ) ) ;
#8428 = VECTOR ( 'NONE', #4476, 1000.000000000000000 ) ;
#8429 = ORIENTED_EDGE ( 'NONE', *, *, #6610, .T. ) ;
#8430 = LINE ( 'NONE', #1601, #2680 ) ;
#8431 = AXIS2_PLACEMENT_3D ( 'NONE', #4243, #7757, #3550 ) ;
#8432 = VERTEX_POINT ( 'NONE', #8346 ) ;
#8433 = ORIENTED_EDGE ( 'NONE', *, *, #8973, .F. ) ;
#8434 = LINE ( 'NONE', #1472, #4112 ) ;
#8435 = LINE ( 'NONE', #7704, #1814 ) ;
#8436 = VECTOR ( 'NONE', #4736, 1000.000000000000000 ) ;
#8437 = CIRCLE ( 'NONE', #8588, 0.6750000000000002665 ) ;
#8438 = PLANE ( 'NONE',  #5035 ) ;
#8439 = CARTESIAN_POINT ( 'NONE',  ( -1.891663167769253473, 8.500000000000000000, 3.353223890482888159 ) ) ;
#8440 = EDGE_LOOP ( 'NONE', ( #2926, #2601 ) ) ;
#8441 = PRODUCT_DEFINITION_CONTEXT ( 'detailed design', #5642, 'design' ) ;
#8442 = ORIENTED_EDGE ( 'NONE', *, *, #4009, .T. ) ;
#8443 = CIRCLE ( 'NONE', #3146, 0.6500000000000000222 ) ;
#8444 = SURFACE_STYLE_USAGE ( .BOTH. , #2132 ) ;
#8445 = DIRECTION ( 'NONE',  ( 1.931541112668179645E-15, 0.000000000000000000, -1.000000000000000000 ) ) ;
#8446 = DIRECTION ( 'NONE',  ( 0.000000000000000000, 0.000000000000000000, 1.000000000000000000 ) ) ;
#8447 = DIRECTION ( 'NONE',  ( 0.000000000000000000, 0.000000000000000000, 1.000000000000000000 ) ) ;
#8448 = DIRECTION ( 'NONE',  ( 1.000000000000000000, 0.000000000000000000, 0.000000000000000000 ) ) ;
#8449 = AXIS2_PLACEMENT_3D ( 'NONE', #5524, #1327, #545 ) ;
#8450 = EDGE_CURVE ( 'NONE', #328, #6595, #1091, .T. ) ;
#8451 = ORIENTED_EDGE ( 'NONE', *, *, #5191, .T. ) ;
#8452 = EDGE_LOOP ( 'NONE', ( #1592, #7269 ) ) ;
#8453 = CARTESIAN_POINT ( 'NONE',  ( -1.091177379365210198, 10.20000000000000107, -0.5047000102205828620 ) ) ;
#8454 = ORIENTED_EDGE ( 'NONE', *, *, #4783, .T. ) ;
#8455 = CARTESIAN_POINT ( 'NONE',  ( 0.000000000000000000, -6.400000000000000355, 1.000000000000000000 ) ) ;
#8456 = VECTOR ( 'NONE', #453, 1000.000000000000000 ) ;
#8457 = AXIS2_PLACEMENT_3D ( 'NONE', #8545, #7072, #847 ) ;
#8458 = LINE ( 'NONE', #7680, #968 ) ;
#8459 = DIRECTION ( 'NONE',  ( 0.4226182617407076014, 0.000000000000000000, 0.9063077870366461619 ) ) ;
#8460 = CARTESIAN_POINT ( 'NONE',  ( 4.500000000000001776, 1.349484536082478980, 0.4000000000000087375 ) ) ;
#8461 = ADVANCED_FACE ( 'NONE', ( #8736 ), #8087, .T. ) ;
#8462 = LINE ( 'NONE', #4951, #1496 ) ;
#8463 = AXIS2_PLACEMENT_3D ( 'NONE', #1570, #6021, #3360 ) ;
#8464 = EDGE_CURVE ( 'NONE', #4087, #7471, #8875, .T. ) ;
#8465 = ADVANCED_FACE ( 'NONE', ( #2510 ), #6656, .T. ) ;
#8466 = VERTEX_POINT ( 'NONE', #428 ) ;
#8467 = EDGE_LOOP ( 'NONE', ( #2001, #4965, #5169, #7422 ) ) ;
#8468 = LINE ( 'NONE', #340, #1345 ) ;
#8469 = ADVANCED_FACE ( 'NONE', ( #5963 ), #8780, .F. ) ;
#8470 = CARTESIAN_POINT ( 'NONE',  ( 5.259901047426962961, -1.550515463917522485, -9.291887738487535131 ) ) ;
#8471 = DIRECTION ( 'NONE',  ( -0.000000000000000000, -1.000000000000000000, -0.000000000000000000 ) ) ;
#8472 = VERTEX_POINT ( 'NONE', #2562 ) ;
#8473 = PRODUCT_DEFINITION_FORMATION_WITH_SPECIFIED_SOURCE ( 'ANY', '', #8929, .NOT_KNOWN. ) ;
#8474 = AXIS2_PLACEMENT_3D ( 'NONE', #1418, #4228, #5525 ) ;
#8475 = DIRECTION ( 'NONE',  ( 0.000000000000000000, 1.000000000000000000, 0.000000000000000000 ) ) ;
#8476 = ORIENTED_EDGE ( 'NONE', *, *, #7128, .F. ) ;
#8477 = DIRECTION ( 'NONE',  ( 1.000000000000000000, -1.215054158819962036E-16, 0.000000000000000000 ) ) ;
#8478 = DIRECTION ( 'NONE',  ( 8.850629979473506011E-17, -1.000000000000000000, 0.000000000000000000 ) ) ;
#8479 = ORIENTED_EDGE ( 'NONE', *, *, #7731, .T. ) ;
#8480 = DIRECTION ( 'NONE',  ( 8.850629979473506011E-17, 1.000000000000000000, 0.000000000000000000 ) ) ;
#8481 = CIRCLE ( 'NONE', #4500, 0.4000000000000001887 ) ;
#8482 = VERTEX_POINT ( 'NONE', #5370 ) ;
#8483 = ORIENTED_EDGE ( 'NONE', *, *, #631, .T. ) ;
#8484 = CARTESIAN_POINT ( 'NONE',  ( -0.5000000000000015543, 2.950000000000003730, 0.5000000000000000000 ) ) ;
#8485 = CARTESIAN_POINT ( 'NONE',  ( -2.500000000000000000, -6.400000000000000355, 0.000000000000000000 ) ) ;
#8486 = CARTESIAN_POINT ( 'NONE',  ( 1.090871211463568358, 0.9500000000000061728, 0.5000000000000000000 ) ) ;
#8487 = CARTESIAN_POINT ( 'NONE',  ( -4.499999999999991118, 2.449484536082479735, -4.300000000000008704 ) ) ;
#8488 = VERTEX_POINT ( 'NONE', #8184 ) ;
#8489 = ORIENTED_EDGE ( 'NONE', *, *, #626, .T. ) ;
#8490 = DIRECTION ( 'NONE',  ( 0.000000000000000000, 0.000000000000000000, 1.000000000000000000 ) ) ;
#8491 = CARTESIAN_POINT ( 'NONE',  ( -1.900000000000001910, 3.600000000000003642, 0.1000000000000000056 ) ) ;
#8492 = DIRECTION ( 'NONE',  ( -0.000000000000000000, -0.000000000000000000, -1.000000000000000000 ) ) ;
#8493 = DIRECTION ( 'NONE',  ( 0.000000000000000000, 1.000000000000000000, 0.000000000000000000 ) ) ;
#8494 = LINE ( 'NONE', #197, #5770 ) ;
#8495 = EDGE_CURVE ( 'NONE', #419, #3243, #1859, .T. ) ;
#8496 = ORIENTED_EDGE ( 'NONE', *, *, #3513, .F. ) ;
#8497 = ORIENTED_EDGE ( 'NONE', *, *, #9095, .F. ) ;
#8498 = CARTESIAN_POINT ( 'NONE',  ( 0.7499999999999997780, -5.549999999999999822, 1.000000000000000000 ) ) ;
#8499 = ORIENTED_EDGE ( 'NONE', *, *, #1848, .F. ) ;
#8500 = CARTESIAN_POINT ( 'NONE',  ( 2.598076211353317344, 8.500000000000000000, 1.499999999999999556 ) ) ;
#8501 = LINE ( 'NONE', #2232, #7752 ) ;
#8502 = CARTESIAN_POINT ( 'NONE',  ( -1.734723475976807094E-15, 0.4500000000000040079, 1.800000000000000488 ) ) ;
#8503 = ADVANCED_FACE ( 'NONE', ( #4102 ), #2869, .T. ) ;
#8504 = FACE_OUTER_BOUND ( 'NONE', #7049, .T. ) ;
#8505 = DIRECTION ( 'NONE',  ( -2.551063935260010491E-16, 1.000000000000000000, 0.000000000000000000 ) ) ;
#8506 = CARTESIAN_POINT ( 'NONE',  ( 1.898540922494819760, 8.900000000000000355, 3.349334615354595979 ) ) ;
#8507 = CARTESIAN_POINT ( 'NONE',  ( 4.900000000000000355, 4.349484536082479202, -4.299999999999999822 ) ) ;
#8508 = ORIENTED_EDGE ( 'NONE', *, *, #4561, .F. ) ;
#8509 = ORIENTED_EDGE ( 'NONE', *, *, #7013, .T. ) ;
#8510 = CARTESIAN_POINT ( 'NONE',  ( -1.900000000000001910, 3.600000000000003642, 0.1000000000000000056 ) ) ;
#8511 = CARTESIAN_POINT ( 'NONE',  ( 0.7499999999999997780, -5.549999999999999822, 1.000000000000000000 ) ) ;
#8512 = CARTESIAN_POINT ( 'NONE',  ( 0.0008203932499369634770, 10.90000000000000036, 4.781147327278692800E-17 ) ) ;
#8513 = EDGE_CURVE ( 'NONE', #3762, #5475, #2958, .T. ) ;
#8514 = ORIENTED_EDGE ( 'NONE', *, *, #8528, .F. ) ;
#8515 = EDGE_CURVE ( 'NONE', #8273, #1928, #2127, .T. ) ;
#8516 = ADVANCED_FACE ( 'NONE', ( #5759 ), #4973, .T. ) ;
#8517 = LINE ( 'NONE', #2200, #6378 ) ;
#8518 = FACE_OUTER_BOUND ( 'NONE', #2515, .T. ) ;
#8519 = DIRECTION ( 'NONE',  ( 0.000000000000000000, 1.000000000000000000, 0.000000000000000000 ) ) ;
#8520 = VERTEX_POINT ( 'NONE', #5676 ) ;
#8521 = DIRECTION ( 'NONE',  ( -0.8778780114862311246, 2.187047340575287658E-16, -0.4788843252278996987 ) ) ;
#8522 = CARTESIAN_POINT ( 'NONE',  ( 4.399999999999998579, 5.150000000000004796, 5.000000000000000000 ) ) ;
#8523 = ORIENTED_EDGE ( 'NONE', *, *, #1419, .F. ) ;
#8524 = EDGE_CURVE ( 'NONE', #2051, #7081, #6457, .T. ) ;
#8525 = CIRCLE ( 'NONE', #4104, 0.7999999999999999334 ) ;
#8526 = PLANE ( 'NONE',  #2943 ) ;
#8527 = DIRECTION ( 'NONE',  ( 0.000000000000000000, 0.000000000000000000, -1.000000000000000000 ) ) ;
#8528 = EDGE_CURVE ( 'NONE', #6106, #8772, #1115, .T. ) ;
#8529 = CARTESIAN_POINT ( 'NONE',  ( -1.734723475976807094E-15, 0.4500000000000040079, 2.500000000000000000 ) ) ;
#8530 = VERTEX_POINT ( 'NONE', #2034 ) ;
#8531 = AXIS2_PLACEMENT_3D ( 'NONE', #7655, #600, #3369 ) ;
#8532 = ORIENTED_EDGE ( 'NONE', *, *, #5405, .T. ) ;
#8533 = ORIENTED_EDGE ( 'NONE', *, *, #6954, .T. ) ;
#8534 = CARTESIAN_POINT ( 'NONE',  ( -2.899999999999999911, -6.400000000000000355, -5.750000000000000000 ) ) ;
#8535 = CARTESIAN_POINT ( 'NONE',  ( 3.649999999999998135, -3.750000000000000000, 5.599999999999999645 ) ) ;
#8536 = PLANE ( 'NONE',  #5043 ) ;
#8537 = VECTOR ( 'NONE', #5980, 1000.000000000000000 ) ;
#8538 = CARTESIAN_POINT ( 'NONE',  ( -4.500000000000002665, 2.449484536082479735, -8.691935007006808402E-15 ) ) ;
#8539 = CARTESIAN_POINT ( 'NONE',  ( -3.000000000000001776, -3.750000000000000000, 5.599999999999999645 ) ) ;
#8540 = ORIENTED_EDGE ( 'NONE', *, *, #842, .T. ) ;
#8541 = AXIS2_PLACEMENT_3D ( 'NONE', #5961, #3837, #6003 ) ;
#8542 = ORIENTED_EDGE ( 'NONE', *, *, #2181, .F. ) ;
#8543 = DIRECTION ( 'NONE',  ( 1.000000000000000000, 0.000000000000000000, 0.000000000000000000 ) ) ;
#8544 = EDGE_LOOP ( 'NONE', ( #2687, #2864, #6067, #103 ) ) ;
#8545 = CARTESIAN_POINT ( 'NONE',  ( 0.7499999999999997780, -5.549999999999999822, 1.000000000000000000 ) ) ;
#8546 = CARTESIAN_POINT ( 'NONE',  ( -4.899999999999997691, 4.049484536082480268, -4.300000000000008704 ) ) ;
#8547 = LINE ( 'NONE', #116, #6825 ) ;
#8548 = CARTESIAN_POINT ( 'NONE',  ( -1.734723475976807094E-15, 0.4500000000000040079, 2.500000000000000000 ) ) ;
#8549 = AXIS2_PLACEMENT_3D ( 'NONE', #9077, #6808, #495 ) ;
#8550 = CARTESIAN_POINT ( 'NONE',  ( 1.899999999999996358, -2.700000000000000622, 0.000000000000000000 ) ) ;
#8551 = DIRECTION ( 'NONE',  ( 0.000000000000000000, -1.000000000000000000, 0.000000000000000000 ) ) ;
#8552 = FACE_OUTER_BOUND ( 'NONE', #2574, .T. ) ;
#8553 = EDGE_CURVE ( 'NONE', #6396, #3276, #4933, .T. ) ;
#8554 = ORIENTED_EDGE ( 'NONE', *, *, #3944, .F. ) ;
#8555 = ORIENTED_EDGE ( 'NONE', *, *, #1482, .T. ) ;
#8556 = CYLINDRICAL_SURFACE ( 'NONE', #8401, 0.5000000000000004441 ) ;
#8557 = VECTOR ( 'NONE', #571, 1000.000000000000000 ) ;
#8558 = AXIS2_PLACEMENT_3D ( 'NONE', #2343, #8053, #999 ) ;
#8559 = CARTESIAN_POINT ( 'NONE',  ( 3.399999999999998579, -2.050000000000001155, 0.5000000000000000000 ) ) ;
#8560 = FACE_OUTER_BOUND ( 'NONE', #6282, .T. ) ;
#8562 = VECTOR ( 'NONE', #5603, 1000.000000000000000 ) ;
#8561 = CARTESIAN_POINT ( 'NONE',  ( 4.399999999999998579, 5.150000000000004796, 5.000000000000000000 ) ) ;
#8563 = AXIS2_PLACEMENT_3D ( 'NONE', #1428, #729, #6355 ) ;
#8564 = DIRECTION ( 'NONE',  ( 0.000000000000000000, 1.000000000000000000, 0.000000000000000000 ) ) ;
#8565 = EDGE_CURVE ( 'NONE', #8985, #6629, #6971, .T. ) ;
#8566 = DIRECTION ( 'NONE',  ( -8.850629979473506011E-17, 1.000000000000000000, 0.000000000000000000 ) ) ;
#8567 = ADVANCED_FACE ( 'NONE', ( #833 ), #5626, .T. ) ;
#8568 = ORIENTED_EDGE ( 'NONE', *, *, #8864, .F. ) ;
#8569 = CARTESIAN_POINT ( 'NONE',  ( -4.500000000000002665, 1.349484536082479869, 0.4000000000000000222 ) ) ;
#8570 = CARTESIAN_POINT ( 'NONE',  ( 1.899999999999996358, -2.700000000000000622, 0.1000000000000000056 ) ) ;
#8571 = VECTOR ( 'NONE', #3798, 1000.000000000000000 ) ;
#8572 = VERTEX_POINT ( 'NONE', #2176 ) ;
#8573 = CARTESIAN_POINT ( 'NONE',  ( 2.600000000000000977, -3.950515463917520620, -5.300000000000009592 ) ) ;
#8574 = CARTESIAN_POINT ( 'NONE',  ( -3.400000000000001688, 0.9500000000000038414, 0.5000000000000000000 ) ) ;
#8575 = VECTOR ( 'NONE', #8591, 1000.000000000000000 ) ;
#8576 = ADVANCED_BREP_SHAPE_REPRESENTATION ( '', ( #5052, #8204, #2012, #5102, #804 ), #4631 ) ;
#8577 = LINE ( 'NONE', #5893, #1825 ) ;
#8578 = ORIENTED_EDGE ( 'NONE', *, *, #4450, .T. ) ;
#8579 = AXIS2_PLACEMENT_3D ( 'NONE', #1159, #557, #6179 ) ;
#8580 = EDGE_CURVE ( 'NONE', #1056, #4797, #2571, .T. ) ;
#8581 = VERTEX_POINT ( 'NONE', #1435 ) ;
#8582 = ADVANCED_FACE ( 'NONE', ( #1476 ), #4284, .T. ) ;
#8583 = ORIENTED_EDGE ( 'NONE', *, *, #3352, .T. ) ;
#8584 = EDGE_CURVE ( 'NONE', #4606, #2035, #3887, .T. ) ;
#8585 = EDGE_CURVE ( 'NONE', #728, #7319, #2914, .T. ) ;
#8586 = CYLINDRICAL_SURFACE ( 'NONE', #221, 1.199999999999993072 ) ;
#8587 = AXIS2_PLACEMENT_3D ( 'NONE', #90, #4782, #1287 ) ;
#8588 = AXIS2_PLACEMENT_3D ( 'NONE', #5028, #8446, #5725 ) ;
#8589 = DIRECTION ( 'NONE',  ( -1.000000000000000000, 0.000000000000000000, 0.000000000000000000 ) ) ;
#8590 = LINE ( 'NONE', #2921, #5925 ) ;
#8591 = DIRECTION ( 'NONE',  ( -1.000000000000000000, 0.000000000000000000, 0.000000000000000000 ) ) ;
#8592 = DIRECTION ( 'NONE',  ( -0.6560590289905020578, -0.000000000000000000, -0.7547095802227765660 ) ) ;
#8593 = EDGE_CURVE ( 'NONE', #398, #2400, #9129, .T. ) ;
#8594 = EDGE_LOOP ( 'NONE', ( #2750, #7903, #1861, #1979 ) ) ;
#8595 = AXIS2_PLACEMENT_3D ( 'NONE', #8787, #8833, #1867 ) ;
#8596 = AXIS2_PLACEMENT_3D ( 'NONE', #5337, #6121, #6019 ) ;
#8597 = DIRECTION ( 'NONE',  ( 2.491288438666617091E-16, 1.000000000000000000, 3.559366888705205925E-31 ) ) ;
#8598 = ORIENTED_EDGE ( 'NONE', *, *, #2614, .T. ) ;
#8599 = DIRECTION ( 'NONE',  ( 0.000000000000000000, 0.000000000000000000, 1.000000000000000000 ) ) ;
#8600 = FACE_OUTER_BOUND ( 'NONE', #1071, .T. ) ;
#8601 = CARTESIAN_POINT ( 'NONE',  ( 0.000000000000000000, -6.700000000000000178, -5.750000000000000000 ) ) ;
#8602 = CYLINDRICAL_SURFACE ( 'NONE', #6338, 3.300000000000000266 ) ;
#8603 = AXIS2_PLACEMENT_3D ( 'NONE', #5142, #7780, #5881 ) ;
#8604 = CARTESIAN_POINT ( 'NONE',  ( -0.5000000000000015543, 2.950000000000003730, 0.5000000000000000000 ) ) ;
#8605 = CARTESIAN_POINT ( 'NONE',  ( -0.6700000000000000400, 11.70000000000000462, -0.5999999999999998668 ) ) ;
#8606 = ORIENTED_EDGE ( 'NONE', *, *, #5628, .T. ) ;
#8607 = DIRECTION ( 'NONE',  ( 1.000000000000000000, 0.000000000000000000, 0.000000000000000000 ) ) ;
#8608 = VECTOR ( 'NONE', #656, 1000.000000000000000 ) ;
#8609 = FACE_OUTER_BOUND ( 'NONE', #3021, .T. ) ;
#8610 = DIRECTION ( 'NONE',  ( 8.850629979473506011E-17, -1.000000000000000000, -3.614007241618349757E-16 ) ) ;
#8611 = AXIS2_PLACEMENT_3D ( 'NONE', #4889, #5813, #5026 ) ;
#8612 = CARTESIAN_POINT ( 'NONE',  ( 0.000000000000000000, 13.19999999999999929, -0.6000000000000001998 ) ) ;
#8613 = CARTESIAN_POINT ( 'NONE',  ( 0.000000000000000000, 0.000000000000000000, 0.000000000000000000 ) ) ;
#8614 = CARTESIAN_POINT ( 'NONE',  ( -4.598116167910876406, -7.703534482956369541E-17, -7.662869739802289359 ) ) ;
#8615 = ORIENTED_EDGE ( 'NONE', *, *, #1868, .F. ) ;
#8616 = CARTESIAN_POINT ( 'NONE',  ( -3.400000000000001688, 2.950000000000003286, 0.5000000000000000000 ) ) ;
#8617 = CARTESIAN_POINT ( 'NONE',  ( -1.000000000000000000, 4.426179070414212546, 4.299999999999999822 ) ) ;
#8618 = AXIS2_PLACEMENT_3D ( 'NONE', #4721, #5329, #6062 ) ;
#8619 = EDGE_LOOP ( 'NONE', ( #607, #8048, #519, #8542, #4924 ) ) ;
#8620 = DIRECTION ( 'NONE',  ( -1.000000000000000000, -1.849576096371465195E-46, -1.279449633548068658E-31 ) ) ;
#8621 = DIRECTION ( 'NONE',  ( 1.000000000000000000, 1.971276677246371519E-16, 0.000000000000000000 ) ) ;
#8622 = EDGE_CURVE ( 'NONE', #1120, #1757, #2076, .T. ) ;
#8623 = DIRECTION ( 'NONE',  ( 0.000000000000000000, 1.000000000000000000, 0.000000000000000000 ) ) ;
#8624 = AXIS2_PLACEMENT_3D ( 'NONE', #1726, #1134, #435 ) ;
#8625 = ORIENTED_EDGE ( 'NONE', *, *, #4974, .F. ) ;
#8626 = VECTOR ( 'NONE', #2818, 1000.000000000000000 ) ;
#8627 = VERTEX_POINT ( 'NONE', #7708 ) ;
#8628 = CARTESIAN_POINT ( 'NONE',  ( -0.2999999999999958811, 11.70000000000000462, 1.500000000000000000 ) ) ;
#8629 = DIRECTION ( 'NONE',  ( 0.000000000000000000, 0.000000000000000000, -1.000000000000000000 ) ) ;
#8630 = CARTESIAN_POINT ( 'NONE',  ( -1.891663167769254361, 8.500000000000000000, 3.353223890482887271 ) ) ;
#8631 = EDGE_CURVE ( 'NONE', #6822, #7411, #1392, .T. ) ;
#8632 = CARTESIAN_POINT ( 'NONE',  ( -2.600000000000000533, 4.049484536082480268, -4.900000000000009237 ) ) ;
#8633 = EDGE_CURVE ( 'NONE', #471, #6835, #3551, .T. ) ;
#8634 = CARTESIAN_POINT ( 'NONE',  ( -3.250000000000000888, -5.549999999999999822, 1.000000000000000000 ) ) ;
#8635 = EDGE_CURVE ( 'NONE', #7477, #5720, #52, .T. ) ;
#8636 = EDGE_LOOP ( 'NONE', ( #670, #3482, #8161, #3241 ) ) ;
#8637 = ORIENTED_EDGE ( 'NONE', *, *, #5139, .F. ) ;
#8638 = CARTESIAN_POINT ( 'NONE',  ( -4.488138397514202182, -0.5505154639175205977, -10.01000000000000867 ) ) ;
#8639 = ORIENTED_EDGE ( 'NONE', *, *, #4075, .T. ) ;
#8640 = ORIENTED_EDGE ( 'NONE', *, *, #8743, .T. ) ;
#8641 = LINE ( 'NONE', #205, #2130 ) ;
#8642 = CARTESIAN_POINT ( 'NONE',  ( -1.900000000000001910, 5.100000000000004086, 0.1000000000000000056 ) ) ;
#8643 = CARTESIAN_POINT ( 'NONE',  ( 0.4000000000000009104, -6.700000000000000178, -5.750000000000000000 ) ) ;
#8644 = EDGE_CURVE ( 'NONE', #8432, #113, #7978, .T. ) ;
#8645 = LINE ( 'NONE', #6477, #3245 ) ;
#8646 =( LENGTH_UNIT ( ) NAMED_UNIT ( * ) SI_UNIT ( .MILLI., .METRE. ) );
#8647 = CARTESIAN_POINT ( 'NONE',  ( 4.500000000000001776, 0.000000000000000000, 0.4000000000000000222 ) ) ;
#8648 = ORIENTED_EDGE ( 'NONE', *, *, #7728, .T. ) ;
#8649 = ADVANCED_FACE ( 'NONE', ( #5251 ), #4552, .T. ) ;
#8650 = DIRECTION ( 'NONE',  ( 1.606225440719265627E-16, 1.000000000000000000, 3.102490474962827050E-31 ) ) ;
#8651 = ORIENTED_EDGE ( 'NONE', *, *, #674, .T. ) ;
#8652 = ORIENTED_EDGE ( 'NONE', *, *, #4282, .F. ) ;
#8653 = DIRECTION ( 'NONE',  ( 0.000000000000000000, 1.734723475976806848E-16, -1.000000000000000000 ) ) ;
#8654 = ORIENTED_EDGE ( 'NONE', *, *, #2941, .T. ) ;
#8655 = LINE ( 'NONE', #2940, #3153 ) ;
#8656 = FILL_AREA_STYLE_COLOUR ( '', #5382 ) ;
#8657 = DIRECTION ( 'NONE',  ( 0.000000000000000000, 0.000000000000000000, 1.000000000000000000 ) ) ;
#8658 = FACE_OUTER_BOUND ( 'NONE', #1347, .T. ) ;
#8659 = CARTESIAN_POINT ( 'NONE',  ( -4.499999999999989342, 0.4494845360824792357, -5.800000000000008704 ) ) ;
#8660 = ORIENTED_EDGE ( 'NONE', *, *, #583, .F. ) ;
#8661 = DIRECTION ( 'NONE',  ( 1.000000000000000000, 0.000000000000000000, 0.000000000000000000 ) ) ;
#8662 = DIRECTION ( 'NONE',  ( -1.000000000000000000, 0.000000000000000000, 0.000000000000000000 ) ) ;
#8663 = ORIENTED_EDGE ( 'NONE', *, *, #2587, .T. ) ;
#8664 = DIRECTION ( 'NONE',  ( 1.000000000000000000, -1.084202172485504434E-16, 0.000000000000000000 ) ) ;
#8665 = DIRECTION ( 'NONE',  ( -1.000000000000000000, 0.000000000000000000, 0.000000000000000000 ) ) ;
#8666 = LINE ( 'NONE', #7331, #6710 ) ;
#8667 = ORIENTED_EDGE ( 'NONE', *, *, #5080, .T. ) ;
#8668 = EDGE_CURVE ( 'NONE', #6126, #6749, #8666, .T. ) ;
#8669 = ORIENTED_EDGE ( 'NONE', *, *, #1755, .F. ) ;
#8670 = CARTESIAN_POINT ( 'NONE',  ( 4.500000000000002665, 2.849484536082479202, -6.800000000000000711 ) ) ;
#8671 = DIRECTION ( 'NONE',  ( -8.850629979473508477E-17, 1.000000000000000000, -1.358334161808126433E-32 ) ) ;
#8672 = DIRECTION ( 'NONE',  ( 1.232047923278982446E-16, 0.000000000000000000, -1.000000000000000000 ) ) ;
#8673 = AXIS2_PLACEMENT_3D ( 'NONE', #1698, #6023, #4508 ) ;
#8674 = DIRECTION ( 'NONE',  ( -1.000000000000000000, 0.000000000000000000, 0.000000000000000000 ) ) ;
#8675 = ORIENTED_EDGE ( 'NONE', *, *, #7560, .F. ) ;
#8676 = EDGE_CURVE ( 'NONE', #4108, #2119, #3455, .T. ) ;
#8677 = ORIENTED_EDGE ( 'NONE', *, *, #4796, .F. ) ;
#8678 = CARTESIAN_POINT ( 'NONE',  ( 1.899999999999996358, -2.700000000000000622, 0.1000000000000000056 ) ) ;
#8679 = ORIENTED_EDGE ( 'NONE', *, *, #6048, .F. ) ;
#8680 = ORIENTED_EDGE ( 'NONE', *, *, #9074, .F. ) ;
#8681 = AXIS2_PLACEMENT_3D ( 'NONE', #1834, #5341, #9030 ) ;
#8682 = PLANE ( 'NONE',  #6099 ) ;
#8683 = ADVANCED_FACE ( 'NONE', ( #922 ), #273, .F. ) ;
#8684 = DIRECTION ( 'NONE',  ( -1.606225440719265627E-16, -1.000000000000000000, -3.102490474962827488E-31 ) ) ;
#8685 = FACE_OUTER_BOUND ( 'NONE', #1325, .T. ) ;
#8686 = LINE ( 'NONE', #850, #436 ) ;
#8687 = CARTESIAN_POINT ( 'NONE',  ( 1.250000000000000222, 8.500000000000000000, 3.150000003002862314 ) ) ;
#8688 = DIRECTION ( 'NONE',  ( 0.000000000000000000, 0.000000000000000000, 1.000000000000000000 ) ) ;
#8689 = AXIS2_PLACEMENT_3D ( 'NONE', #6328, #9, #4940 ) ;
#8690 = VERTEX_POINT ( 'NONE', #6684 ) ;
#8691 = CYLINDRICAL_SURFACE ( 'NONE', #2534, 0.6500000000000000222 ) ;
#8692 = EDGE_CURVE ( 'NONE', #1940, #4154, #4420, .T. ) ;
#8693 = PRODUCT_DEFINITION_CONTEXT ( 'detailed design', #5989, 'design' ) ;
#8694 = LINE ( 'NONE', #1769, #7679 ) ;
#8695 = EDGE_CURVE ( 'NONE', #3828, #7746, #3817, .T. ) ;
#8696 = VERTEX_POINT ( 'NONE', #7889 ) ;
#8697 = EDGE_CURVE ( 'NONE', #982, #7525, #8577, .T. ) ;
#8698 = CARTESIAN_POINT ( 'NONE',  ( 4.500000000000002665, -2.550515463917521597, -5.800000000000000711 ) ) ;
#8699 = EDGE_CURVE ( 'NONE', #5490, #3219, #7372, .T. ) ;
#8700 = VECTOR ( 'NONE', #6953, 1000.000000000000000 ) ;
#8701 = DIRECTION ( 'NONE',  ( 0.000000000000000000, 0.000000000000000000, 1.000000000000000000 ) ) ;
#8702 = CARTESIAN_POINT ( 'NONE',  ( 4.500000000000002665, -2.450515463917521064, -1.900675221388304571E-31 ) ) ;
#8703 = PLANE ( 'NONE',  #8558 ) ;
#8704 = CIRCLE ( 'NONE', #8110, 3.500000000000000000 ) ;
#8705 = ORIENTED_EDGE ( 'NONE', *, *, #2003, .F. ) ;
#8706 = VERTEX_POINT ( 'NONE', #4509 ) ;
#8707 = FACE_OUTER_BOUND ( 'NONE', #3929, .T. ) ;
#8708 = PLANE ( 'NONE',  #1654 ) ;
#8709 = EDGE_LOOP ( 'NONE', ( #7208, #6786, #1569, #9012 ) ) ;
#8710 = CIRCLE ( 'NONE', #1200, 3.300000000000000266 ) ;
#8711 = DIRECTION ( 'NONE',  ( 0.000000000000000000, 0.000000000000000000, -1.000000000000000000 ) ) ;
#8712 = CLOSED_SHELL ( 'NONE', ( #2892, #1863, #3602, #1084, #7912, #6830, #291, #8383, #5929, #1017, #3629, #7283, #6277 ) ) ;
#8713 = DIRECTION ( 'NONE',  ( 0.000000000000000000, 0.000000000000000000, -1.000000000000000000 ) ) ;
#8714 = ORIENTED_EDGE ( 'NONE', *, *, #4358, .F. ) ;
#8715 = VECTOR ( 'NONE', #7251, 1000.000000000000000 ) ;
#8716 = VECTOR ( 'NONE', #5738, 1000.000000000000000 ) ;
#8717 = ORIENTED_EDGE ( 'NONE', *, *, #4564, .F. ) ;
#8718 = DIRECTION ( 'NONE',  ( -1.000000000000000000, 2.491288438666616105E-16, -1.931541112668179645E-15 ) ) ;
#8719 = LINE ( 'NONE', #1011, #2998 ) ;
#8720 = DIRECTION ( 'NONE',  ( 2.491288438666617091E-16, 1.000000000000000000, 3.559366888705205925E-31 ) ) ;
#8721 = VECTOR ( 'NONE', #3975, 1000.000000000000000 ) ;
#8722 = DIRECTION ( 'NONE',  ( -1.278426997811956393E-48, 0.000000000000000000, 1.000000000000000000 ) ) ;
#8723 = VERTEX_POINT ( 'NONE', #7931 ) ;
#8724 = ORIENTED_EDGE ( 'NONE', *, *, #2647, .T. ) ;
#8725 = AXIS2_PLACEMENT_3D ( 'NONE', #5849, #7284, #867 ) ;
#8726 = AXIS2_PLACEMENT_3D ( 'NONE', #793, #6327, #7806 ) ;
#8727 = ORIENTED_EDGE ( 'NONE', *, *, #7671, .T. ) ;
#8728 = ORIENTED_EDGE ( 'NONE', *, *, #7965, .F. ) ;
#8729 = CARTESIAN_POINT ( 'NONE',  ( -1.900000000000001910, 5.100000000000004086, 0.1000000000000000056 ) ) ;
#8730 = CARTESIAN_POINT ( 'NONE',  ( -0.7967663502707702516, 11.70000000000000462, -1.604700010220583728 ) ) ;
#8731 = DIRECTION ( 'NONE',  ( 1.000000000000000000, 1.334402673828313339E-16, 0.000000000000000000 ) ) ;
#8732 = LINE ( 'NONE', #1124, #4125 ) ;
#8733 = EDGE_CURVE ( 'NONE', #3144, #689, #3737, .T. ) ;
#8734 = LINE ( 'NONE', #478, #6503 ) ;
#8735 = VECTOR ( 'NONE', #6125, 1000.000000000000000 ) ;
#8737 = AXIS2_PLACEMENT_3D ( 'NONE', #7976, #1605, #4465 ) ;
#8736 = FACE_OUTER_BOUND ( 'NONE', #980, .T. ) ;
#8738 = ORIENTED_EDGE ( 'NONE', *, *, #4343, .F. ) ;
#8739 = DIRECTION ( 'NONE',  ( 5.782411586589355667E-15, -1.000000000000000000, 0.000000000000000000 ) ) ;
#8740 = ORIENTED_EDGE ( 'NONE', *, *, #4074, .T. ) ;
#8741 = DIRECTION ( 'NONE',  ( 0.000000000000000000, 0.000000000000000000, 1.000000000000000000 ) ) ;
#8742 = DIRECTION ( 'NONE',  ( 0.000000000000000000, 0.000000000000000000, -1.000000000000000000 ) ) ;
#8743 = EDGE_CURVE ( 'NONE', #8466, #4252, #4212, .T. ) ;
#8744 = CARTESIAN_POINT ( 'NONE',  ( 0.000000000000000000, 8.500000000000000000, 0.000000000000000000 ) ) ;
#8745 = EDGE_CURVE ( 'NONE', #7533, #2367, #3778, .T. ) ;
#8746 = EDGE_CURVE ( 'NONE', #5475, #668, #6632, .T. ) ;
#8747 = EDGE_CURVE ( 'NONE', #876, #3374, #967, .T. ) ;
#8748 = CARTESIAN_POINT ( 'NONE',  ( -3.500000000000001776, 0.4500000000000044520, 1.800000000000000488 ) ) ;
#8749 = VECTOR ( 'NONE', #2751, 1000.000000000000000 ) ;
#8750 = ORIENTED_EDGE ( 'NONE', *, *, #6137, .T. ) ;
#8751 = ORIENTED_EDGE ( 'NONE', *, *, #1642, .T. ) ;
#8752 = LINE ( 'NONE', #7412, #2218 ) ;
#8753 = CARTESIAN_POINT ( 'NONE',  ( -2.599999999999993872, -3.950515463917521508, -5.300000000000009592 ) ) ;
#8754 = ORIENTED_EDGE ( 'NONE', *, *, #8018, .T. ) ;
#8755 = CONICAL_SURFACE ( 'NONE', #4039, 0.5999999999062310962, 0.7853981633974482790 ) ;
#8756 = DIRECTION ( 'NONE',  ( 0.000000000000000000, 1.000000000000000000, 0.000000000000000000 ) ) ;
#8757 = ADVANCED_FACE ( 'NONE', ( #3004 ), #873, .T. ) ;
#8758 = DIRECTION ( 'NONE',  ( 0.000000000000000000, 0.000000000000000000, 1.000000000000000000 ) ) ;
#8759 = VERTEX_POINT ( 'NONE', #5806 ) ;
#8760 = EDGE_CURVE ( 'NONE', #5800, #3446, #5392, .T. ) ;
#8761 = STYLED_ITEM ( 'NONE', ( #7200 ), #5052 ) ;
#8762 = ORIENTED_EDGE ( 'NONE', *, *, #3328, .F. ) ;
#8763 = ORIENTED_EDGE ( 'NONE', *, *, #1692, .F. ) ;
#8764 = LINE ( 'NONE', #5897, #4688 ) ;
#8765 = FACE_OUTER_BOUND ( 'NONE', #1667, .T. ) ;
#8766 = CARTESIAN_POINT ( 'NONE',  ( 1.097644678823669562, 10.90000000000000036, -0.5047000102205828620 ) ) ;
#8767 = LINE ( 'NONE', #6563, #4733 ) ;
#8768 = ORIENTED_EDGE ( 'NONE', *, *, #5851, .T. ) ;
#8769 = PRODUCT_DEFINITION_SHAPE ( 'NONE', 'NONE',  #7578 ) ;
#8770 = ORIENTED_EDGE ( 'NONE', *, *, #7996, .F. ) ;
#8771 = VECTOR ( 'NONE', #8820, 1000.000000000000000 ) ;
#8772 = VERTEX_POINT ( 'NONE', #1606 ) ;
#8774 = ORIENTED_EDGE ( 'NONE', *, *, #6368, .F. ) ;
#8773 = COLOUR_RGB ( '',0.7921568627450980005, 0.8196078431372548767, 0.9333333333333333481 ) ;
#8775 = DIRECTION ( 'NONE',  ( 0.000000000000000000, 0.000000000000000000, -1.000000000000000000 ) ) ;
#8776 = DIRECTION ( 'NONE',  ( 0.000000000000000000, -1.000000000000000000, 0.000000000000000000 ) ) ;
#8777 = CARTESIAN_POINT ( 'NONE',  ( 5.238893727143786094, 0.4494845360824787361, -8.400000000000000355 ) ) ;
#8778 = CARTESIAN_POINT ( 'NONE',  ( 1.090871211463567247, -0.05000000000000069666, 0.5000000000000000000 ) ) ;
#8779 = DIRECTION ( 'NONE',  ( 1.000000000000000000, -8.850629979473506011E-17, 7.676697801288412170E-32 ) ) ;
#8780 = PLANE ( 'NONE',  #8902 ) ;
#8781 = EDGE_LOOP ( 'NONE', ( #7221, #3594 ) ) ;
#8782 = DIRECTION ( 'NONE',  ( 0.000000000000000000, -1.000000000000000000, 0.000000000000000000 ) ) ;
#8783 = VERTEX_POINT ( 'NONE', #6549 ) ;
#8784 = EDGE_CURVE ( 'NONE', #4031, #6194, #234, .T. ) ;
#8785 = CARTESIAN_POINT ( 'NONE',  ( 1.000000000000000000, 0.4500000000000040079, 2.500000000000000000 ) ) ;
#8786 = CARTESIAN_POINT ( 'NONE',  ( -2.599999999999993872, -5.150515463917519021, -5.300000000000009592 ) ) ;
#8787 = CARTESIAN_POINT ( 'NONE',  ( 1.479999999999999982, 11.70000000000000462, 0.8499999999999999778 ) ) ;
#8788 =( NAMED_UNIT ( * ) SI_UNIT ( $, .STERADIAN. ) SOLID_ANGLE_UNIT ( ) );
#8789 = CARTESIAN_POINT ( 'NONE',  ( -1.724392794533815441E-15, 0.4499999999999487188, 4.299999999999999822 ) ) ;
#8790 = ORIENTED_EDGE ( 'NONE', *, *, #1369, .F. ) ;
#8791 = DIRECTION ( 'NONE',  ( 0.000000000000000000, 0.000000000000000000, 1.000000000000000000 ) ) ;
#8792 = EDGE_CURVE ( 'NONE', #7157, #6045, #5294, .T. ) ;
#8793 = ORIENTED_EDGE ( 'NONE', *, *, #7559, .T. ) ;
#8794 = ORIENTED_EDGE ( 'NONE', *, *, #8054, .F. ) ;
#8795 = CYLINDRICAL_SURFACE ( 'NONE', #2704, 3.399999999999999911 ) ;
#8796 = ADVANCED_FACE ( 'NONE', ( #7556 ), #595, .F. ) ;
#8797 = SURFACE_STYLE_USAGE ( .BOTH. , #5340 ) ;
#8798 = EDGE_CURVE ( 'NONE', #4634, #2367, #6818, .T. ) ;
#8799 = EDGE_CURVE ( 'NONE', #8364, #1108, #7606, .T. ) ;
#8800 = DIRECTION ( 'NONE',  ( 0.000000000000000000, 0.000000000000000000, -1.000000000000000000 ) ) ;
#8801 = DIRECTION ( 'NONE',  ( -0.000000000000000000, -0.000000000000000000, -1.000000000000000000 ) ) ;
#8802 = VERTEX_POINT ( 'NONE', #5986 ) ;
#8803 = DIRECTION ( 'NONE',  ( 1.971276677246371519E-16, -1.000000000000000000, 0.000000000000000000 ) ) ;
#8804 = EDGE_LOOP ( 'NONE', ( #4819, #3542, #923, #4270 ) ) ;
#8805 = EDGE_CURVE ( 'NONE', #6246, #2812, #950, .T. ) ;
#8806 = ORIENTED_EDGE ( 'NONE', *, *, #8692, .T. ) ;
#8807 = ORIENTED_EDGE ( 'NONE', *, *, #6199, .T. ) ;
#8808 = EDGE_CURVE ( 'NONE', #1928, #4755, #5061, .T. ) ;
#8809 = ORIENTED_EDGE ( 'NONE', *, *, #2774, .F. ) ;
#8810 = VECTOR ( 'NONE', #6575, 1000.000000000000000 ) ;
#8811 = DIRECTION ( 'NONE',  ( 1.334402673828313339E-16, -1.000000000000000000, 0.000000000000000000 ) ) ;
#8812 = DIRECTION ( 'NONE',  ( 1.000000000000000000, 0.000000000000000000, 0.000000000000000000 ) ) ;
#8813 = DIRECTION ( 'NONE',  ( -1.000000000000000000, 0.000000000000000000, 0.000000000000000000 ) ) ;
#8814 = LINE ( 'NONE', #244, #3852 ) ;
#8815 = ORIENTED_EDGE ( 'NONE', *, *, #7573, .T. ) ;
#8816 = ORIENTED_EDGE ( 'NONE', *, *, #5695, .T. ) ;
#8817 = VERTEX_POINT ( 'NONE', #8897 ) ;
#8818 = EDGE_LOOP ( 'NONE', ( #4727, #3898, #1292, #1396 ) ) ;
#8819 = DIRECTION ( 'NONE',  ( -1.000000000000000000, 0.000000000000000000, 0.000000000000000000 ) ) ;
#8820 = DIRECTION ( 'NONE',  ( 1.000000000000000000, 0.000000000000000000, 0.000000000000000000 ) ) ;
#8821 = CARTESIAN_POINT ( 'NONE',  ( -3.250000000000000888, -5.549999999999999822, -6.159999999999998366 ) ) ;
#8822 = PLANE ( 'NONE',  #2511 ) ;
#8823 = CARTESIAN_POINT ( 'NONE',  ( -4.500000000000001776, 4.349484536082479202, 0.4000000000000000222 ) ) ;
#8824 = DIRECTION ( 'NONE',  ( -8.850629979473506011E-17, 1.000000000000000000, 0.000000000000000000 ) ) ;
#8825 = ORIENTED_EDGE ( 'NONE', *, *, #3836, .T. ) ;
#8826 = CIRCLE ( 'NONE', #4846, 3.500000000000000000 ) ;
#8827 = ORIENTED_EDGE ( 'NONE', *, *, #3286, .F. ) ;
#8828 = CARTESIAN_POINT ( 'NONE',  ( 9.094951259869582285E-17, 11.70000000000000462, 0.6000000000000000888 ) ) ;
#8829 = ORIENTED_EDGE ( 'NONE', *, *, #4680, .F. ) ;
#8830 = CARTESIAN_POINT ( 'NONE',  ( -1.479999999999999982, 11.70000000000000462, 0.8499999999999999778 ) ) ;
#8831 = CARTESIAN_POINT ( 'NONE',  ( 5.598656062889754814, -1.550515463917522041, -8.565425263470256567 ) ) ;
#8832 = VECTOR ( 'NONE', #761, 1000.000000000000000 ) ;
#8833 = DIRECTION ( 'NONE',  ( 0.000000000000000000, -1.000000000000000000, 0.000000000000000000 ) ) ;
#8834 = EDGE_CURVE ( 'NONE', #8942, #1301, #8106, .T. ) ;
#8835 = CARTESIAN_POINT ( 'NONE',  ( 0.000000000000000000, 0.000000000000000000, 0.000000000000000000 ) ) ;
#8836 = LINE ( 'NONE', #3043, #2978 ) ;
#8837 = EDGE_LOOP ( 'NONE', ( #3424, #5296, #1746, #8850, #8390, #1336, #4142, #5036, #6273, #1254, #2046, #4206, #7068, #8149, #379, #7271, #4388, #2513, #6885, #5906, #4287, #5220, #3155, #8994, #5267, #5234, #5713, #2265 ) ) ;
#8838 = ORIENTED_EDGE ( 'NONE', *, *, #6041, .F. ) ;
#8839 = CARTESIAN_POINT ( 'NONE',  ( 2.291287847475519168, 1.198975551405447879E-13, 1.000000000000116129 ) ) ;
#8840 = AXIS2_PLACEMENT_3D ( 'NONE', #1948, #4760, #4071 ) ;
#8841 = DIRECTION ( 'NONE',  ( 1.000000000000000000, 0.000000000000000000, 0.000000000000000000 ) ) ;
#8842 = DIRECTION ( 'NONE',  ( -0.000000000000000000, -1.000000000000000000, -0.000000000000000000 ) ) ;
#8843 = LINE ( 'NONE', #7239, #1460 ) ;
#8845 = VECTOR ( 'NONE', #8202, 1000.000000000000000 ) ;
#8844 = CARTESIAN_POINT ( 'NONE',  ( 1.479999999999999982, 11.70000000000000462, 0.6999999999999998446 ) ) ;
#8846 = EDGE_CURVE ( 'NONE', #7753, #398, #7420, .T. ) ;
#8847 = EDGE_LOOP ( 'NONE', ( #1153, #8212, #5386, #8328 ) ) ;
#8848 = PLANE ( 'NONE',  #2283 ) ;
#8849 = EDGE_LOOP ( 'NONE', ( #2456, #1742 ) ) ;
#8850 = ORIENTED_EDGE ( 'NONE', *, *, #2205, .T. ) ;
#8851 = VERTEX_POINT ( 'NONE', #4651 ) ;
#8852 = AXIS2_PLACEMENT_3D ( 'NONE', #4765, #7586, #1271 ) ;
#8853 = EDGE_LOOP ( 'NONE', ( #4653, #2477, #5953, #5539, #2384 ) ) ;
#8854 = AXIS2_PLACEMENT_3D ( 'NONE', #4411, #5666, #4371 ) ;
#8855 = DIRECTION ( 'NONE',  ( 8.850629979473506011E-17, -1.000000000000000000, 0.000000000000000000 ) ) ;
#8856 = LINE ( 'NONE', #1295, #4604 ) ;
#8857 = CARTESIAN_POINT ( 'NONE',  ( -4.499999999999986677, 4.049484536082480268, -4.300000000000008704 ) ) ;
#8858 = EDGE_CURVE ( 'NONE', #8472, #2985, #3275, .T. ) ;
#8859 = FACE_OUTER_BOUND ( 'NONE', #3399, .T. ) ;
#8860 = VECTOR ( 'NONE', #7209, 1000.000000000000000 ) ;
#8861 = ADVANCED_FACE ( 'NONE', ( #503 ), #4785, .F. ) ;
#8862 = EDGE_LOOP ( 'NONE', ( #6594, #5148, #4581, #8067, #3773 ) ) ;
#8863 = EDGE_CURVE ( 'NONE', #8045, #3064, #1976, .T. ) ;
#8864 = EDGE_CURVE ( 'NONE', #5559, #6822, #8908, .T. ) ;
#8865 = ORIENTED_EDGE ( 'NONE', *, *, #807, .F. ) ;
#8866 = ORIENTED_EDGE ( 'NONE', *, *, #3566, .T. ) ;
#8867 = EDGE_LOOP ( 'NONE', ( #2304, #1953, #7585, #6866 ) ) ;
#8868 = DIRECTION ( 'NONE',  ( -1.000000000000000000, 0.000000000000000000, -2.154044051295704582E-16 ) ) ;
#8869 = VECTOR ( 'NONE', #4519, 1000.000000000000000 ) ;
#8870 = CARTESIAN_POINT ( 'NONE',  ( -3.399999999999999911, -0.5505154639175203757, 0.4000000000000001887 ) ) ;
#8871 = PLANE ( 'NONE',  #5916 ) ;
#8872 = CARTESIAN_POINT ( 'NONE',  ( 0.000000000000000000, -0.5505154639175203757, 1.400000000000000577 ) ) ;
#8873 = ADVANCED_FACE ( 'NONE', ( #1149 ), #8848, .T. ) ;
#8874 = DIRECTION ( 'NONE',  ( 0.000000000000000000, 0.000000000000000000, 1.000000000000000000 ) ) ;
#8875 = LINE ( 'NONE', #2421, #6842 ) ;
#8876 = ORIENTED_EDGE ( 'NONE', *, *, #3767, .F. ) ;
#8877 = AXIS2_PLACEMENT_3D ( 'NONE', #2207, #3636, #6451 ) ;
#8878 = AXIS2_PLACEMENT_3D ( 'NONE', #4101, #602, #5448 ) ;
#8879 = CARTESIAN_POINT ( 'NONE',  ( 4.500000000000001776, -5.950515463917520620, 0.4000000000000000222 ) ) ;
#8880 = VERTEX_POINT ( 'NONE', #5344 ) ;
#8881 = DIRECTION ( 'NONE',  ( 0.000000000000000000, 0.000000000000000000, -1.000000000000000000 ) ) ;
#8882 = DIRECTION ( 'NONE',  ( 0.000000000000000000, 0.000000000000000000, -1.000000000000000000 ) ) ;
#8883 = AXIS2_PLACEMENT_3D ( 'NONE', #3098, #5259, #7427 ) ;
#8884 = CARTESIAN_POINT ( 'NONE',  ( 4.500000000000002665, -3.050515463917521153, -5.900000000000000355 ) ) ;
#8885 = DIRECTION ( 'NONE',  ( 0.000000000000000000, 0.000000000000000000, 1.000000000000000000 ) ) ;
#8886 = DIRECTION ( 'NONE',  ( 0.000000000000000000, 0.000000000000000000, 1.000000000000000000 ) ) ;
#8887 = ORIENTED_EDGE ( 'NONE', *, *, #3662, .F. ) ;
#8888 = ORIENTED_EDGE ( 'NONE', *, *, #2208, .F. ) ;
#8889 = DIRECTION ( 'NONE',  ( -0.9063077870366453848, 2.257874111717921715E-16, -0.4226182617407091557 ) ) ;
#8890 = VECTOR ( 'NONE', #8203, 1000.000000000000000 ) ;
#8891 = DIRECTION ( 'NONE',  ( -1.734723475976805517E-15, 0.000000000000000000, 1.000000000000000000 ) ) ;
#8892 = PLANE ( 'NONE',  #9058 ) ;
#8893 = LINE ( 'NONE', #5393, #8832 ) ;
#8894 = AXIS2_PLACEMENT_3D ( 'NONE', #3305, #2427, #1820 ) ;
#8895 = DIRECTION ( 'NONE',  ( 0.000000000000000000, -1.000000000000000000, 0.000000000000000000 ) ) ;
#8896 = ORIENTED_EDGE ( 'NONE', *, *, #7907, .F. ) ;
#8897 = CARTESIAN_POINT ( 'NONE',  ( 1.750000000000000444, -6.699999999999999289, -1.349999999999999867 ) ) ;
#8898 = FACE_OUTER_BOUND ( 'NONE', #204, .T. ) ;
#8899 = ORIENTED_EDGE ( 'NONE', *, *, #2609, .F. ) ;
#8900 = EDGE_LOOP ( 'NONE', ( #408, #5277, #5400, #1282 ) ) ;
#8901 = ORIENTED_EDGE ( 'NONE', *, *, #7910, .T. ) ;
#8902 = AXIS2_PLACEMENT_3D ( 'NONE', #1813, #4626, #3251 ) ;
#8903 = VECTOR ( 'NONE', #1072, 1000.000000000000000 ) ;
#8904 = EDGE_CURVE ( 'NONE', #3920, #8472, #3322, .T. ) ;
#8905 = PLANE ( 'NONE',  #3239 ) ;
#8906 = CARTESIAN_POINT ( 'NONE',  ( 0.8032336497292290600, 10.90000000000000036, 1.730200664999783971E-16 ) ) ;
#8907 = DIRECTION ( 'NONE',  ( 0.5142627263715359165, 0.000000000000000000, -0.8576327000907292275 ) ) ;
#8908 = CIRCLE ( 'NONE', #4773, 0.7999999999999999334 ) ;
#8909 = AXIS2_PLACEMENT_3D ( 'NONE', #877, #7062, #6461 ) ;
#8910 = VERTEX_POINT ( 'NONE', #2583 ) ;
#8911 = ORIENTED_EDGE ( 'NONE', *, *, #7048, .T. ) ;
#8912 = ORIENTED_EDGE ( 'NONE', *, *, #529, .T. ) ;
#8913 = ORIENTED_EDGE ( 'NONE', *, *, #8524, .F. ) ;
#8914 = EDGE_CURVE ( 'NONE', #3567, #2159, #1880, .T. ) ;
#8915 = CARTESIAN_POINT ( 'NONE',  ( -5.236132948075080229, -1.550515463917520487, -8.396377958773982186 ) ) ;
#8916 = AXIS2_PLACEMENT_3D ( 'NONE', #8980, #3535, #3497 ) ;
#8917 = DIRECTION ( 'NONE',  ( -1.000000000000000000, 0.000000000000000000, 0.000000000000000000 ) ) ;
#8918 = EDGE_CURVE ( 'NONE', #299, #5490, #4003, .T. ) ;
#8919 = LINE ( 'NONE', #6143, #7986 ) ;
#8920 = ADVANCED_FACE ( 'NONE', ( #4051, #6863 ), #5486, .T. ) ;
#8921 = PLANE ( 'NONE',  #3561 ) ;
#8922 = ORIENTED_EDGE ( 'NONE', *, *, #336, .F. ) ;
#8923 = AXIS2_PLACEMENT_3D ( 'NONE', #758, #3573, #7771 ) ;
#8924 = VERTEX_POINT ( 'NONE', #8378 ) ;
#8925 = DIRECTION ( 'NONE',  ( -1.000000000000000000, 2.710505431213759606E-16, 0.000000000000000000 ) ) ;
#8926 = ORIENTED_EDGE ( 'NONE', *, *, #3006, .T. ) ;
#8927 = EDGE_CURVE ( 'NONE', #3200, #3425, #4322, .T. ) ;
#8928 = DIRECTION ( 'NONE',  ( -1.000000000000000000, 1.215054158819962036E-16, 0.000000000000000000 ) ) ;
#8929 = PRODUCT ( 'PT01-D_BODY', 'PT01-D_BODY', '', ( #7774 ) ) ;
#8930 = LINE ( 'NONE', #6802, #89 ) ;
#8931 = EDGE_CURVE ( 'NONE', #3230, #3064, #726, .T. ) ;
#8932 = FACE_OUTER_BOUND ( 'NONE', #7735, .T. ) ;
#8933 = CARTESIAN_POINT ( 'NONE',  ( 0.000000000000000000, 0.000000000000000000, 0.000000000000000000 ) ) ;
#8934 = LINE ( 'NONE', #2619, #1934 ) ;
#8935 = ORIENTED_EDGE ( 'NONE', *, *, #6650, .T. ) ;
#8936 = ORIENTED_EDGE ( 'NONE', *, *, #402, .T. ) ;
#8937 = DIRECTION ( 'NONE',  ( 1.000000000000000000, 0.000000000000000000, 0.000000000000000000 ) ) ;
#8938 = DIRECTION ( 'NONE',  ( -1.000000000000000000, 0.000000000000000000, 0.000000000000000000 ) ) ;
#8939 = DIRECTION ( 'NONE',  ( -1.000000000000000000, 0.000000000000000000, 0.000000000000000000 ) ) ;
#8940 = DIRECTION ( 'NONE',  ( 1.000000000000000000, 0.000000000000000000, 0.000000000000000000 ) ) ;
#8941 = CARTESIAN_POINT ( 'NONE',  ( 0.000000000000000000, 10.20000000000000107, 0.000000000000000000 ) ) ;
#8942 = VERTEX_POINT ( 'NONE', #7834 ) ;
#8943 = DIRECTION ( 'NONE',  ( 1.000000000000000000, 0.000000000000000000, 0.000000000000000000 ) ) ;
#8944 = VERTEX_POINT ( 'NONE', #4271 ) ;
#8945 = ORIENTED_EDGE ( 'NONE', *, *, #1753, .T. ) ;
#8946 = ORIENTED_EDGE ( 'NONE', *, *, #7856, .T. ) ;
#8947 = DIRECTION ( 'NONE',  ( 1.000000000000000000, 8.850629979473506011E-17, 1.535339560257681503E-32 ) ) ;
#8948 = CARTESIAN_POINT ( 'NONE',  ( -1.900000000000001910, 0.000000000000000000, 0.000000000000000000 ) ) ;
#8949 = PLANE ( 'NONE',  #2395 ) ;
#8950 = EDGE_CURVE ( 'NONE', #6759, #3413, #6407, .T. ) ;
#8951 = ORIENTED_EDGE ( 'NONE', *, *, #2899, .T. ) ;
#8952 = EDGE_LOOP ( 'NONE', ( #5575, #1975, #7097, #3333, #4690, #2961, #281, #5510, #7872, #2757, #4471, #1213, #5057, #2621, #7385, #6140, #7537, #8496, #5157, #8523, #452, #7653, #1079, #7891, #4263, #6075, #857, #6343 ) ) ;
#8953 = ORIENTED_EDGE ( 'NONE', *, *, #511, .F. ) ;
#8954 = ORIENTED_EDGE ( 'NONE', *, *, #8644, .F. ) ;
#8955 = CARTESIAN_POINT ( 'NONE',  ( -3.399999999999999911, -0.5505154639175203757, 1.400000000000000577 ) ) ;
#8956 = DIRECTION ( 'NONE',  ( 5.041199799583521861E-17, -1.000000000000000000, 4.382248128459732497E-17 ) ) ;
#8957 = CARTESIAN_POINT ( 'NONE',  ( -1.900000000000001910, 5.100000000000004086, 0.1000000000000000056 ) ) ;
#8958 = LINE ( 'NONE', #7581, #6627 ) ;
#8959 = CARTESIAN_POINT ( 'NONE',  ( 0.000000000000000000, 10.90000000000000036, -1.604700010220583728 ) ) ;
#8960 = ADVANCED_FACE ( 'NONE', ( #2763 ), #1508, .F. ) ;
#8961 = VERTEX_POINT ( 'NONE', #4874 ) ;
#8962 = ORIENTED_EDGE ( 'NONE', *, *, #6487, .T. ) ;
#8963 = CARTESIAN_POINT ( 'NONE',  ( -0.2999999999999958811, 11.70000000000000462, 0.000000000000000000 ) ) ;
#8964 = ADVANCED_FACE ( 'NONE', ( #8518 ), #3539, .F. ) ;
#8965 = ORIENTED_EDGE ( 'NONE', *, *, #4520, .T. ) ;
#8966 = DIRECTION ( 'NONE',  ( -1.000000000000000000, 0.000000000000000000, 0.000000000000000000 ) ) ;
#8967 = CARTESIAN_POINT ( 'NONE',  ( -4.400000000000002132, 3.600000000000004086, 0.000000000000000000 ) ) ;
#8968 = LINE ( 'NONE', #3443, #5472 ) ;
#8969 = CARTESIAN_POINT ( 'NONE',  ( -4.899999999999989697, -3.050515463917520709, -5.900000000000010125 ) ) ;
#8970 = EDGE_CURVE ( 'NONE', #2353, #2348, #5711, .T. ) ;
#8971 = VECTOR ( 'NONE', #3547, 1000.000000000000000 ) ;
#8972 = DIRECTION ( 'NONE',  ( -0.4226182617407018283, 0.000000000000000000, 0.9063077870366488265 ) ) ;
#8973 = EDGE_CURVE ( 'NONE', #2525, #2551, #4485, .T. ) ;
#8974 = ADVANCED_FACE ( 'NONE', ( #1463 ), #6960, .T. ) ;
#8975 = ORIENTED_EDGE ( 'NONE', *, *, #8412, .F. ) ;
#8976 = ORIENTED_EDGE ( 'NONE', *, *, #8970, .T. ) ;
#8977 = PLANE ( 'NONE',  #7233 ) ;
#8978 = ADVANCED_FACE ( 'NONE', ( #9082 ), #2201, .T. ) ;
#8979 = DIRECTION ( 'NONE',  ( -1.931541112668179645E-15, 1.141265444721585237E-16, 1.000000000000000000 ) ) ;
#8980 = CARTESIAN_POINT ( 'NONE',  ( 2.999999999999998224, -3.750000000000000000, 5.599999999999999645 ) ) ;
#8981 = DIRECTION ( 'NONE',  ( -2.491288438666616105E-16, -1.000000000000000000, -3.260780805318072864E-31 ) ) ;
#8982 = DIRECTION ( 'NONE',  ( -0.000000000000000000, -1.000000000000000000, -0.000000000000000000 ) ) ;
#8983 = ORIENTED_EDGE ( 'NONE', *, *, #1320, .T. ) ;
#8984 = CARTESIAN_POINT ( 'NONE',  ( 0.000000000000000000, 10.20000000000000107, 0.000000000000000000 ) ) ;
#8985 = VERTEX_POINT ( 'NONE', #1332 ) ;
#8986 = VECTOR ( 'NONE', #7715, 1000.000000000000000 ) ;
#8987 = EDGE_LOOP ( 'NONE', ( #9085, #2028, #2226, #5823 ) ) ;
#8988 = ORIENTED_EDGE ( 'NONE', *, *, #350, .F. ) ;
#8989 = VECTOR ( 'NONE', #4180, 1000.000000000000000 ) ;
#8990 = DIRECTION ( 'NONE',  ( 0.000000000000000000, 1.000000000000000000, 0.000000000000000000 ) ) ;
#8991 = DIRECTION ( 'NONE',  ( 0.000000000000000000, 1.000000000000000000, 0.000000000000000000 ) ) ;
#8992 = DIRECTION ( 'NONE',  ( 0.000000000000000000, -1.000000000000000000, 0.000000000000000000 ) ) ;
#8993 = APPLICATION_CONTEXT ( 'automotive_design' ) ;
#8994 = ORIENTED_EDGE ( 'NONE', *, *, #971, .F. ) ;
#8995 = AXIS2_PLACEMENT_3D ( 'NONE', #9104, #5597, #8404 ) ;
#8996 = VECTOR ( 'NONE', #957, 1000.000000000000000 ) ;
#8997 = ORIENTED_EDGE ( 'NONE', *, *, #1692, .T. ) ;
#8998 = ORIENTED_EDGE ( 'NONE', *, *, #1080, .F. ) ;
#8999 = EDGE_LOOP ( 'NONE', ( #6647, #6419, #3265, #8372 ) ) ;
#9000 = DIRECTION ( 'NONE',  ( 1.000000000000000000, 0.000000000000000000, 0.000000000000000000 ) ) ;
#9001 = LINE ( 'NONE', #4110, #7484 ) ;
#9002 = DIRECTION ( 'NONE',  ( -1.000000000000000000, 0.000000000000000000, 0.000000000000000000 ) ) ;
#9003 = DIRECTION ( 'NONE',  ( -0.000000000000000000, -0.000000000000000000, -1.000000000000000000 ) ) ;
#9004 = AXIS2_PLACEMENT_3D ( 'NONE', #6296, #5515, #8277 ) ;
#9005 = VECTOR ( 'NONE', #1913, 1000.000000000000000 ) ;
#9006 = DIRECTION ( 'NONE',  ( 0.000000000000000000, -1.000000000000000000, 0.000000000000000000 ) ) ;
#9007 = VERTEX_POINT ( 'NONE', #5615 ) ;
#9008 = EDGE_LOOP ( 'NONE', ( #250, #6332, #6146, #3715 ) ) ;
#9009 = FACE_OUTER_BOUND ( 'NONE', #8900, .T. ) ;
#9010 = CIRCLE ( 'NONE', #8423, 0.6750000000000002665 ) ;
#9011 = ORIENTED_EDGE ( 'NONE', *, *, #243, .F. ) ;
#9012 = ORIENTED_EDGE ( 'NONE', *, *, #6386, .F. ) ;
#9013 = CARTESIAN_POINT ( 'NONE',  ( 3.000000000000000000, 3.649484536082479469, -1.600000000000000089 ) ) ;
#9014 = CARTESIAN_POINT ( 'NONE',  ( -2.899999999999999911, -6.700000000000000178, -5.750000000000000000 ) ) ;
#9015 = ADVANCED_FACE ( 'NONE', ( #91 ), #5573, .T. ) ;
#9016 = LINE ( 'NONE', #7541, #5620 ) ;
#9018 = CIRCLE ( 'NONE', #8431, 3.850000000000000089 ) ;
#9017 = SURFACE_STYLE_USAGE ( .BOTH. , #3490 ) ;
#9019 = APPLICATION_PROTOCOL_DEFINITION ( 'draft international standard', 'automotive_design', 1998, #3931 ) ;
#9020 = DIRECTION ( 'NONE',  ( 1.000000000000000000, 0.000000000000000000, 0.000000000000000000 ) ) ;
#9021 = ORIENTED_EDGE ( 'NONE', *, *, #8805, .F. ) ;
#9022 = EDGE_LOOP ( 'NONE', ( #6259, #5263, #1790, #6413, #6741 ) ) ;
#9023 = CARTESIAN_POINT ( 'NONE',  ( 2.291287847475519168, 1.198975551405447879E-13, 1.000000000000116129 ) ) ;
#9024 = CARTESIAN_POINT ( 'NONE',  ( -4.500000000000002665, 3.982783490763078137E-16, 0.000000000000000000 ) ) ;
#9025 = AXIS2_PLACEMENT_3D ( 'NONE', #3807, #5792, #3721 ) ;
#9026 = VECTOR ( 'NONE', #1060, 1000.000000000000000 ) ;
#9027 = DIRECTION ( 'NONE',  ( 0.000000000000000000, 0.000000000000000000, 1.000000000000000000 ) ) ;
#9028 = ADVANCED_FACE ( 'NONE', ( #3458 ), #39, .T. ) ;
#9029 = CARTESIAN_POINT ( 'NONE',  ( -4.499999999999993783, -3.550515463917520709, -4.300000000000008704 ) ) ;
#9030 = DIRECTION ( 'NONE',  ( 0.000000000000000000, 0.000000000000000000, -1.000000000000000000 ) ) ;
#9031 = ADVANCED_FACE ( 'NONE', ( #5665 ), #4192, .T. ) ;
#9032 = EDGE_CURVE ( 'NONE', #5485, #6161, #7748, .T. ) ;
#9033 = CYLINDRICAL_SURFACE ( 'NONE', #6523, 0.8000000000000003775 ) ;
#9034 = ORIENTED_EDGE ( 'NONE', *, *, #5535, .F. ) ;
#9035 = CARTESIAN_POINT ( 'NONE',  ( -1.734723475976807094E-15, 0.4500000000000040079, 1.800000000000000488 ) ) ;
#9036 = DIRECTION ( 'NONE',  ( 0.000000000000000000, 0.000000000000000000, -1.000000000000000000 ) ) ;
#9037 = AXIS2_PLACEMENT_3D ( 'NONE', #2624, #4546, #8240 ) ;
#9038 = VERTEX_POINT ( 'NONE', #7091 ) ;
#9039 = ORIENTED_EDGE ( 'NONE', *, *, #3566, .F. ) ;
#9040 = EDGE_CURVE ( 'NONE', #2354, #2897, #773, .T. ) ;
#9041 = CIRCLE ( 'NONE', #5656, 0.3500000000000000333 ) ;
#9042 = FACE_OUTER_BOUND ( 'NONE', #3810, .T. ) ;
#9043 = CARTESIAN_POINT ( 'NONE',  ( -1.091177379365210198, 10.90000000000000036, -0.5047000102205828620 ) ) ;
#9044 = FACE_OUTER_BOUND ( 'NONE', #3791, .T. ) ;
#9045 = LINE ( 'NONE', #5321, #7740 ) ;
#9046 = PRODUCT_DEFINITION ( 'UNKNOWN', '', #2290, #8693 ) ;
#9047 = VERTEX_POINT ( 'NONE', #7231 ) ;
#9048 = VECTOR ( 'NONE', #6170, 1000.000000000000000 ) ;
#9049 = AXIS2_PLACEMENT_3D ( 'NONE', #2885, #8599, #1620 ) ;
#9050 = VERTEX_POINT ( 'NONE', #4410 ) ;
#9051 = VERTEX_POINT ( 'NONE', #224 ) ;
#9052 = ORIENTED_EDGE ( 'NONE', *, *, #1899, .F. ) ;
#9053 = LINE ( 'NONE', #7577, #5951 ) ;
#9054 = FACE_BOUND ( 'NONE', #7252, .T. ) ;
#9055 = CARTESIAN_POINT ( 'NONE',  ( 0.000000000000000000, 10.90000000000000036, 0.5999999999999998668 ) ) ;
#9056 = CARTESIAN_POINT ( 'NONE',  ( 4.900000000000001243, -5.150515463917521686, -4.299999999999999822 ) ) ;
#9057 = VECTOR ( 'NONE', #4827, 1000.000000000000000 ) ;
#9058 = AXIS2_PLACEMENT_3D ( 'NONE', #5391, #6725, #3911 ) ;
#9059 = FACE_OUTER_BOUND ( 'NONE', #6982, .T. ) ;
#9060 = ORIENTED_EDGE ( 'NONE', *, *, #1639, .F. ) ;
#9061 = ORIENTED_EDGE ( 'NONE', *, *, #2079, .F. ) ;
#9062 = ORIENTED_EDGE ( 'NONE', *, *, #8746, .T. ) ;
#9063 = LINE ( 'NONE', #4350, #2671 ) ;
#9064 = VECTOR ( 'NONE', #4319, 1000.000000000000000 ) ;
#9065 = ORIENTED_EDGE ( 'NONE', *, *, #8695, .F. ) ;
#9066 = EDGE_LOOP ( 'NONE', ( #658, #2050, #6517, #4481 ) ) ;
#9067 = CARTESIAN_POINT ( 'NONE',  ( 4.500000000000003553, -3.950515463917520620, -4.900000000000010125 ) ) ;
#9068 = DIRECTION ( 'NONE',  ( -0.000000000000000000, -0.000000000000000000, -1.000000000000000000 ) ) ;
#9069 = DIRECTION ( 'NONE',  ( -1.000000000000000000, 0.000000000000000000, 0.000000000000000000 ) ) ;
#9070 = AXIS2_PLACEMENT_3D ( 'NONE', #3986, #5380, #3125 ) ;
#9071 = CARTESIAN_POINT ( 'NONE',  ( -3.650000000000001688, -3.750000000000000000, 5.599999999999999645 ) ) ;
#9072 = AXIS2_PLACEMENT_3D ( 'NONE', #2261, #3051, #5156 ) ;
#9073 = CARTESIAN_POINT ( 'NONE',  ( 0.6700000000000001510, 11.70000000000000462, -0.6000000000000000888 ) ) ;
#9074 = EDGE_CURVE ( 'NONE', #2590, #2353, #6847, .T. ) ;
#9075 = ORIENTED_EDGE ( 'NONE', *, *, #8224, .F. ) ;
#9076 = VERTEX_POINT ( 'NONE', #132 ) ;
#9077 = CARTESIAN_POINT ( 'NONE',  ( 0.000000000000000000, -0.5505154639175205977, 0.3999999999999986899 ) ) ;
#9078 = CARTESIAN_POINT ( 'NONE',  ( 4.900000000000001243, -1.550515463917521597, -7.399999999999999467 ) ) ;
#9079 = LINE ( 'NONE', #4183, #1694 ) ;
#9080 = CYLINDRICAL_SURFACE ( 'NONE', #7405, 1.200000000000011502 ) ;
#9081 = ORIENTED_EDGE ( 'NONE', *, *, #338, .F. ) ;
#9082 = FACE_OUTER_BOUND ( 'NONE', #568, .T. ) ;
#9083 = DIRECTION ( 'NONE',  ( -1.000000000000000000, 0.000000000000000000, 0.000000000000000000 ) ) ;
#9084 = ADVANCED_FACE ( 'NONE', ( #8658 ), #7323, .F. ) ;
#9085 = ORIENTED_EDGE ( 'NONE', *, *, #2547, .F. ) ;
#9086 = EDGE_CURVE ( 'NONE', #1537, #3545, #7923, .T. ) ;
#9087 = ORIENTED_EDGE ( 'NONE', *, *, #747, .T. ) ;
#9088 = EDGE_CURVE ( 'NONE', #4002, #2159, #357, .T. ) ;
#9089 = LINE ( 'NONE', #4057, #2645 ) ;
#9090 = PLANE ( 'NONE',  #6391 ) ;
#9091 = DIRECTION ( 'NONE',  ( 1.000000000000000000, -1.495451272393799049E-16, 0.000000000000000000 ) ) ;
#9092 = DIRECTION ( 'NONE',  ( 1.000000000000000000, 0.000000000000000000, 0.000000000000000000 ) ) ;
#9093 = ADVANCED_FACE ( 'NONE', ( #7188, #5193, #2433, #172, #824 ), #8010, .T. ) ;
#9094 = ORIENTED_EDGE ( 'NONE', *, *, #2079, .T. ) ;
#9095 = EDGE_CURVE ( 'NONE', #865, #6937, #6695, .T. ) ;
#9096 = ORIENTED_EDGE ( 'NONE', *, *, #8553, .F. ) ;
#9097 = DIRECTION ( 'NONE',  ( 0.000000000000000000, 0.000000000000000000, 1.000000000000000000 ) ) ;
#9098 = CARTESIAN_POINT ( 'NONE',  ( -4.499999999999989342, -5.150515463917520798, -6.800000000000009592 ) ) ;
#9099 = DIRECTION ( 'NONE',  ( -1.000000000000000000, 0.000000000000000000, 0.000000000000000000 ) ) ;
#9100 = DIRECTION ( 'NONE',  ( -1.084202172485504434E-16, -1.000000000000000000, -0.000000000000000000 ) ) ;
#9101 = CARTESIAN_POINT ( 'NONE',  ( 2.500000000000000000, -6.700000000000000178, -5.750000000000000000 ) ) ;
#9102 = ORIENTED_EDGE ( 'NONE', *, *, #5871, .F. ) ;
#9103 = EDGE_LOOP ( 'NONE', ( #5408, #8075, #4445, #7933 ) ) ;
#9104 = CARTESIAN_POINT ( 'NONE',  ( 0.4999999999999987232, 0.9500000000000040634, 0.5000000000000000000 ) ) ;
#9105 = ORIENTED_EDGE ( 'NONE', *, *, #383, .F. ) ;
#9106 = CARTESIAN_POINT ( 'NONE',  ( -3.000000000000001776, 4.650000000000003908, 5.000000000000000000 ) ) ;
#9107 = FACE_OUTER_BOUND ( 'NONE', #4554, .T. ) ;
#9108 = CIRCLE ( 'NONE', #414, 1.199999999999963762 ) ;
#9109 = FACE_OUTER_BOUND ( 'NONE', #2582, .T. ) ;
#9110 = DIRECTION ( 'NONE',  ( -0.000000000000000000, -0.000000000000000000, -1.000000000000000000 ) ) ;
#9111 = APPLICATION_PROTOCOL_DEFINITION ( 'draft international standard', 'automotive_design', 1998, #6465 ) ;
#9112 = CARTESIAN_POINT ( 'NONE',  ( 1.898540922494819982, 8.900000000000000355, 3.349334615354595979 ) ) ;
#9113 = VECTOR ( 'NONE', #522, 1000.000000000000000 ) ;
#9114 = ORIENTED_EDGE ( 'NONE', *, *, #5710, .F. ) ;
#9115 = LINE ( 'NONE', #719, #8989 ) ;
#9116 = CARTESIAN_POINT ( 'NONE',  ( 4.500000000000002665, 0.4494845360824782921, -7.550000000000000711 ) ) ;
#9117 = DIRECTION ( 'NONE',  ( -1.000000000000000000, 0.000000000000000000, 0.000000000000000000 ) ) ;
#9118 = EDGE_CURVE ( 'NONE', #1246, #817, #5845, .T. ) ;
#9119 = CIRCLE ( 'NONE', #2791, 0.6500000000000001332 ) ;
#9120 = CARTESIAN_POINT ( 'NONE',  ( -1.062518129035794345E-14, 0.4500000000000127232, 0.5000000000000000000 ) ) ;
#9121 = ORIENTED_EDGE ( 'NONE', *, *, #3352, .F. ) ;
#9122 = CARTESIAN_POINT ( 'NONE',  ( 0.000000000000000000, 8.900000000000000355, 0.000000000000000000 ) ) ;
#9123 = CARTESIAN_POINT ( 'NONE',  ( 5.538016780164206843, -1.550515463917522041, -8.133954347177770217 ) ) ;
#9124 = ORIENTED_EDGE ( 'NONE', *, *, #7675, .T. ) ;
#9125 = CARTESIAN_POINT ( 'NONE',  ( 4.900000000000001243, -5.450515463917522396, 0.4000000000000000222 ) ) ;
#9126 = AXIS2_PLACEMENT_3D ( 'NONE', #4331, #7152, #7300 ) ;
#9127 = EDGE_LOOP ( 'NONE', ( #6785, #1064, #7575, #275, #6770 ) ) ;
#9128 = EDGE_LOOP ( 'NONE', ( #4655, #4548, #7105, #4662 ) ) ;
#9129 = LINE ( 'NONE', #7054, #4623 ) ;
#9130 = NEXT_ASSEMBLY_USAGE_OCCURRENCE ( 'NAUO1', ' ', ' ', #9046, #4302, $ ) ;
#9131 = NEXT_ASSEMBLY_USAGE_OCCURRENCE ( 'NAUO2', ' ', ' ', #9046, #6616, $ ) ;
#9132 = NEXT_ASSEMBLY_USAGE_OCCURRENCE ( 'NAUO3', ' ', ' ', #6616, #7578, $ ) ;
#9133 = NEXT_ASSEMBLY_USAGE_OCCURRENCE ( 'NAUO4', ' ', ' ', #6616, #4136, $ ) ;
ENDSEC;
END-ISO-10303-21;
