ISO-10303-21;
HEADER;
FILE_DESCRIPTION (( 'STEP AP214' ),
    '1' );
FILE_NAME ('Same_Sky_SLW-883935-2A-D.step',
    '2025-07-30T21:41:55',
    ( '' ),
    ( '' ),
    'SwSTEP 2.0',
    'SolidWorks 2025',
    '' );
FILE_SCHEMA (( 'AUTOMOTIVE_DESIGN' ));
ENDSEC;

DATA;
#1 = ORIENTED_EDGE ( 'NONE', *, *, #798, .F. ) ;
#2 = LINE ( 'NONE', #3240, #458 ) ;
#3 = EDGE_CURVE ( 'NONE', #3002, #449, #3320, .T. ) ;
#4 = PLANE ( 'NONE',  #4330 ) ;
#5 = CARTESIAN_POINT ( 'NONE',  ( -1.200814430680422040, -0.5963626745333910906, 7.150000000000000355 ) ) ;
#6 = VERTEX_POINT ( 'NONE', #4389 ) ;
#7 = CARTESIAN_POINT ( 'NONE',  ( 4.699185569319590527, 1.803637325466635133, 7.950000000000000178 ) ) ;
#8 = DIRECTION ( 'NONE',  ( 8.756236532002660124E-31, -1.034763473209920030E-15, 1.000000000000000000 ) ) ;
#9 = LINE ( 'NONE', #1430, #2625 ) ;
#10 = CARTESIAN_POINT ( 'NONE',  ( 1.599185569319595102, -0.5963626745333910906, 8.875000000000000000 ) ) ;
#11 = ADVANCED_FACE ( 'NONE', ( #1196 ), #2637, .F. ) ;
#12 = ORIENTED_EDGE ( 'NONE', *, *, #3024, .F. ) ;
#13 = EDGE_LOOP ( 'NONE', ( #4060, #4485, #589, #2299 ) ) ;
#14 = CARTESIAN_POINT ( 'NONE',  ( 2.299185569319600386, -0.3963626745335409596, 7.398484541205560205 ) ) ;
#15 = DIRECTION ( 'NONE',  ( -1.000000000000000000, -6.576496740845259399E-16, 0.000000000000000000 ) ) ;
#16 = VECTOR ( 'NONE', #1105, 1000.000000000000000 ) ;
#17 = LINE ( 'NONE', #1442, #2837 ) ;
#18 = ORIENTED_EDGE ( 'NONE', *, *, #3397, .T. ) ;
#19 = DIRECTION ( 'NONE',  ( 1.000000000000000000, 8.462065736472229849E-16, 0.000000000000000000 ) ) ;
#20 = ORIENTED_EDGE ( 'NONE', *, *, #3175, .F. ) ;
#21 = AXIS2_PLACEMENT_3D ( 'NONE', #783, #1587, #1188 ) ;
#22 = VECTOR ( 'NONE', #2587, 1000.000000000000000 ) ;
#23 = CARTESIAN_POINT ( 'NONE',  ( 0.2491855693195980381, 4.103637325466455543, 3.948484541205564913 ) ) ;
#24 = STYLED_ITEM ( 'NONE', ( #3540 ), #2044 ) ;
#25 = VECTOR ( 'NONE', #1792, 1000.000000000000000 ) ;
#26 = EDGE_CURVE ( 'NONE', #1769, #1183, #1225, .T. ) ;
#27 = ORIENTED_EDGE ( 'NONE', *, *, #3869, .T. ) ;
#28 = DIRECTION ( 'NONE',  ( 0.000000000000000000, 0.000000000000000000, -1.000000000000000000 ) ) ;
#29 = CARTESIAN_POINT ( 'NONE',  ( 3.599185569319609979, -1.396362674533409898, 10.44999999999999929 ) ) ;
#30 = VECTOR ( 'NONE', #2893, 1000.000000000000000 ) ;
#31 = ORIENTED_EDGE ( 'NONE', *, *, #4580, .F. ) ;
#32 = CARTESIAN_POINT ( 'NONE',  ( -3.800814430680420131, -1.396362674533414117, 8.949999999999999289 ) ) ;
#33 = DIRECTION ( 'NONE',  ( 0.000000000000000000, 0.000000000000000000, -1.000000000000000000 ) ) ;
#34 = DIRECTION ( 'NONE',  ( 0.000000000000000000, 0.000000000000000000, 1.000000000000000000 ) ) ;
#35 = CARTESIAN_POINT ( 'NONE',  ( -1.200814430680401834, -0.5963626745333939771, 6.850000000000000533 ) ) ;
#36 = EDGE_CURVE ( 'NONE', #656, #2469, #4059, .T. ) ;
#37 = ORIENTED_EDGE ( 'NONE', *, *, #793, .F. ) ;
#38 = FACE_OUTER_BOUND ( 'NONE', #623, .T. ) ;
#39 = VECTOR ( 'NONE', #2941, 1000.000000000000000 ) ;
#40 = ADVANCED_FACE ( 'NONE', ( #167 ), #2266, .F. ) ;
#41 = AXIS2_PLACEMENT_3D ( 'NONE', #3929, #730, #2530 ) ;
#42 = ORIENTED_EDGE ( 'NONE', *, *, #3220, .T. ) ;
#43 = DIRECTION ( 'NONE',  ( 0.000000000000000000, 0.000000000000000000, 1.000000000000000000 ) ) ;
#44 = VERTEX_POINT ( 'NONE', #1688 ) ;
#45 = CARTESIAN_POINT ( 'NONE',  ( 4.999185569319619660, 2.103637325466654495, 6.850000000000000533 ) ) ;
#46 = CARTESIAN_POINT ( 'NONE',  ( 2.799185569319584843, -1.396362674533414117, 6.850000000000000533 ) ) ;
#47 = VECTOR ( 'NONE', #885, 1000.000000000000000 ) ;
#48 = ORIENTED_EDGE ( 'NONE', *, *, #26, .F. ) ;
#49 = AXIS2_PLACEMENT_3D ( 'NONE', #2419, #3195, #1103 ) ;
#50 = SURFACE_STYLE_FILL_AREA ( #2163 ) ;
#51 = LINE ( 'NONE', #2890, #4105 ) ;
#52 = CARTESIAN_POINT ( 'NONE',  ( -3.300814430680400147, 1.803637325466445063, 7.598484541205571041 ) ) ;
#53 = LINE ( 'NONE', #1108, #3592 ) ;
#54 = CYLINDRICAL_SURFACE ( 'NONE', #465, 0.6000000000000003109 ) ;
#55 = ORIENTED_EDGE ( 'NONE', *, *, #935, .F. ) ;
#56 = FACE_OUTER_BOUND ( 'NONE', #1037, .T. ) ;
#57 = CARTESIAN_POINT ( 'NONE',  ( -3.450814430680400058, 1.803637325466389996, 10.40000000000000036 ) ) ;
#58 = EDGE_CURVE ( 'NONE', #538, #4318, #3822, .T. ) ;
#59 = ADVANCED_FACE ( 'NONE', ( #2079, #4172 ), #1298, .F. ) ;
#60 = ORIENTED_EDGE ( 'NONE', *, *, #1855, .T. ) ;
#61 = CARTESIAN_POINT ( 'NONE',  ( -2.900814430680410005, -0.5963626745333910906, 8.724999999999999645 ) ) ;
#62 = EDGE_LOOP ( 'NONE', ( #1416, #2647, #3349, #2359 ) ) ;
#63 = ORIENTED_EDGE ( 'NONE', *, *, #3813, .T. ) ;
#64 = DIRECTION ( 'NONE',  ( 0.000000000000000000, 1.000000000000000000, -8.673617379884109428E-17 ) ) ;
#65 = EDGE_CURVE ( 'NONE', #3418, #4314, #300, .T. ) ;
#66 = PLANE ( 'NONE',  #4326 ) ;
#67 = ORIENTED_EDGE ( 'NONE', *, *, #2423, .F. ) ;
#68 =( LENGTH_UNIT ( ) NAMED_UNIT ( * ) SI_UNIT ( .MILLI., .METRE. ) );
#69 = DIRECTION ( 'NONE',  ( 0.000000000000000000, 0.000000000000000000, -1.000000000000000000 ) ) ;
#70 = PLANE ( 'NONE',  #3147 ) ;
#71 = CARTESIAN_POINT ( 'NONE',  ( -3.450814430680400058, -0.5963626745333939771, 6.850000000000000533 ) ) ;
#72 = PLANE ( 'NONE',  #3541 ) ;
#73 = LINE ( 'NONE', #1499, #248 ) ;
#74 = LINE ( 'NONE', #2170, #3075 ) ;
#75 = EDGE_CURVE ( 'NONE', #574, #804, #1992, .T. ) ;
#76 = ORIENTED_EDGE ( 'NONE', *, *, #548, .T. ) ;
#77 = CARTESIAN_POINT ( 'NONE',  ( 4.599185569319579336, 1.803637325466635133, 10.40000000000000036 ) ) ;
#78 = CARTESIAN_POINT ( 'NONE',  ( -0.9008144306804080070, -0.5963626745333939771, 8.875000000000000000 ) ) ;
#79 = DIRECTION ( 'NONE',  ( 0.000000000000000000, 0.000000000000000000, -1.000000000000000000 ) ) ;
#80 = ORIENTED_EDGE ( 'NONE', *, *, #4329, .F. ) ;
#81 = CARTESIAN_POINT ( 'NONE',  ( 4.415393873859380314, 1.953288126244671075, 10.72202171307351115 ) ) ;
#82 = VERTEX_POINT ( 'NONE', #1779 ) ;
#83 = CARTESIAN_POINT ( 'NONE',  ( 1.449185569319590083, 1.803637325466635133, 6.850000000000000533 ) ) ;
#84 = EDGE_CURVE ( 'NONE', #2469, #2183, #1055, .T. ) ;
#85 = VECTOR ( 'NONE', #3333, 1000.000000000000000 ) ;
#86 = ORIENTED_EDGE ( 'NONE', *, *, #2195, .F. ) ;
#87 = VECTOR ( 'NONE', #787, 1000.000000000000000 ) ;
#88 = DIRECTION ( 'NONE',  ( 1.000000000000000000, 0.000000000000000000, 0.000000000000000000 ) ) ;
#89 = EDGE_CURVE ( 'NONE', #2769, #3597, #821, .T. ) ;
#90 = PLANE ( 'NONE',  #2100 ) ;
#91 = EDGE_CURVE ( 'NONE', #273, #3020, #719, .T. ) ;
#92 = VECTOR ( 'NONE', #2655, 1000.000000000000000 ) ;
#93 = VECTOR ( 'NONE', #475, 1000.000000000000000 ) ;
#94 = DIRECTION ( 'NONE',  ( -6.576496740845259399E-16, 1.000000000000000000, 1.034763473209920030E-15 ) ) ;
#95 = VECTOR ( 'NONE', #2623, 1000.000000000000000 ) ;
#96 = LINE ( 'NONE', #4099, #3216 ) ;
#97 = CARTESIAN_POINT ( 'NONE',  ( -2.400814430680424660, -0.5963626745333939771, 7.150000000000000355 ) ) ;
#98 = DIRECTION ( 'NONE',  ( 1.000000000000000000, 0.000000000000000000, 0.000000000000000000 ) ) ;
#99 = CARTESIAN_POINT ( 'NONE',  ( -1.200814430680401834, -0.5963626745333939771, 7.150000000000000355 ) ) ;
#100 = ORIENTED_EDGE ( 'NONE', *, *, #2244, .F. ) ;
#101 = ORIENTED_EDGE ( 'NONE', *, *, #2650, .F. ) ;
#102 = CARTESIAN_POINT ( 'NONE',  ( 2.299185569319600386, 1.203637325466460073, 8.348484541205559495 ) ) ;
#103 = CARTESIAN_POINT ( 'NONE',  ( -3.300814430680400147, 4.103637325466439556, 9.202074379691820738 ) ) ;
#104 = CARTESIAN_POINT ( 'NONE',  ( 4.699185569319579869, 1.584022083195974817, 6.850000000000000533 ) ) ;
#105 = VERTEX_POINT ( 'NONE', #1495 ) ;
#106 = VECTOR ( 'NONE', #127, 1000.000000000000000 ) ;
#107 = CARTESIAN_POINT ( 'NONE',  ( -2.400814430680424660, -1.396362674533391912, 10.75000000000000000 ) ) ;
#108 = AXIS2_PLACEMENT_3D ( 'NONE', #3552, #3945, #2205 ) ;
#109 = VERTEX_POINT ( 'NONE', #4291 ) ;
#110 = ORIENTED_EDGE ( 'NONE', *, *, #1460, .T. ) ;
#111 = DIRECTION ( 'NONE',  ( -1.000000000000000000, -2.478176394252595143E-15, 0.000000000000000000 ) ) ;
#112 = EDGE_CURVE ( 'NONE', #3993, #2481, #1124, .T. ) ;
#113 = DIRECTION ( 'NONE',  ( 0.000000000000000000, 0.000000000000000000, 1.000000000000000000 ) ) ;
#114 = VECTOR ( 'NONE', #8, 1000.000000000000000 ) ;
#115 = EDGE_CURVE ( 'NONE', #761, #3021, #2189, .T. ) ;
#116 = ORIENTED_EDGE ( 'NONE', *, *, #4305, .F. ) ;
#117 = LINE ( 'NONE', #4361, #22 ) ;
#118 = ADVANCED_FACE ( 'NONE', ( #3262 ), #70, .F. ) ;
#119 = EDGE_CURVE ( 'NONE', #2677, #3597, #2099, .T. ) ;
#120 = DIRECTION ( 'NONE',  ( 0.000000000000000000, 0.000000000000000000, -1.000000000000000000 ) ) ;
#121 = DIRECTION ( 'NONE',  ( 1.000000000000000000, 6.938893903907150280E-15, 0.000000000000000000 ) ) ;
#122 = LINE ( 'NONE', #4408, #4042 ) ;
#123 = DIRECTION ( 'NONE',  ( 0.000000000000000000, -1.000000000000000000, 0.000000000000000000 ) ) ;
#124 = AXIS2_PLACEMENT_3D ( 'NONE', #1494, #180, #4070 ) ;
#125 = ORIENTED_EDGE ( 'NONE', *, *, #3906, .F. ) ;
#126 = ORIENTED_EDGE ( 'NONE', *, *, #3556, .F. ) ;
#127 = DIRECTION ( 'NONE',  ( -1.000000000000000000, -3.159568448967544830E-14, 0.000000000000000000 ) ) ;
#128 = LINE ( 'NONE', #843, #3759 ) ;
#129 = DIRECTION ( 'NONE',  ( 1.000000000000000000, -3.469446951953935413E-14, 0.000000000000000000 ) ) ;
#130 = ORIENTED_EDGE ( 'NONE', *, *, #1485, .T. ) ;
#131 = PLANE ( 'NONE',  #3667 ) ;
#132 = UNCERTAINTY_MEASURE_WITH_UNIT (LENGTH_MEASURE( 1.000000000000000082E-05 ), #68, 'distance_accuracy_value', 'NONE');
#133 = VERTEX_POINT ( 'NONE', #2978 ) ;
#134 = EDGE_CURVE ( 'NONE', #496, #2333, #1591, .T. ) ;
#135 = ORIENTED_EDGE ( 'NONE', *, *, #2226, .F. ) ;
#136 = FACE_OUTER_BOUND ( 'NONE', #2016, .T. ) ;
#137 = CARTESIAN_POINT ( 'NONE',  ( 4.649185569319589817, -0.5963626745333910906, 10.40000000000000036 ) ) ;
#138 = ORIENTED_EDGE ( 'NONE', *, *, #4197, .T. ) ;
#139 = EDGE_CURVE ( 'NONE', #2741, #4143, #1585, .T. ) ;
#140 = CARTESIAN_POINT ( 'NONE',  ( -3.500814430680379896, 1.584022083195974817, 6.850000000000000533 ) ) ;
#141 = DIRECTION ( 'NONE',  ( -1.000000000000000000, 0.000000000000000000, 8.756236532002660124E-31 ) ) ;
#142 = DIRECTION ( 'NONE',  ( -6.938893903907150280E-15, 1.000000000000000000, 0.000000000000000000 ) ) ;
#143 = DIRECTION ( 'NONE',  ( 0.000000000000000000, 0.000000000000000000, -1.000000000000000000 ) ) ;
#144 = ORIENTED_EDGE ( 'NONE', *, *, #2906, .T. ) ;
#145 = VERTEX_POINT ( 'NONE', #1245 ) ;
#146 = LINE ( 'NONE', #1227, #2636 ) ;
#147 = CARTESIAN_POINT ( 'NONE',  ( -3.281199188409814838, 1.803637325466440178, 7.150000000000000355 ) ) ;
#148 = DIRECTION ( 'NONE',  ( 0.000000000000000000, -1.000000000000000000, 0.000000000000000000 ) ) ;
#149 = EDGE_CURVE ( 'NONE', #425, #249, #1203, .T. ) ;
#150 = FACE_OUTER_BOUND ( 'NONE', #4414, .T. ) ;
#151 = ORIENTED_EDGE ( 'NONE', *, *, #3141, .F. ) ;
#152 = ORIENTED_EDGE ( 'NONE', *, *, #2710, .T. ) ;
#153 = LINE ( 'NONE', #2971, #3228 ) ;
#154 = ORIENTED_EDGE ( 'NONE', *, *, #3053, .T. ) ;
#155 = ORIENTED_EDGE ( 'NONE', *, *, #112, .T. ) ;
#156 = DIRECTION ( 'NONE',  ( -1.000000000000000000, -6.576496740845259399E-16, -7.130252053768200704E-31 ) ) ;
#157 = LINE ( 'NONE', #1588, #92 ) ;
#158 = EDGE_CURVE ( 'NONE', #4003, #2118, #2706, .T. ) ;
#159 = AXIS2_PLACEMENT_3D ( 'NONE', #1334, #3126, #4170 ) ;
#160 = ORIENTED_EDGE ( 'NONE', *, *, #4164, .F. ) ;
#161 = DIRECTION ( 'NONE',  ( 0.000000000000000000, 0.000000000000000000, -1.000000000000000000 ) ) ;
#162 = LINE ( 'NONE', #2330, #703 ) ;
#163 = CARTESIAN_POINT ( 'NONE',  ( 2.399185569319574718, -1.396362674533406123, 6.850000000000000533 ) ) ;
#164 = VECTOR ( 'NONE', #2442, 1000.000000000000000 ) ;
#165 = VECTOR ( 'NONE', #255, 1000.000000000000000 ) ;
#166 = VECTOR ( 'NONE', #1560, 1000.000000000000000 ) ;
#167 = FACE_OUTER_BOUND ( 'NONE', #1449, .T. ) ;
#168 = VECTOR ( 'NONE', #4491, 1000.000000000000000 ) ;
#169 = ORIENTED_EDGE ( 'NONE', *, *, #1980, .F. ) ;
#170 = CARTESIAN_POINT ( 'NONE',  ( -2.150814430680410005, -1.696362674533409942, 10.75000000000000000 ) ) ;
#171 = DIRECTION ( 'NONE',  ( -1.000000000000000000, 8.673617379884035472E-16, 0.000000000000000000 ) ) ;
#172 = LINE ( 'NONE', #4110, #3891 ) ;
#173 = ADVANCED_FACE ( 'NONE', ( #2368 ), #1681, .F. ) ;
#174 = ADVANCED_FACE ( 'NONE', ( #2678 ), #3448, .F. ) ;
#175 = VECTOR ( 'NONE', #1596, 1000.000000000000000 ) ;
#176 = ORIENTED_EDGE ( 'NONE', *, *, #4006, .T. ) ;
#177 = CARTESIAN_POINT ( 'NONE',  ( 3.599185569319609979, -6.146362674533370374, 10.75000000000000000 ) ) ;
#178 = EDGE_CURVE ( 'NONE', #3568, #852, #2243, .T. ) ;
#179 = ORIENTED_EDGE ( 'NONE', *, *, #3422, .T. ) ;
#180 = DIRECTION ( 'NONE',  ( 0.000000000000000000, 0.000000000000000000, 1.000000000000000000 ) ) ;
#181 = LINE ( 'NONE', #1607, #247 ) ;
#182 = CARTESIAN_POINT ( 'NONE',  ( -0.2508144306804029888, 1.803637325466635133, 6.850000000000000533 ) ) ;
#183 = ORIENTED_EDGE ( 'NONE', *, *, #2880, .F. ) ;
#184 = PLANE ( 'NONE',  #1511 ) ;
#185 = ORIENTED_EDGE ( 'NONE', *, *, #941, .T. ) ;
#186 = DIRECTION ( 'NONE',  ( 0.000000000000000000, 0.000000000000000000, 1.000000000000000000 ) ) ;
#187 = DIRECTION ( 'NONE',  ( -8.756236532002660124E-31, 1.034763473209920030E-15, -1.000000000000000000 ) ) ;
#188 = AXIS2_PLACEMENT_3D ( 'NONE', #2011, #630, #3061 ) ;
#189 = ORIENTED_EDGE ( 'NONE', *, *, #3058, .T. ) ;
#190 = VECTOR ( 'NONE', #4161, 1000.000000000000000 ) ;
#191 = CYLINDRICAL_SURFACE ( 'NONE', #4542, 0.5000000000000000000 ) ;
#192 = DIRECTION ( 'NONE',  ( 0.000000000000000000, 1.000000000000000000, -8.673617379884109428E-17 ) ) ;
#193 = CARTESIAN_POINT ( 'NONE',  ( -3.700814430680420486, 22.38498528391914988, 6.850000000000000533 ) ) ;
#194 = VECTOR ( 'NONE', #670, 1000.000000000000000 ) ;
#195 = ORIENTED_EDGE ( 'NONE', *, *, #3593, .F. ) ;
#196 = VERTEX_POINT ( 'NONE', #3123 ) ;
#197 = PLANE ( 'NONE',  #4567 ) ;
#198 = CARTESIAN_POINT ( 'NONE',  ( 4.999185569319619660, 1.803637325466620034, 10.40000000000000036 ) ) ;
#199 = AXIS2_PLACEMENT_3D ( 'NONE', #2349, #4171, #878 ) ;
#200 = CARTESIAN_POINT ( 'NONE',  ( -3.800814430680420131, -1.396362674533414117, 10.75000000000000000 ) ) ;
#201 = EDGE_CURVE ( 'NONE', #2028, #3852, #3148, .T. ) ;
#202 = VERTEX_POINT ( 'NONE', #3746 ) ;
#203 = EDGE_LOOP ( 'NONE', ( #3204, #3301, #1883, #3182 ) ) ;
#204 = DIRECTION ( 'NONE',  ( 0.000000000000000000, 0.000000000000000000, 1.000000000000000000 ) ) ;
#205 = EDGE_CURVE ( 'NONE', #1101, #4263, #3583, .T. ) ;
#206 = ORIENTED_EDGE ( 'NONE', *, *, #281, .T. ) ;
#207 = ORIENTED_EDGE ( 'NONE', *, *, #1710, .F. ) ;
#208 = CARTESIAN_POINT ( 'NONE',  ( 1.599185569319595102, -0.5963626745333910906, 10.75000000000000000 ) ) ;
#209 = LINE ( 'NONE', #2748, #3660 ) ;
#210 = EDGE_CURVE ( 'NONE', #1178, #3674, #2, .T. ) ;
#211 = CARTESIAN_POINT ( 'NONE',  ( 3.599185569319594880, -1.596362674533399861, 10.75000000000000000 ) ) ;
#212 = DIRECTION ( 'NONE',  ( -1.000000000000000000, 0.000000000000000000, 0.000000000000000000 ) ) ;
#213 = LINE ( 'NONE', #601, #2057 ) ;
#214 = FACE_OUTER_BOUND ( 'NONE', #444, .T. ) ;
#215 = ORIENTED_EDGE ( 'NONE', *, *, #2446, .F. ) ;
#216 = LINE ( 'NONE', #3730, #1605 ) ;
#217 = CARTESIAN_POINT ( 'NONE',  ( -3.700814430680420486, -1.396362674533414117, 6.850000000000000533 ) ) ;
#218 = LINE ( 'NONE', #1951, #1142 ) ;
#219 = ADVANCED_FACE ( 'NONE', ( #1844 ), #1075, .T. ) ;
#220 = FACE_OUTER_BOUND ( 'NONE', #1984, .T. ) ;
#221 = ORIENTED_EDGE ( 'NONE', *, *, #4049, .F. ) ;
#222 = DIRECTION ( 'NONE',  ( 0.000000000000000000, -1.000000000000000000, 0.000000000000000000 ) ) ;
#223 = EDGE_LOOP ( 'NONE', ( #992, #3751, #3879, #1009 ) ) ;
#224 = ORIENTED_EDGE ( 'NONE', *, *, #1976, .T. ) ;
#225 = ORIENTED_EDGE ( 'NONE', *, *, #91, .F. ) ;
#226 = DIRECTION ( 'NONE',  ( 0.000000000000000000, 0.000000000000000000, -1.000000000000000000 ) ) ;
#227 = CARTESIAN_POINT ( 'NONE',  ( -3.198980084207474928, 2.068808532772793640, 6.988521192186872177 ) ) ;
#228 = ADVANCED_FACE ( 'NONE', ( #4237 ), #1046, .F. ) ;
#229 = ADVANCED_FACE ( 'NONE', ( #2464 ), #3886, .F. ) ;
#230 = DIRECTION ( 'NONE',  ( -1.000000000000000000, 0.000000000000000000, 0.000000000000000000 ) ) ;
#231 = DIRECTION ( 'NONE',  ( 0.000000000000000000, -1.000000000000000000, 0.000000000000000000 ) ) ;
#232 = CARTESIAN_POINT ( 'NONE',  ( -3.300814430680400147, 1.603637325466445107, 7.598484541205571041 ) ) ;
#233 = EDGE_CURVE ( 'NONE', #852, #2580, #3539, .T. ) ;
#234 = DIRECTION ( 'NONE',  ( 0.000000000000000000, 0.000000000000000000, 1.000000000000000000 ) ) ;
#235 = AXIS2_PLACEMENT_3D ( 'NONE', #3651, #156, #460 ) ;
#236 = ORIENTED_EDGE ( 'NONE', *, *, #2638, .T. ) ;
#237 = AXIS2_PLACEMENT_3D ( 'NONE', #997, #971, #4096 ) ;
#238 = DIRECTION ( 'NONE',  ( 0.000000000000000000, 0.000000000000000000, 1.000000000000000000 ) ) ;
#239 = DIRECTION ( 'NONE',  ( 0.4472135954999911234, -0.8944271909998993131, 0.000000000000000000 ) ) ;
#240 = CARTESIAN_POINT ( 'NONE',  ( -3.198989028159099135, 2.068845331650637664, 10.61136837560753854 ) ) ;
#241 = VECTOR ( 'NONE', #1654, 1000.000000000000000 ) ;
#242 =( GEOMETRIC_REPRESENTATION_CONTEXT ( 3 ) GLOBAL_UNCERTAINTY_ASSIGNED_CONTEXT ( ( #132 ) ) GLOBAL_UNIT_ASSIGNED_CONTEXT ( ( #68, #715, #1077 ) ) REPRESENTATION_CONTEXT ( 'NONE', 'WORKASPACE' ) );
#243 = EDGE_LOOP ( 'NONE', ( #2364, #1486, #2337, #1049 ) ) ;
#244 = FACE_OUTER_BOUND ( 'NONE', #1179, .T. ) ;
#245 = ORIENTED_EDGE ( 'NONE', *, *, #2477, .F. ) ;
#246 = PLANE ( 'NONE',  #1454 ) ;
#247 = VECTOR ( 'NONE', #3202, 1000.000000000000000 ) ;
#248 = VECTOR ( 'NONE', #4294, 1000.000000000000000 ) ;
#249 = VERTEX_POINT ( 'NONE', #3695 ) ;
#250 = ORIENTED_EDGE ( 'NONE', *, *, #3787, .F. ) ;
#251 = PLANE ( 'NONE',  #1590 ) ;
#252 = LINE ( 'NONE', #3745, #2470 ) ;
#253 = ADVANCED_FACE ( 'NONE', ( #2257 ), #3330, .F. ) ;
#254 = ORIENTED_EDGE ( 'NONE', *, *, #1403, .F. ) ;
#255 = DIRECTION ( 'NONE',  ( 0.000000000000000000, 1.000000000000000000, 0.000000000000000000 ) ) ;
#256 = EDGE_CURVE ( 'NONE', #2672, #3401, #4352, .T. ) ;
#257 = CARTESIAN_POINT ( 'NONE',  ( -2.900814430680410005, -0.5963626745333939771, 8.724999999999999645 ) ) ;
#258 = DIRECTION ( 'NONE',  ( 0.000000000000000000, 1.000000000000000000, 0.000000000000000000 ) ) ;
#259 = AXIS2_PLACEMENT_3D ( 'NONE', #473, #3362, #3039 ) ;
#260 = VECTOR ( 'NONE', #521, 1000.000000000000000 ) ;
#261 = EDGE_CURVE ( 'NONE', #4263, #1102, #2209, .T. ) ;
#262 = ADVANCED_FACE ( 'NONE', ( #1936 ), #66, .F. ) ;
#263 = EDGE_LOOP ( 'NONE', ( #459, #2876, #1446, #1081 ) ) ;
#264 = LINE ( 'NONE', #1690, #3903 ) ;
#265 = DIRECTION ( 'NONE',  ( 0.000000000000000000, 0.000000000000000000, 1.000000000000000000 ) ) ;
#266 = CARTESIAN_POINT ( 'NONE',  ( 4.699185569319600297, 1.584022083195969932, 10.75000000000000000 ) ) ;
#267 = AXIS2_PLACEMENT_3D ( 'NONE', #518, #3271, #816 ) ;
#268 = VECTOR ( 'NONE', #4057, 1000.000000000000000 ) ;
#269 = ORIENTED_EDGE ( 'NONE', *, *, #2360, .F. ) ;
#270 = PLANE ( 'NONE',  #691 ) ;
#271 = ORIENTED_EDGE ( 'NONE', *, *, #3673, .T. ) ;
#272 = ORIENTED_EDGE ( 'NONE', *, *, #3273, .F. ) ;
#273 = VERTEX_POINT ( 'NONE', #1143 ) ;
#274 = CARTESIAN_POINT ( 'NONE',  ( -2.900814430680410005, -0.5963626745333939771, 10.75000000000000000 ) ) ;
#275 = CARTESIAN_POINT ( 'NONE',  ( 2.099185569319594880, -0.5963626745333939771, 10.75000000000000000 ) ) ;
#276 = EDGE_CURVE ( 'NONE', #2850, #4230, #1863, .T. ) ;
#277 = ORIENTED_EDGE ( 'NONE', *, *, #1570, .T. ) ;
#278 = DIRECTION ( 'NONE',  ( 1.000000000000000000, 0.000000000000000000, 0.000000000000000000 ) ) ;
#279 = CARTESIAN_POINT ( 'NONE',  ( -0.9008144306804080070, 0.8036373254666079324, 10.75000000000000000 ) ) ;
#280 = CARTESIAN_POINT ( 'NONE',  ( 4.999185569319619660, -0.5963626745333910906, 10.40000000000000036 ) ) ;
#281 = EDGE_CURVE ( 'NONE', #1422, #4114, #3647, .T. ) ;
#282 = ORIENTED_EDGE ( 'NONE', *, *, #1609, .F. ) ;
#283 = LINE ( 'NONE', #1706, #2190 ) ;
#284 = DIRECTION ( 'NONE',  ( -1.000000000000000000, 0.000000000000000000, 0.000000000000000000 ) ) ;
#285 = LINE ( 'NONE', #266, #466 ) ;
#286 = CARTESIAN_POINT ( 'NONE',  ( 0.3491855693195935473, -4.846362674533409631, 8.650000000000000355 ) ) ;
#287 = ORIENTED_EDGE ( 'NONE', *, *, #2502, .T. ) ;
#288 = VERTEX_POINT ( 'NONE', #1630 ) ;
#289 = CARTESIAN_POINT ( 'NONE',  ( 3.099185569319624634, -4.846362674533409631, 8.949999999999999289 ) ) ;
#290 = CARTESIAN_POINT ( 'NONE',  ( 3.599185569319594880, -0.5963626745333910906, 10.75000000000000000 ) ) ;
#291 = PRODUCT ( 'Same_Sky_SLW-883935-2A-D', 'Same_Sky_SLW-883935-2A-D', '', ( #1235 ) ) ;
#292 = ADVANCED_FACE ( 'NONE', ( #573, #3417 ), #1610, .T. ) ;
#293 = CARTESIAN_POINT ( 'NONE',  ( 0.2491855693195980381, 3.901564731250075191, 9.548484541205571219 ) ) ;
#294 = ORIENTED_EDGE ( 'NONE', *, *, #1778, .T. ) ;
#295 = LINE ( 'NONE', #1119, #25 ) ;
#296 = LINE ( 'NONE', #4515, #3069 ) ;
#297 = DIRECTION ( 'NONE',  ( 0.000000000000000000, -1.000000000000000000, 0.000000000000000000 ) ) ;
#298 =( LENGTH_UNIT ( ) NAMED_UNIT ( * ) SI_UNIT ( .MILLI., .METRE. ) );
#299 = EDGE_CURVE ( 'NONE', #2229, #4242, #2696, .T. ) ;
#300 = LINE ( 'NONE', #4152, #4476 ) ;
#301 = ORIENTED_EDGE ( 'NONE', *, *, #3503, .F. ) ;
#302 = CARTESIAN_POINT ( 'NONE',  ( -2.000814430680405209, -1.296362674533406034, 7.150000000000000355 ) ) ;
#303 = LINE ( 'NONE', #381, #3911 ) ;
#304 = CARTESIAN_POINT ( 'NONE',  ( 4.699185569319590527, 1.803637325466605157, 10.44999999999999929 ) ) ;
#305 = DIRECTION ( 'NONE',  ( 0.000000000000000000, 0.000000000000000000, -1.000000000000000000 ) ) ;
#306 = ADVANCED_FACE ( 'NONE', ( #1650 ), #2760, .F. ) ;
#307 = VECTOR ( 'NONE', #1724, 1000.000000000000000 ) ;
#308 = ORIENTED_EDGE ( 'NONE', *, *, #1202, .F. ) ;
#309 = VECTOR ( 'NONE', #638, 1000.000000000000114 ) ;
#310 = FACE_OUTER_BOUND ( 'NONE', #484, .T. ) ;
#311 = EDGE_CURVE ( 'NONE', #4405, #4275, #3377, .T. ) ;
#312 = ORIENTED_EDGE ( 'NONE', *, *, #1549, .F. ) ;
#313 = CARTESIAN_POINT ( 'NONE',  ( -3.800814430680365064, -0.5963626745333939771, 7.200000000000000178 ) ) ;
#314 = ADVANCED_FACE ( 'NONE', ( #4448 ), #1038, .T. ) ;
#315 = ORIENTED_EDGE ( 'NONE', *, *, #311, .T. ) ;
#316 = CIRCLE ( 'NONE', #4412, 1.906250000000000000 ) ;
#317 = AXIS2_PLACEMENT_3D ( 'NONE', #3364, #148, #4482 ) ;
#318 = EDGE_CURVE ( 'NONE', #2002, #2421, #343, .T. ) ;
#319 = VECTOR ( 'NONE', #2428, 1000.000000000000000 ) ;
#320 = EDGE_LOOP ( 'NONE', ( #1365, #686, #841, #3801, #3060, #4088, #4068, #1272, #4233, #3765, #4228, #502, #838, #4516, #1211, #2256, #1017, #3736, #277, #1184 ) ) ;
#321 = AXIS2_PLACEMENT_3D ( 'NONE', #232, #3082, #3772 ) ;
#322 = ORIENTED_EDGE ( 'NONE', *, *, #4322, .T. ) ;
#323 = FACE_OUTER_BOUND ( 'NONE', #2669, .T. ) ;
#324 = ADVANCED_BREP_SHAPE_REPRESENTATION ( 'Same_Sky_SLW-883935-2A-D', ( #579, #3626, #2044, #124 ), #4366 ) ;
#325 = CARTESIAN_POINT ( 'NONE',  ( -1.250814430680396105, -1.796362674533384940, 9.650000000000000355 ) ) ;
#326 = ORIENTED_EDGE ( 'NONE', *, *, #3365, .T. ) ;
#327 = CARTESIAN_POINT ( 'NONE',  ( 4.649185569319589817, -0.5963626745333910906, 6.850000000000000533 ) ) ;
#328 =( NAMED_UNIT ( * ) SI_UNIT ( $, .STERADIAN. ) SOLID_ANGLE_UNIT ( ) );
#329 = ORIENTED_EDGE ( 'NONE', *, *, #1715, .F. ) ;
#330 = DIRECTION ( 'NONE',  ( -1.000000000000000000, 0.000000000000000000, 0.000000000000000000 ) ) ;
#331 = DIRECTION ( 'NONE',  ( 0.000000000000000000, 0.000000000000000000, 1.000000000000000000 ) ) ;
#332 = DIRECTION ( 'NONE',  ( -3.469446951953935413E-14, -1.000000000000000000, 0.000000000000000000 ) ) ;
#333 = FACE_OUTER_BOUND ( 'NONE', #1455, .T. ) ;
#334 = VECTOR ( 'NONE', #2527, 1000.000000000000000 ) ;
#335 = VERTEX_POINT ( 'NONE', #1095 ) ;
#336 = VERTEX_POINT ( 'NONE', #293 ) ;
#337 = CARTESIAN_POINT ( 'NONE',  ( -3.300814430680400147, 1.603637325466440000, 10.19848454120556092 ) ) ;
#338 = CARTESIAN_POINT ( 'NONE',  ( 2.799185569319579958, -1.396362674533406123, 10.75000000000000000 ) ) ;
#339 = AXIS2_PLACEMENT_3D ( 'NONE', #2155, #2433, #15 ) ;
#340 = ORIENTED_EDGE ( 'NONE', *, *, #3317, .F. ) ;
#341 = VECTOR ( 'NONE', #1950, 1000.000000000000000 ) ;
#342 = EDGE_CURVE ( 'NONE', #4519, #3899, #606, .T. ) ;
#343 = LINE ( 'NONE', #1068, #309 ) ;
#344 = ORIENTED_EDGE ( 'NONE', *, *, #792, .F. ) ;
#345 = LINE ( 'NONE', #1136, #1831 ) ;
#346 = ORIENTED_EDGE ( 'NONE', *, *, #2025, .F. ) ;
#347 = EDGE_LOOP ( 'NONE', ( #2498, #3321, #1532, #1276, #4121, #1814, #2724 ) ) ;
#348 = CARTESIAN_POINT ( 'NONE',  ( 0.5991855693195939914, 0.3036373254666074883, 5.143749999999999822 ) ) ;
#349 = DIRECTION ( 'NONE',  ( 0.000000000000000000, -1.000000000000000000, 0.000000000000000000 ) ) ;
#350 = VECTOR ( 'NONE', #646, 1000.000000000000000 ) ;
#351 = VERTEX_POINT ( 'NONE', #2134 ) ;
#352 = DIRECTION ( 'NONE',  ( 0.000000000000000000, 0.000000000000000000, 1.000000000000000000 ) ) ;
#353 = ORIENTED_EDGE ( 'NONE', *, *, #1898, .F. ) ;
#354 = EDGE_CURVE ( 'NONE', #3190, #1326, #17, .T. ) ;
#355 = CARTESIAN_POINT ( 'NONE',  ( 3.499185569319579692, -1.396362674533420112, 8.949999999999999289 ) ) ;
#356 = PLANE ( 'NONE',  #2420 ) ;
#357 = EDGE_CURVE ( 'NONE', #785, #145, #728, .T. ) ;
#358 = VERTEX_POINT ( 'NONE', #2434 ) ;
#359 = CARTESIAN_POINT ( 'NONE',  ( -3.300814430680400147, -0.1963626745335559920, 9.248484541205561626 ) ) ;
#360 = DIRECTION ( 'NONE',  ( 1.000000000000000000, 0.000000000000000000, 0.000000000000000000 ) ) ;
#361 = DIRECTION ( 'NONE',  ( -1.000000000000000000, 0.000000000000000000, 0.000000000000000000 ) ) ;
#362 = LINE ( 'NONE', #10, #2551 ) ;
#363 = ORIENTED_EDGE ( 'NONE', *, *, #354, .F. ) ;
#364 = LINE ( 'NONE', #1199, #3530 ) ;
#365 = LINE ( 'NONE', #2132, #3537 ) ;
#366 = EDGE_CURVE ( 'NONE', #1226, #335, #1879, .T. ) ;
#367 = ORIENTED_EDGE ( 'NONE', *, *, #2987, .T. ) ;
#368 = CARTESIAN_POINT ( 'NONE',  ( 2.299185569319600386, 1.603637325466449992, 7.598484541205571041 ) ) ;
#369 = ORIENTED_EDGE ( 'NONE', *, *, #1266, .F. ) ;
#370 = EDGE_LOOP ( 'NONE', ( #42, #814, #648, #1586 ) ) ;
#371 = CARTESIAN_POINT ( 'NONE',  ( -1.250814430680401879, 3.901564731250075191, 9.548484541205571219 ) ) ;
#372 = DIRECTION ( 'NONE',  ( -4.690927745218299797E-16, 1.000000000000000000, 0.000000000000000000 ) ) ;
#373 = ORIENTED_EDGE ( 'NONE', *, *, #4360, .F. ) ;
#374 = EDGE_CURVE ( 'NONE', #4131, #1509, #749, .T. ) ;
#375 = DIRECTION ( 'NONE',  ( 0.000000000000000000, 0.000000000000000000, 1.000000000000000000 ) ) ;
#376 = DIRECTION ( 'NONE',  ( -0.000000000000000000, 1.000000000000000000, 0.000000000000000000 ) ) ;
#377 = EDGE_LOOP ( 'NONE', ( #3269, #2439, #20, #391 ) ) ;
#378 = EDGE_CURVE ( 'NONE', #1579, #2718, #2576, .T. ) ;
#379 = EDGE_LOOP ( 'NONE', ( #76, #3275, #2392, #4484 ) ) ;
#380 = PLANE ( 'NONE',  #2693 ) ;
#381 = CARTESIAN_POINT ( 'NONE',  ( 2.399185569319574718, -1.396362674533391912, 10.44999999999999929 ) ) ;
#382 = DIRECTION ( 'NONE',  ( 0.000000000000000000, 1.000000000000000000, 0.000000000000000000 ) ) ;
#383 = DIRECTION ( 'NONE',  ( 0.000000000000000000, 0.000000000000000000, -1.000000000000000000 ) ) ;
#384 = ORIENTED_EDGE ( 'NONE', *, *, #2977, .T. ) ;
#385 = PLANE ( 'NONE',  #3976 ) ;
#386 = CARTESIAN_POINT ( 'NONE',  ( -3.300814430680400147, 4.103637325466439556, 9.198484541205569798 ) ) ;
#387 = AXIS2_PLACEMENT_3D ( 'NONE', #4456, #1176, #2331 ) ;
#388 = VERTEX_POINT ( 'NONE', #1930 ) ;
#389 = DIRECTION ( 'NONE',  ( -8.756236532002660124E-31, 1.034763473209920030E-15, -1.000000000000000000 ) ) ;
#390 = EDGE_LOOP ( 'NONE', ( #2069, #1399, #929, #1820, #4325, #657, #3913 ) ) ;
#391 = ORIENTED_EDGE ( 'NONE', *, *, #233, .T. ) ;
#392 = VECTOR ( 'NONE', #3698, 1000.000000000000000 ) ;
#393 = VECTOR ( 'NONE', #3047, 1000.000000000000000 ) ;
#394 = LINE ( 'NONE', #4217, #4333 ) ;
#395 = VECTOR ( 'NONE', #2073, 1000.000000000000114 ) ;
#396 = VECTOR ( 'NONE', #2344, 1000.000000000000000 ) ;
#397 = ORIENTED_EDGE ( 'NONE', *, *, #2755, .F. ) ;
#398 = CARTESIAN_POINT ( 'NONE',  ( -1.200814430680401834, -1.396362674533391912, 6.850000000000000533 ) ) ;
#399 = VECTOR ( 'NONE', #4227, 1000.000000000000000 ) ;
#400 = AXIS2_PLACEMENT_3D ( 'NONE', #3610, #1478, #441 ) ;
#401 = ORIENTED_EDGE ( 'NONE', *, *, #2787, .T. ) ;
#402 = ADVANCED_FACE ( 'NONE', ( #150 ), #1857, .F. ) ;
#403 = CARTESIAN_POINT ( 'NONE',  ( 3.499185569319579692, -1.396362674533414117, 8.650000000000000355 ) ) ;
#404 = CARTESIAN_POINT ( 'NONE',  ( -3.550814430680409917, -0.5963626745333910906, 7.150000000000000355 ) ) ;
#405 = CARTESIAN_POINT ( 'NONE',  ( -1.200814430680416045, -1.396362674533414117, 10.75000000000000000 ) ) ;
#406 = LINE ( 'NONE', #4313, #3372 ) ;
#407 = EDGE_CURVE ( 'NONE', #2002, #1178, #2598, .T. ) ;
#408 = VERTEX_POINT ( 'NONE', #2178 ) ;
#409 = CARTESIAN_POINT ( 'NONE',  ( -0.9008144306804020118, 4.103637325466439556, 8.398484541205560205 ) ) ;
#410 = LINE ( 'NONE', #2483, #4357 ) ;
#411 = EDGE_CURVE ( 'NONE', #4318, #4547, #4317, .T. ) ;
#412 = DIRECTION ( 'NONE',  ( -6.576496740845259399E-16, 1.000000000000000000, 1.034763473209920030E-15 ) ) ;
#413 = ORIENTED_EDGE ( 'NONE', *, *, #3042, .T. ) ;
#414 = DIRECTION ( 'NONE',  ( 0.000000000000000000, -1.000000000000000000, 0.000000000000000000 ) ) ;
#415 = ORIENTED_EDGE ( 'NONE', *, *, #892, .F. ) ;
#416 = DIRECTION ( 'NONE',  ( 0.000000000000000000, 0.000000000000000000, -1.000000000000000000 ) ) ;
#417 = ORIENTED_EDGE ( 'NONE', *, *, #957, .F. ) ;
#418 = VECTOR ( 'NONE', #836, 1000.000000000000000 ) ;
#419 = CARTESIAN_POINT ( 'NONE',  ( -1.200814430680422040, -1.396362674533414117, 10.75000000000000000 ) ) ;
#420 = EDGE_CURVE ( 'NONE', #1234, #2159, #3997, .T. ) ;
#421 = LINE ( 'NONE', #4292, #3507 ) ;
#422 = CARTESIAN_POINT ( 'NONE',  ( -1.250814430680396105, 1.803637325466534991, 9.650000000000000355 ) ) ;
#423 = DIRECTION ( 'NONE',  ( 0.000000000000000000, -1.000000000000000000, 0.000000000000000000 ) ) ;
#424 = CARTESIAN_POINT ( 'NONE',  ( 2.099185569319594880, -0.5963626745333939771, 8.724999999999999645 ) ) ;
#425 = VERTEX_POINT ( 'NONE', #2246 ) ;
#426 = CARTESIAN_POINT ( 'NONE',  ( -3.300814430680400147, -0.1963626745335524948, 8.048484541205558784 ) ) ;
#427 = DIRECTION ( 'NONE',  ( -6.576496740845259399E-16, 1.000000000000000000, 1.034763473209920030E-15 ) ) ;
#428 = ADVANCED_FACE ( 'NONE', ( #244 ), #4113, .F. ) ;
#429 = EDGE_LOOP ( 'NONE', ( #434, #3728, #1729, #1501 ) ) ;
#430 = LINE ( 'NONE', #3693, #3391 ) ;
#431 = ADVANCED_FACE ( 'NONE', ( #220 ), #4157, .T. ) ;
#432 = VERTEX_POINT ( 'NONE', #2666 ) ;
#433 = DIRECTION ( 'NONE',  ( 0.000000000000000000, 1.084202172485501673E-15, -1.000000000000000000 ) ) ;
#434 = ORIENTED_EDGE ( 'NONE', *, *, #515, .F. ) ;
#435 = DIRECTION ( 'NONE',  ( -2.478176394252595143E-15, 1.000000000000000000, 0.000000000000000000 ) ) ;
#436 = LINE ( 'NONE', #1867, #3884 ) ;
#437 = ORIENTED_EDGE ( 'NONE', *, *, #1470, .F. ) ;
#438 = DIRECTION ( 'NONE',  ( 0.000000000000000000, 0.000000000000000000, 1.000000000000000000 ) ) ;
#439 = DIRECTION ( 'NONE',  ( 0.000000000000000000, 0.000000000000000000, 1.000000000000000000 ) ) ;
#440 = DIRECTION ( 'NONE',  ( 1.000000000000000000, 0.000000000000000000, 0.000000000000000000 ) ) ;
#441 = DIRECTION ( 'NONE',  ( 0.000000000000000000, -1.000000000000000000, -1.034763473209920030E-15 ) ) ;
#442 = CARTESIAN_POINT ( 'NONE',  ( -0.9008144306804020118, 4.103637325466439556, 9.202074379691820738 ) ) ;
#443 = ORIENTED_EDGE ( 'NONE', *, *, #1470, .T. ) ;
#444 = EDGE_LOOP ( 'NONE', ( #1469, #206, #3495, #1041 ) ) ;
#445 = LINE ( 'NONE', #4297, #1377 ) ;
#446 = LINE ( 'NONE', #3710, #341 ) ;
#447 = EDGE_CURVE ( 'NONE', #2811, #1110, #3802, .T. ) ;
#448 = EDGE_CURVE ( 'NONE', #4131, #1667, #1603, .T. ) ;
#449 = VERTEX_POINT ( 'NONE', #4442 ) ;
#450 = CARTESIAN_POINT ( 'NONE',  ( -3.300814430680400147, 1.603637325466445107, 7.398484541205560205 ) ) ;
#451 = ORIENTED_EDGE ( 'NONE', *, *, #4558, .T. ) ;
#452 = ORIENTED_EDGE ( 'NONE', *, *, #2881, .F. ) ;
#453 = PLANE ( 'NONE',  #3738 ) ;
#454 = VECTOR ( 'NONE', #3221, 1000.000000000000000 ) ;
#455 = ADVANCED_FACE ( 'NONE', ( #3183 ), #3161, .F. ) ;
#456 = VECTOR ( 'NONE', #297, 1000.000000000000000 ) ;
#457 = ORIENTED_EDGE ( 'NONE', *, *, #2032, .T. ) ;
#458 = VECTOR ( 'NONE', #4306, 1000.000000000000000 ) ;
#459 = ORIENTED_EDGE ( 'NONE', *, *, #134, .F. ) ;
#460 = DIRECTION ( 'NONE',  ( 0.000000000000000000, 1.084202172485501673E-15, -1.000000000000000000 ) ) ;
#461 = DIRECTION ( 'NONE',  ( 0.000000000000000000, 1.000000000000000000, 0.000000000000000000 ) ) ;
#462 = VECTOR ( 'NONE', #3074, 1000.000000000000000 ) ;
#463 = CIRCLE ( 'NONE', #3373, 0.2499999999999997780 ) ;
#464 = EDGE_LOOP ( 'NONE', ( #250, #4581, #1767, #329, #443, #272, #4200 ) ) ;
#465 = AXIS2_PLACEMENT_3D ( 'NONE', #1177, #2568, #697 ) ;
#466 = VECTOR ( 'NONE', #1761, 1000.000000000000000 ) ;
#467 = DIRECTION ( 'NONE',  ( -8.756236532002660124E-31, 1.034763473209920030E-15, -1.000000000000000000 ) ) ;
#468 = LINE ( 'NONE', #1901, #3689 ) ;
#469 = DIRECTION ( 'NONE',  ( 1.000000000000000000, 6.576496740845259399E-16, 7.130252053768200704E-31 ) ) ;
#470 = LINE ( 'NONE', #812, #4054 ) ;
#471 = EDGE_LOOP ( 'NONE', ( #4530, #567, #3823, #3968 ) ) ;
#472 = ORIENTED_EDGE ( 'NONE', *, *, #2304, .F. ) ;
#473 = CARTESIAN_POINT ( 'NONE',  ( -2.900814430680410005, 0.8036373254666079324, 10.75000000000000000 ) ) ;
#474 = LINE ( 'NONE', #1200, #2123 ) ;
#475 = DIRECTION ( 'NONE',  ( 0.000000000000000000, 1.000000000000000000, 0.000000000000000000 ) ) ;
#476 = ADVANCED_FACE ( 'NONE', ( #3263 ), #2065, .F. ) ;
#477 = EDGE_LOOP ( 'NONE', ( #3072, #1746, #4117, #363 ) ) ;
#478 = CARTESIAN_POINT ( 'NONE',  ( 4.999185569319619660, 2.103637325466650054, 10.40000000000000036 ) ) ;
#479 = AXIS2_PLACEMENT_3D ( 'NONE', #426, #4342, #1811 ) ;
#480 = DIRECTION ( 'NONE',  ( 0.000000000000000000, 1.000000000000000000, 0.000000000000000000 ) ) ;
#481 = ADVANCED_FACE ( 'NONE', ( #310 ), #2807, .T. ) ;
#482 = CIRCLE ( 'NONE', #41, 0.6000000000000003109 ) ;
#483 = ORIENTED_EDGE ( 'NONE', *, *, #1749, .F. ) ;
#484 = EDGE_LOOP ( 'NONE', ( #3991, #18, #1191, #60 ) ) ;
#485 = EDGE_LOOP ( 'NONE', ( #3870, #3934, #3361, #373, #2531, #729, #1324 ) ) ;
#486 = CARTESIAN_POINT ( 'NONE',  ( -3.500814430680414979, 1.584022083195979924, 10.40000000000000036 ) ) ;
#487 = CARTESIAN_POINT ( 'NONE',  ( 2.299185569319600386, 1.603637325466449992, 7.598484541205571041 ) ) ;
#488 = AXIS2_PLACEMENT_3D ( 'NONE', #955, #265, #3040 ) ;
#489 = PRODUCT_DEFINITION_FORMATION_WITH_SPECIFIED_SOURCE ( 'ANY', '', #291, .NOT_KNOWN. ) ;
#490 = EDGE_CURVE ( 'NONE', #4082, #3119, #3481, .T. ) ;
#491 = CARTESIAN_POINT ( 'NONE',  ( 3.199185569319590083, -1.296362674533400039, 10.75000000000000000 ) ) ;
#492 = DIRECTION ( 'NONE',  ( -6.938893903907150280E-15, 1.000000000000000000, 0.000000000000000000 ) ) ;
#493 = DIRECTION ( 'NONE',  ( 0.8944271909999056414, 0.4472135954999783003, 0.000000000000000000 ) ) ;
#494 = ADVANCED_FACE ( 'NONE', ( #1411 ), #1011, .T. ) ;
#495 = ORIENTED_EDGE ( 'NONE', *, *, #739, .F. ) ;
#496 = VERTEX_POINT ( 'NONE', #2404 ) ;
#497 = FACE_OUTER_BOUND ( 'NONE', #953, .T. ) ;
#498 = FACE_OUTER_BOUND ( 'NONE', #745, .T. ) ;
#499 = LINE ( 'NONE', #1644, #3153 ) ;
#500 = ORIENTED_EDGE ( 'NONE', *, *, #4240, .F. ) ;
#501 = CARTESIAN_POINT ( 'NONE',  ( 4.479570327048933542, 1.803637325466633134, 10.75000000000000000 ) ) ;
#502 = ORIENTED_EDGE ( 'NONE', *, *, #3956, .T. ) ;
#503 = CARTESIAN_POINT ( 'NONE',  ( -0.4008144306804075074, 0.8036373254666079324, 10.75000000000000000 ) ) ;
#504 = EDGE_CURVE ( 'NONE', #2900, #750, #1711, .T. ) ;
#505 = ORIENTED_EDGE ( 'NONE', *, *, #4191, .F. ) ;
#506 = ORIENTED_EDGE ( 'NONE', *, *, #89, .F. ) ;
#507 = CARTESIAN_POINT ( 'NONE',  ( -0.4008144306804075074, 0.8036373254666079324, 8.875000000000000000 ) ) ;
#508 = CARTESIAN_POINT ( 'NONE',  ( -3.550814430680409917, -1.396362674533399906, 10.44999999999999929 ) ) ;
#509 = EDGE_CURVE ( 'NONE', #2267, #1649, #117, .T. ) ;
#510 = EDGE_CURVE ( 'NONE', #2224, #2927, #529, .T. ) ;
#511 = DIRECTION ( 'NONE',  ( -1.000000000000000000, 0.000000000000000000, 0.000000000000000000 ) ) ;
#512 = CYLINDRICAL_SURFACE ( 'NONE', #932, 0.2999999999999999334 ) ;
#513 = CARTESIAN_POINT ( 'NONE',  ( 3.599185569319594880, -0.5963626745333910906, 10.75000000000000000 ) ) ;
#514 = ORIENTED_EDGE ( 'NONE', *, *, #3416, .T. ) ;
#515 = EDGE_CURVE ( 'NONE', #2267, #4468, #1967, .T. ) ;
#516 = ORIENTED_EDGE ( 'NONE', *, *, #1806, .T. ) ;
#517 = DIRECTION ( 'NONE',  ( 0.000000000000000000, 0.000000000000000000, -1.000000000000000000 ) ) ;
#518 = CARTESIAN_POINT ( 'NONE',  ( -3.300814430680400147, 1.203637325466456076, 9.248484541205561626 ) ) ;
#519 = LINE ( 'NONE', #3754, #2328 ) ;
#520 = ORIENTED_EDGE ( 'NONE', *, *, #3949, .F. ) ;
#521 = DIRECTION ( 'NONE',  ( -1.000000000000000000, -6.576496740845259399E-16, 1.951117922891894856E-31 ) ) ;
#522 = EDGE_LOOP ( 'NONE', ( #2161, #2407, #917, #1473, #1488, #101, #2840, #989, #48, #3253, #3713, #2507, #2668, #1874, #55, #770, #2993, #3741, #1564, #4593 ) ) ;
#523 = CARTESIAN_POINT ( 'NONE',  ( -1.200814430680422040, -0.5963626745333910906, 10.75000000000000000 ) ) ;
#524 = VERTEX_POINT ( 'NONE', #3702 ) ;
#525 = ORIENTED_EDGE ( 'NONE', *, *, #2116, .T. ) ;
#526 = FACE_OUTER_BOUND ( 'NONE', #2833, .T. ) ;
#527 = CARTESIAN_POINT ( 'NONE',  ( 2.799185569319579958, -1.396362674533409898, 6.850000000000000533 ) ) ;
#528 = CIRCLE ( 'NONE', #3435, 0.2999999999999999334 ) ;
#529 = LINE ( 'NONE', #140, #2027 ) ;
#530 = PLANE ( 'NONE',  #1726 ) ;
#531 = CARTESIAN_POINT ( 'NONE',  ( -3.281199188409814838, 1.803637325466380004, 10.75000000000000000 ) ) ;
#532 = DIRECTION ( 'NONE',  ( 1.000000000000000000, 2.478176394252595143E-15, 0.000000000000000000 ) ) ;
#533 = AXIS2_PLACEMENT_3D ( 'NONE', #3004, #113, #1963 ) ;
#534 = VECTOR ( 'NONE', #3017, 1000.000000000000000 ) ;
#535 = EDGE_CURVE ( 'NONE', #4463, #1101, #2657, .T. ) ;
#536 = VECTOR ( 'NONE', #64, 1000.000000000000000 ) ;
#537 = VECTOR ( 'NONE', #1396, 1000.000000000000000 ) ;
#538 = VERTEX_POINT ( 'NONE', #3681 ) ;
#539 = DIRECTION ( 'NONE',  ( 0.000000000000000000, -1.000000000000000000, -1.034763473209920030E-15 ) ) ;
#540 = CARTESIAN_POINT ( 'NONE',  ( -2.400814430680424660, -0.5963626745333939771, 10.44999999999999929 ) ) ;
#541 = DIRECTION ( 'NONE',  ( 0.000000000000000000, 0.000000000000000000, 1.000000000000000000 ) ) ;
#542 = EDGE_CURVE ( 'NONE', #1110, #2939, #4146, .T. ) ;
#543 = AXIS2_PLACEMENT_3D ( 'NONE', #3939, #1849, #3965 ) ;
#544 = ORIENTED_EDGE ( 'NONE', *, *, #969, .T. ) ;
#545 = ORIENTED_EDGE ( 'NONE', *, *, #2423, .T. ) ;
#546 = VERTEX_POINT ( 'NONE', #949 ) ;
#547 = LINE ( 'NONE', #3740, #3445 ) ;
#548 = EDGE_CURVE ( 'NONE', #1840, #2229, #2053, .T. ) ;
#549 = ORIENTED_EDGE ( 'NONE', *, *, #366, .F. ) ;
#550 = ORIENTED_EDGE ( 'NONE', *, *, #995, .T. ) ;
#551 = DIRECTION ( 'NONE',  ( 1.000000000000000000, 0.000000000000000000, 0.000000000000000000 ) ) ;
#552 = LINE ( 'NONE', #1311, #2695 ) ;
#553 = VECTOR ( 'NONE', #2131, 1000.000000000000000 ) ;
#554 = VERTEX_POINT ( 'NONE', #3125 ) ;
#555 = AXIS2_PLACEMENT_3D ( 'NONE', #4208, #222, #1714 ) ;
#556 = FACE_OUTER_BOUND ( 'NONE', #3692, .T. ) ;
#557 = DIRECTION ( 'NONE',  ( -1.000000000000000000, 0.000000000000000000, 0.000000000000000000 ) ) ;
#558 = CARTESIAN_POINT ( 'NONE',  ( 2.699185569319585198, -1.396362674533414117, 10.75000000000000000 ) ) ;
#559 = EDGE_CURVE ( 'NONE', #1028, #2850, #1658, .T. ) ;
#560 = CIRCLE ( 'NONE', #488, 0.2499999999999997780 ) ;
#561 = DIRECTION ( 'NONE',  ( 0.000000000000000000, 1.034763473209920030E-15, -1.000000000000000000 ) ) ;
#562 = ORIENTED_EDGE ( 'NONE', *, *, #4081, .T. ) ;
#563 = DIRECTION ( 'NONE',  ( -6.576496740845259399E-16, 1.000000000000000000, 1.034763473209920030E-15 ) ) ;
#564 = CARTESIAN_POINT ( 'NONE',  ( -1.250814430680401879, 3.901564731250075191, 9.548484541205571219 ) ) ;
#565 = VECTOR ( 'NONE', #4383, 1000.000000000000000 ) ;
#566 = DIRECTION ( 'NONE',  ( -1.000000000000000000, 0.000000000000000000, 0.000000000000000000 ) ) ;
#567 = ORIENTED_EDGE ( 'NONE', *, *, #3242, .T. ) ;
#568 = EDGE_CURVE ( 'NONE', #4479, #82, #4534, .T. ) ;
#569 = ORIENTED_EDGE ( 'NONE', *, *, #3128, .F. ) ;
#570 = PRESENTATION_STYLE_ASSIGNMENT (( #4510 ) ) ;
#571 = ORIENTED_EDGE ( 'NONE', *, *, #1111, .F. ) ;
#572 = ADVANCED_FACE ( 'NONE', ( #3078 ), #3492, .F. ) ;
#573 = FACE_BOUND ( 'NONE', #4588, .T. ) ;
#574 = VERTEX_POINT ( 'NONE', #3860 ) ;
#575 = LINE ( 'NONE', #1370, #4413 ) ;
#576 = VERTEX_POINT ( 'NONE', #3790 ) ;
#577 = LINE ( 'NONE', #1678, #679 ) ;
#578 = CARTESIAN_POINT ( 'NONE',  ( -3.200814430680392952, 2.103637325466626962, 7.150000000000000355 ) ) ;
#579 = MANIFOLD_SOLID_BREP ( 'NONE', #2506 ) ;
#580 = EDGE_LOOP ( 'NONE', ( #2782, #1788, #889, #4045 ) ) ;
#581 = LINE ( 'NONE', #924, #2319 ) ;
#582 = DIRECTION ( 'NONE',  ( 0.000000000000000000, -1.000000000000000000, 0.000000000000000000 ) ) ;
#583 = LINE ( 'NONE', #2905, #4119 ) ;
#584 = ORIENTED_EDGE ( 'NONE', *, *, #3662, .F. ) ;
#585 = CARTESIAN_POINT ( 'NONE',  ( 4.999185569319619660, 2.103637325466654495, 10.75000000000000000 ) ) ;
#586 = DIRECTION ( 'NONE',  ( 1.000000000000000000, 6.576496740845259399E-16, -1.951117922891894856E-31 ) ) ;
#587 = PLANE ( 'NONE',  #2999 ) ;
#588 = ORIENTED_EDGE ( 'NONE', *, *, #2700, .F. ) ;
#589 = ORIENTED_EDGE ( 'NONE', *, *, #2745, .F. ) ;
#590 = CARTESIAN_POINT ( 'NONE',  ( -3.300814430680400147, 3.901564731250075191, 9.548484541205571219 ) ) ;
#591 = ORIENTED_EDGE ( 'NONE', *, *, #4197, .F. ) ;
#592 = ORIENTED_EDGE ( 'NONE', *, *, #2793, .T. ) ;
#593 = ADVANCED_FACE ( 'NONE', ( #2417 ), #2519, .F. ) ;
#594 = EDGE_CURVE ( 'NONE', #4151, #4215, #2863, .T. ) ;
#595 = ORIENTED_EDGE ( 'NONE', *, *, #4426, .T. ) ;
#596 = CARTESIAN_POINT ( 'NONE',  ( 4.999185569319619660, 2.103637325466654495, 7.150000000000000355 ) ) ;
#597 = DIRECTION ( 'NONE',  ( 1.000000000000000000, 0.000000000000000000, 0.000000000000000000 ) ) ;
#598 = EDGE_CURVE ( 'NONE', #4234, #2741, #2537, .T. ) ;
#599 = ADVANCED_FACE ( 'NONE', ( #1938 ), #184, .F. ) ;
#600 = CARTESIAN_POINT ( 'NONE',  ( -1.250814430680400102, 1.803637325466445063, 9.548484541205571219 ) ) ;
#601 = CARTESIAN_POINT ( 'NONE',  ( -3.550814430680409917, -1.396362674533414117, 7.150000000000000355 ) ) ;
#602 = DIRECTION ( 'NONE',  ( 1.734723475976905229E-14, 1.000000000000000000, 0.000000000000000000 ) ) ;
#603 = AXIS2_PLACEMENT_3D ( 'NONE', #3037, #1947, #2683 ) ;
#604 = AXIS2_PLACEMENT_3D ( 'NONE', #2820, #3243, #1781 ) ;
#605 = VERTEX_POINT ( 'NONE', #1538 ) ;
#606 = CIRCLE ( 'NONE', #978, 0.6000000000000003109 ) ;
#607 = FACE_OUTER_BOUND ( 'NONE', #2786, .T. ) ;
#608 = LINE ( 'NONE', #564, #2346 ) ;
#609 = DIRECTION ( 'NONE',  ( -1.000000000000000000, 0.000000000000000000, 0.000000000000000000 ) ) ;
#610 = VECTOR ( 'NONE', #738, 1000.000000000000000 ) ;
#611 = VERTEX_POINT ( 'NONE', #3027 ) ;
#612 = LINE ( 'NONE', #1766, #3309 ) ;
#613 = FILL_AREA_STYLE ('',( #1696 ) ) ;
#614 = ORIENTED_EDGE ( 'NONE', *, *, #4072, .T. ) ;
#615 = VECTOR ( 'NONE', #2503, 1000.000000000000000 ) ;
#616 = VECTOR ( 'NONE', #2427, 1000.000000000000000 ) ;
#617 = EDGE_CURVE ( 'NONE', #4250, #4151, #1915, .T. ) ;
#618 = ORIENTED_EDGE ( 'NONE', *, *, #4072, .F. ) ;
#619 = ORIENTED_EDGE ( 'NONE', *, *, #3, .T. ) ;
#620 = DIRECTION ( 'NONE',  ( -1.000000000000000000, 0.000000000000000000, 0.000000000000000000 ) ) ;
#621 = CARTESIAN_POINT ( 'NONE',  ( 3.599185569319594880, -0.5963626745333939771, 10.75000000000000000 ) ) ;
#622 = EDGE_CURVE ( 'NONE', #636, #2421, #805, .T. ) ;
#623 = EDGE_LOOP ( 'NONE', ( #3154, #4353, #3624, #2667 ) ) ;
#624 = DIRECTION ( 'NONE',  ( 0.000000000000000000, 1.034763473209920030E-15, -1.000000000000000000 ) ) ;
#625 = DIRECTION ( 'NONE',  ( 0.000000000000000000, 0.000000000000000000, 1.000000000000000000 ) ) ;
#626 = VECTOR ( 'NONE', #2268, 1000.000000000000000 ) ;
#627 = VECTOR ( 'NONE', #2081, 1000.000000000000000 ) ;
#628 = ADVANCED_FACE ( 'NONE', ( #1865 ), #3280, .F. ) ;
#629 = ORIENTED_EDGE ( 'NONE', *, *, #4163, .T. ) ;
#630 = DIRECTION ( 'NONE',  ( 1.000000000000000000, 0.000000000000000000, 0.000000000000000000 ) ) ;
#631 = DIRECTION ( 'NONE',  ( 1.000000000000000000, 0.000000000000000000, 0.000000000000000000 ) ) ;
#632 = CARTESIAN_POINT ( 'NONE',  ( -3.281199188409840151, 1.803637325466375119, 10.40000000000000036 ) ) ;
#633 = DIRECTION ( 'NONE',  ( 5.695413245477570273E-16, -0.8660254037844387076, -0.4999999999999998890 ) ) ;
#634 = VECTOR ( 'NONE', #4133, 1000.000000000000000 ) ;
#635 = VERTEX_POINT ( 'NONE', #3766 ) ;
#636 = VERTEX_POINT ( 'NONE', #2070 ) ;
#637 = ORIENTED_EDGE ( 'NONE', *, *, #178, .T. ) ;
#638 = DIRECTION ( 'NONE',  ( -0.6546536707079788631, 0.3779644730092249216, 0.6546536707079767536 ) ) ;
#639 = ORIENTED_EDGE ( 'NONE', *, *, #2201, .F. ) ;
#640 = EDGE_CURVE ( 'NONE', #2317, #2946, #3486, .T. ) ;
#641 = ORIENTED_EDGE ( 'NONE', *, *, #1513, .T. ) ;
#642 = DIRECTION ( 'NONE',  ( -1.306267677693377823E-17, 0.000000000000000000, -1.000000000000000000 ) ) ;
#643 = CARTESIAN_POINT ( 'NONE',  ( 4.699185569319590527, 1.803637325466635133, 10.75000000000000000 ) ) ;
#644 = FILL_AREA_STYLE_COLOUR ( '', #1295 ) ;
#645 = CARTESIAN_POINT ( 'NONE',  ( 3.599185569319594880, -1.596362674533399861, 6.850000000000000533 ) ) ;
#646 = DIRECTION ( 'NONE',  ( 0.000000000000000000, -1.000000000000000000, 0.000000000000000000 ) ) ;
#647 = EDGE_CURVE ( 'NONE', #3379, #1755, #575, .T. ) ;
#648 = ORIENTED_EDGE ( 'NONE', *, *, #4580, .T. ) ;
#649 = EDGE_CURVE ( 'NONE', #1234, #4511, #4092, .T. ) ;
#650 = EDGE_LOOP ( 'NONE', ( #562, #126, #4066, #3231 ) ) ;
#651 = CARTESIAN_POINT ( 'NONE',  ( 4.599185569319579336, 1.803637325466635133, 7.200000000000000178 ) ) ;
#652 = PLANE ( 'NONE',  #3319 ) ;
#653 = LINE ( 'NONE', #3111, #616 ) ;
#654 = CARTESIAN_POINT ( 'NONE',  ( -3.450814430680400058, 1.803637325466375119, 10.75000000000000000 ) ) ;
#655 = EDGE_CURVE ( 'NONE', #3905, #2705, #2725, .T. ) ;
#656 = VERTEX_POINT ( 'NONE', #944 ) ;
#657 = ORIENTED_EDGE ( 'NONE', *, *, #4540, .F. ) ;
#658 = LINE ( 'NONE', #676, #2045 ) ;
#659 = CARTESIAN_POINT ( 'NONE',  ( 2.399185569319609801, -0.5963626745333910906, 6.850000000000000533 ) ) ;
#660 = VERTEX_POINT ( 'NONE', #3783 ) ;
#661 = ORIENTED_EDGE ( 'NONE', *, *, #3227, .T. ) ;
#662 = VERTEX_POINT ( 'NONE', #1675 ) ;
#663 = CARTESIAN_POINT ( 'NONE',  ( -1.600814430680394862, -1.396362674533414117, 10.75000000000000000 ) ) ;
#664 = VERTEX_POINT ( 'NONE', #4166 ) ;
#665 = CARTESIAN_POINT ( 'NONE',  ( 4.899185569319580047, 1.803637325466635133, 7.200000000000000178 ) ) ;
#666 = ORIENTED_EDGE ( 'NONE', *, *, #1087, .F. ) ;
#667 = DIRECTION ( 'NONE',  ( 0.000000000000000000, 1.000000000000000000, 0.000000000000000000 ) ) ;
#668 = ORIENTED_EDGE ( 'NONE', *, *, #3138, .T. ) ;
#669 = CARTESIAN_POINT ( 'NONE',  ( -3.800814430680420131, 0.8036373254666079324, 8.875000000000000000 ) ) ;
#670 = DIRECTION ( 'NONE',  ( 0.000000000000000000, 1.000000000000000000, 0.000000000000000000 ) ) ;
#671 = LINE ( 'NONE', #4591, #4404 ) ;
#672 = CARTESIAN_POINT ( 'NONE',  ( 3.599185569319594880, -1.596362674533399861, 10.75000000000000000 ) ) ;
#673 = ADVANCED_FACE ( 'NONE', ( #966 ), #3810, .F. ) ;
#674 = VECTOR ( 'NONE', #2262, 1000.000000000000000 ) ;
#675 = AXIS2_PLACEMENT_3D ( 'NONE', #1616, #3311, #4380 ) ;
#676 = CARTESIAN_POINT ( 'NONE',  ( -1.250814430680396105, 2.103637325466630070, 7.950000000000000178 ) ) ;
#677 = FACE_OUTER_BOUND ( 'NONE', #2690, .T. ) ;
#678 = ORIENTED_EDGE ( 'NONE', *, *, #3619, .T. ) ;
#679 = VECTOR ( 'NONE', #2747, 1000.000000000000000 ) ;
#680 = CIRCLE ( 'NONE', #4486, 1.906250000000000000 ) ;
#681 = CARTESIAN_POINT ( 'NONE',  ( 4.649185569319589817, 22.38498528391914988, 6.850000000000000533 ) ) ;
#682 = ORIENTED_EDGE ( 'NONE', *, *, #3106, .F. ) ;
#683 = AXIS2_PLACEMENT_3D ( 'NONE', #1565, #435, #1170 ) ;
#684 = DIRECTION ( 'NONE',  ( 1.000000000000000000, 0.000000000000000000, 0.000000000000000000 ) ) ;
#685 = EDGE_CURVE ( 'NONE', #912, #4082, #967, .T. ) ;
#686 = ORIENTED_EDGE ( 'NONE', *, *, #1023, .T. ) ;
#687 = CARTESIAN_POINT ( 'NONE',  ( -1.600814430680394862, -1.596362674533389869, 10.44999999999999929 ) ) ;
#688 = DIRECTION ( 'NONE',  ( 0.000000000000000000, 1.000000000000000000, 0.000000000000000000 ) ) ;
#689 =( NAMED_UNIT ( * ) SI_UNIT ( $, .STERADIAN. ) SOLID_ANGLE_UNIT ( ) );
#690 = CARTESIAN_POINT ( 'NONE',  ( -3.300814430680400147, 1.803637325466445063, 9.548484541205571219 ) ) ;
#691 = AXIS2_PLACEMENT_3D ( 'NONE', #3831, #2759, #4509 ) ;
#692 = ORIENTED_EDGE ( 'NONE', *, *, #2110, .F. ) ;
#693 = DIRECTION ( 'NONE',  ( 0.000000000000000000, -1.000000000000000000, 8.673617379884109428E-17 ) ) ;
#694 = LINE ( 'NONE', #1782, #927 ) ;
#695 = DIRECTION ( 'NONE',  ( -8.756236532002660124E-31, 1.034763473209920030E-15, -1.000000000000000000 ) ) ;
#696 = EDGE_CURVE ( 'NONE', #2946, #6, #3029, .T. ) ;
#697 = DIRECTION ( 'NONE',  ( -1.000000000000000000, 0.000000000000000000, 0.000000000000000000 ) ) ;
#698 = VECTOR ( 'NONE', #3166, 1000.000000000000000 ) ;
#699 = EDGE_LOOP ( 'NONE', ( #4255, #417, #1698, #3761 ) ) ;
#700 = LINE ( 'NONE', #2482, #553 ) ;
#701 = DIRECTION ( 'NONE',  ( 0.000000000000000000, 0.000000000000000000, 1.000000000000000000 ) ) ;
#702 = VECTOR ( 'NONE', #284, 1000.000000000000000 ) ;
#703 = VECTOR ( 'NONE', #3792, 1000.000000000000000 ) ;
#704 = ADVANCED_FACE ( 'NONE', ( #3744 ), #3050, .T. ) ;
#705 = DIRECTION ( 'NONE',  ( 0.000000000000000000, 0.000000000000000000, 1.000000000000000000 ) ) ;
#706 = ORIENTED_EDGE ( 'NONE', *, *, #4523, .F. ) ;
#707 = PLANE ( 'NONE',  #1680 ) ;
#708 = DIRECTION ( 'NONE',  ( -1.000000000000000000, 0.000000000000000000, 0.000000000000000000 ) ) ;
#709 = CARTESIAN_POINT ( 'NONE',  ( 2.299185569319600386, 1.803637325466450170, 7.598484541205571041 ) ) ;
#710 = AXIS2_PLACEMENT_3D ( 'NONE', #4244, #440, #3286 ) ;
#711 = EDGE_CURVE ( 'NONE', #4275, #1137, #2702, .T. ) ;
#712 = EDGE_CURVE ( 'NONE', #2003, #2224, #1330, .T. ) ;
#713 = EDGE_LOOP ( 'NONE', ( #3908, #2888, #2924, #2761 ) ) ;
#714 = ORIENTED_EDGE ( 'NONE', *, *, #3197, .F. ) ;
#715 =( NAMED_UNIT ( * ) PLANE_ANGLE_UNIT ( ) SI_UNIT ( $, .RADIAN. ) );
#716 = CARTESIAN_POINT ( 'NONE',  ( 4.899185569319580047, 1.803637325466625141, 7.200000000000000178 ) ) ;
#717 = FACE_OUTER_BOUND ( 'NONE', #2041, .T. ) ;
#718 = ORIENTED_EDGE ( 'NONE', *, *, #735, .T. ) ;
#719 = LINE ( 'NONE', #2869, #2023 ) ;
#720 = VERTEX_POINT ( 'NONE', #2325 ) ;
#721 = DIRECTION ( 'NONE',  ( 0.000000000000000000, 0.000000000000000000, -1.000000000000000000 ) ) ;
#722 = CARTESIAN_POINT ( 'NONE',  ( 3.599185569319594880, -1.596362674533399861, 10.44999999999999929 ) ) ;
#723 = LINE ( 'NONE', #3245, #3967 ) ;
#724 = LINE ( 'NONE', #3289, #615 ) ;
#725 = EDGE_LOOP ( 'NONE', ( #1912, #4093, #4544, #803 ) ) ;
#726 = DIRECTION ( 'NONE',  ( 0.000000000000000000, 0.000000000000000000, -1.000000000000000000 ) ) ;
#727 = LINE ( 'NONE', #3570, #2051 ) ;
#728 = LINE ( 'NONE', #3571, #3882 ) ;
#729 = ORIENTED_EDGE ( 'NONE', *, *, #91, .T. ) ;
#730 = DIRECTION ( 'NONE',  ( 0.000000000000000000, 0.000000000000000000, 1.000000000000000000 ) ) ;
#731 = VERTEX_POINT ( 'NONE', #3120 ) ;
#732 = ORIENTED_EDGE ( 'NONE', *, *, #276, .F. ) ;
#733 = FACE_OUTER_BOUND ( 'NONE', #485, .T. ) ;
#734 = LINE ( 'NONE', #3509, #3152 ) ;
#735 = EDGE_CURVE ( 'NONE', #2580, #662, #1351, .T. ) ;
#736 = DIRECTION ( 'NONE',  ( 0.8944271909999056414, 0.4472135954999783003, 0.000000000000000000 ) ) ;
#737 = ORIENTED_EDGE ( 'NONE', *, *, #3859, .T. ) ;
#738 = DIRECTION ( 'NONE',  ( 0.000000000000000000, 1.000000000000000000, 0.000000000000000000 ) ) ;
#739 = EDGE_CURVE ( 'NONE', #3370, #2811, #2412, .T. ) ;
#740 = ADVANCED_FACE ( 'NONE', ( #4122, #2022, #3837, #4469 ), #2387, .F. ) ;
#741 = DIRECTION ( 'NONE',  ( 1.000000000000000000, 0.000000000000000000, 0.000000000000000000 ) ) ;
#742 = CARTESIAN_POINT ( 'NONE',  ( 0.8491855693195939914, -4.846362674533409631, 8.650000000000000355 ) ) ;
#743 = LINE ( 'NONE', #2542, #3299 ) ;
#744 = CARTESIAN_POINT ( 'NONE',  ( 3.349185569319625078, -1.696362674533404835, 10.75000000000000000 ) ) ;
#745 = EDGE_LOOP ( 'NONE', ( #943, #1418, #3107, #3239 ) ) ;
#746 = DIRECTION ( 'NONE',  ( -1.000000000000000000, 0.000000000000000000, 0.000000000000000000 ) ) ;
#747 = DIRECTION ( 'NONE',  ( 0.000000000000000000, -1.000000000000000000, 8.673617379884109428E-17 ) ) ;
#748 = AXIS2_PLACEMENT_3D ( 'NONE', #32, #3564, #693 ) ;
#749 = LINE ( 'NONE', #2967, #3958 ) ;
#750 = VERTEX_POINT ( 'NONE', #3402 ) ;
#751 = CARTESIAN_POINT ( 'NONE',  ( -2.150814430680410005, -1.696362674533409942, 8.650000000000000355 ) ) ;
#752 = ORIENTED_EDGE ( 'NONE', *, *, #3187, .T. ) ;
#753 = AXIS2_PLACEMENT_3D ( 'NONE', #23, #1100, #372 ) ;
#754 = FACE_OUTER_BOUND ( 'NONE', #1388, .T. ) ;
#755 = AXIS2_PLACEMENT_3D ( 'NONE', #3439, #1958, #2410 ) ;
#756 = LINE ( 'NONE', #2790, #1813 ) ;
#757 = ADVANCED_FACE ( 'NONE', ( #4144 ), #2764, .F. ) ;
#758 = VECTOR ( 'NONE', #1581, 1000.000000000000000 ) ;
#759 = AXIS2_PLACEMENT_3D ( 'NONE', #3909, #1818, #708 ) ;
#760 = ORIENTED_EDGE ( 'NONE', *, *, #957, .T. ) ;
#761 = VERTEX_POINT ( 'NONE', #3811 ) ;
#762 = ADVANCED_FACE ( 'NONE', ( #2072 ), #251, .F. ) ;
#763 = DIRECTION ( 'NONE',  ( 0.000000000000000000, 1.000000000000000000, 0.000000000000000000 ) ) ;
#764 = AXIS2_PLACEMENT_3D ( 'NONE', #4149, #602, #2031 ) ;
#765 = FACE_OUTER_BOUND ( 'NONE', #2813, .T. ) ;
#766 = CARTESIAN_POINT ( 'NONE',  ( -2.400814430680399791, -0.5963626745333939771, 10.75000000000000000 ) ) ;
#767 = LINE ( 'NONE', #3589, #2849 ) ;
#768 = LINE ( 'NONE', #1500, #2848 ) ;
#769 = EDGE_CURVE ( 'NONE', #3701, #2037, #3488, .T. ) ;
#770 = ORIENTED_EDGE ( 'NONE', *, *, #3375, .F. ) ;
#771 = DIRECTION ( 'NONE',  ( 1.000000000000000000, 0.000000000000000000, 0.000000000000000000 ) ) ;
#772 = CARTESIAN_POINT ( 'NONE',  ( 2.449185569319600297, 2.103637325466630070, 9.650000000000000355 ) ) ;
#773 = VECTOR ( 'NONE', #2783, 1000.000000000000000 ) ;
#774 = AXIS2_PLACEMENT_3D ( 'NONE', #302, #3456, #3086 ) ;
#775 = VERTEX_POINT ( 'NONE', #2674 ) ;
#776 = CARTESIAN_POINT ( 'NONE',  ( 2.399185569319609801, -0.5963626745333910906, 10.75000000000000000 ) ) ;
#777 = EDGE_LOOP ( 'NONE', ( #1790, #3005, #1860, #1744 ) ) ;
#778 = LINE ( 'NONE', #2207, #3890 ) ;
#779 = VECTOR ( 'NONE', #908, 1000.000000000000000 ) ;
#780 = ORIENTED_EDGE ( 'NONE', *, *, #2627, .T. ) ;
#781 = VECTOR ( 'NONE', #258, 1000.000000000000000 ) ;
#782 = CARTESIAN_POINT ( 'NONE',  ( -1.250814430680396105, -1.796362674533384940, 7.950000000000000178 ) ) ;
#783 = CARTESIAN_POINT ( 'NONE',  ( 3.599185569319594880, -1.596362674533399861, 10.75000000000000000 ) ) ;
#784 = LINE ( 'NONE', #4005, #2839 ) ;
#785 = VERTEX_POINT ( 'NONE', #3785 ) ;
#786 = CARTESIAN_POINT ( 'NONE',  ( 4.415338956610447951, 1.953545917379195362, 6.878149943422655177 ) ) ;
#787 = DIRECTION ( 'NONE',  ( 1.000000000000000000, 0.000000000000000000, 0.000000000000000000 ) ) ;
#788 = PLANE ( 'NONE',  #2544 ) ;
#789 = LINE ( 'NONE', #1175, #1685 ) ;
#790 = FACE_OUTER_BOUND ( 'NONE', #3517, .T. ) ;
#791 = DIRECTION ( 'NONE',  ( -0.8944271909999345072, 0.4472135954999206797, 0.000000000000000000 ) ) ;
#792 = EDGE_CURVE ( 'NONE', #554, #351, #3586, .T. ) ;
#793 = EDGE_CURVE ( 'NONE', #3085, #3931, #577, .T. ) ;
#794 = ORIENTED_EDGE ( 'NONE', *, *, #4267, .T. ) ;
#795 = ORIENTED_EDGE ( 'NONE', *, *, #3778, .T. ) ;
#796 = DIRECTION ( 'NONE',  ( 0.000000000000000000, 1.000000000000000000, 0.000000000000000000 ) ) ;
#797 = DIRECTION ( 'NONE',  ( 0.000000000000000000, 0.000000000000000000, -1.000000000000000000 ) ) ;
#798 = EDGE_CURVE ( 'NONE', #1933, #4206, #463, .T. ) ;
#799 = ORIENTED_EDGE ( 'NONE', *, *, #4447, .T. ) ;
#800 = ORIENTED_EDGE ( 'NONE', *, *, #2226, .T. ) ;
#801 = ORIENTED_EDGE ( 'NONE', *, *, #3762, .T. ) ;
#802 = DIRECTION ( 'NONE',  ( 1.000000000000000000, 6.576496740845259399E-16, 7.130252053768200704E-31 ) ) ;
#803 = ORIENTED_EDGE ( 'NONE', *, *, #2332, .F. ) ;
#804 = VERTEX_POINT ( 'NONE', #3466 ) ;
#805 = LINE ( 'NONE', #1213, #984 ) ;
#806 = EDGE_LOOP ( 'NONE', ( #2092, #2399, #3124, #4162, #1833, #3990 ) ) ;
#807 = CARTESIAN_POINT ( 'NONE',  ( 0.8491855693195939914, -1.396362674533414117, 8.949999999999999289 ) ) ;
#808 = CARTESIAN_POINT ( 'NONE',  ( 2.799185569319579958, 1.803637325466605157, 10.44999999999999929 ) ) ;
#809 = DIRECTION ( 'NONE',  ( 0.000000000000000000, 1.000000000000000000, 0.000000000000000000 ) ) ;
#810 = CARTESIAN_POINT ( 'NONE',  ( -1.200814430680401834, -0.5963626745333939771, 10.44999999999999929 ) ) ;
#811 = PLANE ( 'NONE',  #2982 ) ;
#812 = CARTESIAN_POINT ( 'NONE',  ( 3.599185569319594880, 1.803637325466605157, 10.44999999999999929 ) ) ;
#813 = DIRECTION ( 'NONE',  ( 0.000000000000000000, 1.000000000000000000, 0.000000000000000000 ) ) ;
#814 = ORIENTED_EDGE ( 'NONE', *, *, #1965, .F. ) ;
#815 = DIRECTION ( 'NONE',  ( 0.000000000000000000, -1.000000000000000000, -1.301042606982615921E-16 ) ) ;
#816 = DIRECTION ( 'NONE',  ( 0.000000000000000000, -1.000000000000000000, -1.034763473209920030E-15 ) ) ;
#817 = ADVANCED_FACE ( 'NONE', ( #1771 ), #2437, .T. ) ;
#818 = DIRECTION ( 'NONE',  ( 0.000000000000000000, -1.000000000000000000, 0.000000000000000000 ) ) ;
#819 = VERTEX_POINT ( 'NONE', #371 ) ;
#820 = DIRECTION ( 'NONE',  ( 0.000000000000000000, 0.000000000000000000, 1.000000000000000000 ) ) ;
#821 = CIRCLE ( 'NONE', #3431, 0.1999999999999996503 ) ;
#822 = ADVANCED_FACE ( 'NONE', ( #323 ), #3168, .F. ) ;
#823 = EDGE_CURVE ( 'NONE', #3829, #3304, #4285, .T. ) ;
#824 = VECTOR ( 'NONE', #2149, 1000.000000000000000 ) ;
#825 = ORIENTED_EDGE ( 'NONE', *, *, #910, .F. ) ;
#826 = VECTOR ( 'NONE', #3691, 1000.000000000000000 ) ;
#827 = ORIENTED_EDGE ( 'NONE', *, *, #2766, .F. ) ;
#828 = CARTESIAN_POINT ( 'NONE',  ( -3.300814430680400147, -0.3963626745335445123, 7.398484541205560205 ) ) ;
#829 = LINE ( 'NONE', #2261, #4483 ) ;
#830 = VECTOR ( 'NONE', #919, 1000.000000000000000 ) ;
#831 = MECHANICAL_DESIGN_GEOMETRIC_PRESENTATION_REPRESENTATION (  '', ( #3294 ), #242 ) ;
#832 = DIRECTION ( 'NONE',  ( 0.000000000000000000, 0.000000000000000000, -1.000000000000000000 ) ) ;
#833 = AXIS2_PLACEMENT_3D ( 'NONE', #4466, #4445, #1279 ) ;
#834 = AXIS2_PLACEMENT_3D ( 'NONE', #886, #4461, #2714 ) ;
#835 = DIRECTION ( 'NONE',  ( 0.000000000000000000, 0.000000000000000000, 1.000000000000000000 ) ) ;
#836 = DIRECTION ( 'NONE',  ( -8.756236532002660124E-31, 1.034763473209920030E-15, -1.000000000000000000 ) ) ;
#837 = DIRECTION ( 'NONE',  ( 1.000000000000000000, 6.576496740845259399E-16, -1.951117922891894856E-31 ) ) ;
#838 = ORIENTED_EDGE ( 'NONE', *, *, #2745, .T. ) ;
#839 = CARTESIAN_POINT ( 'NONE',  ( -3.800814430680420131, -1.396362674533414117, 6.850000000000000533 ) ) ;
#840 = EDGE_CURVE ( 'NONE', #1842, #2705, #3739, .T. ) ;
#841 = ORIENTED_EDGE ( 'NONE', *, *, #1856, .T. ) ;
#842 = DIRECTION ( 'NONE',  ( 0.000000000000000000, 0.000000000000000000, -1.000000000000000000 ) ) ;
#843 = CARTESIAN_POINT ( 'NONE',  ( 4.699185569319600297, -0.5963626745333910906, 10.40000000000000036 ) ) ;
#844 = LINE ( 'NONE', #3063, #1964 ) ;
#845 = VERTEX_POINT ( 'NONE', #4235 ) ;
#846 = VECTOR ( 'NONE', #3296, 1000.000000000000000 ) ;
#847 = ORIENTED_EDGE ( 'NONE', *, *, #4184, .F. ) ;
#848 = LINE ( 'NONE', #2277, #3961 ) ;
#849 = ADVANCED_FACE ( 'NONE', ( #4257 ), #3575, .F. ) ;
#850 = COLOUR_RGB ( '',0.7921568627450980005, 0.8196078431372548767, 0.9333333333333333481 ) ;
#851 = CARTESIAN_POINT ( 'NONE',  ( -3.300814430680400147, -0.1963626745335559920, 9.548484541205560561 ) ) ;
#852 = VERTEX_POINT ( 'NONE', #687 ) ;
#853 = ORIENTED_EDGE ( 'NONE', *, *, #1806, .F. ) ;
#854 = CARTESIAN_POINT ( 'NONE',  ( -3.300814430680400147, 1.203637325466456076, 9.248484541205561626 ) ) ;
#855 = CARTESIAN_POINT ( 'NONE',  ( -1.650814430680410005, -6.146362674533370374, 8.949999999999999289 ) ) ;
#856 = VECTOR ( 'NONE', #3363, 1000.000000000000000 ) ;
#857 = ADVANCED_FACE ( 'NONE', ( #733 ), #1720, .F. ) ;
#858 = CARTESIAN_POINT ( 'NONE',  ( -3.300814430680400147, 1.803637325466445063, 9.548484541205571219 ) ) ;
#859 = LINE ( 'NONE', #2589, #565 ) ;
#860 = CARTESIAN_POINT ( 'NONE',  ( -3.300814430680400147, 1.203637325466456076, 8.348484541205559495 ) ) ;
#861 = ORIENTED_EDGE ( 'NONE', *, *, #2539, .F. ) ;
#862 = DIRECTION ( 'NONE',  ( 8.756236532002660124E-31, -1.034763473209920030E-15, 1.000000000000000000 ) ) ;
#863 = CARTESIAN_POINT ( 'NONE',  ( -0.2508144306804029888, 0.3036373254666074883, 10.75000000000000000 ) ) ;
#864 = FACE_OUTER_BOUND ( 'NONE', #2339, .T. ) ;
#865 = ORIENTED_EDGE ( 'NONE', *, *, #1204, .F. ) ;
#866 = LINE ( 'NONE', #177, #4280 ) ;
#867 = ORIENTED_EDGE ( 'NONE', *, *, #3500, .F. ) ;
#868 = CARTESIAN_POINT ( 'NONE',  ( -3.450814430680400058, -0.5963626745333910906, 7.200000000000000178 ) ) ;
#869 = UNCERTAINTY_MEASURE_WITH_UNIT (LENGTH_MEASURE( 1.000000000000000082E-05 ), #1401, 'distance_accuracy_value', 'NONE');
#870 = DIRECTION ( 'NONE',  ( 0.000000000000000000, 0.000000000000000000, 1.000000000000000000 ) ) ;
#871 = VERTEX_POINT ( 'NONE', #2139 ) ;
#872 = EDGE_LOOP ( 'NONE', ( #151, #1663, #2076, #1671 ) ) ;
#873 = CARTESIAN_POINT ( 'NONE',  ( -0.4008144306804075074, -0.5963626745333910906, 8.875000000000000000 ) ) ;
#874 = DIRECTION ( 'NONE',  ( 0.000000000000000000, 0.000000000000000000, -1.000000000000000000 ) ) ;
#875 = EDGE_CURVE ( 'NONE', #249, #1226, #4261, .T. ) ;
#876 = EDGE_CURVE ( 'NONE', #2333, #3603, #295, .T. ) ;
#877 = PLANE ( 'NONE',  #2989 ) ;
#878 = DIRECTION ( 'NONE',  ( 0.000000000000000000, 1.000000000000000000, 0.000000000000000000 ) ) ;
#879 = FACE_OUTER_BOUND ( 'NONE', #1260, .T. ) ;
#880 = VERTEX_POINT ( 'NONE', #3209 ) ;
#881 = EDGE_LOOP ( 'NONE', ( #3916, #2275, #3743, #2594 ) ) ;
#882 = EDGE_CURVE ( 'NONE', #196, #871, #2532, .T. ) ;
#883 = VERTEX_POINT ( 'NONE', #3947 ) ;
#884 = CARTESIAN_POINT ( 'NONE',  ( 4.899185569319589817, -0.5963626745333939771, 10.75000000000000000 ) ) ;
#885 = DIRECTION ( 'NONE',  ( -1.000000000000000000, 0.000000000000000000, 0.000000000000000000 ) ) ;
#886 = CARTESIAN_POINT ( 'NONE',  ( -3.300814430680400147, -0.3963626745335445123, 8.048484541205558784 ) ) ;
#887 = ORIENTED_EDGE ( 'NONE', *, *, #2351, .T. ) ;
#888 = DIRECTION ( 'NONE',  ( 0.000000000000000000, 0.000000000000000000, -1.000000000000000000 ) ) ;
#889 = ORIENTED_EDGE ( 'NONE', *, *, #2895, .F. ) ;
#890 = FACE_OUTER_BOUND ( 'NONE', #4153, .T. ) ;
#891 = ORIENTED_EDGE ( 'NONE', *, *, #354, .T. ) ;
#892 = EDGE_CURVE ( 'NONE', #1648, #4230, #2119, .T. ) ;
#893 = ORIENTED_EDGE ( 'NONE', *, *, #3799, .F. ) ;
#894 = DIRECTION ( 'NONE',  ( 0.000000000000000000, 0.000000000000000000, 1.000000000000000000 ) ) ;
#895 = CARTESIAN_POINT ( 'NONE',  ( -3.300814430680400147, 1.203637325466456076, 9.248484541205561626 ) ) ;
#896 = VECTOR ( 'NONE', #1899, 1000.000000000000000 ) ;
#897 = DIRECTION ( 'NONE',  ( -1.000000000000000000, 0.000000000000000000, 0.000000000000000000 ) ) ;
#898 = DIRECTION ( 'NONE',  ( 0.000000000000000000, -1.000000000000000000, 0.000000000000000000 ) ) ;
#899 = LINE ( 'NONE', #951, #2800 ) ;
#900 = DIRECTION ( 'NONE',  ( -1.000000000000000000, 0.000000000000000000, 0.000000000000000000 ) ) ;
#901 = VECTOR ( 'NONE', #2562, 1000.000000000000000 ) ;
#902 = AXIS2_PLACEMENT_3D ( 'NONE', #4514, #642, #2365 ) ;
#903 = ADVANCED_FACE ( 'NONE', ( #754 ), #2241, .F. ) ;
#904 = VECTOR ( 'NONE', #305, 1000.000000000000000 ) ;
#905 = VECTOR ( 'NONE', #2709, 1000.000000000000000 ) ;
#906 = ORIENTED_EDGE ( 'NONE', *, *, #2903, .T. ) ;
#907 = DIRECTION ( 'NONE',  ( 0.000000000000000000, 0.000000000000000000, 1.000000000000000000 ) ) ;
#908 = DIRECTION ( 'NONE',  ( -1.000000000000000000, 0.000000000000000000, 0.000000000000000000 ) ) ;
#909 = DIRECTION ( 'NONE',  ( 0.000000000000000000, 0.000000000000000000, 1.000000000000000000 ) ) ;
#910 = EDGE_CURVE ( 'NONE', #2769, #2459, #844, .T. ) ;
#911 = VERTEX_POINT ( 'NONE', #2336 ) ;
#912 = VERTEX_POINT ( 'NONE', #2642 ) ;
#913 = ORIENTED_EDGE ( 'NONE', *, *, #3673, .F. ) ;
#914 = VECTOR ( 'NONE', #1273, 1000.000000000000000 ) ;
#915 = ORIENTED_EDGE ( 'NONE', *, *, #3106, .T. ) ;
#916 = DIRECTION ( 'NONE',  ( 1.000000000000000000, 0.000000000000000000, 0.000000000000000000 ) ) ;
#917 = ORIENTED_EDGE ( 'NONE', *, *, #3733, .F. ) ;
#918 = DIRECTION ( 'NONE',  ( -1.000000000000000000, 0.000000000000000000, 0.000000000000000000 ) ) ;
#919 = DIRECTION ( 'NONE',  ( 0.000000000000000000, 0.000000000000000000, 1.000000000000000000 ) ) ;
#920 = AXIS2_PLACEMENT_3D ( 'NONE', #77, #1062, #3994 ) ;
#921 = ORIENTED_EDGE ( 'NONE', *, *, #3474, .T. ) ;
#922 = DIRECTION ( 'NONE',  ( 0.000000000000000000, 0.000000000000000000, -1.000000000000000000 ) ) ;
#923 = VECTOR ( 'NONE', #1232, 1000.000000000000000 ) ;
#924 = CARTESIAN_POINT ( 'NONE',  ( 0.8491855693195939914, -6.146362674533370374, 8.650000000000000355 ) ) ;
#925 = PLANE ( 'NONE',  #199 ) ;
#926 = CARTESIAN_POINT ( 'NONE',  ( 2.299185569319600386, 1.803637325466445063, 9.998484541205559850 ) ) ;
#927 = VECTOR ( 'NONE', #360, 1000.000000000000000 ) ;
#928 = DIRECTION ( 'NONE',  ( 0.000000000000000000, 0.000000000000000000, 1.000000000000000000 ) ) ;
#929 = ORIENTED_EDGE ( 'NONE', *, *, #3851, .F. ) ;
#930 = CARTESIAN_POINT ( 'NONE',  ( -3.300814430680400147, -0.1963626745335559920, 9.548484541205560561 ) ) ;
#931 = DIRECTION ( 'NONE',  ( 1.000000000000000000, 0.000000000000000000, 0.000000000000000000 ) ) ;
#932 = AXIS2_PLACEMENT_3D ( 'NONE', #2030, #557, #231 ) ;
#933 = CARTESIAN_POINT ( 'NONE',  ( 4.899185569319580047, -0.5963626745333910906, 10.40000000000000036 ) ) ;
#934 = EDGE_CURVE ( 'NONE', #2900, #3834, #3732, .T. ) ;
#935 = EDGE_CURVE ( 'NONE', #546, #4501, #499, .T. ) ;
#936 = ORIENTED_EDGE ( 'NONE', *, *, #448, .F. ) ;
#937 = EDGE_LOOP ( 'NONE', ( #544, #353, #3482, #1329 ) ) ;
#938 = ORIENTED_EDGE ( 'NONE', *, *, #655, .F. ) ;
#939 = EDGE_CURVE ( 'NONE', #2991, #2421, #218, .T. ) ;
#940 = EDGE_LOOP ( 'NONE', ( #457, #1467, #2314, #752, #3293, #1304, #4390, #3972, #4376, #2173, #2653, #4281, #1672, #3671 ) ) ;
#941 = EDGE_CURVE ( 'NONE', #4143, #1632, #1929, .T. ) ;
#942 = CARTESIAN_POINT ( 'NONE',  ( 4.699185569319590527, 1.803637325466635133, 10.75000000000000000 ) ) ;
#943 = ORIENTED_EDGE ( 'NONE', *, *, #4043, .T. ) ;
#944 = CARTESIAN_POINT ( 'NONE',  ( 4.699185569319590527, -0.5963626745333910906, 10.75000000000000000 ) ) ;
#945 = ORIENTED_EDGE ( 'NONE', *, *, #2116, .F. ) ;
#946 = DIRECTION ( 'NONE',  ( -1.000000000000000000, 0.000000000000000000, 0.000000000000000000 ) ) ;
#947 = CARTESIAN_POINT ( 'NONE',  ( 1.599185569319595102, 0.8036373254666079324, 10.75000000000000000 ) ) ;
#948 = CARTESIAN_POINT ( 'NONE',  ( 2.799185569319579958, -1.596362674533389869, 10.75000000000000000 ) ) ;
#949 = CARTESIAN_POINT ( 'NONE',  ( -1.200814430680401834, -1.396362674533414117, 10.75000000000000000 ) ) ;
#950 = CARTESIAN_POINT ( 'NONE',  ( -3.300814430680400147, 1.203637325466456076, 8.348484541205559495 ) ) ;
#951 = CARTESIAN_POINT ( 'NONE',  ( -3.700814430680420486, -1.396362674533414117, 10.75000000000000000 ) ) ;
#952 = FACE_OUTER_BOUND ( 'NONE', #4552, .T. ) ;
#953 = EDGE_LOOP ( 'NONE', ( #1353, #2352, #86, #2378, #3864, #641 ) ) ;
#954 = CARTESIAN_POINT ( 'NONE',  ( 2.399185569319609801, -1.396362674533399906, 10.75000000000000000 ) ) ;
#955 = CARTESIAN_POINT ( 'NONE',  ( 3.099185569319624634, -4.846362674533409631, 8.650000000000000355 ) ) ;
#956 = CARTESIAN_POINT ( 'NONE',  ( -3.200814430680398281, 2.103637325466626073, 10.44999999999999929 ) ) ;
#957 = EDGE_CURVE ( 'NONE', #3794, #2861, #519, .T. ) ;
#958 = ADVANCED_FACE ( 'NONE', ( #864 ), #3346, .T. ) ;
#959 = DIRECTION ( 'NONE',  ( 0.000000000000000000, 0.000000000000000000, 1.000000000000000000 ) ) ;
#960 = ORIENTED_EDGE ( 'NONE', *, *, #4299, .T. ) ;
#961 = CARTESIAN_POINT ( 'NONE',  ( -3.300814430680400147, -0.1963626745335559920, 9.248484541205561626 ) ) ;
#962 = LINE ( 'NONE', #2380, #4130 ) ;
#963 = EDGE_LOOP ( 'NONE', ( #4091, #3177, #1652, #1249 ) ) ;
#964 = CARTESIAN_POINT ( 'NONE',  ( -3.300814430680400147, 1.803637325466445063, 9.998484541205559850 ) ) ;
#965 = ORIENTED_EDGE ( 'NONE', *, *, #378, .T. ) ;
#966 = FACE_OUTER_BOUND ( 'NONE', #2559, .T. ) ;
#967 = LINE ( 'NONE', #1653, #396 ) ;
#968 = DIRECTION ( 'NONE',  ( 0.000000000000000000, -1.000000000000000000, 0.000000000000000000 ) ) ;
#969 = EDGE_CURVE ( 'NONE', #4467, #1800, #1252, .T. ) ;
#970 = ORIENTED_EDGE ( 'NONE', *, *, #1056, .T. ) ;
#971 = DIRECTION ( 'NONE',  ( 1.000000000000000000, 0.000000000000000000, 0.000000000000000000 ) ) ;
#972 = CARTESIAN_POINT ( 'NONE',  ( -3.800814430680420131, 0.8036373254666079324, 8.724999999999999645 ) ) ;
#973 = DIRECTION ( 'NONE',  ( 0.000000000000000000, 0.000000000000000000, -1.000000000000000000 ) ) ;
#974 = VECTOR ( 'NONE', #212, 1000.000000000000000 ) ;
#975 = CARTESIAN_POINT ( 'NONE',  ( 4.699185569319600297, 1.584022083195969932, 10.40000000000000036 ) ) ;
#976 = VECTOR ( 'NONE', #230, 1000.000000000000000 ) ;
#977 = ORIENTED_EDGE ( 'NONE', *, *, #3, .F. ) ;
#978 = AXIS2_PLACEMENT_3D ( 'NONE', #4551, #705, #1717 ) ;
#979 = CARTESIAN_POINT ( 'NONE',  ( -1.500814430680410094, -1.396362674533414117, 8.949999999999999289 ) ) ;
#980 = DIRECTION ( 'NONE',  ( 0.6546536707079750883, 0.3779644730092256988, -0.6546536707079800843 ) ) ;
#981 = DIRECTION ( 'NONE',  ( 1.000000000000000000, 0.000000000000000000, 0.000000000000000000 ) ) ;
#982 = LINE ( 'NONE', #2403, #904 ) ;
#983 = CIRCLE ( 'NONE', #533, 0.6000000000000310640 ) ;
#984 = VECTOR ( 'NONE', #3649, 1000.000000000000000 ) ;
#985 = ADVANCED_FACE ( 'NONE', ( #2964 ), #2313, .F. ) ;
#986 = DIRECTION ( 'NONE',  ( -1.000000000000000000, 0.000000000000000000, 0.000000000000000000 ) ) ;
#987 = ORIENTED_EDGE ( 'NONE', *, *, #1173, .T. ) ;
#988 = CARTESIAN_POINT ( 'NONE',  ( -3.200814430680392952, 2.103637325466626962, 7.150000000000000355 ) ) ;
#989 = ORIENTED_EDGE ( 'NONE', *, *, #2014, .F. ) ;
#990 = AXIS2_PLACEMENT_3D ( 'NONE', #3611, #4273, #3226 ) ;
#991 = CIRCLE ( 'NONE', #2555, 0.5000000000000000000 ) ;
#992 = ORIENTED_EDGE ( 'NONE', *, *, #3717, .T. ) ;
#993 = DIRECTION ( 'NONE',  ( 0.000000000000000000, 0.000000000000000000, -1.000000000000000000 ) ) ;
#994 = PLANE ( 'NONE',  #2767 ) ;
#995 = EDGE_CURVE ( 'NONE', #635, #2896, #4040, .T. ) ;
#996 = EDGE_CURVE ( 'NONE', #2196, #2751, #2986, .T. ) ;
#997 = CARTESIAN_POINT ( 'NONE',  ( 0.3491855693195935473, -1.696362674533409942, 10.75000000000000000 ) ) ;
#998 = DIRECTION ( 'NONE',  ( 0.000000000000000000, 0.000000000000000000, 1.000000000000000000 ) ) ;
#999 = CARTESIAN_POINT ( 'NONE',  ( -1.200814430680422040, 1.803637325466605157, 7.150000000000000355 ) ) ;
#1000 = VECTOR ( 'NONE', #4011, 1000.000000000000000 ) ;
#1001 = ADVANCED_FACE ( 'NONE', ( #4417 ), #3041, .F. ) ;
#1002 = AXIS2_PLACEMENT_3D ( 'NONE', #4596, #2158, #684 ) ;
#1003 = ORIENTED_EDGE ( 'NONE', *, *, #1403, .T. ) ;
#1004 = DIRECTION ( 'NONE',  ( 1.000000000000000000, 0.000000000000000000, 0.000000000000000000 ) ) ;
#1005 = CARTESIAN_POINT ( 'NONE',  ( 4.899185569319580047, -0.5963626745333910906, 10.75000000000000000 ) ) ;
#1006 = CARTESIAN_POINT ( 'NONE',  ( 0.8491855693195939914, -6.146362674533370374, 10.75000000000000000 ) ) ;
#1007 = DIRECTION ( 'NONE',  ( 0.000000000000000000, 1.000000000000000000, 0.000000000000000000 ) ) ;
#1008 = VECTOR ( 'NONE', #3866, 1000.000000000000000 ) ;
#1009 = ORIENTED_EDGE ( 'NONE', *, *, #1133, .T. ) ;
#1010 = AXIS2_PLACEMENT_3D ( 'NONE', #3214, #4584, #1025 ) ;
#1011 = CYLINDRICAL_SURFACE ( 'NONE', #3068, 0.2499999999999997780 ) ;
#1012 = ORIENTED_EDGE ( 'NONE', *, *, #3602, .T. ) ;
#1013 = CARTESIAN_POINT ( 'NONE',  ( 2.399185569319609801, -0.5963626745333910906, 10.75000000000000000 ) ) ;
#1014 = FACE_OUTER_BOUND ( 'NONE', #3644, .T. ) ;
#1015 = DIRECTION ( 'NONE',  ( 0.000000000000000000, 1.000000000000000000, 0.000000000000000000 ) ) ;
#1016 = ORIENTED_EDGE ( 'NONE', *, *, #4103, .T. ) ;
#1017 = ORIENTED_EDGE ( 'NONE', *, *, #276, .T. ) ;
#1018 = DIRECTION ( 'NONE',  ( 0.000000000000000000, 0.000000000000000000, -1.000000000000000000 ) ) ;
#1019 = DIRECTION ( 'NONE',  ( 0.000000000000000000, 1.000000000000000000, 0.000000000000000000 ) ) ;
#1020 = ORIENTED_EDGE ( 'NONE', *, *, #1750, .F. ) ;
#1021 = ORIENTED_EDGE ( 'NONE', *, *, #1433, .F. ) ;
#1022 = DIRECTION ( 'NONE',  ( -1.000000000000000000, -8.462065736472229849E-16, 0.000000000000000000 ) ) ;
#1023 = EDGE_CURVE ( 'NONE', #1910, #3952, #172, .T. ) ;
#1024 = DIRECTION ( 'NONE',  ( -1.000000000000000000, 0.000000000000000000, 0.000000000000000000 ) ) ;
#1025 = DIRECTION ( 'NONE',  ( -1.000000000000000000, 0.000000000000000000, 0.000000000000000000 ) ) ;
#1026 = ORIENTED_EDGE ( 'NONE', *, *, #2929, .T. ) ;
#1027 = EDGE_CURVE ( 'NONE', #4069, #3021, #991, .T. ) ;
#1028 = VERTEX_POINT ( 'NONE', #2616 ) ;
#1029 = CARTESIAN_POINT ( 'NONE',  ( -3.300814430680400147, -0.3963626745335445123, 7.398484541205560205 ) ) ;
#1030 = DIRECTION ( 'NONE',  ( 0.000000000000000000, 0.000000000000000000, -1.000000000000000000 ) ) ;
#1031 = CARTESIAN_POINT ( 'NONE',  ( -2.400814430680424660, -1.396362674533391912, 6.850000000000000533 ) ) ;
#1032 = LINE ( 'NONE', #672, #1888 ) ;
#1033 = ADVANCED_FACE ( 'NONE', ( #4085 ), #1275, .F. ) ;
#1034 = ORIENTED_EDGE ( 'NONE', *, *, #1693, .T. ) ;
#1035 = ORIENTED_EDGE ( 'NONE', *, *, #2014, .T. ) ;
#1036 = LINE ( 'NONE', #386, #3756 ) ;
#1037 = EDGE_LOOP ( 'NONE', ( #1115, #2685, #2838, #2605 ) ) ;
#1038 = PLANE ( 'NONE',  #4549 ) ;
#1039 = ORIENTED_EDGE ( 'NONE', *, *, #4506, .F. ) ;
#1040 = LINE ( 'NONE', #2460, #3833 ) ;
#1041 = ORIENTED_EDGE ( 'NONE', *, *, #2965, .T. ) ;
#1042 = CARTESIAN_POINT ( 'NONE',  ( -3.500814430680414979, 1.584022083195969932, 10.75000000000000000 ) ) ;
#1043 = PLANE ( 'NONE',  #753 ) ;
#1044 = ORIENTED_EDGE ( 'NONE', *, *, #2453, .T. ) ;
#1045 = EDGE_CURVE ( 'NONE', #804, #1579, #2688, .T. ) ;
#1046 = PLANE ( 'NONE',  #2619 ) ;
#1047 = CARTESIAN_POINT ( 'NONE',  ( -3.800814430680394818, -0.5963626745333939771, 10.75000000000000000 ) ) ;
#1048 = VERTEX_POINT ( 'NONE', #933 ) ;
#1049 = ORIENTED_EDGE ( 'NONE', *, *, #201, .F. ) ;
#1050 = ADVANCED_FACE ( 'NONE', ( #3666 ), #1909, .F. ) ;
#1051 = DIRECTION ( 'NONE',  ( -1.000000000000000000, 0.000000000000000000, 8.756236532002660124E-31 ) ) ;
#1052 = CARTESIAN_POINT ( 'NONE',  ( -2.150814430680410005, -1.696362674533409942, 8.949999999999999289 ) ) ;
#1053 = PLANE ( 'NONE',  #4193 ) ;
#1054 = CARTESIAN_POINT ( 'NONE',  ( 2.099185569319594880, 0.8036373254666079324, 10.75000000000000000 ) ) ;
#1055 = CIRCLE ( 'NONE', #3653, 0.6000000000000310640 ) ;
#1056 = EDGE_CURVE ( 'NONE', #731, #1931, #1306, .T. ) ;
#1057 = AXIS2_PLACEMENT_3D ( 'NONE', #3034, #898, #2979 ) ;
#1058 = ORIENTED_EDGE ( 'NONE', *, *, #2931, .F. ) ;
#1059 = VECTOR ( 'NONE', #2671, 1000.000000000000000 ) ;
#1060 = ADVANCED_FACE ( 'NONE', ( #4245 ), #3478, .F. ) ;
#1061 = VERTEX_POINT ( 'NONE', #1708 ) ;
#1062 = DIRECTION ( 'NONE',  ( 0.000000000000000000, 0.000000000000000000, -1.000000000000000000 ) ) ;
#1063 = LINE ( 'NONE', #1438, #3313 ) ;
#1064 = EDGE_CURVE ( 'NONE', #3572, #911, #2039, .T. ) ;
#1065 = VECTOR ( 'NONE', #2345, 1000.000000000000000 ) ;
#1066 = VECTOR ( 'NONE', #1122, 1000.000000000000000 ) ;
#1067 = VECTOR ( 'NONE', #3857, 1000.000000000000000 ) ;
#1068 = CARTESIAN_POINT ( 'NONE',  ( 0.2491855693195980381, 3.901564731250079632, 8.048484541205569442 ) ) ;
#1069 = ORIENTED_EDGE ( 'NONE', *, *, #1230, .T. ) ;
#1070 = AXIS2_PLACEMENT_3D ( 'NONE', #193, #1248, #1547 ) ;
#1071 = CARTESIAN_POINT ( 'NONE',  ( -2.400814430680424660, -1.396362674533391912, 10.44999999999999929 ) ) ;
#1072 = EDGE_LOOP ( 'NONE', ( #1462, #80, #138, #737 ) ) ;
#1073 = DIRECTION ( 'NONE',  ( 0.000000000000000000, 0.000000000000000000, -1.000000000000000000 ) ) ;
#1074 = CARTESIAN_POINT ( 'NONE',  ( -2.150814430680410005, -1.696362674533409942, 8.949999999999999289 ) ) ;
#1075 = CYLINDRICAL_SURFACE ( 'NONE', #2172, 0.2999999999999999334 ) ;
#1076 = ORIENTED_EDGE ( 'NONE', *, *, #3577, .F. ) ;
#1077 =( NAMED_UNIT ( * ) SI_UNIT ( $, .STERADIAN. ) SOLID_ANGLE_UNIT ( ) );
#1078 = CARTESIAN_POINT ( 'NONE',  ( -3.300814430680400147, -0.3963626745335479540, 9.548484541205560561 ) ) ;
#1079 = CARTESIAN_POINT ( 'NONE',  ( -2.400814430680399791, -0.5963626745333910906, 7.150000000000000355 ) ) ;
#1080 = VECTOR ( 'NONE', #4385, 1000.000000000000000 ) ;
#1081 = ORIENTED_EDGE ( 'NONE', *, *, #876, .F. ) ;
#1082 = PLANE ( 'NONE',  #748 ) ;
#1083 = LINE ( 'NONE', #2474, #194 ) ;
#1084 = CARTESIAN_POINT ( 'NONE',  ( 3.599185569319609979, -1.396362674533399906, 6.850000000000000533 ) ) ;
#1085 = CARTESIAN_POINT ( 'NONE',  ( 4.599185569319589995, 2.103637325466630070, 7.200000000000000178 ) ) ;
#1086 = VECTOR ( 'NONE', #2809, 1000.000000000000000 ) ;
#1087 = EDGE_CURVE ( 'NONE', #358, #2972, #3798, .T. ) ;
#1088 = VERTEX_POINT ( 'NONE', #1340 ) ;
#1089 = DIRECTION ( 'NONE',  ( -0.6546536707079780859, -0.3779644730092256433, -0.6546536707079770867 ) ) ;
#1090 = CARTESIAN_POINT ( 'NONE',  ( -0.2508144306804029888, -0.5963626745333939771, 10.75000000000000000 ) ) ;
#1091 = VECTOR ( 'NONE', #1527, 1000.000000000000000 ) ;
#1092 = ADVANCED_FACE ( 'NONE', ( #3180 ), #587, .F. ) ;
#1093 = VECTOR ( 'NONE', #1799, 1000.000000000000000 ) ;
#1094 = EDGE_CURVE ( 'NONE', #4047, #2469, #285, .T. ) ;
#1095 = CARTESIAN_POINT ( 'NONE',  ( 4.699185569319590527, -0.5963626745333910906, 6.850000000000000533 ) ) ;
#1096 = EDGE_LOOP ( 'NONE', ( #3708, #3352, #3579, #2135 ) ) ;
#1097 = DIRECTION ( 'NONE',  ( 0.000000000000000000, -1.000000000000000000, 0.000000000000000000 ) ) ;
#1098 = ORIENTED_EDGE ( 'NONE', *, *, #2288, .T. ) ;
#1099 = DIRECTION ( 'NONE',  ( -8.756236532002660124E-31, 1.034763473209920030E-15, -1.000000000000000000 ) ) ;
#1100 = DIRECTION ( 'NONE',  ( -1.000000000000000000, -4.690927745218299797E-16, 3.902235845783795404E-31 ) ) ;
#1101 = VERTEX_POINT ( 'NONE', #632 ) ;
#1102 = VERTEX_POINT ( 'NONE', #1733 ) ;
#1103 = DIRECTION ( 'NONE',  ( -8.462065736472229849E-16, 1.000000000000000000, 0.000000000000000000 ) ) ;
#1104 = ORIENTED_EDGE ( 'NONE', *, *, #2710, .F. ) ;
#1105 = DIRECTION ( 'NONE',  ( 0.000000000000000000, 1.000000000000000000, 0.000000000000000000 ) ) ;
#1106 = CARTESIAN_POINT ( 'NONE',  ( 0.3491855693195935473, -1.696362674533409942, 8.949999999999999289 ) ) ;
#1107 = CARTESIAN_POINT ( 'NONE',  ( -2.400814430680399791, -0.5963626745333910906, 10.75000000000000000 ) ) ;
#1108 = CARTESIAN_POINT ( 'NONE',  ( -3.550814430680409917, -1.396362674533414117, 7.150000000000000355 ) ) ;
#1109 = DIRECTION ( 'NONE',  ( 0.000000000000000000, 0.000000000000000000, 1.000000000000000000 ) ) ;
#1110 = VERTEX_POINT ( 'NONE', #1692 ) ;
#1111 = EDGE_CURVE ( 'NONE', #44, #1577, #653, .T. ) ;
#1112 = CARTESIAN_POINT ( 'NONE',  ( -1.200814430680401834, -1.396362674533399906, 6.850000000000000533 ) ) ;
#1113 = ADVANCED_FACE ( 'NONE', ( #2013 ), #4522, .F. ) ;
#1114 = DIRECTION ( 'NONE',  ( -1.000000000000000000, 0.000000000000000000, 0.000000000000000000 ) ) ;
#1115 = ORIENTED_EDGE ( 'NONE', *, *, #2650, .T. ) ;
#1116 = CARTESIAN_POINT ( 'NONE',  ( 2.399185569319574718, -0.5963626745333939771, 7.150000000000000355 ) ) ;
#1117 = VERTEX_POINT ( 'NONE', #3134 ) ;
#1118 = ORIENTED_EDGE ( 'NONE', *, *, #4163, .F. ) ;
#1119 = CARTESIAN_POINT ( 'NONE',  ( -1.500814430680410094, -1.396362674533414117, 10.75000000000000000 ) ) ;
#1120 = DIRECTION ( 'NONE',  ( 3.469446951953935413E-14, 1.000000000000000000, 0.000000000000000000 ) ) ;
#1121 = ORIENTED_EDGE ( 'NONE', *, *, #685, .F. ) ;
#1122 = DIRECTION ( 'NONE',  ( 0.000000000000000000, 0.000000000000000000, 1.000000000000000000 ) ) ;
#1123 = ADVANCED_FACE ( 'NONE', ( #4226 ), #2754, .F. ) ;
#1124 = LINE ( 'NONE', #3959, #16 ) ;
#1125 = DIRECTION ( 'NONE',  ( 0.000000000000000000, 0.000000000000000000, 1.000000000000000000 ) ) ;
#1126 = LINE ( 'NONE', #766, #2202 ) ;
#1127 = DIRECTION ( 'NONE',  ( 1.000000000000000000, 0.000000000000000000, 0.000000000000000000 ) ) ;
#1128 = LINE ( 'NONE', #1850, #3591 ) ;
#1129 = VERTEX_POINT ( 'NONE', #2402 ) ;
#1130 = ORIENTED_EDGE ( 'NONE', *, *, #735, .F. ) ;
#1131 = DIRECTION ( 'NONE',  ( -1.000000000000000000, 1.445602896647338522E-15, 0.000000000000000000 ) ) ;
#1132 = CARTESIAN_POINT ( 'NONE',  ( 2.699185569319585198, -1.396362674533414117, 8.949999999999999289 ) ) ;
#1133 = EDGE_CURVE ( 'NONE', #4003, #1682, #4539, .T. ) ;
#1134 = VECTOR ( 'NONE', #111, 1000.000000000000000 ) ;
#1135 = ORIENTED_EDGE ( 'NONE', *, *, #1111, .T. ) ;
#1136 = CARTESIAN_POINT ( 'NONE',  ( 2.399185569319609801, -0.5963626745333939771, 10.75000000000000000 ) ) ;
#1137 = VERTEX_POINT ( 'NONE', #4504 ) ;
#1138 = VECTOR ( 'NONE', #2493, 1000.000000000000000 ) ;
#1139 = VECTOR ( 'NONE', #1022, 1000.000000000000000 ) ;
#1140 = CARTESIAN_POINT ( 'NONE',  ( 0.3491855693195935473, -1.396362674533414117, 8.949999999999999289 ) ) ;
#1141 = AXIS2_PLACEMENT_3D ( 'NONE', #4000, #802, #433 ) ;
#1142 = VECTOR ( 'NONE', #3690, 1000.000000000000000 ) ;
#1143 = CARTESIAN_POINT ( 'NONE',  ( -3.200814430680390288, 2.103637325466624741, 7.200000000000000178 ) ) ;
#1144 = VERTEX_POINT ( 'NONE', #2105 ) ;
#1145 = CARTESIAN_POINT ( 'NONE',  ( -1.600814430680399969, -1.596362674533384984, 6.850000000000000533 ) ) ;
#1146 = EDGE_CURVE ( 'NONE', #3066, #4047, #4203, .T. ) ;
#1147 = CARTESIAN_POINT ( 'NONE',  ( 3.199185569319590083, -1.296362674533400039, 10.75000000000000000 ) ) ;
#1148 = EDGE_CURVE ( 'NONE', #4450, #3379, #2398, .T. ) ;
#1149 = CARTESIAN_POINT ( 'NONE',  ( -0.4008144306804075074, 0.8036373254666079324, 10.75000000000000000 ) ) ;
#1150 = EDGE_CURVE ( 'NONE', #2028, #4468, #671, .T. ) ;
#1151 = FACE_OUTER_BOUND ( 'NONE', #1892, .T. ) ;
#1152 = FACE_OUTER_BOUND ( 'NONE', #2639, .T. ) ;
#1153 = PLANE ( 'NONE',  #4557 ) ;
#1154 = CARTESIAN_POINT ( 'NONE',  ( -2.400814430680424660, -1.396362674533391912, 10.44999999999999929 ) ) ;
#1155 = ORIENTED_EDGE ( 'NONE', *, *, #4499, .F. ) ;
#1156 = ORIENTED_EDGE ( 'NONE', *, *, #3444, .F. ) ;
#1157 = DIRECTION ( 'NONE',  ( 0.000000000000000000, 0.000000000000000000, 1.000000000000000000 ) ) ;
#1158 = CARTESIAN_POINT ( 'NONE',  ( -2.300814430680420131, -1.396362674533414117, 10.75000000000000000 ) ) ;
#1159 = VECTOR ( 'NONE', #1739, 1000.000000000000000 ) ;
#1160 = AXIS2_PLACEMENT_3D ( 'NONE', #1483, #701, #2088 ) ;
#1161 = ORIENTED_EDGE ( 'NONE', *, *, #2195, .T. ) ;
#1162 = ORIENTED_EDGE ( 'NONE', *, *, #233, .F. ) ;
#1163 = CARTESIAN_POINT ( 'NONE',  ( 2.399185569319574718, -6.146362674533370374, 6.850000000000000533 ) ) ;
#1164 = VECTOR ( 'NONE', #4062, 1000.000000000000000 ) ;
#1165 = VERTEX_POINT ( 'NONE', #2822 ) ;
#1166 = ORIENTED_EDGE ( 'NONE', *, *, #366, .T. ) ;
#1167 = VECTOR ( 'NONE', #582, 1000.000000000000000 ) ;
#1168 = CARTESIAN_POINT ( 'NONE',  ( -1.200814430680416045, -0.5963626745333939771, 10.75000000000000000 ) ) ;
#1169 = EDGE_LOOP ( 'NONE', ( #960, #3399, #2818, #1645 ) ) ;
#1170 = DIRECTION ( 'NONE',  ( 1.000000000000000000, 2.478176394252595143E-15, 0.000000000000000000 ) ) ;
#1171 = CARTESIAN_POINT ( 'NONE',  ( 2.849185569319625078, -1.696362674533409942, 8.650000000000000355 ) ) ;
#1172 = ORIENTED_EDGE ( 'NONE', *, *, #3480, .F. ) ;
#1173 = EDGE_CURVE ( 'NONE', #3685, #883, #2355, .T. ) ;
#1174 = CARTESIAN_POINT ( 'NONE',  ( 0.5991855693195939914, 0.3036373254666074883, 10.55000000000000071 ) ) ;
#1175 = CARTESIAN_POINT ( 'NONE',  ( -1.650814430680410005, -1.396362674533414117, 8.650000000000000355 ) ) ;
#1176 = DIRECTION ( 'NONE',  ( 0.000000000000000000, -1.000000000000000000, 0.000000000000000000 ) ) ;
#1177 = CARTESIAN_POINT ( 'NONE',  ( -3.800814430680394818, 2.103637325466630070, 10.75000000000000000 ) ) ;
#1178 = VERTEX_POINT ( 'NONE', #3287 ) ;
#1179 = EDGE_LOOP ( 'NONE', ( #2689, #413, #1816, #2662 ) ) ;
#1180 = PLANE ( 'NONE',  #1979 ) ;
#1181 = CARTESIAN_POINT ( 'NONE',  ( 3.599185569319609979, -1.396362674533414117, 10.75000000000000000 ) ) ;
#1182 = ADVANCED_FACE ( 'NONE', ( #2911 ), #1153, .F. ) ;
#1183 = VERTEX_POINT ( 'NONE', #1084 ) ;
#1184 = ORIENTED_EDGE ( 'NONE', *, *, #3218, .F. ) ;
#1185 = CARTESIAN_POINT ( 'NONE',  ( -1.900814430680410005, -0.5963626745333939771, 10.75000000000000000 ) ) ;
#1186 = ORIENTED_EDGE ( 'NONE', *, *, #892, .T. ) ;
#1187 = ORIENTED_EDGE ( 'NONE', *, *, #4098, .T. ) ;
#1188 = DIRECTION ( 'NONE',  ( 0.000000000000000000, 0.000000000000000000, 1.000000000000000000 ) ) ;
#1189 = DIRECTION ( 'NONE',  ( -6.576496740845259399E-16, 1.000000000000000000, 0.000000000000000000 ) ) ;
#1190 = EDGE_CURVE ( 'NONE', #3190, #2877, #767, .T. ) ;
#1191 = ORIENTED_EDGE ( 'NONE', *, *, #420, .T. ) ;
#1192 = CARTESIAN_POINT ( 'NONE',  ( 4.399185569319588041, 2.103637325466630070, 7.068484719321943999 ) ) ;
#1193 = CARTESIAN_POINT ( 'NONE',  ( -2.400814430680424660, -0.5963626745333939771, 10.44999999999999929 ) ) ;
#1194 = LINE ( 'NONE', #2609, #3468 ) ;
#1195 = FACE_OUTER_BOUND ( 'NONE', #2208, .T. ) ;
#1196 = FACE_OUTER_BOUND ( 'NONE', #2374, .T. ) ;
#1197 = ADVANCED_FACE ( 'NONE', ( #2193 ), #1828, .F. ) ;
#1198 = VERTEX_POINT ( 'NONE', #3635 ) ;
#1199 = CARTESIAN_POINT ( 'NONE',  ( -3.300814430680400147, 1.603637325466445107, 10.19848454120556092 ) ) ;
#1200 = CARTESIAN_POINT ( 'NONE',  ( -3.300814430680400147, 1.803637325466445063, 8.048484541205558784 ) ) ;
#1201 = DIRECTION ( 'NONE',  ( -1.000000000000000000, 0.000000000000000000, 0.000000000000000000 ) ) ;
#1202 = EDGE_CURVE ( 'NONE', #2789, #3233, #723, .T. ) ;
#1203 = B_SPLINE_CURVE_WITH_KNOTS ( 'NONE', 3,
 ( #3033, #1192, #1966, #786, #3284, #4359 ),
 .UNSPECIFIED., .F., .F.,
 ( 4, 2, 4 ),
 ( 0.000000000000000000, 0.0002410897970479987233, 0.0004821795940959974465 ),
 .UNSPECIFIED. ) ;
#1204 = EDGE_CURVE ( 'NONE', #2322, #2861, #743, .T. ) ;
#1205 = ORIENTED_EDGE ( 'NONE', *, *, #941, .F. ) ;
#1206 = DIRECTION ( 'NONE',  ( 1.000000000000000000, 0.000000000000000000, 0.000000000000000000 ) ) ;
#1207 = ADVANCED_FACE ( 'NONE', ( #2567 ), #2873, .T. ) ;
#1208 = CARTESIAN_POINT ( 'NONE',  ( -3.550814430680409917, 1.803637325466605157, 10.44999999999999929 ) ) ;
#1209 = AXIS2_PLACEMENT_3D ( 'NONE', #2958, #469, #1946 ) ;
#1210 = VECTOR ( 'NONE', #1125, 1000.000000000000000 ) ;
#1211 = ORIENTED_EDGE ( 'NONE', *, *, #2700, .T. ) ;
#1212 = VECTOR ( 'NONE', #278, 1000.000000000000000 ) ;
#1213 = CARTESIAN_POINT ( 'NONE',  ( -0.1008144306804018148, 4.103637325466455543, 3.948484541205564913 ) ) ;
#1214 = EDGE_LOOP ( 'NONE', ( #2746, #1894, #545, #4124, #3808, #3256, #3096 ) ) ;
#1215 = LINE ( 'NONE', #2630, #2836 ) ;
#1216 = DIRECTION ( 'NONE',  ( 0.000000000000000000, 0.000000000000000000, 1.000000000000000000 ) ) ;
#1217 = VECTOR ( 'NONE', #4328, 1000.000000000000000 ) ;
#1218 = VECTOR ( 'NONE', #916, 1000.000000000000000 ) ;
#1219 = CARTESIAN_POINT ( 'NONE',  ( -3.800814430680420131, -1.396362674533414117, 8.650000000000000355 ) ) ;
#1220 = VECTOR ( 'NONE', #3396, 1000.000000000000000 ) ;
#1221 = AXIS2_PLACEMENT_3D ( 'NONE', #558, #493, #4080 ) ;
#1222 = LINE ( 'NONE', #3704, #1355 ) ;
#1223 = CARTESIAN_POINT ( 'NONE',  ( -0.2508144306804029888, 0.3036373254666074883, 6.850000000000000533 ) ) ;
#1224 = CARTESIAN_POINT ( 'NONE',  ( 4.899185569319589817, -1.396362674533414117, 10.75000000000000000 ) ) ;
#1225 = LINE ( 'NONE', #839, #1722 ) ;
#1226 = VERTEX_POINT ( 'NONE', #3201 ) ;
#1227 = CARTESIAN_POINT ( 'NONE',  ( -0.4008144306804075074, -0.5963626745333939771, 10.75000000000000000 ) ) ;
#1228 = CARTESIAN_POINT ( 'NONE',  ( 2.299185569319600386, -0.1963626745335524948, 8.348484541205559495 ) ) ;
#1229 = CARTESIAN_POINT ( 'NONE',  ( 4.999185569319619660, 2.103637325466654495, 10.75000000000000000 ) ) ;
#1230 = EDGE_CURVE ( 'NONE', #1682, #3993, #53, .T. ) ;
#1231 = ORIENTED_EDGE ( 'NONE', *, *, #2304, .T. ) ;
#1232 = DIRECTION ( 'NONE',  ( 0.000000000000000000, 0.000000000000000000, -1.000000000000000000 ) ) ;
#1233 = AXIS2_PLACEMENT_3D ( 'NONE', #2686, #862, #539 ) ;
#1234 = VERTEX_POINT ( 'NONE', #3566 ) ;
#1235 = PRODUCT_CONTEXT ( 'NONE', #1556, 'mechanical' ) ;
#1236 = PLANE ( 'NONE',  #2772 ) ;
#1237 = STYLED_ITEM ( 'NONE', ( #570 ), #3626 ) ;
#1238 = EDGE_CURVE ( 'NONE', #4468, #880, #9, .T. ) ;
#1239 = VERTEX_POINT ( 'NONE', #3986 ) ;
#1240 = ORIENTED_EDGE ( 'NONE', *, *, #3787, .T. ) ;
#1241 = CARTESIAN_POINT ( 'NONE',  ( -1.600814430680394862, -1.596362674533394976, 6.850000000000000533 ) ) ;
#1242 = LINE ( 'NONE', #2976, #1957 ) ;
#1243 = ADVANCED_FACE ( 'NONE', ( #790 ), #3225, .F. ) ;
#1244 = VECTOR ( 'NONE', #4311, 1000.000000000000000 ) ;
#1245 = CARTESIAN_POINT ( 'NONE',  ( -3.700814430680390288, 1.803637325466625141, 10.40000000000000036 ) ) ;
#1246 = LINE ( 'NONE', #4433, #1434 ) ;
#1247 = DIRECTION ( 'NONE',  ( -1.000000000000000000, 0.000000000000000000, 0.000000000000000000 ) ) ;
#1248 = DIRECTION ( 'NONE',  ( -1.000000000000000000, 0.000000000000000000, 0.000000000000000000 ) ) ;
#1249 = ORIENTED_EDGE ( 'NONE', *, *, #2988, .F. ) ;
#1250 = FACE_OUTER_BOUND ( 'NONE', #2384, .T. ) ;
#1251 = CARTESIAN_POINT ( 'NONE',  ( 2.799185569319579958, -1.596362674533389869, 7.150000000000000355 ) ) ;
#1252 = LINE ( 'NONE', #1975, #3511 ) ;
#1253 = ADVANCED_FACE ( 'NONE', ( #1458 ), #1053, .F. ) ;
#1254 = DIRECTION ( 'NONE',  ( 1.000000000000000000, 0.000000000000000000, 0.000000000000000000 ) ) ;
#1255 = VERTEX_POINT ( 'NONE', #2217 ) ;
#1256 = ORIENTED_EDGE ( 'NONE', *, *, #4506, .T. ) ;
#1257 = DIRECTION ( 'NONE',  ( 0.000000000000000000, 1.000000000000000000, 0.000000000000000000 ) ) ;
#1258 = UNCERTAINTY_MEASURE_WITH_UNIT (LENGTH_MEASURE( 1.000000000000000082E-05 ), #2000, 'distance_accuracy_value', 'NONE');
#1259 = ORIENTED_EDGE ( 'NONE', *, *, #594, .T. ) ;
#1260 = EDGE_LOOP ( 'NONE', ( #618, #3118, #692, #4012 ) ) ;
#1261 = DIRECTION ( 'NONE',  ( 0.000000000000000000, 0.000000000000000000, 1.000000000000000000 ) ) ;
#1262 = CARTESIAN_POINT ( 'NONE',  ( 4.479570327048945089, 1.803637325466625141, 10.44999999999999929 ) ) ;
#1263 = EDGE_CURVE ( 'NONE', #1255, #109, #73, .T. ) ;
#1264 = ORIENTED_EDGE ( 'NONE', *, *, #3480, .T. ) ;
#1265 = CARTESIAN_POINT ( 'NONE',  ( -3.800814430680420131, -1.396362674533414117, 8.949999999999999289 ) ) ;
#1266 = EDGE_CURVE ( 'NONE', #2626, #1705, #2169, .T. ) ;
#1267 = CARTESIAN_POINT ( 'NONE',  ( 2.399185569319609801, -0.5963626745333910906, 10.44999999999999929 ) ) ;
#1268 = CARTESIAN_POINT ( 'NONE',  ( 2.399185569319609801, 1.803637325466605157, 10.44999999999999929 ) ) ;
#1269 = CARTESIAN_POINT ( 'NONE',  ( 2.449185569319600297, 1.803637325466564967, 10.75000000000000000 ) ) ;
#1270 = ADVANCED_FACE ( 'NONE', ( #4312 ), #3921, .F. ) ;
#1271 = DIRECTION ( 'NONE',  ( 1.000000000000000000, 0.000000000000000000, 0.000000000000000000 ) ) ;
#1272 = ORIENTED_EDGE ( 'NONE', *, *, #3100, .T. ) ;
#1273 = DIRECTION ( 'NONE',  ( 0.000000000000000000, 0.000000000000000000, -1.000000000000000000 ) ) ;
#1274 = FACE_BOUND ( 'NONE', #263, .T. ) ;
#1275 = PLANE ( 'NONE',  #834 ) ;
#1276 = ORIENTED_EDGE ( 'NONE', *, *, #792, .T. ) ;
#1277 =( NAMED_UNIT ( * ) PLANE_ANGLE_UNIT ( ) SI_UNIT ( $, .RADIAN. ) );
#1278 = ORIENTED_EDGE ( 'NONE', *, *, #4368, .T. ) ;
#1279 = DIRECTION ( 'NONE',  ( 0.000000000000000000, 0.000000000000000000, -1.000000000000000000 ) ) ;
#1280 = DIRECTION ( 'NONE',  ( 0.000000000000000000, 0.000000000000000000, -1.000000000000000000 ) ) ;
#1281 = ORIENTED_EDGE ( 'NONE', *, *, #1797, .F. ) ;
#1282 = ORIENTED_EDGE ( 'NONE', *, *, #256, .F. ) ;
#1283 = CARTESIAN_POINT ( 'NONE',  ( 4.699185569319600297, 2.103637325466630070, 7.200000000000000178 ) ) ;
#1284 = CARTESIAN_POINT ( 'NONE',  ( -3.200814430680396061, 2.103637325466630958, 7.068484181172898673 ) ) ;
#1285 = AXIS2_PLACEMENT_3D ( 'NONE', #858, #1900, #141 ) ;
#1286 = VECTOR ( 'NONE', #3025, 1000.000000000000000 ) ;
#1287 = ORIENTED_EDGE ( 'NONE', *, *, #1230, .F. ) ;
#1288 = EDGE_CURVE ( 'NONE', #2037, #785, #2127, .T. ) ;
#1289 = PRESENTATION_STYLE_ASSIGNMENT (( #4472 ) ) ;
#1290 = EDGE_CURVE ( 'NONE', #2894, #2850, #2845, .T. ) ;
#1291 = CARTESIAN_POINT ( 'NONE',  ( 4.699185569319590527, 1.803637325466635133, 9.650000000000000355 ) ) ;
#1292 = LINE ( 'NONE', #4518, #1537 ) ;
#1293 = DIRECTION ( 'NONE',  ( 0.000000000000000000, 1.000000000000000000, 0.000000000000000000 ) ) ;
#1294 = AXIS2_PLACEMENT_3D ( 'NONE', #947, #968, #2366 ) ;
#1295 = COLOUR_RGB ( '',0.7921568627450980005, 0.8196078431372548767, 0.9333333333333333481 ) ;
#1296 = EDGE_CURVE ( 'NONE', #605, #3283, #4010, .T. ) ;
#1297 = VECTOR ( 'NONE', #3975, 1000.000000000000000 ) ;
#1298 = PLANE ( 'NONE',  #4321 ) ;
#1299 = AXIS2_PLACEMENT_3D ( 'NONE', #1323, #2804, #3458 ) ;
#1300 = EDGE_LOOP ( 'NONE', ( #3854, #1240, #2491, #3527, #1697, #4116, #495, #4488, #3774, #225, #1156, #2204 ) ) ;
#1301 = LINE ( 'NONE', #2375, #4209 ) ;
#1302 = PLANE ( 'NONE',  #4358 ) ;
#1303 = CARTESIAN_POINT ( 'NONE',  ( -3.800814430680365064, 2.103637325466604757, 7.200000000000000178 ) ) ;
#1304 = ORIENTED_EDGE ( 'NONE', *, *, #4305, .T. ) ;
#1305 = VERTEX_POINT ( 'NONE', #1620 ) ;
#1306 = B_SPLINE_CURVE_WITH_KNOTS ( 'NONE', 3,
 ( #956, #3521, #240, #3498, #3777, #2062 ),
 .UNSPECIFIED., .F., .F.,
 ( 4, 2, 4 ),
 ( 0.000000000000000000, 0.0002410897970479999159, 0.0004821795940959998318 ),
 .UNSPECIFIED. ) ;
#1307 = VECTOR ( 'NONE', #1695, 1000.000000000000000 ) ;
#1308 = ORIENTED_EDGE ( 'NONE', *, *, #2824, .T. ) ;
#1309 = ORIENTED_EDGE ( 'NONE', *, *, #1087, .T. ) ;
#1310 = CARTESIAN_POINT ( 'NONE',  ( 0.5991855693195939914, 0.3036373254666074883, 6.850000000000000533 ) ) ;
#1311 = CARTESIAN_POINT ( 'NONE',  ( 0.3491855693195935473, -1.696362674533409942, 10.75000000000000000 ) ) ;
#1312 = CIRCLE ( 'NONE', #2273, 0.2500000000000000000 ) ;
#1313 = EDGE_CURVE ( 'NONE', #3485, #3557, #2682, .T. ) ;
#1314 = VECTOR ( 'NONE', #2126, 1000.000000000000000 ) ;
#1315 = CYLINDRICAL_SURFACE ( 'NONE', #1582, 0.2999999999999999334 ) ;
#1316 = CARTESIAN_POINT ( 'NONE',  ( -3.300814430680400147, -0.1963626745335524948, 8.048484541205558784 ) ) ;
#1317 = DIRECTION ( 'NONE',  ( 1.000000000000000000, 0.000000000000000000, 0.000000000000000000 ) ) ;
#1318 = AXIS2_PLACEMENT_3D ( 'NONE', #1047, #376, #2835 ) ;
#1319 = ADVANCED_FACE ( 'NONE', ( #214 ), #2264, .T. ) ;
#1320 = ORIENTED_EDGE ( 'NONE', *, *, #1342, .F. ) ;
#1321 = LINE ( 'NONE', #3847, #1756 ) ;
#1322 = DIRECTION ( 'NONE',  ( -1.000000000000000000, 0.000000000000000000, 0.000000000000000000 ) ) ;
#1323 = CARTESIAN_POINT ( 'NONE',  ( 3.349185569319625078, -6.146362674533370374, 10.75000000000000000 ) ) ;
#1324 = ORIENTED_EDGE ( 'NONE', *, *, #2356, .F. ) ;
#1325 = DIRECTION ( 'NONE',  ( 0.000000000000000000, -1.000000000000000000, 0.000000000000000000 ) ) ;
#1326 = VERTEX_POINT ( 'NONE', #1224 ) ;
#1327 = EDGE_CURVE ( 'NONE', #4242, #1144, #3036, .T. ) ;
#1328 = ORIENTED_EDGE ( 'NONE', *, *, #4164, .T. ) ;
#1329 = ORIENTED_EDGE ( 'NONE', *, *, #3317, .T. ) ;
#1330 = LINE ( 'NONE', #1633, #4187 ) ;
#1331 = LINE ( 'NONE', #2050, #830 ) ;
#1332 = ORIENTED_EDGE ( 'NONE', *, *, #1998, .T. ) ;
#1333 = VERTEX_POINT ( 'NONE', #3008 ) ;
#1334 = CARTESIAN_POINT ( 'NONE',  ( 3.199185569319590083, -1.296362674533400039, 10.44999999999999929 ) ) ;
#1335 = LINE ( 'NONE', #1268, #1167 ) ;
#1336 = ADVANCED_FACE ( 'NONE', ( #879 ), #3722, .F. ) ;
#1337 = ORIENTED_EDGE ( 'NONE', *, *, #1485, .F. ) ;
#1338 = CARTESIAN_POINT ( 'NONE',  ( 4.399185569319590705, 2.103637325466630070, 7.200000000000000178 ) ) ;
#1339 = LINE ( 'NONE', #2664, #779 ) ;
#1340 = CARTESIAN_POINT ( 'NONE',  ( -3.281199188409814838, 1.803637325466435071, 7.200000000000000178 ) ) ;
#1341 = DIRECTION ( 'NONE',  ( 1.000000000000000000, 0.000000000000000000, 0.000000000000000000 ) ) ;
#1342 = EDGE_CURVE ( 'NONE', #1699, #2294, #3357, .T. ) ;
#1343 = VERTEX_POINT ( 'NONE', #163 ) ;
#1344 = DIRECTION ( 'NONE',  ( -0.4472135954999911234, 0.8944271909998993131, 0.000000000000000000 ) ) ;
#1345 = ADVANCED_FACE ( 'NONE', ( #2307 ), #3684, .T. ) ;
#1346 = ORIENTED_EDGE ( 'NONE', *, *, #1898, .T. ) ;
#1347 = ADVANCED_FACE ( 'NONE', ( #4101 ), #3340, .F. ) ;
#1348 = CARTESIAN_POINT ( 'NONE',  ( -1.200814430680401834, -1.396362674533391912, 10.44999999999999929 ) ) ;
#1349 = ORIENTED_EDGE ( 'NONE', *, *, #649, .F. ) ;
#1350 = ORIENTED_EDGE ( 'NONE', *, *, #2651, .T. ) ;
#1351 = LINE ( 'NONE', #3073, #3809 ) ;
#1352 = CARTESIAN_POINT ( 'NONE',  ( 4.099185569319585554, -0.5963626745333939771, 8.875000000000000000 ) ) ;
#1353 = ORIENTED_EDGE ( 'NONE', *, *, #3960, .F. ) ;
#1354 = DIRECTION ( 'NONE',  ( -6.576496740845259399E-16, 1.000000000000000000, 1.034763473209920030E-15 ) ) ;
#1355 = VECTOR ( 'NONE', #2285, 1000.000000000000000 ) ;
#1356 = CIRCLE ( 'NONE', #3957, 0.6000000000000310640 ) ;
#1357 = ORIENTED_EDGE ( 'NONE', *, *, #1027, .F. ) ;
#1358 = VECTOR ( 'NONE', #4028, 1000.000000000000000 ) ;
#1359 = PLANE ( 'NONE',  #1524 ) ;
#1360 = PLANE ( 'NONE',  #710 ) ;
#1361 = CARTESIAN_POINT ( 'NONE',  ( 2.799185569319579958, 1.803637325466605157, 7.150000000000000355 ) ) ;
#1362 = CARTESIAN_POINT ( 'NONE',  ( -3.450814430680400058, 22.38498528391914988, 6.850000000000000533 ) ) ;
#1363 = VECTOR ( 'NONE', #3237, 1000.000000000000000 ) ;
#1364 = AXIS2_PLACEMENT_3D ( 'NONE', #45, #4303, #3881 ) ;
#1365 = ORIENTED_EDGE ( 'NONE', *, *, #2453, .F. ) ;
#1366 = CARTESIAN_POINT ( 'NONE',  ( -3.500814430680414979, -0.5963626745333910906, 10.40000000000000036 ) ) ;
#1367 = VECTOR ( 'NONE', #2373, 1000.000000000000000 ) ;
#1368 = EDGE_CURVE ( 'NONE', #1649, #4573, #4364, .T. ) ;
#1369 = VERTEX_POINT ( 'NONE', #1971 ) ;
#1370 = CARTESIAN_POINT ( 'NONE',  ( -3.700814430680385403, 2.103637325466604757, 7.200000000000000178 ) ) ;
#1371 = ORIENTED_EDGE ( 'NONE', *, *, #696, .F. ) ;
#1372 = DIRECTION ( 'NONE',  ( 0.000000000000000000, -1.000000000000000000, 0.000000000000000000 ) ) ;
#1373 = FACE_OUTER_BOUND ( 'NONE', #4464, .T. ) ;
#1374 = EDGE_CURVE ( 'NONE', #1577, #3572, #3656, .T. ) ;
#1375 = ORIENTED_EDGE ( 'NONE', *, *, #3717, .F. ) ;
#1376 = CARTESIAN_POINT ( 'NONE',  ( -1.650814430680410005, -4.846362674533409631, 8.949999999999999289 ) ) ;
#1377 = VECTOR ( 'NONE', #3595, 1000.000000000000000 ) ;
#1378 = EDGE_CURVE ( 'NONE', #2579, #3674, #2981, .T. ) ;
#1379 = CIRCLE ( 'NONE', #774, 0.4999999999999939493 ) ;
#1380 = VERTEX_POINT ( 'NONE', #3384 ) ;
#1381 = CARTESIAN_POINT ( 'NONE',  ( -2.900814430680410005, 0.8036373254666079324, 10.75000000000000000 ) ) ;
#1382 = LINE ( 'NONE', #4590, #2943 ) ;
#1383 = DIRECTION ( 'NONE',  ( 0.000000000000000000, 0.000000000000000000, 1.000000000000000000 ) ) ;
#1384 = CARTESIAN_POINT ( 'NONE',  ( 3.599185569319609979, -0.5963626745333939771, 7.150000000000000355 ) ) ;
#1385 = VECTOR ( 'NONE', #1802, 1000.000000000000000 ) ;
#1386 = VERTEX_POINT ( 'NONE', #513 ) ;
#1387 = VECTOR ( 'NONE', #2078, 1000.000000000000000 ) ;
#1388 = EDGE_LOOP ( 'NONE', ( #3212, #1765, #189, #315 ) ) ;
#1389 = DIRECTION ( 'NONE',  ( 1.000000000000000000, 0.000000000000000000, 0.000000000000000000 ) ) ;
#1390 = CARTESIAN_POINT ( 'NONE',  ( 4.899185569319589817, -0.5963626745333939771, 6.850000000000000533 ) ) ;
#1391 = ORIENTED_EDGE ( 'NONE', *, *, #58, .F. ) ;
#1392 = EDGE_CURVE ( 'NONE', #750, #4106, #2235, .T. ) ;
#1393 = ORIENTED_EDGE ( 'NONE', *, *, #2824, .F. ) ;
#1394 = FACE_OUTER_BOUND ( 'NONE', #2734, .T. ) ;
#1395 = EDGE_LOOP ( 'NONE', ( #1231, #2721, #397, #1026 ) ) ;
#1396 = DIRECTION ( 'NONE',  ( -1.000000000000000000, 0.000000000000000000, 0.000000000000000000 ) ) ;
#1397 = DIRECTION ( 'NONE',  ( 0.000000000000000000, 0.000000000000000000, -1.000000000000000000 ) ) ;
#1398 = DIRECTION ( 'NONE',  ( 0.000000000000000000, 0.000000000000000000, 1.000000000000000000 ) ) ;
#1399 = ORIENTED_EDGE ( 'NONE', *, *, #542, .T. ) ;
#1400 = ADVANCED_FACE ( 'NONE', ( #1195 ), #1569, .F. ) ;
#1401 =( LENGTH_UNIT ( ) NAMED_UNIT ( * ) SI_UNIT ( .MILLI., .METRE. ) );
#1402 = DIRECTION ( 'NONE',  ( 0.000000000000000000, 1.000000000000000000, 0.000000000000000000 ) ) ;
#1403 = EDGE_CURVE ( 'NONE', #336, #2002, #122, .T. ) ;
#1404 = ADVANCED_FACE ( 'NONE', ( #3749 ), #811, .T. ) ;
#1405 = ORIENTED_EDGE ( 'NONE', *, *, #3577, .T. ) ;
#1406 = DIRECTION ( 'NONE',  ( 0.000000000000000000, 0.000000000000000000, 1.000000000000000000 ) ) ;
#1407 = LINE ( 'NONE', #404, #2729 ) ;
#1408 = DIRECTION ( 'NONE',  ( -0.4472135954998627261, -0.8944271909999634840, 0.000000000000000000 ) ) ;
#1409 = DIRECTION ( 'NONE',  ( 0.000000000000000000, 0.000000000000000000, -1.000000000000000000 ) ) ;
#1410 = ORIENTED_EDGE ( 'NONE', *, *, #2903, .F. ) ;
#1411 = FACE_OUTER_BOUND ( 'NONE', #1169, .T. ) ;
#1412 = EDGE_LOOP ( 'NONE', ( #3946, #3310, #2577, #3562 ) ) ;
#1413 = CARTESIAN_POINT ( 'NONE',  ( 4.649185569319589817, 1.803637325466625141, 7.200000000000000178 ) ) ;
#1414 = LINE ( 'NONE', #1390, #2938 ) ;
#1415 = DIRECTION ( 'NONE',  ( 0.000000000000000000, 0.000000000000000000, 1.000000000000000000 ) ) ;
#1416 = ORIENTED_EDGE ( 'NONE', *, *, #1830, .F. ) ;
#1417 = CARTESIAN_POINT ( 'NONE',  ( 2.299185569319600386, -0.3963626745335409596, 7.398484541205560205 ) ) ;
#1418 = ORIENTED_EDGE ( 'NONE', *, *, #2895, .T. ) ;
#1419 = VERTEX_POINT ( 'NONE', #3426 ) ;
#1420 = CARTESIAN_POINT ( 'NONE',  ( 0.5991855693195939914, 0.3036373254666074883, 12.45625000000000071 ) ) ;
#1421 = DIRECTION ( 'NONE',  ( -0.000000000000000000, 1.000000000000000000, 0.000000000000000000 ) ) ;
#1422 = VERTEX_POINT ( 'NONE', #926 ) ;
#1423 = DIRECTION ( 'NONE',  ( 0.000000000000000000, 0.000000000000000000, -1.000000000000000000 ) ) ;
#1424 = CARTESIAN_POINT ( 'NONE',  ( 2.399185569319574718, -1.396362674533409898, 10.75000000000000000 ) ) ;
#1425 = ADVANCED_FACE ( 'NONE', ( #2350 ), #3793, .F. ) ;
#1426 = ADVANCED_FACE ( 'NONE', ( #952 ), #3452, .T. ) ;
#1427 = ORIENTED_EDGE ( 'NONE', *, *, #4097, .F. ) ;
#1428 = PLANE ( 'NONE',  #3288 ) ;
#1429 = DIRECTION ( 'NONE',  ( 0.000000000000000000, -1.000000000000000000, 8.673617379884109428E-17 ) ) ;
#1430 = CARTESIAN_POINT ( 'NONE',  ( 3.349185569319625078, -1.396362674533414117, 8.949999999999999289 ) ) ;
#1431 = DIRECTION ( 'NONE',  ( 0.000000000000000000, 1.000000000000000000, 0.000000000000000000 ) ) ;
#1432 = ADVANCED_FACE ( 'NONE', ( #2009 ), #1661, .F. ) ;
#1433 = EDGE_CURVE ( 'NONE', #2302, #109, #3057, .T. ) ;
#1434 = VECTOR ( 'NONE', #835, 1000.000000000000000 ) ;
#1435 = AXIS2_PLACEMENT_3D ( 'NONE', #3912, #736, #3951 ) ;
#1436 = ORIENTED_EDGE ( 'NONE', *, *, #4300, .F. ) ;
#1437 = LINE ( 'NONE', #102, #3238 ) ;
#1438 = CARTESIAN_POINT ( 'NONE',  ( -3.200814430680400502, 2.103637325466634955, 10.75000000000000000 ) ) ;
#1439 = VECTOR ( 'NONE', #416, 1000.000000000000000 ) ;
#1440 = VECTOR ( 'NONE', #1960, 1000.000000000000000 ) ;
#1441 = AXIS2_PLACEMENT_3D ( 'NONE', #1362, #1735, #3135 ) ;
#1442 = CARTESIAN_POINT ( 'NONE',  ( 4.899185569319589817, 22.38498528391914988, 10.75000000000000000 ) ) ;
#1443 = EDGE_LOOP ( 'NONE', ( #853, #4525, #584, #3533 ) ) ;
#1444 = AXIS2_PLACEMENT_3D ( 'NONE', #1031, #2083, #3430 ) ;
#1445 = LINE ( 'NONE', #61, #2643 ) ;
#1446 = ORIENTED_EDGE ( 'NONE', *, *, #4300, .T. ) ;
#1447 = CARTESIAN_POINT ( 'NONE',  ( -2.400814430680399791, -0.5963626745333939771, 10.75000000000000000 ) ) ;
#1448 = DIRECTION ( 'NONE',  ( 1.000000000000000000, 8.462065736472229849E-16, 0.000000000000000000 ) ) ;
#1449 = EDGE_LOOP ( 'NONE', ( #3097, #2010, #4341, #3043 ) ) ;
#1450 = CARTESIAN_POINT ( 'NONE',  ( -3.300814430680400147, -0.1963626745335559920, 9.248484541205561626 ) ) ;
#1451 = LINE ( 'NONE', #999, #2504 ) ;
#1452 = EDGE_CURVE ( 'NONE', #2705, #358, #2733, .T. ) ;
#1453 = DIRECTION ( 'NONE',  ( -1.000000000000000000, 0.000000000000000000, 0.000000000000000000 ) ) ;
#1454 = AXIS2_PLACEMENT_3D ( 'NONE', #1834, #771, #796 ) ;
#1455 = EDGE_LOOP ( 'NONE', ( #2431, #3306, #3070, #1393 ) ) ;
#1456 = LINE ( 'NONE', #7, #3727 ) ;
#1457 = CARTESIAN_POINT ( 'NONE',  ( 2.299185569319600386, 1.203637325466460073, 8.348484541205559495 ) ) ;
#1458 = FACE_OUTER_BOUND ( 'NONE', #4457, .T. ) ;
#1459 = CARTESIAN_POINT ( 'NONE',  ( -2.400814430680424660, -1.396362674533409898, 10.75000000000000000 ) ) ;
#1460 = EDGE_CURVE ( 'NONE', #845, #731, #583, .T. ) ;
#1461 = CIRCLE ( 'NONE', #555, 1.906250000000000000 ) ;
#1462 = ORIENTED_EDGE ( 'NONE', *, *, #712, .F. ) ;
#1463 = DIRECTION ( 'NONE',  ( 0.000000000000000000, 0.000000000000000000, -1.000000000000000000 ) ) ;
#1464 = PLANE ( 'NONE',  #1160 ) ;
#1465 = VECTOR ( 'NONE', #3110, 1000.000000000000000 ) ;
#1466 = VECTOR ( 'NONE', #3105, 1000.000000000000000 ) ;
#1467 = ORIENTED_EDGE ( 'NONE', *, *, #3949, .T. ) ;
#1468 = DIRECTION ( 'NONE',  ( 1.000000000000000000, 0.000000000000000000, 0.000000000000000000 ) ) ;
#1469 = ORIENTED_EDGE ( 'NONE', *, *, #1490, .T. ) ;
#1470 = EDGE_CURVE ( 'NONE', #1419, #196, #1895, .T. ) ;
#1471 = ORIENTED_EDGE ( 'NONE', *, *, #2278, .F. ) ;
#1472 = FACE_OUTER_BOUND ( 'NONE', #650, .T. ) ;
#1473 = ORIENTED_EDGE ( 'NONE', *, *, #2656, .F. ) ;
#1474 = ORIENTED_EDGE ( 'NONE', *, *, #3662, .T. ) ;
#1475 = CARTESIAN_POINT ( 'NONE',  ( 4.999185569319619660, 2.103637325466654495, 10.75000000000000000 ) ) ;
#1476 = CARTESIAN_POINT ( 'NONE',  ( -2.400814430680424660, -1.396362674533402126, 7.150000000000000355 ) ) ;
#1477 = LINE ( 'NONE', #2891, #1244 ) ;
#1478 = DIRECTION ( 'NONE',  ( 8.756236532002660124E-31, -1.034763473209920030E-15, 1.000000000000000000 ) ) ;
#1479 = EDGE_CURVE ( 'NONE', #3780, #2249, #1866, .T. ) ;
#1480 = DIRECTION ( 'NONE',  ( 0.000000000000000000, 0.000000000000000000, 1.000000000000000000 ) ) ;
#1481 = ORIENTED_EDGE ( 'NONE', *, *, #3646, .T. ) ;
#1482 = PLANE ( 'NONE',  #3528 ) ;
#1483 = CARTESIAN_POINT ( 'NONE',  ( -1.250814430680396105, -1.796362674533384940, 9.650000000000000355 ) ) ;
#1484 = ADVANCED_FACE ( 'NONE', ( #2212 ), #3676, .F. ) ;
#1485 = EDGE_CURVE ( 'NONE', #3332, #1632, #2561, .T. ) ;
#1486 = ORIENTED_EDGE ( 'NONE', *, *, #1368, .T. ) ;
#1487 = FACE_OUTER_BOUND ( 'NONE', #379, .T. ) ;
#1488 = ORIENTED_EDGE ( 'NONE', *, *, #3227, .F. ) ;
#1489 = FACE_OUTER_BOUND ( 'NONE', #2794, .T. ) ;
#1490 = EDGE_CURVE ( 'NONE', #1509, #1422, #3950, .T. ) ;
#1491 = DIRECTION ( 'NONE',  ( 0.000000000000000000, 0.000000000000000000, -1.000000000000000000 ) ) ;
#1492 = ORIENTED_EDGE ( 'NONE', *, *, #3220, .F. ) ;
#1493 = CARTESIAN_POINT ( 'NONE',  ( 4.099185569319585554, 0.8036373254666079324, 8.724999999999999645 ) ) ;
#1494 = CARTESIAN_POINT ( 'NONE',  ( 0.000000000000000000, 0.000000000000000000, 0.000000000000000000 ) ) ;
#1495 = CARTESIAN_POINT ( 'NONE',  ( 4.699185569319590527, -0.5963626745333910906, 7.150000000000000355 ) ) ;
#1496 = DIRECTION ( 'NONE',  ( 0.000000000000000000, 0.000000000000000000, -1.000000000000000000 ) ) ;
#1497 = DIRECTION ( 'NONE',  ( 0.000000000000000000, 0.000000000000000000, 1.000000000000000000 ) ) ;
#1498 = CARTESIAN_POINT ( 'NONE',  ( 0.3491855693195935473, -4.846362674533409631, 8.949999999999999289 ) ) ;
#1499 = CARTESIAN_POINT ( 'NONE',  ( 1.599185569319595102, 0.8036373254666079324, 10.75000000000000000 ) ) ;
#1500 = CARTESIAN_POINT ( 'NONE',  ( 4.099185569319585554, 0.8036373254666079324, 10.75000000000000000 ) ) ;
#1501 = ORIENTED_EDGE ( 'NONE', *, *, #1150, .T. ) ;
#1502 = CARTESIAN_POINT ( 'NONE',  ( 3.599185569319609979, -0.5963626745333939771, 10.75000000000000000 ) ) ;
#1503 = LINE ( 'NONE', #1158, #3462 ) ;
#1504 = VECTOR ( 'NONE', #2522, 1000.000000000000000 ) ;
#1505 = AXIS2_PLACEMENT_3D ( 'NONE', #3547, #1496, #4332 ) ;
#1506 = VERTEX_POINT ( 'NONE', #828 ) ;
#1507 = CARTESIAN_POINT ( 'NONE',  ( 4.399185569319588929, 2.103637325466630070, 10.53151581882710275 ) ) ;
#1508 = ORIENTED_EDGE ( 'NONE', *, *, #2834, .F. ) ;
#1509 = VERTEX_POINT ( 'NONE', #1540 ) ;
#1510 = COLOUR_RGB ( '',0.7921568627450980005, 0.8196078431372548767, 0.9333333333333333481 ) ;
#1511 = AXIS2_PLACEMENT_3D ( 'NONE', #1168, #2973, #1612 ) ;
#1512 = DIRECTION ( 'NONE',  ( 0.000000000000000000, 0.000000000000000000, 1.000000000000000000 ) ) ;
#1513 = EDGE_CURVE ( 'NONE', #2267, #3131, #4052, .T. ) ;
#1514 = AXIS2_PLACEMENT_3D ( 'NONE', #3827, #633, #3868 ) ;
#1515 = VECTOR ( 'NONE', #3159, 1000.000000000000000 ) ;
#1516 = ORIENTED_EDGE ( 'NONE', *, *, #374, .F. ) ;
#1517 = FACE_OUTER_BOUND ( 'NONE', #2279, .T. ) ;
#1518 = FACE_OUTER_BOUND ( 'NONE', #2511, .T. ) ;
#1519 = LINE ( 'NONE', #2934, #4323 ) ;
#1520 = FACE_OUTER_BOUND ( 'NONE', #1072, .T. ) ;
#1521 = DIRECTION ( 'NONE',  ( 0.000000000000000000, 1.000000000000000000, 0.000000000000000000 ) ) ;
#1522 = EDGE_CURVE ( 'NONE', #720, #1551, #2975, .T. ) ;
#1523 = LINE ( 'NONE', #442, #4192 ) ;
#1524 = AXIS2_PLACEMENT_3D ( 'NONE', #2353, #1668, #2712 ) ;
#1525 = ORIENTED_EDGE ( 'NONE', *, *, #2717, .T. ) ;
#1526 = DIRECTION ( 'NONE',  ( -8.756236532002660124E-31, 1.034763473209920030E-15, -1.000000000000000000 ) ) ;
#1527 = DIRECTION ( 'NONE',  ( 1.000000000000000000, 0.000000000000000000, -1.306267677693379826E-17 ) ) ;
#1528 = VECTOR ( 'NONE', #3622, 1000.000000000000000 ) ;
#1529 = AXIS2_PLACEMENT_3D ( 'NONE', #1071, #2486, #2899 ) ;
#1530 = CARTESIAN_POINT ( 'NONE',  ( -1.200814430680416045, -1.396362674533414117, 10.75000000000000000 ) ) ;
#1531 = ORIENTED_EDGE ( 'NONE', *, *, #2679, .F. ) ;
#1532 = ORIENTED_EDGE ( 'NONE', *, *, #3561, .F. ) ;
#1533 = DIRECTION ( 'NONE',  ( -1.000000000000000000, 0.000000000000000000, 0.000000000000000000 ) ) ;
#1534 = EDGE_CURVE ( 'NONE', #1769, #3418, #2260, .T. ) ;
#1535 = AXIS2_PLACEMENT_3D ( 'NONE', #2222, #2985, #3345 ) ;
#1536 = VERTEX_POINT ( 'NONE', #1145 ) ;
#1537 = VECTOR ( 'NONE', #973, 1000.000000000000000 ) ;
#1538 = CARTESIAN_POINT ( 'NONE',  ( -3.300814430680400147, -0.3963626745335445123, 8.048484541205558784 ) ) ;
#1539 = VERTEX_POINT ( 'NONE', #854 ) ;
#1540 = CARTESIAN_POINT ( 'NONE',  ( 2.299185569319600386, 1.603637325466445107, 10.19848454120556092 ) ) ;
#1541 = PLANE ( 'NONE',  #2395 ) ;
#1542 = VECTOR ( 'NONE', #1271, 1000.000000000000000 ) ;
#1543 = ADVANCED_FACE ( 'NONE', ( #136 ), #4402, .F. ) ;
#1544 = CARTESIAN_POINT ( 'NONE',  ( 3.349185569319625078, -1.696362674533404835, 10.75000000000000000 ) ) ;
#1545 = CARTESIAN_POINT ( 'NONE',  ( 4.899185569319580047, -0.5963626745333910906, 6.400000000000000355 ) ) ;
#1546 = FACE_OUTER_BOUND ( 'NONE', #3686, .T. ) ;
#1547 = DIRECTION ( 'NONE',  ( 0.000000000000000000, 0.000000000000000000, 1.000000000000000000 ) ) ;
#1548 = CARTESIAN_POINT ( 'NONE',  ( -3.300814430680400147, 1.203637325466456076, 8.348484541205559495 ) ) ;
#1549 = EDGE_CURVE ( 'NONE', #4182, #288, #1215, .T. ) ;
#1550 = EDGE_CURVE ( 'NONE', #3453, #6, #3307, .T. ) ;
#1551 = VERTEX_POINT ( 'NONE', #507 ) ;
#1552 = ORIENTED_EDGE ( 'NONE', *, *, #119, .F. ) ;
#1553 = DIRECTION ( 'NONE',  ( 0.4472135954999951202, 0.8944271909998973147, 0.000000000000000000 ) ) ;
#1554 = PLANE ( 'NONE',  #267 ) ;
#1555 = CARTESIAN_POINT ( 'NONE',  ( -3.300814430680400147, -0.1963626745335559920, 8.348484541205559495 ) ) ;
#1556 = APPLICATION_CONTEXT ( 'automotive_design' ) ;
#1557 = VERTEX_POINT ( 'NONE', #4075 ) ;
#1558 = DIRECTION ( 'NONE',  ( -1.000000000000000000, 0.000000000000000000, 0.000000000000000000 ) ) ;
#1559 = ORIENTED_EDGE ( 'NONE', *, *, #3058, .F. ) ;
#1560 = DIRECTION ( 'NONE',  ( 0.000000000000000000, 0.000000000000000000, 1.000000000000000000 ) ) ;
#1561 = EDGE_LOOP ( 'NONE', ( #3512, #3924, #1716, #2882 ) ) ;
#1562 = DIRECTION ( 'NONE',  ( 1.000000000000000000, 0.000000000000000000, 0.000000000000000000 ) ) ;
#1563 = ORIENTED_EDGE ( 'NONE', *, *, #996, .T. ) ;
#1564 = ORIENTED_EDGE ( 'NONE', *, *, #995, .F. ) ;
#1565 = CARTESIAN_POINT ( 'NONE',  ( 3.599185569319594880, -0.5963626745333939771, 10.75000000000000000 ) ) ;
#1566 = DIRECTION ( 'NONE',  ( -1.000000000000000000, 0.000000000000000000, 0.000000000000000000 ) ) ;
#1567 = FACE_OUTER_BOUND ( 'NONE', #2968, .T. ) ;
#1568 = PLANE ( 'NONE',  #4578 ) ;
#1569 = CYLINDRICAL_SURFACE ( 'NONE', #387, 1.906250000000000000 ) ;
#1570 = EDGE_CURVE ( 'NONE', #2751, #3371, #3353, .T. ) ;
#1571 = ORIENTED_EDGE ( 'NONE', *, *, #647, .F. ) ;
#1572 = LINE ( 'NONE', #2640, #626 ) ;
#1573 = CARTESIAN_POINT ( 'NONE',  ( 0.5991855693195939914, -4.846362674533409631, 8.949999999999999289 ) ) ;
#1574 = CARTESIAN_POINT ( 'NONE',  ( 0.8491855693195939914, -4.846362674533409631, 10.75000000000000000 ) ) ;
#1575 = ADVANCED_FACE ( 'NONE', ( #3978 ), #4377, .F. ) ;
#1576 = EDGE_CURVE ( 'NONE', #4379, #1536, #3003, .T. ) ;
#1577 = VERTEX_POINT ( 'NONE', #3718 ) ;
#1578 = CARTESIAN_POINT ( 'NONE',  ( -2.900814430680410005, -0.5963626745333939771, 10.75000000000000000 ) ) ;
#1579 = VERTEX_POINT ( 'NONE', #3630 ) ;
#1580 = ORIENTED_EDGE ( 'NONE', *, *, #2516, .F. ) ;
#1581 = DIRECTION ( 'NONE',  ( 0.000000000000000000, -1.000000000000000000, 0.000000000000000000 ) ) ;
#1582 = AXIS2_PLACEMENT_3D ( 'NONE', #3842, #3080, #2731 ) ;
#1583 = AXIS2_PLACEMENT_3D ( 'NONE', #3861, #3194, #763 ) ;
#1584 = ORIENTED_EDGE ( 'NONE', *, *, #2214, .T. ) ;
#1585 = CIRCLE ( 'NONE', #675, 0.2500000000000000000 ) ;
#1586 = ORIENTED_EDGE ( 'NONE', *, *, #3342, .F. ) ;
#1587 = DIRECTION ( 'NONE',  ( -1.000000000000000000, 0.000000000000000000, 0.000000000000000000 ) ) ;
#1588 = CARTESIAN_POINT ( 'NONE',  ( -1.250814430680401879, 3.901564731250079632, 3.948484541205564913 ) ) ;
#1589 = VECTOR ( 'NONE', #461, 1000.000000000000000 ) ;
#1590 = AXIS2_PLACEMENT_3D ( 'NONE', #208, #918, #1261 ) ;
#1591 = LINE ( 'NONE', #1219, #896 ) ;
#1592 = VECTOR ( 'NONE', #3897, 1000.000000000000000 ) ;
#1593 = AXIS2_PLACEMENT_3D ( 'NONE', #1229, #2292, #4393 ) ;
#1594 = FACE_OUTER_BOUND ( 'NONE', #3697, .T. ) ;
#1595 = CARTESIAN_POINT ( 'NONE',  ( -2.900814430680410005, -0.5963626745333939771, 8.724999999999999645 ) ) ;
#1596 = DIRECTION ( 'NONE',  ( 0.000000000000000000, 0.000000000000000000, -1.000000000000000000 ) ) ;
#1597 = ADVANCED_FACE ( 'NONE', ( #526 ), #1962, .F. ) ;
#1598 = ORIENTED_EDGE ( 'NONE', *, *, #1921, .T. ) ;
#1599 = CARTESIAN_POINT ( 'NONE',  ( 0.2491855693195995092, 1.803637325466450170, 8.048484541205558784 ) ) ;
#1600 = LINE ( 'NONE', #3618, #3392 ) ;
#1601 = DIRECTION ( 'NONE',  ( 0.000000000000000000, 0.000000000000000000, -1.000000000000000000 ) ) ;
#1602 = ADVANCED_FACE ( 'NONE', ( #1517 ), #1428, .T. ) ;
#1603 = LINE ( 'NONE', #3091, #534 ) ;
#1604 = ORIENTED_EDGE ( 'NONE', *, *, #3255, .F. ) ;
#1605 = VECTOR ( 'NONE', #1642, 1000.000000000000000 ) ;
#1606 = ORIENTED_EDGE ( 'NONE', *, *, #420, .F. ) ;
#1607 = CARTESIAN_POINT ( 'NONE',  ( 3.599185569319594880, 1.803637325466605157, 7.150000000000000355 ) ) ;
#1608 = AXIS2_PLACEMENT_3D ( 'NONE', #3019, #888, #1558 ) ;
#1609 = EDGE_CURVE ( 'NONE', #2002, #3233, #2540, .T. ) ;
#1610 = PLANE ( 'NONE',  #1727 ) ;
#1611 = ORIENTED_EDGE ( 'NONE', *, *, #1534, .T. ) ;
#1612 = DIRECTION ( 'NONE',  ( 1.000000000000000000, 0.000000000000000000, 0.000000000000000000 ) ) ;
#1613 = ORIENTED_EDGE ( 'NONE', *, *, #2006, .T. ) ;
#1614 = CARTESIAN_POINT ( 'NONE',  ( -3.450814430680400058, 22.38498528391914988, 10.40000000000000036 ) ) ;
#1615 = CARTESIAN_POINT ( 'NONE',  ( -1.200814430680401834, -1.396362674533409898, 10.44999999999999929 ) ) ;
#1616 = CARTESIAN_POINT ( 'NONE',  ( 0.5991855693195939914, -4.846362674533409631, 8.650000000000000355 ) ) ;
#1617 = CARTESIAN_POINT ( 'NONE',  ( -3.281199188409814838, 1.803637325466380004, 10.75000000000000000 ) ) ;
#1618 = CARTESIAN_POINT ( 'NONE',  ( -1.650814430680410005, -1.696362674533404835, 8.650000000000000355 ) ) ;
#1619 = CARTESIAN_POINT ( 'NONE',  ( -0.2508144306804029888, -0.5963626745333939771, 6.850000000000000533 ) ) ;
#1620 = CARTESIAN_POINT ( 'NONE',  ( 2.399185569319574718, -0.5963626745333939771, 6.850000000000000533 ) ) ;
#1621 = ORIENTED_EDGE ( 'NONE', *, *, #840, .T. ) ;
#1622 = LINE ( 'NONE', #4459, #914 ) ;
#1623 = CARTESIAN_POINT ( 'NONE',  ( 0.1991855693195819788, -1.396362674533414117, 8.650000000000000355 ) ) ;
#1624 = CARTESIAN_POINT ( 'NONE',  ( -2.400814430680424660, -6.146362674533370374, 6.850000000000000533 ) ) ;
#1625 = ORIENTED_EDGE ( 'NONE', *, *, #2332, .T. ) ;
#1626 = ORIENTED_EDGE ( 'NONE', *, *, #4044, .T. ) ;
#1627 = CARTESIAN_POINT ( 'NONE',  ( 3.599185569319594880, -1.596362674533394976, 7.150000000000000355 ) ) ;
#1628 = EDGE_CURVE ( 'NONE', #2294, #4151, #1456, .T. ) ;
#1629 = EDGE_CURVE ( 'NONE', #1198, #3332, #3633, .T. ) ;
#1630 = CARTESIAN_POINT ( 'NONE',  ( -2.400814430680394906, -1.596362674533409853, 10.75000000000000000 ) ) ;
#1631 = ORIENTED_EDGE ( 'NONE', *, *, #3112, .T. ) ;
#1632 = VERTEX_POINT ( 'NONE', #1826 ) ;
#1633 = CARTESIAN_POINT ( 'NONE',  ( -3.800814430680394818, -0.5963626745333939771, 6.850000000000000533 ) ) ;
#1634 = LINE ( 'NONE', #3403, #395 ) ;
#1635 = EDGE_CURVE ( 'NONE', #432, #4547, #1847, .T. ) ;
#1636 = ORIENTED_EDGE ( 'NONE', *, *, #4523, .T. ) ;
#1637 = SURFACE_STYLE_FILL_AREA ( #3405 ) ;
#1638 = LINE ( 'NONE', #1291, #1812 ) ;
#1639 = DIRECTION ( 'NONE',  ( 0.000000000000000000, -1.000000000000000000, 0.000000000000000000 ) ) ;
#1640 = DIRECTION ( 'NONE',  ( 0.000000000000000000, 1.000000000000000000, 0.000000000000000000 ) ) ;
#1641 = EDGE_LOOP ( 'NONE', ( #3506, #1328, #3394, #4223, #4214, #2342, #3627, #4586, #1631, #483, #4019, #1166, #2091, #2599, #2917, #3844, #1985, #154, #987, #1580, #1775, #1747 ) ) ;
#1642 = DIRECTION ( 'NONE',  ( 0.000000000000000000, 0.000000000000000000, 1.000000000000000000 ) ) ;
#1643 = CARTESIAN_POINT ( 'NONE',  ( 2.449185569319600297, -1.796362674533384940, 7.950000000000000178 ) ) ;
#1644 = CARTESIAN_POINT ( 'NONE',  ( -3.800814430680420131, -1.396362674533414117, 10.75000000000000000 ) ) ;
#1645 = ORIENTED_EDGE ( 'NONE', *, *, #2994, .T. ) ;
#1646 = DIRECTION ( 'NONE',  ( 0.000000000000000000, 0.000000000000000000, 1.000000000000000000 ) ) ;
#1647 = VERTEX_POINT ( 'NONE', #3894 ) ;
#1648 = VERTEX_POINT ( 'NONE', #1476 ) ;
#1649 = VERTEX_POINT ( 'NONE', #403 ) ;
#1650 = FACE_OUTER_BOUND ( 'NONE', #806, .T. ) ;
#1651 = ORIENTED_EDGE ( 'NONE', *, *, #3042, .F. ) ;
#1652 = ORIENTED_EDGE ( 'NONE', *, *, #1896, .T. ) ;
#1653 = CARTESIAN_POINT ( 'NONE',  ( 2.399185569319574718, -0.5963626745333939771, 10.75000000000000000 ) ) ;
#1654 = DIRECTION ( 'NONE',  ( 0.000000000000000000, 0.000000000000000000, 1.000000000000000000 ) ) ;
#1655 = EDGE_CURVE ( 'NONE', #2037, #2626, #3963, .T. ) ;
#1656 = VECTOR ( 'NONE', #3055, 1000.000000000000000 ) ;
#1657 = VECTOR ( 'NONE', #832, 1000.000000000000000 ) ;
#1658 = LINE ( 'NONE', #3103, #165 ) ;
#1659 = LINE ( 'NONE', #3150, #3067 ) ;
#1660 = DIRECTION ( 'NONE',  ( 8.756236532002660124E-31, -1.034763473209920030E-15, 1.000000000000000000 ) ) ;
#1661 = PLANE ( 'NONE',  #3376 ) ;
#1662 = VECTOR ( 'NONE', #3631, 1000.000000000000000 ) ;
#1663 = ORIENTED_EDGE ( 'NONE', *, *, #939, .T. ) ;
#1664 = VECTOR ( 'NONE', #480, 1000.000000000000000 ) ;
#1665 = VECTOR ( 'NONE', #4058, 1000.000000000000000 ) ;
#1666 = ADVANCED_FACE ( 'NONE', ( #765 ), #1082, .F. ) ;
#1667 = VERTEX_POINT ( 'NONE', #3937 ) ;
#1668 = DIRECTION ( 'NONE',  ( 1.734723475976905229E-14, 1.000000000000000000, 0.000000000000000000 ) ) ;
#1669 = PLANE ( 'NONE',  #3982 ) ;
#1670 = DIRECTION ( 'NONE',  ( 0.000000000000000000, 0.000000000000000000, 1.000000000000000000 ) ) ;
#1671 = ORIENTED_EDGE ( 'NONE', *, *, #407, .T. ) ;
#1672 = ORIENTED_EDGE ( 'NONE', *, *, #2908, .T. ) ;
#1673 = AXIS2_PLACEMENT_3D ( 'NONE', #170, #3752, #3709 ) ;
#1674 = ORIENTED_EDGE ( 'NONE', *, *, #3500, .T. ) ;
#1675 = CARTESIAN_POINT ( 'NONE',  ( -1.200814430680422040, -1.396362674533414117, 10.44999999999999929 ) ) ;
#1676 = EDGE_CURVE ( 'NONE', #4087, #3066, #1801, .T. ) ;
#1677 = ORIENTED_EDGE ( 'NONE', *, *, #3841, .F. ) ;
#1678 = CARTESIAN_POINT ( 'NONE',  ( -0.9008144306804080070, -0.5963626745333939771, 10.75000000000000000 ) ) ;
#1679 = FACE_OUTER_BOUND ( 'NONE', #1981, .T. ) ;
#1680 = AXIS2_PLACEMENT_3D ( 'NONE', #2136, #2855, #1097 ) ;
#1681 = PLANE ( 'NONE',  #3367 ) ;
#1682 = VERTEX_POINT ( 'NONE', #2167 ) ;
#1683 = FACE_OUTER_BOUND ( 'NONE', #377, .T. ) ;
#1684 = CARTESIAN_POINT ( 'NONE',  ( -2.400814430680399791, 1.803637325466605157, 10.44999999999999929 ) ) ;
#1685 = VECTOR ( 'NONE', #2216, 1000.000000000000000 ) ;
#1686 = ADVANCED_FACE ( 'NONE', ( #1151 ), #2499, .F. ) ;
#1687 = ORIENTED_EDGE ( 'NONE', *, *, #3845, .T. ) ;
#1688 = CARTESIAN_POINT ( 'NONE',  ( -2.900814430680410005, 0.8036373254666079324, 8.875000000000000000 ) ) ;
#1689 = ORIENTED_EDGE ( 'NONE', *, *, #3016, .T. ) ;
#1690 = CARTESIAN_POINT ( 'NONE',  ( 4.699185569319600297, 2.103637325466630070, 7.200000000000000178 ) ) ;
#1691 = CARTESIAN_POINT ( 'NONE',  ( -1.200814430680416045, -0.5963626745333939771, 10.75000000000000000 ) ) ;
#1692 = CARTESIAN_POINT ( 'NONE',  ( 4.599185569319589995, 2.103637325466630070, 10.40000000000000036 ) ) ;
#1693 = EDGE_CURVE ( 'NONE', #1144, #546, #51, .T. ) ;
#1694 = EDGE_LOOP ( 'NONE', ( #827, #3846, #4198, #1308 ) ) ;
#1695 = DIRECTION ( 'NONE',  ( -1.000000000000000000, -6.576496740845259399E-16, 1.951117922891894856E-31 ) ) ;
#1696 = FILL_AREA_STYLE_COLOUR ( '', #850 ) ;
#1697 = ORIENTED_EDGE ( 'NONE', *, *, #542, .F. ) ;
#1698 = ORIENTED_EDGE ( 'NONE', *, *, #2360, .T. ) ;
#1699 = VERTEX_POINT ( 'NONE', #2191 ) ;
#1700 = DIRECTION ( 'NONE',  ( -1.000000000000000000, 0.000000000000000000, 0.000000000000000000 ) ) ;
#1701 = LINE ( 'NONE', #3051, #1065 ) ;
#1702 = ORIENTED_EDGE ( 'NONE', *, *, #4453, .F. ) ;
#1703 = CARTESIAN_POINT ( 'NONE',  ( -1.650814430680410005, -1.696362674533404835, 8.650000000000000355 ) ) ;
#1704 = CARTESIAN_POINT ( 'NONE',  ( -2.400814430680424660, -1.396362674533414117, 10.75000000000000000 ) ) ;
#1705 = VERTEX_POINT ( 'NONE', #3984 ) ;
#1706 = CARTESIAN_POINT ( 'NONE',  ( 4.899185569319580047, 1.803637325466635133, 5.400000000000000355 ) ) ;
#1707 = CARTESIAN_POINT ( 'NONE',  ( -3.800814430680420131, -1.396362674533414117, 8.650000000000000355 ) ) ;
#1708 = CARTESIAN_POINT ( 'NONE',  ( -3.300814430680400147, -0.3963626745335479540, 9.548484541205560561 ) ) ;
#1709 = PLANE ( 'NONE',  #1441 ) ;
#1710 = EDGE_CURVE ( 'NONE', #2580, #804, #3608, .T. ) ;
#1711 = LINE ( 'NONE', #2632, #2468 ) ;
#1712 = ORIENTED_EDGE ( 'NONE', *, *, #1976, .F. ) ;
#1713 = CARTESIAN_POINT ( 'NONE',  ( -0.1008144306804018148, 4.103637325466444885, 9.198484541205569798 ) ) ;
#1714 = DIRECTION ( 'NONE',  ( 0.000000000000000000, 0.000000000000000000, -1.000000000000000000 ) ) ;
#1715 = EDGE_CURVE ( 'NONE', #1419, #4463, #1956, .T. ) ;
#1716 = ORIENTED_EDGE ( 'NONE', *, *, #2356, .T. ) ;
#1717 = DIRECTION ( 'NONE',  ( -1.000000000000000000, 0.000000000000000000, 0.000000000000000000 ) ) ;
#1718 = EDGE_LOOP ( 'NONE', ( #2289, #629, #1121, #2461 ) ) ;
#1719 = EDGE_CURVE ( 'NONE', #3021, #3784, #421, .T. ) ;
#1720 = CYLINDRICAL_SURFACE ( 'NONE', #759, 0.6000000000000003109 ) ;
#1721 = DIRECTION ( 'NONE',  ( 0.000000000000000000, 0.000000000000000000, 1.000000000000000000 ) ) ;
#1722 = VECTOR ( 'NONE', #4104, 1000.000000000000000 ) ;
#1723 = CARTESIAN_POINT ( 'NONE',  ( -3.800814430680420131, -1.396362674533414117, 10.44999999999999929 ) ) ;
#1724 = DIRECTION ( 'NONE',  ( -4.690927745218299797E-16, 1.000000000000000000, 1.034763473209920030E-15 ) ) ;
#1725 = CARTESIAN_POINT ( 'NONE',  ( 3.599185569319594880, -0.5963626745333910906, 7.150000000000000355 ) ) ;
#1726 = AXIS2_PLACEMENT_3D ( 'NONE', #2305, #2329, #3682 ) ;
#1727 = AXIS2_PLACEMENT_3D ( 'NONE', #942, #2020, #1280 ) ;
#1728 = VECTOR ( 'NONE', #1846, 1000.000000000000000 ) ;
#1729 = ORIENTED_EDGE ( 'NONE', *, *, #4140, .T. ) ;
#1730 = VECTOR ( 'NONE', #1824, 1000.000000000000000 ) ;
#1731 = CYLINDRICAL_SURFACE ( 'NONE', #4432, 0.2999999999999999334 ) ;
#1732 = CARTESIAN_POINT ( 'NONE',  ( -3.800814430680420131, -1.396362674533414117, 8.949999999999999289 ) ) ;
#1733 = CARTESIAN_POINT ( 'NONE',  ( -3.400814430680394906, 2.103637325466624741, 10.40000000000000036 ) ) ;
#1734 = ADVANCED_FACE ( 'NONE', ( #4335 ), #788, .F. ) ;
#1735 = DIRECTION ( 'NONE',  ( 1.000000000000000000, 0.000000000000000000, 0.000000000000000000 ) ) ;
#1736 = AXIS2_PLACEMENT_3D ( 'NONE', #1447, #2160, #2859 ) ;
#1737 = VECTOR ( 'NONE', #541, 1000.000000000000000 ) ;
#1738 = ORIENTED_EDGE ( 'NONE', *, *, #594, .F. ) ;
#1739 = DIRECTION ( 'NONE',  ( -1.000000000000000000, 1.734723475976905229E-14, 0.000000000000000000 ) ) ;
#1740 = DIRECTION ( 'NONE',  ( -1.000000000000000000, 0.000000000000000000, 0.000000000000000000 ) ) ;
#1741 = ORIENTED_EDGE ( 'NONE', *, *, #3016, .F. ) ;
#1742 = ADVANCED_FACE ( 'NONE', ( #3178 ), #380, .F. ) ;
#1743 = EDGE_CURVE ( 'NONE', #2741, #660, #2473, .T. ) ;
#1744 = ORIENTED_EDGE ( 'NONE', *, *, #2223, .F. ) ;
#1745 = DIRECTION ( 'NONE',  ( 0.000000000000000000, 3.252606517456518824E-15, -1.000000000000000000 ) ) ;
#1746 = ORIENTED_EDGE ( 'NONE', *, *, #3580, .T. ) ;
#1747 = ORIENTED_EDGE ( 'NONE', *, *, #311, .F. ) ;
#1748 = DIRECTION ( 'NONE',  ( -1.000000000000000000, 0.000000000000000000, 1.306267677693379826E-17 ) ) ;
#1749 = EDGE_CURVE ( 'NONE', #249, #1333, #1969, .T. ) ;
#1750 = EDGE_CURVE ( 'NONE', #2071, #2322, #4454, .T. ) ;
#1751 = VERTEX_POINT ( 'NONE', #1267 ) ;
#1752 = DIRECTION ( 'NONE',  ( 0.000000000000000000, 0.000000000000000000, 1.000000000000000000 ) ) ;
#1753 = LINE ( 'NONE', #2056, #350 ) ;
#1754 = AXIS2_PLACEMENT_3D ( 'NONE', #289, #4160, #1389 ) ;
#1755 = VERTEX_POINT ( 'NONE', #1922 ) ;
#1756 = VECTOR ( 'NONE', #238, 1000.000000000000000 ) ;
#1757 = DIRECTION ( 'NONE',  ( -1.000000000000000000, -6.576496740845270246E-16, -2.139075616130494981E-30 ) ) ;
#1758 = VERTEX_POINT ( 'NONE', #3382 ) ;
#1759 = DIRECTION ( 'NONE',  ( 0.000000000000000000, 1.034763473209920030E-15, -1.000000000000000000 ) ) ;
#1760 = CARTESIAN_POINT ( 'NONE',  ( 4.699185569319590527, 1.803637325466635133, 10.75000000000000000 ) ) ;
#1761 = DIRECTION ( 'NONE',  ( 0.000000000000000000, 0.000000000000000000, 1.000000000000000000 ) ) ;
#1762 = LINE ( 'NONE', #2063, #2920 ) ;
#1763 = CIRCLE ( 'NONE', #2868, 0.5000000000000000000 ) ;
#1764 = VECTOR ( 'NONE', #1660, 1000.000000000000000 ) ;
#1765 = ORIENTED_EDGE ( 'NONE', *, *, #2516, .T. ) ;
#1766 = CARTESIAN_POINT ( 'NONE',  ( -1.600814430680394862, 1.803637325466605157, 7.150000000000000355 ) ) ;
#1767 = ORIENTED_EDGE ( 'NONE', *, *, #535, .F. ) ;
#1768 = LINE ( 'NONE', #1417, #3680 ) ;
#1769 = VERTEX_POINT ( 'NONE', #3355 ) ;
#1770 = ORIENTED_EDGE ( 'NONE', *, *, #3956, .F. ) ;
#1771 = FACE_OUTER_BOUND ( 'NONE', #1791, .T. ) ;
#1772 = CARTESIAN_POINT ( 'NONE',  ( -3.300814430680400147, 1.603637325466445107, 7.598484541205571041 ) ) ;
#1773 = ADVANCED_FACE ( 'NONE', ( #1594 ), #191, .T. ) ;
#1774 = ADVANCED_FACE ( 'NONE', ( #3006 ), #3338, .F. ) ;
#1775 = ORIENTED_EDGE ( 'NONE', *, *, #711, .F. ) ;
#1776 = FACE_OUTER_BOUND ( 'NONE', #2758, .T. ) ;
#1777 = EDGE_CURVE ( 'NONE', #4519, #2927, #1222, .T. ) ;
#1778 = EDGE_CURVE ( 'NONE', #3834, #2613, #96, .T. ) ;
#1779 = CARTESIAN_POINT ( 'NONE',  ( -1.200814430680422040, -0.5963626745333910906, 6.850000000000000533 ) ) ;
#1780 = ORIENTED_EDGE ( 'NONE', *, *, #3901, .F. ) ;
#1781 = DIRECTION ( 'NONE',  ( 0.000000000000000000, 1.034763473209920030E-15, -1.000000000000000000 ) ) ;
#1782 = CARTESIAN_POINT ( 'NONE',  ( -2.900814430680410005, -0.5963626745333939771, 8.875000000000000000 ) ) ;
#1783 = DIRECTION ( 'NONE',  ( -1.000000000000000000, 0.000000000000000000, 0.000000000000000000 ) ) ;
#1784 = CARTESIAN_POINT ( 'NONE',  ( -3.800814430680420131, -1.396362674533414117, 10.44999999999999929 ) ) ;
#1785 = ORIENTED_EDGE ( 'NONE', *, *, #1296, .T. ) ;
#1786 = CARTESIAN_POINT ( 'NONE',  ( 0.5991855693195939914, -0.5963626745333939771, 5.143749999999999822 ) ) ;
#1787 = DIRECTION ( 'NONE',  ( 0.000000000000000000, 0.000000000000000000, 1.000000000000000000 ) ) ;
#1788 = ORIENTED_EDGE ( 'NONE', *, *, #939, .F. ) ;
#1789 = DIRECTION ( 'NONE',  ( 0.000000000000000000, 0.000000000000000000, -1.000000000000000000 ) ) ;
#1790 = ORIENTED_EDGE ( 'NONE', *, *, #210, .T. ) ;
#1791 = EDGE_LOOP ( 'NONE', ( #550, #1350, #1044, #3563 ) ) ;
#1792 = DIRECTION ( 'NONE',  ( 0.000000000000000000, 0.000000000000000000, 1.000000000000000000 ) ) ;
#1793 = LINE ( 'NONE', #4286, #4035 ) ;
#1794 = ADVANCED_FACE ( 'NONE', ( #1567 ), #877, .F. ) ;
#1795 = EDGE_LOOP ( 'NONE', ( #2157, #3219, #3348, #3981 ) ) ;
#1796 = ORIENTED_EDGE ( 'NONE', *, *, #299, .F. ) ;
#1797 = EDGE_CURVE ( 'NONE', #145, #1102, #528, .T. ) ;
#1798 = CARTESIAN_POINT ( 'NONE',  ( -3.450814430680400058, -0.5963626745333939771, 10.40000000000000036 ) ) ;
#1799 = DIRECTION ( 'NONE',  ( 0.000000000000000000, 0.000000000000000000, 1.000000000000000000 ) ) ;
#1800 = VERTEX_POINT ( 'NONE', #1618 ) ;
#1801 = LINE ( 'NONE', #2871, #3360 ) ;
#1802 = DIRECTION ( 'NONE',  ( 0.000000000000000000, 1.000000000000000000, 0.000000000000000000 ) ) ;
#1803 = DIRECTION ( 'NONE',  ( -1.000000000000000000, 0.000000000000000000, 0.000000000000000000 ) ) ;
#1804 = VECTOR ( 'NONE', #2590, 1000.000000000000000 ) ;
#1805 = PLANE ( 'NONE',  #990 ) ;
#1806 = EDGE_CURVE ( 'NONE', #1906, #2711, #1246, .T. ) ;
#1807 = AXIS2_PLACEMENT_3D ( 'NONE', #2565, #1497, #3264 ) ;
#1808 = VERTEX_POINT ( 'NONE', #1944 ) ;
#1809 = VECTOR ( 'NONE', #2926, 1000.000000000000000 ) ;
#1810 = EDGE_LOOP ( 'NONE', ( #706, #3206, #4194, #271 ) ) ;
#1811 = DIRECTION ( 'NONE',  ( 0.000000000000000000, 1.034763473209920030E-15, -1.000000000000000000 ) ) ;
#1812 = VECTOR ( 'NONE', #4473, 1000.000000000000000 ) ;
#1813 = VECTOR ( 'NONE', #2184, 1000.000000000000000 ) ;
#1814 = ORIENTED_EDGE ( 'NONE', *, *, #875, .F. ) ;
#1815 = FACE_OUTER_BOUND ( 'NONE', #2898, .T. ) ;
#1816 = ORIENTED_EDGE ( 'NONE', *, *, #1655, .F. ) ;
#1817 = ORIENTED_EDGE ( 'NONE', *, *, #3799, .T. ) ;
#1818 = DIRECTION ( 'NONE',  ( 0.000000000000000000, 0.000000000000000000, -1.000000000000000000 ) ) ;
#1819 = DIRECTION ( 'NONE',  ( 0.000000000000000000, 0.000000000000000000, 1.000000000000000000 ) ) ;
#1820 = ORIENTED_EDGE ( 'NONE', *, *, #4044, .F. ) ;
#1821 = EDGE_CURVE ( 'NONE', #1137, #4275, #4032, .T. ) ;
#1822 = ORIENTED_EDGE ( 'NONE', *, *, #4274, .T. ) ;
#1823 = SURFACE_STYLE_USAGE ( .BOTH. , #2817 ) ;
#1824 = DIRECTION ( 'NONE',  ( -3.469446951953935413E-14, -1.000000000000000000, 0.000000000000000000 ) ) ;
#1825 = AXIS2_PLACEMENT_3D ( 'NONE', #3969, #1157, #1131 ) ;
#1826 = CARTESIAN_POINT ( 'NONE',  ( 0.8491855693195939914, -4.846362674533409631, 8.949999999999999289 ) ) ;
#1827 = CARTESIAN_POINT ( 'NONE',  ( 2.399185569319574718, -1.396362674533402126, 10.44999999999999929 ) ) ;
#1828 = PLANE ( 'NONE',  #400 ) ;
#1829 = CARTESIAN_POINT ( 'NONE',  ( 1.599185569319595102, -0.5963626745333939771, 8.875000000000000000 ) ) ;
#1830 = EDGE_CURVE ( 'NONE', #3379, #145, #4056, .T. ) ;
#1831 = VECTOR ( 'NONE', #1789, 1000.000000000000000 ) ;
#1832 = ADVANCED_FACE ( 'NONE', ( #4078 ), #530, .F. ) ;
#1833 = ORIENTED_EDGE ( 'NONE', *, *, #3242, .F. ) ;
#1834 = CARTESIAN_POINT ( 'NONE',  ( 2.849185569319625078, -1.696362674533409942, 10.75000000000000000 ) ) ;
#1835 = DIRECTION ( 'NONE',  ( 0.000000000000000000, 0.000000000000000000, 1.000000000000000000 ) ) ;
#1836 = VECTOR ( 'NONE', #239, 1000.000000000000000 ) ;
#1837 = EDGE_CURVE ( 'NONE', #775, #2718, #1519, .T. ) ;
#1838 = AXIS2_PLACEMENT_3D ( 'NONE', #2494, #625, #3843 ) ;
#1839 = CARTESIAN_POINT ( 'NONE',  ( -2.400814430680424660, -1.396362674533391912, 7.150000000000000355 ) ) ;
#1840 = VERTEX_POINT ( 'NONE', #2233 ) ;
#1841 = PLANE ( 'NONE',  #2415 ) ;
#1842 = VERTEX_POINT ( 'NONE', #1174 ) ;
#1843 = DIRECTION ( 'NONE',  ( 0.000000000000000000, -1.000000000000000000, 0.000000000000000000 ) ) ;
#1844 = FACE_OUTER_BOUND ( 'NONE', #3789, .T. ) ;
#1845 = VERTEX_POINT ( 'NONE', #2588 ) ;
#1846 = DIRECTION ( 'NONE',  ( 0.000000000000000000, 0.000000000000000000, -1.000000000000000000 ) ) ;
#1847 = LINE ( 'NONE', #1106, #3582 ) ;
#1848 = PLANE ( 'NONE',  #1988 ) ;
#1849 = DIRECTION ( 'NONE',  ( -2.478176394252595143E-15, 1.000000000000000000, 0.000000000000000000 ) ) ;
#1850 = CARTESIAN_POINT ( 'NONE',  ( -3.300814430680400147, 1.603637325466445107, 7.398484541205560205 ) ) ;
#1851 = ORIENTED_EDGE ( 'NONE', *, *, #2842, .T. ) ;
#1852 = ORIENTED_EDGE ( 'NONE', *, *, #4065, .T. ) ;
#1853 = CARTESIAN_POINT ( 'NONE',  ( 3.599185569319609979, -0.5963626745333939771, 10.44999999999999929 ) ) ;
#1854 = CARTESIAN_POINT ( 'NONE',  ( -3.550814430680409917, 1.803637325466495023, 7.150000000000000355 ) ) ;
#1855 = EDGE_CURVE ( 'NONE', #2159, #1536, #3578, .T. ) ;
#1856 = EDGE_CURVE ( 'NONE', #3952, #4242, #4382, .T. ) ;
#1857 = PLANE ( 'NONE',  #2768 ) ;
#1858 = ORIENTED_EDGE ( 'NONE', *, *, #281, .F. ) ;
#1859 = CARTESIAN_POINT ( 'NONE',  ( 4.438851683978899842, 1.874164084079191106, 10.75000000000000000 ) ) ;
#1860 = ORIENTED_EDGE ( 'NONE', *, *, #1943, .T. ) ;
#1861 = FACE_OUTER_BOUND ( 'NONE', #2206, .T. ) ;
#1862 = ADVANCED_FACE ( 'NONE', ( #4029 ), #2707, .F. ) ;
#1863 = LINE ( 'NONE', #3278, #1809 ) ;
#1864 = ORIENTED_EDGE ( 'NONE', *, *, #2509, .T. ) ;
#1865 = FACE_OUTER_BOUND ( 'NONE', #4351, .T. ) ;
#1866 = LINE ( 'NONE', #1941, #2704 ) ;
#1867 = CARTESIAN_POINT ( 'NONE',  ( 4.399185569319590705, 2.103637325466630070, 10.75000000000000000 ) ) ;
#1868 = CARTESIAN_POINT ( 'NONE',  ( -3.800814430680420131, 0.8036373254666079324, 8.724999999999999645 ) ) ;
#1869 = CARTESIAN_POINT ( 'NONE',  ( -2.400814430680399791, -0.5963626745333939771, 10.75000000000000000 ) ) ;
#1870 = CARTESIAN_POINT ( 'NONE',  ( -3.450814430680400058, 22.38498528391914988, 7.200000000000000178 ) ) ;
#1871 = DIRECTION ( 'NONE',  ( 0.000000000000000000, 1.000000000000000000, 0.000000000000000000 ) ) ;
#1872 = ORIENTED_EDGE ( 'NONE', *, *, #4098, .F. ) ;
#1873 = ADVANCED_FACE ( 'NONE', ( #3770 ), #2418, .F. ) ;
#1874 = ORIENTED_EDGE ( 'NONE', *, *, #2617, .F. ) ;
#1875 = AXIS2_PLACEMENT_3D ( 'NONE', #975, #4221, #928 ) ;
#1876 = LINE ( 'NONE', #2508, #846 ) ;
#1877 = CARTESIAN_POINT ( 'NONE',  ( 2.399185569319574718, -1.396362674533391912, 10.75000000000000000 ) ) ;
#1878 = AXIS2_PLACEMENT_3D ( 'NONE', #4008, #3654, #2956 ) ;
#1879 = LINE ( 'NONE', #104, #4183 ) ;
#1880 = ORIENTED_EDGE ( 'NONE', *, *, #4322, .F. ) ;
#1881 = DIRECTION ( 'NONE',  ( 0.000000000000000000, 0.000000000000000000, -1.000000000000000000 ) ) ;
#1882 = EDGE_LOOP ( 'NONE', ( #344, #3594, #3010, #2948, #591, #1349, #2148, #4428, #2316, #4347, #1410, #4458, #1287, #4513, #569, #1905, #2059, #125 ) ) ;
#1883 = ORIENTED_EDGE ( 'NONE', *, *, #4298, .F. ) ;
#1884 = AXIS2_PLACEMENT_3D ( 'NONE', #1147, #4027, #1566 ) ;
#1885 = PRESENTATION_LAYER_ASSIGNMENT (  '', '', ( #3294 ) ) ;
#1886 = PLANE ( 'NONE',  #4266 ) ;
#1887 = EDGE_CURVE ( 'NONE', #1198, #4143, #581, .T. ) ;
#1888 = VECTOR ( 'NONE', #2106, 1000.000000000000000 ) ;
#1889 = VECTOR ( 'NONE', #2778, 1000.000000000000000 ) ;
#1890 = ORIENTED_EDGE ( 'NONE', *, *, #115, .F. ) ;
#1891 = CARTESIAN_POINT ( 'NONE',  ( -3.500814430680400324, 1.803637325466625141, 10.40000000000000036 ) ) ;
#1892 = EDGE_LOOP ( 'NONE', ( #1427, #514, #4165, #3599 ) ) ;
#1893 = DIRECTION ( 'NONE',  ( 0.000000000000000000, 0.000000000000000000, 1.000000000000000000 ) ) ;
#1894 = ORIENTED_EDGE ( 'NONE', *, *, #1094, .F. ) ;
#1895 = LINE ( 'NONE', #486, #2255 ) ;
#1896 = EDGE_CURVE ( 'NONE', #2789, #336, #4535, .T. ) ;
#1897 = CARTESIAN_POINT ( 'NONE',  ( 2.849185569319610423, -1.696362674533420156, 8.650000000000000355 ) ) ;
#1898 = EDGE_CURVE ( 'NONE', #2333, #1800, #3747, .T. ) ;
#1899 = DIRECTION ( 'NONE',  ( 1.000000000000000000, 0.000000000000000000, 0.000000000000000000 ) ) ;
#1900 = DIRECTION ( 'NONE',  ( -8.756236532002660124E-31, 1.034763473209920030E-15, -1.000000000000000000 ) ) ;
#1901 = CARTESIAN_POINT ( 'NONE',  ( 2.299185569319600386, -0.1963626745335524948, 8.348484541205559495 ) ) ;
#1902 = CARTESIAN_POINT ( 'NONE',  ( -0.9008144306804080070, 0.8036373254666079324, 10.75000000000000000 ) ) ;
#1903 = DIRECTION ( 'NONE',  ( 0.000000000000000000, 1.000000000000000000, 0.000000000000000000 ) ) ;
#1904 = AXIS2_PLACEMENT_3D ( 'NONE', #4415, #2290, #907 ) ;
#1905 = ORIENTED_EDGE ( 'NONE', *, *, #2780, .F. ) ;
#1906 = VERTEX_POINT ( 'NONE', #2007 ) ;
#1907 = PLANE ( 'NONE',  #1233 ) ;
#1908 = DIRECTION ( 'NONE',  ( 1.000000000000000000, 6.576496740845259399E-16, -1.951117922891894856E-31 ) ) ;
#1909 = PLANE ( 'NONE',  #4420 ) ;
#1910 = VERTEX_POINT ( 'NONE', #3406 ) ;
#1911 = PLANE ( 'NONE',  #2866 ) ;
#1912 = ORIENTED_EDGE ( 'NONE', *, *, #2908, .F. ) ;
#1913 = CARTESIAN_POINT ( 'NONE',  ( -1.650814430680410005, -1.696362674533404835, 10.75000000000000000 ) ) ;
#1914 = EDGE_LOOP ( 'NONE', ( #4218, #4307, #639, #549 ) ) ;
#1915 = LINE ( 'NONE', #782, #3661 ) ;
#1916 = EDGE_LOOP ( 'NONE', ( #3001, #236, #2210, #3504 ) ) ;
#1917 = CARTESIAN_POINT ( 'NONE',  ( 3.349185569319625078, -6.146362674533370374, 8.650000000000000355 ) ) ;
#1918 = EDGE_CURVE ( 'NONE', #109, #1940, #3424, .T. ) ;
#1919 = CARTESIAN_POINT ( 'NONE',  ( 4.699185569319600297, 2.103637325466630070, 10.75000000000000000 ) ) ;
#1920 = EDGE_CURVE ( 'NONE', #3875, #1906, #4125, .T. ) ;
#1921 = EDGE_CURVE ( 'NONE', #3371, #4023, #1659, .T. ) ;
#1922 = CARTESIAN_POINT ( 'NONE',  ( -3.700814430680385403, -0.5963626745333910906, 7.200000000000000178 ) ) ;
#1923 = DIRECTION ( 'NONE',  ( 0.000000000000000000, 0.000000000000000000, -1.000000000000000000 ) ) ;
#1924 = CARTESIAN_POINT ( 'NONE',  ( -3.800814430680420131, -1.396362674533414117, 8.650000000000000355 ) ) ;
#1925 = EDGE_LOOP ( 'NONE', ( #322, #176, #2115, #4141 ) ) ;
#1926 = ORIENTED_EDGE ( 'NONE', *, *, #1433, .T. ) ;
#1927 = CARTESIAN_POINT ( 'NONE',  ( 2.299185569319600386, -0.3963626745335409596, 8.048484541205558784 ) ) ;
#1928 = PLANE ( 'NONE',  #1535 ) ;
#1929 = LINE ( 'NONE', #1574, #1737 ) ;
#1930 = CARTESIAN_POINT ( 'NONE',  ( 2.399185569319609801, -1.396362674533399906, 10.44999999999999929 ) ) ;
#1931 = VERTEX_POINT ( 'NONE', #4560 ) ;
#1932 = ORIENTED_EDGE ( 'NONE', *, *, #3989, .F. ) ;
#1933 = VERTEX_POINT ( 'NONE', #1376 ) ;
#1934 = APPLICATION_PROTOCOL_DEFINITION ( 'draft international standard', 'automotive_design', 1998, #3215 ) ;
#1935 = LINE ( 'NONE', #83, #758 ) ;
#1936 = FACE_OUTER_BOUND ( 'NONE', #4375, .T. ) ;
#1937 = ORIENTED_EDGE ( 'NONE', *, *, #535, .T. ) ;
#1938 = FACE_OUTER_BOUND ( 'NONE', #4077, .T. ) ;
#1939 = ADVANCED_FACE ( 'NONE', ( #556 ), #1315, .T. ) ;
#1940 = VERTEX_POINT ( 'NONE', #2371 ) ;
#1941 = CARTESIAN_POINT ( 'NONE',  ( 4.099185569319585554, -0.5963626745333910906, 8.875000000000000000 ) ) ;
#1942 = DIRECTION ( 'NONE',  ( 1.000000000000000000, 0.000000000000000000, 0.000000000000000000 ) ) ;
#1943 = EDGE_CURVE ( 'NONE', #2579, #819, #2797, .T. ) ;
#1944 = CARTESIAN_POINT ( 'NONE',  ( -2.300814430680420131, -1.396362674533414117, 8.949999999999999289 ) ) ;
#1945 = CARTESIAN_POINT ( 'NONE',  ( -1.650814430680410005, -1.696362674533404835, 8.949999999999999289 ) ) ;
#1946 = DIRECTION ( 'NONE',  ( 0.000000000000000000, 1.084202172485501673E-15, -1.000000000000000000 ) ) ;
#1947 = DIRECTION ( 'NONE',  ( -1.000000000000000000, 0.000000000000000000, 0.000000000000000000 ) ) ;
#1948 = VERTEX_POINT ( 'NONE', #4147 ) ;
#1949 = DIRECTION ( 'NONE',  ( 1.000000000000000000, 0.000000000000000000, 0.000000000000000000 ) ) ;
#1950 = DIRECTION ( 'NONE',  ( 1.000000000000000000, 0.000000000000000000, 0.000000000000000000 ) ) ;
#1951 = CARTESIAN_POINT ( 'NONE',  ( -3.300814430680400147, 4.103637325466439556, 8.398484541205560205 ) ) ;
#1952 = ADVANCED_FACE ( 'NONE', ( #2771 ), #4220, .F. ) ;
#1953 = EDGE_LOOP ( 'NONE', ( #619, #1481, #1471, #3291 ) ) ;
#1954 = ORIENTED_EDGE ( 'NONE', *, *, #3724, .T. ) ;
#1955 = DIRECTION ( 'NONE',  ( 0.000000000000000000, 0.000000000000000000, 1.000000000000000000 ) ) ;
#1956 = CIRCLE ( 'NONE', #1807, 0.6000000000000003109 ) ;
#1957 = VECTOR ( 'NONE', #1216, 1000.000000000000000 ) ;
#1958 = DIRECTION ( 'NONE',  ( 0.000000000000000000, -1.301042606982615921E-16, 1.000000000000000000 ) ) ;
#1959 = ORIENTED_EDGE ( 'NONE', *, *, #4368, .F. ) ;
#1960 = DIRECTION ( 'NONE',  ( 0.000000000000000000, 0.000000000000000000, -1.000000000000000000 ) ) ;
#1961 = ORIENTED_EDGE ( 'NONE', *, *, #3778, .F. ) ;
#1962 = PLANE ( 'NONE',  #3806 ) ;
#1963 = DIRECTION ( 'NONE',  ( -1.000000000000000000, -4.119968255444703541E-14, 0.000000000000000000 ) ) ;
#1964 = VECTOR ( 'NONE', #3711, 1000.000000000000000 ) ;
#1965 = EDGE_CURVE ( 'NONE', #2302, #2448, #3450, .T. ) ;
#1966 = CARTESIAN_POINT ( 'NONE',  ( 4.397360166798295111, 2.068845331650638109, 6.988631624392461994 ) ) ;
#1967 = LINE ( 'NONE', #1544, #3217 ) ;
#1968 = VECTOR ( 'NONE', #4134, 1000.000000000000000 ) ;
#1969 = LINE ( 'NONE', #3285, #4409 ) ;
#1970 = CARTESIAN_POINT ( 'NONE',  ( -1.600814430680394862, -1.396362674533414117, 6.850000000000000533 ) ) ;
#1971 = CARTESIAN_POINT ( 'NONE',  ( 4.649185569319589817, 1.803637325466620034, 10.40000000000000036 ) ) ;
#1972 = EDGE_LOOP ( 'NONE', ( #3930, #1525, #3279, #3203 ) ) ;
#1973 = CARTESIAN_POINT ( 'NONE',  ( -3.800814430680420131, -1.396362674533414117, 8.650000000000000355 ) ) ;
#1974 = FACE_OUTER_BOUND ( 'NONE', #4562, .T. ) ;
#1975 = CARTESIAN_POINT ( 'NONE',  ( -1.650814430680410005, -1.696362674533404835, 10.75000000000000000 ) ) ;
#1976 = EDGE_CURVE ( 'NONE', #3784, #4120, #4178, .T. ) ;
#1977 = ADVANCED_FACE ( 'NONE', ( #1683 ), #3104, .F. ) ;
#1978 = ORIENTED_EDGE ( 'NONE', *, *, #1550, .T. ) ;
#1979 = AXIS2_PLACEMENT_3D ( 'NONE', #1973, #2595, #815 ) ;
#1980 = EDGE_CURVE ( 'NONE', #4215, #1699, #1638, .T. ) ;
#1981 = EDGE_LOOP ( 'NONE', ( #3241, #2153, #965, #2548, #1098, #2171, #3502, #1309, #1332, #4554, #3427, #1357, #3059, #4421, #2019, #1993, #505, #4559, #2310, #3250, #3781, #3621 ) ) ;
#1982 = CARTESIAN_POINT ( 'NONE',  ( 2.299185569319600386, -0.1963626745335524948, 9.548484541205560561 ) ) ;
#1983 = CIRCLE ( 'NONE', #1608, 0.4999999999999939493 ) ;
#1984 = EDGE_LOOP ( 'NONE', ( #2536, #2021, #185, #63 ) ) ;
#1985 = ORIENTED_EDGE ( 'NONE', *, *, #2933, .T. ) ;
#1986 = DIRECTION ( 'NONE',  ( 1.000000000000000000, 0.000000000000000000, 0.000000000000000000 ) ) ;
#1987 = DIRECTION ( 'NONE',  ( 1.000000000000000000, 6.576496740845259399E-16, -1.951117922891894856E-31 ) ) ;
#1988 = AXIS2_PLACEMENT_3D ( 'NONE', #1869, #121, #492 ) ;
#1989 = DIRECTION ( 'NONE',  ( 0.000000000000000000, -1.000000000000000000, 0.000000000000000000 ) ) ;
#1990 = CARTESIAN_POINT ( 'NONE',  ( 4.899185569319589817, -1.396362674533414117, 10.75000000000000000 ) ) ;
#1991 = CARTESIAN_POINT ( 'NONE',  ( -1.900814430680410005, -6.146362674533370374, 10.75000000000000000 ) ) ;
#1992 = LINE ( 'NONE', #3917, #454 ) ;
#1993 = ORIENTED_EDGE ( 'NONE', *, *, #84, .T. ) ;
#1994 = CARTESIAN_POINT ( 'NONE',  ( 4.699185569319590527, 1.803637325466635133, 10.44999999999999929 ) ) ;
#1995 = LINE ( 'NONE', #1643, #3015 ) ;
#1996 = CARTESIAN_POINT ( 'NONE',  ( 3.199185569319590083, -1.296362674533400039, 10.75000000000000000 ) ) ;
#1997 = ORIENTED_EDGE ( 'NONE', *, *, #3128, .T. ) ;
#1998 = EDGE_CURVE ( 'NONE', #2972, #524, #2749, .T. ) ;
#1999 = ORIENTED_EDGE ( 'NONE', *, *, #1238, .F. ) ;
#2000 =( LENGTH_UNIT ( ) NAMED_UNIT ( * ) SI_UNIT ( .MILLI., .METRE. ) );
#2001 = ORIENTED_EDGE ( 'NONE', *, *, #2611, .F. ) ;
#2002 = VERTEX_POINT ( 'NONE', #2055 ) ;
#2003 = VERTEX_POINT ( 'NONE', #2465 ) ;
#2004 = CARTESIAN_POINT ( 'NONE',  ( -1.900814430680410005, -4.846362674533409631, 8.949999999999999289 ) ) ;
#2005 = LINE ( 'NONE', #3421, #241 ) ;
#2006 = EDGE_CURVE ( 'NONE', #3167, #2894, #3888, .T. ) ;
#2007 = CARTESIAN_POINT ( 'NONE',  ( 3.599185569319594880, -1.596362674533394976, 6.850000000000000533 ) ) ;
#2008 = FACE_OUTER_BOUND ( 'NONE', #4002, .T. ) ;
#2009 = FACE_OUTER_BOUND ( 'NONE', #3548, .T. ) ;
#2010 = ORIENTED_EDGE ( 'NONE', *, *, #1146, .T. ) ;
#2011 = CARTESIAN_POINT ( 'NONE',  ( -3.700814430680385403, -0.5963626745333939771, 6.400000000000000355 ) ) ;
#2012 = FACE_OUTER_BOUND ( 'NONE', #4173, .T. ) ;
#2013 = FACE_OUTER_BOUND ( 'NONE', #3172, .T. ) ;
#2014 = EDGE_CURVE ( 'NONE', #1183, #4427, #2187, .T. ) ;
#2015 = ORIENTED_EDGE ( 'NONE', *, *, #2755, .T. ) ;
#2016 = EDGE_LOOP ( 'NONE', ( #3712, #1003, #2040, #3648 ) ) ;
#2017 = CARTESIAN_POINT ( 'NONE',  ( -0.9008144306804020118, 4.103637325466439556, 8.398484541205560205 ) ) ;
#2018 = CARTESIAN_POINT ( 'NONE',  ( 0.5991855693195939914, -0.5963626745333939771, 10.55000000000000071 ) ) ;
#2019 = ORIENTED_EDGE ( 'NONE', *, *, #36, .T. ) ;
#2020 = DIRECTION ( 'NONE',  ( 3.159568448967544830E-14, -1.000000000000000000, 0.000000000000000000 ) ) ;
#2021 = ORIENTED_EDGE ( 'NONE', *, *, #139, .T. ) ;
#2022 = FACE_BOUND ( 'NONE', #370, .T. ) ;
#2023 = VECTOR ( 'NONE', #2147, 1000.000000000000000 ) ;
#2024 = CARTESIAN_POINT ( 'NONE',  ( 2.449185569319600297, 1.803637325466585173, 7.950000000000000178 ) ) ;
#2025 = EDGE_CURVE ( 'NONE', #4206, #2795, #3581, .T. ) ;
#2026 = VECTOR ( 'NONE', #2608, 1000.000000000000000 ) ;
#2027 = VECTOR ( 'NONE', #2284, 1000.000000000000000 ) ;
#2028 = VERTEX_POINT ( 'NONE', #355 ) ;
#2029 = CARTESIAN_POINT ( 'NONE',  ( 0.2491855693195980381, 4.103637325466444885, 9.548484541205571219 ) ) ;
#2030 = CARTESIAN_POINT ( 'NONE',  ( 4.699185569319600297, 1.803637325466630026, 7.150000000000000355 ) ) ;
#2031 = DIRECTION ( 'NONE',  ( 1.000000000000000000, -1.734723475976905229E-14, 0.000000000000000000 ) ) ;
#2032 = EDGE_CURVE ( 'NONE', #2441, #3401, #3260, .T. ) ;
#2033 = AXIS2_PLACEMENT_3D ( 'NONE', #663, #1421, #3192 ) ;
#2034 = AXIS2_PLACEMENT_3D ( 'NONE', #2830, #1099, #3932 ) ;
#2035 = VECTOR ( 'NONE', #1480, 1000.000000000000000 ) ;
#2036 = VECTOR ( 'NONE', #3849, 1000.000000000000000 ) ;
#2037 = VERTEX_POINT ( 'NONE', #1798 ) ;
#2038 = DIRECTION ( 'NONE',  ( 0.000000000000000000, 1.000000000000000000, 0.000000000000000000 ) ) ;
#2039 = LINE ( 'NONE', #2377, #3516 ) ;
#2040 = ORIENTED_EDGE ( 'NONE', *, *, #318, .T. ) ;
#2041 = EDGE_LOOP ( 'NONE', ( #1035, #2186, #1770, #2111 ) ) ;
#2042 = LINE ( 'NONE', #2068, #190 ) ;
#2043 = VERTEX_POINT ( 'NONE', #3935 ) ;
#2044 = MANIFOLD_SOLID_BREP ( 'NONE', #3615 ) ;
#2045 = VECTOR ( 'NONE', #2067, 1000.000000000000000 ) ;
#2046 = EDGE_LOOP ( 'NONE', ( #2298, #3795, #571, #245 ) ) ;
#2047 = DIRECTION ( 'NONE',  ( 0.000000000000000000, -1.000000000000000000, 0.000000000000000000 ) ) ;
#2048 = ORIENTED_EDGE ( 'NONE', *, *, #2933, .F. ) ;
#2049 = DIRECTION ( 'NONE',  ( 0.000000000000000000, -1.000000000000000000, 0.000000000000000000 ) ) ;
#2050 = CARTESIAN_POINT ( 'NONE',  ( 3.349185569319625078, -4.846362674533409631, 10.75000000000000000 ) ) ;
#2051 = VECTOR ( 'NONE', #2458, 1000.000000000000000 ) ;
#2052 = EDGE_LOOP ( 'NONE', ( #891, #3998, #1611, #801 ) ) ;
#2053 = LINE ( 'NONE', #1723, #1212 ) ;
#2054 = ADVANCED_FACE ( 'NONE', ( #1776 ), #2538, .F. ) ;
#2055 = CARTESIAN_POINT ( 'NONE',  ( 0.2491855693195980381, 3.901564731250079632, 8.048484541205569442 ) ) ;
#2056 = CARTESIAN_POINT ( 'NONE',  ( 0.5991855693195939914, 0.3036373254666074883, 10.55000000000000071 ) ) ;
#2057 = VECTOR ( 'NONE', #3451, 1000.000000000000000 ) ;
#2058 = ADVANCED_FACE ( 'NONE', ( #4309 ), #4, .F. ) ;
#2059 = ORIENTED_EDGE ( 'NONE', *, *, #2509, .F. ) ;
#2060 = LINE ( 'NONE', #4537, #2564 ) ;
#2061 = PLANE ( 'NONE',  #3095 ) ;
#2062 = CARTESIAN_POINT ( 'NONE',  ( -3.281199188409734457, 1.803637325466625807, 10.75000000000000000 ) ) ;
#2063 = CARTESIAN_POINT ( 'NONE',  ( -1.650814430680410005, -4.846362674533409631, 10.75000000000000000 ) ) ;
#2064 = EDGE_CURVE ( 'NONE', #1380, #2138, #3604, .T. ) ;
#2065 = PLANE ( 'NONE',  #2098 ) ;
#2066 = ORIENTED_EDGE ( 'NONE', *, *, #823, .F. ) ;
#2067 = DIRECTION ( 'NONE',  ( 0.000000000000000000, 0.000000000000000000, -1.000000000000000000 ) ) ;
#2068 = CARTESIAN_POINT ( 'NONE',  ( -3.800814430680420131, -1.396362674533414117, 10.75000000000000000 ) ) ;
#2069 = ORIENTED_EDGE ( 'NONE', *, *, #3138, .F. ) ;
#2070 = CARTESIAN_POINT ( 'NONE',  ( -0.1008144306804034107, 4.103637325466444885, 9.198484541205569798 ) ) ;
#2071 = VERTEX_POINT ( 'NONE', #1493 ) ;
#2072 = FACE_OUTER_BOUND ( 'NONE', #2960, .T. ) ;
#2073 = DIRECTION ( 'NONE',  ( -0.4472135955000491880, 0.8944271909998703363, 0.000000000000000000 ) ) ;
#2074 = EDGE_CURVE ( 'NONE', #3453, #4512, #4264, .T. ) ;
#2075 = DIRECTION ( 'NONE',  ( -1.000000000000000000, 0.000000000000000000, 0.000000000000000000 ) ) ;
#2076 = ORIENTED_EDGE ( 'NONE', *, *, #318, .F. ) ;
#2077 = DIRECTION ( 'NONE',  ( -0.4472135954999539864, -0.8944271909999178538, 0.000000000000000000 ) ) ;
#2078 = DIRECTION ( 'NONE',  ( -1.000000000000000000, 0.000000000000000000, 0.000000000000000000 ) ) ;
#2079 = FACE_BOUND ( 'NONE', #3638, .T. ) ;
#2080 = ORIENTED_EDGE ( 'NONE', *, *, #2571, .T. ) ;
#2081 = DIRECTION ( 'NONE',  ( 1.000000000000000000, 0.000000000000000000, 0.000000000000000000 ) ) ;
#2082 = LINE ( 'NONE', #2104, #3988 ) ;
#2083 = DIRECTION ( 'NONE',  ( -1.000000000000000000, 0.000000000000000000, 0.000000000000000000 ) ) ;
#2084 = CARTESIAN_POINT ( 'NONE',  ( -1.900814430680410005, -0.5963626745333939771, 6.850000000000000533 ) ) ;
#2085 = EDGE_CURVE ( 'NONE', #1061, #1239, #4289, .T. ) ;
#2086 = EDGE_LOOP ( 'NONE', ( #4074, #4372, #2582, #1135 ) ) ;
#2087 = LINE ( 'NONE', #313, #3164 ) ;
#2088 = DIRECTION ( 'NONE',  ( 1.000000000000000000, 0.000000000000000000, 0.000000000000000000 ) ) ;
#2089 = EDGE_LOOP ( 'NONE', ( #287, #3295, #3714, #183 ) ) ;
#2090 = EDGE_CURVE ( 'NONE', #3852, #4573, #3914, .T. ) ;
#2091 = ORIENTED_EDGE ( 'NONE', *, *, #2684, .T. ) ;
#2092 = ORIENTED_EDGE ( 'NONE', *, *, #139, .F. ) ;
#2093 = CARTESIAN_POINT ( 'NONE',  ( 4.699185569319600297, 1.584022083195969932, 10.75000000000000000 ) ) ;
#2094 = DIRECTION ( 'NONE',  ( 1.000000000000000000, 0.000000000000000000, 0.000000000000000000 ) ) ;
#2095 = CARTESIAN_POINT ( 'NONE',  ( 0.5991855693195939914, 0.3036373254666074883, 12.45625000000000071 ) ) ;
#2096 = PLANE ( 'NONE',  #1318 ) ;
#2097 = VECTOR ( 'NONE', #809, 1000.000000000000000 ) ;
#2098 = AXIS2_PLACEMENT_3D ( 'NONE', #2480, #986, #2455 ) ;
#2099 = LINE ( 'NONE', #2283, #1358 ) ;
#2100 = AXIS2_PLACEMENT_3D ( 'NONE', #1919, #3699, #874 ) ;
#2101 = EDGE_LOOP ( 'NONE', ( #2219, #3928, #1978, #1371, #4102, #3235, #4050 ) ) ;
#2102 = VECTOR ( 'NONE', #3390, 1000.000000000000000 ) ;
#2103 = DIRECTION ( 'NONE',  ( 0.000000000000000000, 0.000000000000000000, -1.000000000000000000 ) ) ;
#2104 = CARTESIAN_POINT ( 'NONE',  ( -1.200814430680416045, -1.396362674533414117, 6.850000000000000533 ) ) ;
#2105 = CARTESIAN_POINT ( 'NONE',  ( -1.200814430680401834, -0.5963626745333939771, 10.75000000000000000 ) ) ;
#2106 = DIRECTION ( 'NONE',  ( 0.000000000000000000, 0.000000000000000000, 1.000000000000000000 ) ) ;
#2107 = VECTOR ( 'NONE', #2846, 1000.000000000000000 ) ;
#2108 = AXIS2_PLACEMENT_3D ( 'NONE', #4565, #1383, #3867 ) ;
#2109 = EDGE_CURVE ( 'NONE', #3905, #1842, #316, .T. ) ;
#2110 = EDGE_CURVE ( 'NONE', #6, #2197, #3513, .T. ) ;
#2111 = ORIENTED_EDGE ( 'NONE', *, *, #2114, .F. ) ;
#2112 = FACE_OUTER_BOUND ( 'NONE', #2227, .T. ) ;
#2113 = PLANE ( 'NONE',  #2720 ) ;
#2114 = EDGE_CURVE ( 'NONE', #1183, #4314, #3173, .T. ) ;
#2115 = ORIENTED_EDGE ( 'NONE', *, *, #2253, .F. ) ;
#2116 = EDGE_CURVE ( 'NONE', #611, #3784, #4356, .T. ) ;
#2117 = VERTEX_POINT ( 'NONE', #527 ) ;
#2118 = VERTEX_POINT ( 'NONE', #3030 ) ;
#2119 = LINE ( 'NONE', #3534, #2622 ) ;
#2120 = CARTESIAN_POINT ( 'NONE',  ( 0.5991855693195939914, -0.5963626745333939771, 12.45625000000000071 ) ) ;
#2121 = AXIS2_PLACEMENT_3D ( 'NONE', #651, #3775, #1004 ) ;
#2122 = VECTOR ( 'NONE', #4502, 1000.000000000000000 ) ;
#2123 = VECTOR ( 'NONE', #1908, 1000.000000000000000 ) ;
#2124 = ORIENTED_EDGE ( 'NONE', *, *, #1374, .F. ) ;
#2125 = DIRECTION ( 'NONE',  ( 0.000000000000000000, 0.000000000000000000, 1.000000000000000000 ) ) ;
#2126 = DIRECTION ( 'NONE',  ( -0.4472135954999951202, -0.8944271909998973147, 0.000000000000000000 ) ) ;
#2127 = LINE ( 'NONE', #3545, #2479 ) ;
#2128 = DIRECTION ( 'NONE',  ( -1.000000000000000000, 0.000000000000000000, 1.306267677693379826E-17 ) ) ;
#2129 = EDGE_CURVE ( 'NONE', #1557, #1048, #784, .T. ) ;
#2130 = ORIENTED_EDGE ( 'NONE', *, *, #2988, .T. ) ;
#2131 = DIRECTION ( 'NONE',  ( 0.000000000000000000, 0.000000000000000000, 1.000000000000000000 ) ) ;
#2132 = CARTESIAN_POINT ( 'NONE',  ( 2.799185569319584843, -1.396362674533399906, 10.75000000000000000 ) ) ;
#2133 = EDGE_CURVE ( 'NONE', #845, #2939, #436, .T. ) ;
#2134 = CARTESIAN_POINT ( 'NONE',  ( 4.699185569319590527, 1.584022083195969932, 7.150000000000000355 ) ) ;
#2135 = ORIENTED_EDGE ( 'NONE', *, *, #3255, .T. ) ;
#2136 = CARTESIAN_POINT ( 'NONE',  ( -3.800814430680420131, -0.5963626745333910906, 8.875000000000000000 ) ) ;
#2137 = VERTEX_POINT ( 'NONE', #1897 ) ;
#2138 = VERTEX_POINT ( 'NONE', #2282 ) ;
#2139 = CARTESIAN_POINT ( 'NONE',  ( -3.500814430680405209, -0.5963626745333910906, 10.75000000000000000 ) ) ;
#2140 = CARTESIAN_POINT ( 'NONE',  ( 2.399185569319609801, -0.5963626745333910906, 7.150000000000000355 ) ) ;
#2141 = CARTESIAN_POINT ( 'NONE',  ( -1.600814430680394862, 1.803637325466605157, 10.44999999999999929 ) ) ;
#2142 = ORIENTED_EDGE ( 'NONE', *, *, #2064, .T. ) ;
#2143 = EDGE_CURVE ( 'NONE', #3370, #2317, #983, .T. ) ;
#2144 = FILL_AREA_STYLE_COLOUR ( '', #1510 ) ;
#2145 = DIRECTION ( 'NONE',  ( 1.000000000000000000, 0.000000000000000000, 0.000000000000000000 ) ) ;
#2146 = ADVANCED_FACE ( 'NONE', ( #4378 ), #2607, .T. ) ;
#2147 = DIRECTION ( 'NONE',  ( 0.000000000000000000, 0.000000000000000000, -1.000000000000000000 ) ) ;
#2148 = ORIENTED_EDGE ( 'NONE', *, *, #3397, .F. ) ;
#2149 = DIRECTION ( 'NONE',  ( 4.690927745218299797E-16, -1.000000000000000000, -1.034763473209920030E-15 ) ) ;
#2150 = LINE ( 'NONE', #4564, #4136 ) ;
#2151 = DIRECTION ( 'NONE',  ( 0.000000000000000000, 0.000000000000000000, 1.000000000000000000 ) ) ;
#2152 = DIRECTION ( 'NONE',  ( 6.576496740845259399E-16, -1.000000000000000000, -1.034763473209920030E-15 ) ) ;
#2153 = ORIENTED_EDGE ( 'NONE', *, *, #1045, .T. ) ;
#2154 = LINE ( 'NONE', #1502, #3601 ) ;
#2155 = CARTESIAN_POINT ( 'NONE',  ( -3.300814430680400147, 4.103637325466439556, 8.398484541205560205 ) ) ;
#2156 = EDGE_CURVE ( 'NONE', #351, #1226, #4403, .T. ) ;
#2157 = ORIENTED_EDGE ( 'NONE', *, *, #2656, .T. ) ;
#2158 = DIRECTION ( 'NONE',  ( 0.000000000000000000, 0.000000000000000000, 1.000000000000000000 ) ) ;
#2159 = VERTEX_POINT ( 'NONE', #4053 ) ;
#2160 = DIRECTION ( 'NONE',  ( 1.000000000000000000, 6.938893903907150280E-15, 0.000000000000000000 ) ) ;
#2161 = ORIENTED_EDGE ( 'NONE', *, *, #3163, .F. ) ;
#2162 = EDGE_CURVE ( 'NONE', #1845, #2137, #3354, .T. ) ;
#2163 = FILL_AREA_STYLE ('',( #2144 ) ) ;
#2164 = EDGE_CURVE ( 'NONE', #1933, #4467, #2954, .T. ) ;
#2165 = CARTESIAN_POINT ( 'NONE',  ( 2.799185569319584843, -1.396362674533414117, 10.75000000000000000 ) ) ;
#2166 = ADVANCED_FACE ( 'NONE', ( #3381, #2213 ), #90, .F. ) ;
#2167 = CARTESIAN_POINT ( 'NONE',  ( 2.799185569319579958, -1.396362674533409898, 7.150000000000000355 ) ) ;
#2168 = CARTESIAN_POINT ( 'NONE',  ( 2.449185569319600297, 2.103637325466630070, 7.950000000000000178 ) ) ;
#2169 = LINE ( 'NONE', #1870, #2386 ) ;
#2170 = CARTESIAN_POINT ( 'NONE',  ( 2.099185569319594880, -0.5963626745333910906, 8.875000000000000000 ) ) ;
#2171 = ORIENTED_EDGE ( 'NONE', *, *, #655, .T. ) ;
#2172 = AXIS2_PLACEMENT_3D ( 'NONE', #2440, #1398, #2094 ) ;
#2173 = ORIENTED_EDGE ( 'NONE', *, *, #2597, .T. ) ;
#2174 = CARTESIAN_POINT ( 'NONE',  ( 3.349185569319625078, -4.846362674533409631, 8.650000000000000355 ) ) ;
#2175 = FACE_OUTER_BOUND ( 'NONE', #2970, .T. ) ;
#2176 = VECTOR ( 'NONE', #2128, 1000.000000000000000 ) ;
#2177 = VECTOR ( 'NONE', #1986, 1000.000000000000000 ) ;
#2178 = CARTESIAN_POINT ( 'NONE',  ( 2.099185569319594880, -0.5963626745333939771, 8.875000000000000000 ) ) ;
#2179 = EDGE_LOOP ( 'NONE', ( #116, #1858, #800, #825 ) ) ;
#2180 = VECTOR ( 'NONE', #837, 1000.000000000000000 ) ;
#2181 = LINE ( 'NONE', #3598, #698 ) ;
#2182 = ORIENTED_EDGE ( 'NONE', *, *, #4090, .T. ) ;
#2183 = VERTEX_POINT ( 'NONE', #3308 ) ;
#2184 = DIRECTION ( 'NONE',  ( 0.000000000000000000, 0.000000000000000000, 1.000000000000000000 ) ) ;
#2185 = ORIENTED_EDGE ( 'NONE', *, *, #3393, .F. ) ;
#2186 = ORIENTED_EDGE ( 'NONE', *, *, #4386, .T. ) ;
#2187 = LINE ( 'NONE', #4239, #3292 ) ;
#2188 = ADVANCED_FACE ( 'NONE', ( #1518 ), #1541, .F. ) ;
#2189 = LINE ( 'NONE', #2165, #1730 ) ;
#2190 = VECTOR ( 'NONE', #2103, 1000.000000000000000 ) ;
#2191 = CARTESIAN_POINT ( 'NONE',  ( 2.449185569319600297, 1.803637325466580066, 9.650000000000000355 ) ) ;
#2192 = CARTESIAN_POINT ( 'NONE',  ( 3.599185569319609979, -0.5963626745333939771, 6.850000000000000533 ) ) ;
#2193 = FACE_OUTER_BOUND ( 'NONE', #2529, .T. ) ;
#2194 = CARTESIAN_POINT ( 'NONE',  ( 2.849185569319595324, -1.696362674533425041, 10.75000000000000000 ) ) ;
#2195 = EDGE_CURVE ( 'NONE', #4573, #2137, #829, .T. ) ;
#2196 = VERTEX_POINT ( 'NONE', #3334 ) ;
#2197 = VERTEX_POINT ( 'NONE', #137 ) ;
#2198 = DIRECTION ( 'NONE',  ( 0.000000000000000000, 0.000000000000000000, 1.000000000000000000 ) ) ;
#2199 = DIRECTION ( 'NONE',  ( 6.576496740845259399E-16, -1.000000000000000000, -1.034763473209920030E-15 ) ) ;
#2200 = AXIS2_PLACEMENT_3D ( 'NONE', #2401, #3477, #2713 ) ;
#2201 = EDGE_CURVE ( 'NONE', #335, #105, #1242, .T. ) ;
#2202 = VECTOR ( 'NONE', #3007, 1000.000000000000000 ) ;
#2203 = DIRECTION ( 'NONE',  ( 0.000000000000000000, 1.000000000000000000, 0.000000000000000000 ) ) ;
#2204 = ORIENTED_EDGE ( 'NONE', *, *, #3312, .F. ) ;
#2205 = DIRECTION ( 'NONE',  ( 0.000000000000000000, -1.000000000000000000, 0.000000000000000000 ) ) ;
#2206 = EDGE_LOOP ( 'NONE', ( #2940, #714, #67, #4248, #4568, #2505, #1712, #945, #4345, #3918, #3840, #2471, #1130, #1162, #2870, #2308, #977, #3460 ) ) ;
#2207 = CARTESIAN_POINT ( 'NONE',  ( -2.400814430680424660, -1.396362674533391912, 10.75000000000000000 ) ) ;
#2208 = EDGE_LOOP ( 'NONE', ( #3726, #1636, #3122, #2884 ) ) ;
#2209 = LINE ( 'NONE', #3628, #4033 ) ;
#2210 = ORIENTED_EDGE ( 'NONE', *, *, #2253, .T. ) ;
#2211 = DIRECTION ( 'NONE',  ( 8.462065736472229849E-16, -1.000000000000000000, 0.000000000000000000 ) ) ;
#2212 = FACE_OUTER_BOUND ( 'NONE', #4051, .T. ) ;
#2213 = FACE_OUTER_BOUND ( 'NONE', #1300, .T. ) ;
#2214 = EDGE_CURVE ( 'NONE', #388, #611, #2631, .T. ) ;
#2215 = DIRECTION ( 'NONE',  ( -6.576496740845259399E-16, 1.000000000000000000, 1.034763473209920030E-15 ) ) ;
#2216 = DIRECTION ( 'NONE',  ( 0.000000000000000000, 1.000000000000000000, 1.301042606982615921E-16 ) ) ;
#2217 = CARTESIAN_POINT ( 'NONE',  ( 1.599185569319595102, 0.8036373254666079324, 8.875000000000000000 ) ) ;
#2218 = FACE_OUTER_BOUND ( 'NONE', #3419, .T. ) ;
#2219 = ORIENTED_EDGE ( 'NONE', *, *, #3365, .F. ) ;
#2220 = EDGE_LOOP ( 'NONE', ( #847, #2416, #1320, #2182 ) ) ;
#2221 = LINE ( 'NONE', #409, #2409 ) ;
#2222 = CARTESIAN_POINT ( 'NONE',  ( -0.9008144306804020118, 4.103637325466439556, 9.202074379691820738 ) ) ;
#2223 = EDGE_CURVE ( 'NONE', #1178, #819, #157, .T. ) ;
#2224 = VERTEX_POINT ( 'NONE', #4076 ) ;
#2225 = DIRECTION ( 'NONE',  ( 0.000000000000000000, -1.000000000000000000, 0.000000000000000000 ) ) ;
#2226 = EDGE_CURVE ( 'NONE', #1422, #2459, #2301, .T. ) ;
#2227 = EDGE_LOOP ( 'NONE', ( #2513, #4284, #3156, #2521 ) ) ;
#2228 = FACE_OUTER_BOUND ( 'NONE', #937, .T. ) ;
#2229 = VERTEX_POINT ( 'NONE', #1615 ) ;
#2230 = ORIENTED_EDGE ( 'NONE', *, *, #3529, .T. ) ;
#2231 = DIRECTION ( 'NONE',  ( 0.000000000000000000, -1.000000000000000000, 8.673617379884109428E-17 ) ) ;
#2232 = DIRECTION ( 'NONE',  ( 0.000000000000000000, -1.000000000000000000, 0.000000000000000000 ) ) ;
#2233 = CARTESIAN_POINT ( 'NONE',  ( -2.400814430680424660, -1.396362674533402126, 10.44999999999999929 ) ) ;
#2234 = CARTESIAN_POINT ( 'NONE',  ( -3.800814430680420131, -1.396362674533414117, 8.650000000000000355 ) ) ;
#2235 = LINE ( 'NONE', #860, #1804 ) ;
#2236 = LINE ( 'NONE', #1548, #1000 ) ;
#2237 = CARTESIAN_POINT ( 'NONE',  ( -3.550814430680409917, -0.5963626745333910906, 10.44999999999999929 ) ) ;
#2238 = ORIENTED_EDGE ( 'NONE', *, *, #969, .F. ) ;
#2239 = CARTESIAN_POINT ( 'NONE',  ( -1.250814430680396105, 2.103637325466630070, 9.650000000000000355 ) ) ;
#2240 = CARTESIAN_POINT ( 'NONE',  ( 2.299185569319600386, -0.1963626745335524948, 9.548484541205560561 ) ) ;
#2241 = CYLINDRICAL_SURFACE ( 'NONE', #4334, 1.906250000000000000 ) ;
#2242 = VECTOR ( 'NONE', #2231, 1000.000000000000000 ) ;
#2243 = CIRCLE ( 'NONE', #3659, 0.4999999999999939493 ) ;
#2244 = EDGE_CURVE ( 'NONE', #2526, #3852, #1634, .T. ) ;
#2245 = ADVANCED_FACE ( 'NONE', ( #2728 ), #4532, .F. ) ;
#2246 = CARTESIAN_POINT ( 'NONE',  ( 4.399185569319589817, 2.103637325466629626, 7.150000000000000355 ) ) ;
#2247 = ORIENTED_EDGE ( 'NONE', *, *, #2109, .T. ) ;
#2248 = CARTESIAN_POINT ( 'NONE',  ( -3.300814430680400147, -0.3963626745335479540, 9.548484541205560561 ) ) ;
#2249 = VERTEX_POINT ( 'NONE', #1352 ) ;
#2250 = VECTOR ( 'NONE', #1987, 1000.000000000000000 ) ;
#2251 = VECTOR ( 'NONE', #1372, 1000.000000000000000 ) ;
#2252 = DIRECTION ( 'NONE',  ( 0.000000000000000000, 0.000000000000000000, -1.000000000000000000 ) ) ;
#2253 = EDGE_CURVE ( 'NONE', #432, #660, #552, .T. ) ;
#2254 = VECTOR ( 'NONE', #1257, 1000.000000000000000 ) ;
#2255 = VECTOR ( 'NONE', #2585, 1000.000000000000000 ) ;
#2256 = ORIENTED_EDGE ( 'NONE', *, *, #1290, .T. ) ;
#2257 = FACE_OUTER_BOUND ( 'NONE', #3300, .T. ) ;
#2258 = ORIENTED_EDGE ( 'NONE', *, *, #1896, .F. ) ;
#2259 = EDGE_LOOP ( 'NONE', ( #2629, #3395, #207, #718 ) ) ;
#2260 = LINE ( 'NONE', #4327, #85 ) ;
#2261 = CARTESIAN_POINT ( 'NONE',  ( 2.699185569319585198, -1.396362674533414117, 8.650000000000000355 ) ) ;
#2262 = DIRECTION ( 'NONE',  ( -1.000000000000000000, 0.000000000000000000, 0.000000000000000000 ) ) ;
#2263 = DIRECTION ( 'NONE',  ( 1.000000000000000000, 0.000000000000000000, 0.000000000000000000 ) ) ;
#2264 = CYLINDRICAL_SURFACE ( 'NONE', #1209, 0.2000000000000005107 ) ;
#2265 = VECTOR ( 'NONE', #1553, 1000.000000000000000 ) ;
#2266 = PLANE ( 'NONE',  #1875 ) ;
#2267 = VERTEX_POINT ( 'NONE', #4145 ) ;
#2268 = DIRECTION ( 'NONE',  ( -1.000000000000000000, 0.000000000000000000, 0.000000000000000000 ) ) ;
#2269 = DIRECTION ( 'NONE',  ( 0.000000000000000000, 0.000000000000000000, 1.000000000000000000 ) ) ;
#2270 = DIRECTION ( 'NONE',  ( 1.000000000000000000, 0.000000000000000000, 0.000000000000000000 ) ) ;
#2271 = VECTOR ( 'NONE', #4132, 1000.000000000000000 ) ;
#2272 = ADVANCED_FACE ( 'NONE', ( #4452 ), #2765, .F. ) ;
#2273 = AXIS2_PLACEMENT_3D ( 'NONE', #1573, #4392, #2919 ) ;
#2274 = ORIENTED_EDGE ( 'NONE', *, *, #210, .F. ) ;
#2275 = ORIENTED_EDGE ( 'NONE', *, *, #934, .T. ) ;
#2276 = VERTEX_POINT ( 'NONE', #1262 ) ;
#2277 = CARTESIAN_POINT ( 'NONE',  ( -0.4008144306804075074, -0.5963626745333910906, 8.724999999999999645 ) ) ;
#2278 = EDGE_CURVE ( 'NONE', #871, #4182, #252, .T. ) ;
#2279 = EDGE_LOOP ( 'NONE', ( #4462, #2080, #1034, #2697 ) ) ;
#2280 = ORIENTED_EDGE ( 'NONE', *, *, #4437, .T. ) ;
#2281 = CARTESIAN_POINT ( 'NONE',  ( 3.599185569319594880, -0.5963626745333939771, 7.200000000000000178 ) ) ;
#2282 = CARTESIAN_POINT ( 'NONE',  ( -1.200814430680422040, -1.396362674533414117, 6.850000000000000533 ) ) ;
#2283 = CARTESIAN_POINT ( 'NONE',  ( -3.300814430680400147, 1.603637325466445107, 7.398484541205560205 ) ) ;
#2284 = DIRECTION ( 'NONE',  ( 0.000000000000000000, 1.000000000000000000, 0.000000000000000000 ) ) ;
#2285 = DIRECTION ( 'NONE',  ( 0.000000000000000000, 0.000000000000000000, -1.000000000000000000 ) ) ;
#2286 = LINE ( 'NONE', #3705, #2944 ) ;
#2287 = DIRECTION ( 'NONE',  ( -8.756236532002660124E-31, 1.034763473209920030E-15, -1.000000000000000000 ) ) ;
#2288 = EDGE_CURVE ( 'NONE', #3725, #3905, #4190, .T. ) ;
#2289 = ORIENTED_EDGE ( 'NONE', *, *, #2617, .T. ) ;
#2290 = DIRECTION ( 'NONE',  ( -0.8944271909999013115, 0.4472135954999871266, 0.000000000000000000 ) ) ;
#2291 = CARTESIAN_POINT ( 'NONE',  ( -3.500814430680379896, -0.5963626745333910906, 7.200000000000000178 ) ) ;
#2292 = DIRECTION ( 'NONE',  ( 0.000000000000000000, 0.000000000000000000, -1.000000000000000000 ) ) ;
#2293 = ORIENTED_EDGE ( 'NONE', *, *, #1513, .F. ) ;
#2294 = VERTEX_POINT ( 'NONE', #2024 ) ;
#2295 = ORIENTED_EDGE ( 'NONE', *, *, #4295, .F. ) ;
#2296 = LINE ( 'NONE', #3715, #2624 ) ;
#2297 = ADVANCED_FACE ( 'NONE', ( #1679 ), #994, .T. ) ;
#2298 = ORIENTED_EDGE ( 'NONE', *, *, #4129, .T. ) ;
#2299 = ORIENTED_EDGE ( 'NONE', *, *, #4386, .F. ) ;
#2300 = DIRECTION ( 'NONE',  ( -1.000000000000000000, 0.000000000000000000, 0.000000000000000000 ) ) ;
#2301 = LINE ( 'NONE', #3719, #3366 ) ;
#2302 = VERTEX_POINT ( 'NONE', #4095 ) ;
#2303 = EDGE_CURVE ( 'NONE', #3131, #880, #1331, .T. ) ;
#2304 = EDGE_CURVE ( 'NONE', #4087, #1386, #3489, .T. ) ;
#2305 = CARTESIAN_POINT ( 'NONE',  ( 2.449185569319600297, -1.796362674533380055, 7.950000000000000178 ) ) ;
#2306 = CARTESIAN_POINT ( 'NONE',  ( 3.349185569319625078, -1.696362674533404835, 8.949999999999999289 ) ) ;
#2307 = FACE_OUTER_BOUND ( 'NONE', #3855, .T. ) ;
#2308 = ORIENTED_EDGE ( 'NONE', *, *, #4426, .F. ) ;
#2309 = EDGE_CURVE ( 'NONE', #4069, #1386, #296, .T. ) ;
#2310 = ORIENTED_EDGE ( 'NONE', *, *, #882, .T. ) ;
#2311 = PLANE ( 'NONE',  #1673 ) ;
#2312 = CARTESIAN_POINT ( 'NONE',  ( 4.699185569319600297, 1.584022083195969932, 10.44999999999999929 ) ) ;
#2313 = PLANE ( 'NONE',  #4112 ) ;
#2314 = ORIENTED_EDGE ( 'NONE', *, *, #2085, .T. ) ;
#2315 = CARTESIAN_POINT ( 'NONE',  ( -1.500814430680410094, -1.396362674533414117, 8.949999999999999289 ) ) ;
#2316 = ORIENTED_EDGE ( 'NONE', *, *, #4446, .F. ) ;
#2317 = VERTEX_POINT ( 'NONE', #3467 ) ;
#2318 = LINE ( 'NONE', #2084, #1220 ) ;
#2319 = VECTOR ( 'NONE', #2348, 1000.000000000000000 ) ;
#2320 = VECTOR ( 'NONE', #3258, 1000.000000000000000 ) ;
#2321 = MECHANICAL_DESIGN_GEOMETRIC_PRESENTATION_REPRESENTATION (  '', ( #24 ), #2546 ) ;
#2322 = VERTEX_POINT ( 'NONE', #4470 ) ;
#2323 = AXIS2_PLACEMENT_3D ( 'NONE', #2583, #2604, #1893 ) ;
#2324 = ORIENTED_EDGE ( 'NONE', *, *, #559, .F. ) ;
#2325 = CARTESIAN_POINT ( 'NONE',  ( -0.4008144306804075074, -0.5963626745333939771, 8.875000000000000000 ) ) ;
#2326 = CARTESIAN_POINT ( 'NONE',  ( -1.500814430680410094, -1.396362674533414117, 8.650000000000000355 ) ) ;
#2327 = VECTOR ( 'NONE', #3160, 1000.000000000000000 ) ;
#2328 = VECTOR ( 'NONE', #566, 1000.000000000000000 ) ;
#2329 = DIRECTION ( 'NONE',  ( 1.000000000000000000, 8.462065736472229849E-16, 0.000000000000000000 ) ) ;
#2330 = CARTESIAN_POINT ( 'NONE',  ( -2.300814430680420131, -1.396362674533414117, 8.650000000000000355 ) ) ;
#2331 = DIRECTION ( 'NONE',  ( 0.000000000000000000, 0.000000000000000000, -1.000000000000000000 ) ) ;
#2332 = EDGE_CURVE ( 'NONE', #1539, #1948, #4123, .T. ) ;
#2333 = VERTEX_POINT ( 'NONE', #2326 ) ;
#2334 = FACE_OUTER_BOUND ( 'NONE', #4167, .T. ) ;
#2335 = CARTESIAN_POINT ( 'NONE',  ( -1.200814430680416045, -0.5963626745333939771, 6.850000000000000533 ) ) ;
#2336 = CARTESIAN_POINT ( 'NONE',  ( -2.900814430680410005, 0.8036373254666079324, 8.724999999999999645 ) ) ;
#2337 = ORIENTED_EDGE ( 'NONE', *, *, #2090, .F. ) ;
#2338 = VECTOR ( 'NONE', #2432, 1000.000000000000114 ) ;
#2339 = EDGE_LOOP ( 'NONE', ( #4388, #3830 ) ) ;
#2340 = EDGE_CURVE ( 'NONE', #1539, #2441, #1701, .T. ) ;
#2341 = VECTOR ( 'NONE', #4570, 1000.000000000000000 ) ;
#2342 = ORIENTED_EDGE ( 'NONE', *, *, #4240, .T. ) ;
#2343 = ORIENTED_EDGE ( 'NONE', *, *, #4329, .T. ) ;
#2344 = DIRECTION ( 'NONE',  ( 0.000000000000000000, 0.000000000000000000, -1.000000000000000000 ) ) ;
#2345 = DIRECTION ( 'NONE',  ( 6.576496740845259399E-16, -1.000000000000000000, -1.034763473209920030E-15 ) ) ;
#2346 = VECTOR ( 'NONE', #980, 999.9999999999998863 ) ;
#2347 = VECTOR ( 'NONE', #3356, 1000.000000000000000 ) ;
#2348 = DIRECTION ( 'NONE',  ( 0.000000000000000000, -1.000000000000000000, 0.000000000000000000 ) ) ;
#2349 = CARTESIAN_POINT ( 'NONE',  ( -1.200814430680401834, -1.396362674533391912, 10.75000000000000000 ) ) ;
#2350 = FACE_OUTER_BOUND ( 'NONE', #2788, .T. ) ;
#2351 = EDGE_CURVE ( 'NONE', #3558, #2795, #209, .T. ) ;
#2352 = ORIENTED_EDGE ( 'NONE', *, *, #2162, .T. ) ;
#2353 = CARTESIAN_POINT ( 'NONE',  ( 2.399185569319609801, -1.396362674533399906, 10.75000000000000000 ) ) ;
#2354 = LINE ( 'NONE', #2335, #702 ) ;
#2355 = LINE ( 'NONE', #3088, #3446 ) ;
#2356 = EDGE_CURVE ( 'NONE', #1333, #3020, #3347, .T. ) ;
#2357 = ORIENTED_EDGE ( 'NONE', *, *, #201, .T. ) ;
#2358 = DIRECTION ( 'NONE',  ( 1.000000000000000000, 0.000000000000000000, 0.000000000000000000 ) ) ;
#2359 = ORIENTED_EDGE ( 'NONE', *, *, #357, .T. ) ;
#2360 = EDGE_CURVE ( 'NONE', #3794, #2249, #2005, .T. ) ;
#2361 = EDGE_CURVE ( 'NONE', #408, #2861, #4492, .T. ) ;
#2362 = VERTEX_POINT ( 'NONE', #3535 ) ;
#2363 = CARTESIAN_POINT ( 'NONE',  ( 4.699185569319590527, 1.803637325466620034, 7.200000000000000178 ) ) ;
#2364 = ORIENTED_EDGE ( 'NONE', *, *, #4140, .F. ) ;
#2365 = DIRECTION ( 'NONE',  ( -1.000000000000000000, 0.000000000000000000, 1.306267677693377823E-17 ) ) ;
#2366 = DIRECTION ( 'NONE',  ( 0.000000000000000000, 0.000000000000000000, -1.000000000000000000 ) ) ;
#2367 = EDGE_LOOP ( 'NONE', ( #592, #3696, #4529, #3524 ) ) ;
#2368 = FACE_OUTER_BOUND ( 'NONE', #1972, .T. ) ;
#2369 = ORIENTED_EDGE ( 'NONE', *, *, #1830, .T. ) ;
#2370 = DIRECTION ( 'NONE',  ( -1.000000000000000000, 0.000000000000000000, 0.000000000000000000 ) ) ;
#2371 = CARTESIAN_POINT ( 'NONE',  ( -0.4008144306804075074, 0.8036373254666079324, 8.724999999999999645 ) ) ;
#2372 = DIRECTION ( 'NONE',  ( 0.000000000000000000, 0.000000000000000000, 1.000000000000000000 ) ) ;
#2373 = DIRECTION ( 'NONE',  ( 0.000000000000000000, -1.000000000000000000, 0.000000000000000000 ) ) ;
#2374 = EDGE_LOOP ( 'NONE', ( #1104, #3108, #2238, #4037 ) ) ;
#2375 = CARTESIAN_POINT ( 'NONE',  ( -0.9008144306804080070, -0.5963626745333910906, 8.724999999999999645 ) ) ;
#2376 = CARTESIAN_POINT ( 'NONE',  ( -3.800814430680420131, -0.5963626745333910906, 8.724999999999999645 ) ) ;
#2377 = CARTESIAN_POINT ( 'NONE',  ( -3.800814430680420131, 0.8036373254666079324, 8.724999999999999645 ) ) ;
#2378 = ORIENTED_EDGE ( 'NONE', *, *, #1368, .F. ) ;
#2379 = CARTESIAN_POINT ( 'NONE',  ( -3.500814430680405209, -0.5963626745333910906, 10.44999999999999929 ) ) ;
#2380 = CARTESIAN_POINT ( 'NONE',  ( -2.400814430680399791, -0.5963626745333910906, 10.75000000000000000 ) ) ;
#2381 = ORIENTED_EDGE ( 'NONE', *, *, #1263, .F. ) ;
#2382 = EDGE_CURVE ( 'NONE', #2197, #1369, #1793, .T. ) ;
#2383 = ADVANCED_FACE ( 'NONE', ( #1472 ), #2533, .F. ) ;
#2384 = EDGE_LOOP ( 'NONE', ( #3872, #3432, #195, #3434 ) ) ;
#2385 = ORIENTED_EDGE ( 'NONE', *, *, #882, .F. ) ;
#2386 = VECTOR ( 'NONE', #1521, 1000.000000000000000 ) ;
#2387 = PLANE ( 'NONE',  #2841 ) ;
#2388 = DIRECTION ( 'NONE',  ( 0.000000000000000000, 1.000000000000000000, 0.000000000000000000 ) ) ;
#2389 = ADVANCED_FACE ( 'NONE', ( #3169 ), #3576, .F. ) ;
#2390 = AXIS2_PLACEMENT_3D ( 'NONE', #279, #1989, #4495 ) ;
#2391 = VECTOR ( 'NONE', #2203, 1000.000000000000000 ) ;
#2392 = ORIENTED_EDGE ( 'NONE', *, *, #1856, .F. ) ;
#2393 = CARTESIAN_POINT ( 'NONE',  ( 2.399185569319609801, -0.5963626745333939771, 10.75000000000000000 ) ) ;
#2394 = FACE_OUTER_BOUND ( 'NONE', #2922, .T. ) ;
#2395 = AXIS2_PLACEMENT_3D ( 'NONE', #487, #2930, #1189 ) ;
#2396 = AXIS2_PLACEMENT_3D ( 'NONE', #3464, #946, #894 ) ;
#2397 = VECTOR ( 'NONE', #204, 1000.000000000000000 ) ;
#2398 = CIRCLE ( 'NONE', #2108, 0.2999999999999999334 ) ;
#2399 = ORIENTED_EDGE ( 'NONE', *, *, #1743, .T. ) ;
#2400 = DIRECTION ( 'NONE',  ( 0.000000000000000000, 0.000000000000000000, -1.000000000000000000 ) ) ;
#2401 = CARTESIAN_POINT ( 'NONE',  ( -3.800814430680420131, -1.396362674533414117, 10.75000000000000000 ) ) ;
#2402 = CARTESIAN_POINT ( 'NONE',  ( 2.299185569319600386, -0.1963626745335524948, 9.248484541205561626 ) ) ;
#2403 = CARTESIAN_POINT ( 'NONE',  ( 2.399185569319609801, -1.396362674533409898, 10.75000000000000000 ) ) ;
#2404 = CARTESIAN_POINT ( 'NONE',  ( -2.300814430680420131, -1.396362674533414117, 8.650000000000000355 ) ) ;
#2405 = ORIENTED_EDGE ( 'NONE', *, *, #1288, .F. ) ;
#2406 = CARTESIAN_POINT ( 'NONE',  ( 2.799185569319575073, -1.596362674533384984, 10.75000000000000000 ) ) ;
#2407 = ORIENTED_EDGE ( 'NONE', *, *, #4558, .F. ) ;
#2408 = EDGE_CURVE ( 'NONE', #388, #524, #2438, .T. ) ;
#2409 = VECTOR ( 'NONE', #1089, 1000.000000000000000 ) ;
#2410 = DIRECTION ( 'NONE',  ( 0.000000000000000000, -1.000000000000000000, -1.301042606982615921E-16 ) ) ;
#2411 = VERTEX_POINT ( 'NONE', #4577 ) ;
#2412 = LINE ( 'NONE', #1283, #168 ) ;
#2413 = DIRECTION ( 'NONE',  ( 0.000000000000000000, 1.000000000000000000, 0.000000000000000000 ) ) ;
#2414 = ADVANCED_FACE ( 'NONE', ( #4599 ), #1043, .F. ) ;
#2415 = AXIS2_PLACEMENT_3D ( 'NONE', #3234, #43, #1468 ) ;
#2416 = ORIENTED_EDGE ( 'NONE', *, *, #4049, .T. ) ;
#2417 = FACE_OUTER_BOUND ( 'NONE', #1718, .T. ) ;
#2418 = PLANE ( 'NONE',  #2390 ) ;
#2419 = CARTESIAN_POINT ( 'NONE',  ( -1.250814430680396105, -1.796362674533384940, 7.950000000000000178 ) ) ;
#2420 = AXIS2_PLACEMENT_3D ( 'NONE', #3889, #2145, #1402 ) ;
#2421 = VERTEX_POINT ( 'NONE', #4556 ) ;
#2422 = DIRECTION ( 'NONE',  ( 6.576496740845259399E-16, -1.000000000000000000, -1.034763473209920030E-15 ) ) ;
#2423 = EDGE_CURVE ( 'NONE', #4047, #2276, #1356, .T. ) ;
#2424 = ORIENTED_EDGE ( 'NONE', *, *, #4453, .T. ) ;
#2425 = CARTESIAN_POINT ( 'NONE',  ( -3.700814430680420486, -0.5963626745333939771, 6.850000000000000533 ) ) ;
#2426 = LINE ( 'NONE', #3848, #4212 ) ;
#2427 = DIRECTION ( 'NONE',  ( 1.000000000000000000, 0.000000000000000000, 0.000000000000000000 ) ) ;
#2428 = DIRECTION ( 'NONE',  ( 0.000000000000000000, 0.000000000000000000, -1.000000000000000000 ) ) ;
#2429 = ORIENTED_EDGE ( 'NONE', *, *, #798, .T. ) ;
#2430 = DIRECTION ( 'NONE',  ( 0.000000000000000000, 0.000000000000000000, 1.000000000000000000 ) ) ;
#2431 = ORIENTED_EDGE ( 'NONE', *, *, #3898, .T. ) ;
#2432 = DIRECTION ( 'NONE',  ( 0.6546536707079767536, -0.3779644730092319160, 0.6546536707079747552 ) ) ;
#2433 = DIRECTION ( 'NONE',  ( 5.695413245477563371E-16, -0.8660254037844390407, 0.4999999999999995004 ) ) ;
#2434 = CARTESIAN_POINT ( 'NONE',  ( 1.449185569319590083, -0.5963626745333939771, 10.75000000000000000 ) ) ;
#2435 = ORIENTED_EDGE ( 'NONE', *, *, #2408, .T. ) ;
#2436 = ORIENTED_EDGE ( 'NONE', *, *, #3505, .F. ) ;
#2437 = PLANE ( 'NONE',  #3441 ) ;
#2438 = LINE ( 'NONE', #2814, #4185 ) ;
#2439 = ORIENTED_EDGE ( 'NONE', *, *, #75, .F. ) ;
#2440 = CARTESIAN_POINT ( 'NONE',  ( -3.400814430680390021, 1.803637325466625141, 5.400000000000000355 ) ) ;
#2441 = VERTEX_POINT ( 'NONE', #2463 ) ;
#2442 = DIRECTION ( 'NONE',  ( 0.000000000000000000, 1.000000000000000000, 0.000000000000000000 ) ) ;
#2443 = DIRECTION ( 'NONE',  ( 0.000000000000000000, 0.000000000000000000, -1.000000000000000000 ) ) ;
#2444 = ADVANCED_FACE ( 'NONE', ( #3883 ), #2515, .T. ) ;
#2445 = VERTEX_POINT ( 'NONE', #1074 ) ;
#2446 = EDGE_CURVE ( 'NONE', #3304, #4215, #3933, .T. ) ;
#2447 = DIRECTION ( 'NONE',  ( -1.000000000000000000, 0.000000000000000000, 0.000000000000000000 ) ) ;
#2448 = VERTEX_POINT ( 'NONE', #2489 ) ;
#2449 = DIRECTION ( 'NONE',  ( 1.000000000000000000, 6.576496740845259399E-16, -1.951117922891894856E-31 ) ) ;
#2450 = FACE_OUTER_BOUND ( 'NONE', #2488, .T. ) ;
#2451 = CARTESIAN_POINT ( 'NONE',  ( -1.900814430680410005, -6.146362674533370374, 6.850000000000000533 ) ) ;
#2452 = PLANE ( 'NONE',  #1514 ) ;
#2453 = EDGE_CURVE ( 'NONE', #1910, #1647, #2886, .T. ) ;
#2454 = EDGE_LOOP ( 'NONE', ( #2620, #4073, #3335, #1626, #2857, #2947, #1937, #2280, #4543, #367, #4443, #4490 ) ) ;
#2455 = DIRECTION ( 'NONE',  ( 0.000000000000000000, 0.000000000000000000, 1.000000000000000000 ) ) ;
#2456 = ORIENTED_EDGE ( 'NONE', *, *, #119, .T. ) ;
#2457 = LINE ( 'NONE', #4569, #2716 ) ;
#2458 = DIRECTION ( 'NONE',  ( 0.000000000000000000, -1.000000000000000000, 0.000000000000000000 ) ) ;
#2459 = VERTEX_POINT ( 'NONE', #709 ) ;
#2460 = CARTESIAN_POINT ( 'NONE',  ( -3.800814430680420131, -1.396362674533414117, 7.150000000000000355 ) ) ;
#2461 = ORIENTED_EDGE ( 'NONE', *, *, #3904, .F. ) ;
#2462 = DIRECTION ( 'NONE',  ( 0.000000000000000000, 1.000000000000000000, 0.000000000000000000 ) ) ;
#2463 = CARTESIAN_POINT ( 'NONE',  ( -3.300814430680400147, -0.1963626745335559920, 9.248484541205561626 ) ) ;
#2464 = FACE_OUTER_BOUND ( 'NONE', #1925, .T. ) ;
#2465 = CARTESIAN_POINT ( 'NONE',  ( -2.400814430680399791, -0.5963626745333910906, 6.850000000000000533 ) ) ;
#2466 = CYLINDRICAL_SURFACE ( 'NONE', #1010, 0.4999999999999939493 ) ;
#2467 = VECTOR ( 'NONE', #2125, 1000.000000000000000 ) ;
#2468 = VECTOR ( 'NONE', #94, 1000.000000000000000 ) ;
#2469 = VERTEX_POINT ( 'NONE', #2093 ) ;
#2470 = VECTOR ( 'NONE', #597, 1000.000000000000000 ) ;
#2471 = ORIENTED_EDGE ( 'NONE', *, *, #3422, .F. ) ;
#2472 = VECTOR ( 'NONE', #4451, 1000.000000000000000 ) ;
#2473 = LINE ( 'NONE', #3543, #2097 ) ;
#2474 = CARTESIAN_POINT ( 'NONE',  ( 2.449185569319600297, -1.796362674533384940, 9.650000000000000355 ) ) ;
#2475 = CARTESIAN_POINT ( 'NONE',  ( 3.599185569319609979, -1.396362674533391912, 10.75000000000000000 ) ) ;
#2476 = LINE ( 'NONE', #1384, #399 ) ;
#2477 = EDGE_CURVE ( 'NONE', #2043, #44, #734, .T. ) ;
#2478 = VECTOR ( 'NONE', #1955, 1000.000000000000000 ) ;
#2479 = VECTOR ( 'NONE', #1783, 1000.000000000000000 ) ;
#2480 = CARTESIAN_POINT ( 'NONE',  ( 4.699185569319579869, 1.584022083195974817, 7.200000000000000178 ) ) ;
#2481 = VERTEX_POINT ( 'NONE', #2140 ) ;
#2482 = CARTESIAN_POINT ( 'NONE',  ( -1.600814430680394862, -1.596362674533389869, 10.75000000000000000 ) ) ;
#2483 = CARTESIAN_POINT ( 'NONE',  ( -3.800814430680420131, -1.396362674533414117, 7.150000000000000355 ) ) ;
#2484 = EDGE_CURVE ( 'NONE', #2118, #2117, #3554, .T. ) ;
#2485 = ORIENTED_EDGE ( 'NONE', *, *, #2611, .T. ) ;
#2486 = DIRECTION ( 'NONE',  ( 0.000000000000000000, 0.000000000000000000, -1.000000000000000000 ) ) ;
#2487 = ADVANCED_FACE ( 'NONE', ( #1373 ), #3948, .F. ) ;
#2488 = EDGE_LOOP ( 'NONE', ( #2584, #1337, #2856, #2801, #3440, #3821 ) ) ;
#2489 = CARTESIAN_POINT ( 'NONE',  ( -0.4008144306804075074, -0.5963626745333939771, 8.724999999999999645 ) ) ;
#2490 = CIRCLE ( 'NONE', #2860, 1.906250000000000000 ) ;
#2491 = ORIENTED_EDGE ( 'NONE', *, *, #1460, .F. ) ;
#2492 = DIRECTION ( 'NONE',  ( 0.000000000000000000, 0.000000000000000000, 1.000000000000000000 ) ) ;
#2493 = DIRECTION ( 'NONE',  ( 8.756236532002660124E-31, -1.034763473209920030E-15, 1.000000000000000000 ) ) ;
#2494 = CARTESIAN_POINT ( 'NONE',  ( -1.900814430680410005, -4.846362674533409631, 8.650000000000000355 ) ) ;
#2495 = MECHANICAL_DESIGN_GEOMETRIC_PRESENTATION_REPRESENTATION (  '', ( #1237 ), #4571 ) ;
#2496 = AXIS2_PLACEMENT_3D ( 'NONE', #103, #2199, #3297 ) ;
#2497 = DIRECTION ( 'NONE',  ( 0.000000000000000000, 3.252606517456518824E-15, -1.000000000000000000 ) ) ;
#2498 = ORIENTED_EDGE ( 'NONE', *, *, #3248, .T. ) ;
#2499 = PLANE ( 'NONE',  #604 ) ;
#2500 = CARTESIAN_POINT ( 'NONE',  ( -3.300814430680400147, -0.3963626745335445123, 7.398484541205560205 ) ) ;
#2501 = CARTESIAN_POINT ( 'NONE',  ( 4.099185569319585554, -0.5963626745333910906, 10.75000000000000000 ) ) ;
#2502 = EDGE_CURVE ( 'NONE', #4595, #3941, #756, .T. ) ;
#2503 = DIRECTION ( 'NONE',  ( 1.000000000000000000, 8.462065736472229849E-16, 0.000000000000000000 ) ) ;
#2504 = VECTOR ( 'NONE', #2798, 1000.000000000000000 ) ;
#2505 = ORIENTED_EDGE ( 'NONE', *, *, #2929, .F. ) ;
#2506 = CLOSED_SHELL ( 'NONE', ( #3876, #3820, #1734, #3757, #228, #2739, #3923, #1952, #3272, #1197, #1774, #1543, #1742, #3779, #2414, #1319, #3084, #849, #59, #1033, #2188, #1426, #2444, #1686, #2853 ) ) ;
#2507 = ORIENTED_EDGE ( 'NONE', *, *, #2502, .F. ) ;
#2508 = CARTESIAN_POINT ( 'NONE',  ( -3.800814430680420131, -1.396362674533414117, 6.850000000000000533 ) ) ;
#2509 = EDGE_CURVE ( 'NONE', #105, #4536, #394, .T. ) ;
#2510 = EDGE_CURVE ( 'NONE', #3623, #358, #680, .T. ) ;
#2511 = EDGE_LOOP ( 'NONE', ( #2722, #1516, #4422, #1817, #1674, #4400, #2810, #794, #294, #1058, #921, #1822, #1172, #135 ) ) ;
#2512 = FACE_OUTER_BOUND ( 'NONE', #4373, .T. ) ;
#2513 = ORIENTED_EDGE ( 'NONE', *, *, #2676, .F. ) ;
#2514 = CARTESIAN_POINT ( 'NONE',  ( -1.250814430680396105, 2.103637325466630070, 9.650000000000000355 ) ) ;
#2515 = PLANE ( 'NONE',  #4118 ) ;
#2516 = EDGE_CURVE ( 'NONE', #1137, #883, #1935, .T. ) ;
#2517 = DIRECTION ( 'NONE',  ( -8.462065736472229849E-16, 1.000000000000000000, 0.000000000000000000 ) ) ;
#2518 = ORIENTED_EDGE ( 'NONE', *, *, #1378, .T. ) ;
#2519 = PLANE ( 'NONE',  #3885 ) ;
#2520 = DIRECTION ( 'NONE',  ( 0.8944271909999056414, 0.4472135954999783003, 0.000000000000000000 ) ) ;
#2521 = ORIENTED_EDGE ( 'NONE', *, *, #2955, .T. ) ;
#2522 = DIRECTION ( 'NONE',  ( 0.000000000000000000, 0.000000000000000000, -1.000000000000000000 ) ) ;
#2523 = LINE ( 'NONE', #2168, #3247 ) ;
#2524 = DIRECTION ( 'NONE',  ( 0.000000000000000000, -1.000000000000000000, 8.673617379884109428E-17 ) ) ;
#2525 = CARTESIAN_POINT ( 'NONE',  ( -1.200814430680416045, -1.396362674533414117, 10.75000000000000000 ) ) ;
#2526 = VERTEX_POINT ( 'NONE', #4320 ) ;
#2527 = DIRECTION ( 'NONE',  ( 0.000000000000000000, 1.000000000000000000, 0.000000000000000000 ) ) ;
#2528 = CARTESIAN_POINT ( 'NONE',  ( -3.800814430680420131, -1.396362674533414117, 8.949999999999999289 ) ) ;
#2529 = EDGE_LOOP ( 'NONE', ( #3442, #1677, #2274, #3414 ) ) ;
#2530 = DIRECTION ( 'NONE',  ( -1.000000000000000000, 2.891205793294677044E-15, 0.000000000000000000 ) ) ;
#2531 = ORIENTED_EDGE ( 'NONE', *, *, #3538, .T. ) ;
#2532 = LINE ( 'NONE', #1042, #2251 ) ;
#2533 = PLANE ( 'NONE',  #2033 ) ;
#2534 = ADVANCED_FACE ( 'NONE', ( #1861 ), #131, .F. ) ;
#2535 = CARTESIAN_POINT ( 'NONE',  ( -1.250814430680401879, 4.103637325466450214, 3.948484541205564913 ) ) ;
#2536 = ORIENTED_EDGE ( 'NONE', *, *, #598, .T. ) ;
#2537 = LINE ( 'NONE', #3953, #1440 ) ;
#2538 = PLANE ( 'NONE',  #1583 ) ;
#2539 = EDGE_CURVE ( 'NONE', #1940, #1551, #3302, .T. ) ;
#2540 = LINE ( 'NONE', #4310, #824 ) ;
#2541 = CARTESIAN_POINT ( 'NONE',  ( -1.250814430680396105, -1.796362674533384940, 7.950000000000000178 ) ) ;
#2542 = CARTESIAN_POINT ( 'NONE',  ( 2.099185569319594880, -0.5963626745333910906, 8.724999999999999645 ) ) ;
#2543 = ADVANCED_FACE ( 'NONE', ( #3350 ), #1236, .F. ) ;
#2544 = AXIS2_PLACEMENT_3D ( 'NONE', #359, #2215, #1759 ) ;
#2545 = FACE_OUTER_BOUND ( 'NONE', #429, .T. ) ;
#2546 =( GEOMETRIC_REPRESENTATION_CONTEXT ( 3 ) GLOBAL_UNCERTAINTY_ASSIGNED_CONTEXT ( ( #869 ) ) GLOBAL_UNIT_ASSIGNED_CONTEXT ( ( #1401, #3213, #689 ) ) REPRESENTATION_CONTEXT ( 'NONE', 'WORKASPACE' ) );
#2547 = VECTOR ( 'NONE', #3000, 1000.000000000000000 ) ;
#2548 = ORIENTED_EDGE ( 'NONE', *, *, #3136, .T. ) ;
#2549 = CARTESIAN_POINT ( 'NONE',  ( 2.399185569319574718, -1.396362674533391912, 6.850000000000000533 ) ) ;
#2550 = DIRECTION ( 'NONE',  ( 0.000000000000000000, -1.000000000000000000, 0.000000000000000000 ) ) ;
#2551 = VECTOR ( 'NONE', #123, 1000.000000000000000 ) ;
#2552 = VECTOR ( 'NONE', #3400, 1000.000000000000000 ) ;
#2553 = CARTESIAN_POINT ( 'NONE',  ( -3.800814430680420131, -1.396362674533414117, 8.949999999999999289 ) ) ;
#2554 = ORIENTED_EDGE ( 'NONE', *, *, #3163, .T. ) ;
#2555 = AXIS2_PLACEMENT_3D ( 'NONE', #1996, #2665, #1201 ) ;
#2556 = FACE_OUTER_BOUND ( 'NONE', #2046, .T. ) ;
#2557 = CARTESIAN_POINT ( 'NONE',  ( 2.399185569319574718, -1.396362674533414117, 10.75000000000000000 ) ) ;
#2558 = ADVANCED_FACE ( 'NONE', ( #1489 ), #453, .F. ) ;
#2559 = EDGE_LOOP ( 'NONE', ( #37, #3974, #2124, #4528 ) ) ;
#2560 = DIRECTION ( 'NONE',  ( -1.000000000000000000, 0.000000000000000000, 0.000000000000000000 ) ) ;
#2561 = LINE ( 'NONE', #807, #2242 ) ;
#2562 = DIRECTION ( 'NONE',  ( 0.000000000000000000, 1.000000000000000000, 0.000000000000000000 ) ) ;
#2563 = EDGE_CURVE ( 'NONE', #1343, #1305, #2925, .T. ) ;
#2564 = VECTOR ( 'NONE', #4154, 1000.000000000000000 ) ;
#2565 = CARTESIAN_POINT ( 'NONE',  ( -3.800814430680394818, 2.103637325466630070, 10.44999999999999929 ) ) ;
#2566 = PLANE ( 'NONE',  #3764 ) ;
#2567 = FACE_OUTER_BOUND ( 'NONE', #2052, .T. ) ;
#2568 = DIRECTION ( 'NONE',  ( 0.000000000000000000, 0.000000000000000000, -1.000000000000000000 ) ) ;
#2569 = EDGE_CURVE ( 'NONE', #2896, #1840, #153, .T. ) ;
#2570 = CIRCLE ( 'NONE', #3980, 0.1999999999999996503 ) ;
#2571 = EDGE_CURVE ( 'NONE', #912, #1144, #2581, .T. ) ;
#2572 = ORIENTED_EDGE ( 'NONE', *, *, #357, .F. ) ;
#2573 = LINE ( 'NONE', #3900, #2932 ) ;
#2574 = DIRECTION ( 'NONE',  ( 0.000000000000000000, 0.000000000000000000, -1.000000000000000000 ) ) ;
#2575 = VECTOR ( 'NONE', #142, 1000.000000000000000 ) ;
#2576 = LINE ( 'NONE', #1530, #2391 ) ;
#2577 = ORIENTED_EDGE ( 'NONE', *, *, #793, .T. ) ;
#2578 = DIRECTION ( 'NONE',  ( 0.000000000000000000, -1.000000000000000000, 0.000000000000000000 ) ) ;
#2579 = VERTEX_POINT ( 'NONE', #2601 ) ;
#2580 = VERTEX_POINT ( 'NONE', #3276 ) ;
#2581 = LINE ( 'NONE', #1185, #4419 ) ;
#2582 = ORIENTED_EDGE ( 'NONE', *, *, #3415, .T. ) ;
#2583 = CARTESIAN_POINT ( 'NONE',  ( -1.200814430680416045, -1.396362674533414117, 10.75000000000000000 ) ) ;
#2584 = ORIENTED_EDGE ( 'NONE', *, *, #3813, .F. ) ;
#2585 = DIRECTION ( 'NONE',  ( 0.000000000000000000, 0.000000000000000000, 1.000000000000000000 ) ) ;
#2586 = CARTESIAN_POINT ( 'NONE',  ( 4.699185569319579869, 1.584022083195969932, 7.200000000000000178 ) ) ;
#2587 = DIRECTION ( 'NONE',  ( 0.4472135954998627261, 0.8944271909999634840, 0.000000000000000000 ) ) ;
#2588 = CARTESIAN_POINT ( 'NONE',  ( 2.849185569319625078, -4.846362674533409631, 8.650000000000000355 ) ) ;
#2589 = CARTESIAN_POINT ( 'NONE',  ( 4.649185569319589817, 1.803637325466635133, 10.75000000000000000 ) ) ;
#2590 = DIRECTION ( 'NONE',  ( 1.000000000000000000, 6.576496740845259399E-16, -1.951117922891894856E-31 ) ) ;
#2591 = LINE ( 'NONE', #4207, #1159 ) ;
#2592 = EDGE_CURVE ( 'NONE', #4114, #3038, #3298, .T. ) ;
#2593 = ADVANCED_FACE ( 'NONE', ( #2228 ), #1886, .F. ) ;
#2594 = ORIENTED_EDGE ( 'NONE', *, *, #1392, .F. ) ;
#2595 = DIRECTION ( 'NONE',  ( 0.000000000000000000, -1.301042606982615921E-16, 1.000000000000000000 ) ) ;
#2596 = LINE ( 'NONE', #2240, #3094 ) ;
#2597 = EDGE_CURVE ( 'NONE', #605, #4034, #3328, .T. ) ;
#2598 = LINE ( 'NONE', #3620, #826 ) ;
#2599 = ORIENTED_EDGE ( 'NONE', *, *, #1920, .T. ) ;
#2600 = ORIENTED_EDGE ( 'NONE', *, *, #2085, .F. ) ;
#2601 = CARTESIAN_POINT ( 'NONE',  ( -1.250814430680400102, 1.803637325466445063, 9.548484541205571219 ) ) ;
#2602 = ORIENTED_EDGE ( 'NONE', *, *, #2906, .F. ) ;
#2603 = ORIENTED_EDGE ( 'NONE', *, *, #374, .T. ) ;
#2604 = DIRECTION ( 'NONE',  ( -1.000000000000000000, 0.000000000000000000, 0.000000000000000000 ) ) ;
#2605 = ORIENTED_EDGE ( 'NONE', *, *, #1313, .F. ) ;
#2606 = DIRECTION ( 'NONE',  ( 0.000000000000000000, -1.000000000000000000, 0.000000000000000000 ) ) ;
#2607 = CYLINDRICAL_SURFACE ( 'NONE', #1884, 0.5000000000000000000 ) ;
#2608 = DIRECTION ( 'NONE',  ( 1.000000000000000000, 0.000000000000000000, 0.000000000000000000 ) ) ;
#2609 = CARTESIAN_POINT ( 'NONE',  ( -3.800814430680420131, -1.396362674533414117, 8.949999999999999289 ) ) ;
#2610 = CARTESIAN_POINT ( 'NONE',  ( -3.300814430680400147, -0.3963626745335445123, 8.048484541205558784 ) ) ;
#2611 = EDGE_CURVE ( 'NONE', #1940, #2448, #848, .T. ) ;
#2612 = ORIENTED_EDGE ( 'NONE', *, *, #4184, .T. ) ;
#2613 = VERTEX_POINT ( 'NONE', #2997 ) ;
#2614 = DIRECTION ( 'NONE',  ( 0.000000000000000000, 0.000000000000000000, -1.000000000000000000 ) ) ;
#2615 = DIRECTION ( 'NONE',  ( 0.000000000000000000, 0.000000000000000000, 1.000000000000000000 ) ) ;
#2616 = CARTESIAN_POINT ( 'NONE',  ( -1.200814430680401834, -1.396362674533399906, 7.150000000000000355 ) ) ;
#2617 = EDGE_CURVE ( 'NONE', #4501, #4301, #4425, .T. ) ;
#2618 = VECTOR ( 'NONE', #2654, 1000.000000000000000 ) ;
#2619 = AXIS2_PLACEMENT_3D ( 'NONE', #2535, #1448, #2517 ) ;
#2620 = ORIENTED_EDGE ( 'NONE', *, *, #3561, .T. ) ;
#2621 = PRESENTATION_LAYER_ASSIGNMENT (  '', '', ( #24 ) ) ;
#2622 = VECTOR ( 'NONE', #2462, 1000.000000000000000 ) ;
#2623 = DIRECTION ( 'NONE',  ( -6.576496740845259399E-16, 1.000000000000000000, 1.034763473209920030E-15 ) ) ;
#2624 = VECTOR ( 'NONE', #1843, 1000.000000000000000 ) ;
#2625 = VECTOR ( 'NONE', #2524, 1000.000000000000000 ) ;
#2626 = VERTEX_POINT ( 'NONE', #868 ) ;
#2627 = EDGE_CURVE ( 'NONE', #1419, #3002, #2296, .T. ) ;
#2628 = ORIENTED_EDGE ( 'NONE', *, *, #2090, .T. ) ;
#2629 = ORIENTED_EDGE ( 'NONE', *, *, #2834, .T. ) ;
#2630 = CARTESIAN_POINT ( 'NONE',  ( -2.400814430680399791, -0.5963626745333939771, 10.75000000000000000 ) ) ;
#2631 = LINE ( 'NONE', #508, #4111 ) ;
#2632 = CARTESIAN_POINT ( 'NONE',  ( -3.300814430680400147, -0.1963626745335559920, 8.348484541205559495 ) ) ;
#2633 = CARTESIAN_POINT ( 'NONE',  ( -3.400814430680390021, 1.803637325466625141, 10.40000000000000036 ) ) ;
#2634 = CARTESIAN_POINT ( 'NONE',  ( -3.550814430680409917, -0.5963626745333910906, 10.44999999999999929 ) ) ;
#2635 = DIRECTION ( 'NONE',  ( 0.000000000000000000, 0.000000000000000000, 1.000000000000000000 ) ) ;
#2636 = VECTOR ( 'NONE', #842, 1000.000000000000000 ) ;
#2637 = PLANE ( 'NONE',  #603 ) ;
#2638 = EDGE_CURVE ( 'NONE', #4234, #432, #3257, .T. ) ;
#2639 = EDGE_LOOP ( 'NONE', ( #3716, #3018, #4231, #221 ) ) ;
#2640 = CARTESIAN_POINT ( 'NONE',  ( -3.800814430680420131, -1.396362674533414117, 6.850000000000000533 ) ) ;
#2641 = CARTESIAN_POINT ( 'NONE',  ( 2.299185569319600386, 1.203637325466460073, 9.248484541205561626 ) ) ;
#2642 = CARTESIAN_POINT ( 'NONE',  ( 2.399185569319574718, -0.5963626745333939771, 10.75000000000000000 ) ) ;
#2643 = VECTOR ( 'NONE', #414, 1000.000000000000000 ) ;
#2644 = VECTOR ( 'NONE', #427, 1000.000000000000000 ) ;
#2645 = ORIENTED_EDGE ( 'NONE', *, *, #2597, .F. ) ;
#2646 = DIRECTION ( 'NONE',  ( 1.000000000000000000, 0.000000000000000000, 0.000000000000000000 ) ) ;
#2647 = ORIENTED_EDGE ( 'NONE', *, *, #647, .T. ) ;
#2648 = CARTESIAN_POINT ( 'NONE',  ( 2.399185569319574718, -1.396362674533414117, 10.75000000000000000 ) ) ;
#2649 = VECTOR ( 'NONE', #2443, 1000.000000000000000 ) ;
#2650 = EDGE_CURVE ( 'NONE', #3485, #1343, #2902, .T. ) ;
#2651 = EDGE_CURVE ( 'NONE', #2896, #1910, #778, .T. ) ;
#2652 = ORIENTED_EDGE ( 'NONE', *, *, #3175, .T. ) ;
#2653 = ORIENTED_EDGE ( 'NONE', *, *, #4411, .T. ) ;
#2654 = DIRECTION ( 'NONE',  ( 0.000000000000000000, -1.000000000000000000, 0.000000000000000000 ) ) ;
#2655 = DIRECTION ( 'NONE',  ( 8.756236532002660124E-31, -1.034763473209920030E-15, 1.000000000000000000 ) ) ;
#2656 = EDGE_CURVE ( 'NONE', #3167, #1028, #4566, .T. ) ;
#2657 = LINE ( 'NONE', #1617, #1657 ) ;
#2658 = DIRECTION ( 'NONE',  ( -1.000000000000000000, 0.000000000000000000, 0.000000000000000000 ) ) ;
#2659 = LINE ( 'NONE', #4126, #781 ) ;
#2660 = CARTESIAN_POINT ( 'NONE',  ( -1.200814430680401834, -0.5963626745333939771, 10.75000000000000000 ) ) ;
#2661 = EDGE_LOOP ( 'NONE', ( #861, #2485, #1492, #3274 ) ) ;
#2662 = ORIENTED_EDGE ( 'NONE', *, *, #1288, .T. ) ;
#2663 = PLANE ( 'NONE',  #259 ) ;
#2664 = CARTESIAN_POINT ( 'NONE',  ( -2.900814430680410005, -0.5963626745333939771, 8.724999999999999645 ) ) ;
#2665 = DIRECTION ( 'NONE',  ( 0.000000000000000000, 0.000000000000000000, -1.000000000000000000 ) ) ;
#2666 = CARTESIAN_POINT ( 'NONE',  ( 0.3491855693195935473, -1.696362674533409942, 8.949999999999999289 ) ) ;
#2667 = ORIENTED_EDGE ( 'NONE', *, *, #934, .F. ) ;
#2668 = ORIENTED_EDGE ( 'NONE', *, *, #2842, .F. ) ;
#2669 = EDGE_LOOP ( 'NONE', ( #1851, #4021, #2701, #1118 ) ) ;
#2670 = FACE_OUTER_BOUND ( 'NONE', #3326, .T. ) ;
#2671 = DIRECTION ( 'NONE',  ( 0.000000000000000000, 1.000000000000000000, 0.000000000000000000 ) ) ;
#2672 = VERTEX_POINT ( 'NONE', #1982 ) ;
#2673 = ORIENTED_EDGE ( 'NONE', *, *, #2025, .T. ) ;
#2674 = CARTESIAN_POINT ( 'NONE',  ( -1.200814430680422040, -0.5963626745333910906, 10.44999999999999929 ) ) ;
#2675 = DIRECTION ( 'NONE',  ( 0.000000000000000000, 0.000000000000000000, -1.000000000000000000 ) ) ;
#2676 = EDGE_CURVE ( 'NONE', #1536, #202, #3479, .T. ) ;
#2677 = VERTEX_POINT ( 'NONE', #3523 ) ;
#2678 = FACE_OUTER_BOUND ( 'NONE', #1916, .T. ) ;
#2679 = EDGE_CURVE ( 'NONE', #3701, #1705, #3850, .T. ) ;
#2680 = DIRECTION ( 'NONE',  ( -1.000000000000000000, 0.000000000000000000, 0.000000000000000000 ) ) ;
#2681 = LINE ( 'NONE', #1684, #3839 ) ;
#2682 = LINE ( 'NONE', #3316, #3229 ) ;
#2683 = DIRECTION ( 'NONE',  ( 0.000000000000000000, 0.000000000000000000, 1.000000000000000000 ) ) ;
#2684 = EDGE_CURVE ( 'NONE', #335, #3875, #547, .T. ) ;
#2685 = ORIENTED_EDGE ( 'NONE', *, *, #2563, .T. ) ;
#2686 = CARTESIAN_POINT ( 'NONE',  ( -3.300814430680400147, -0.1963626745335559920, 9.548484541205560561 ) ) ;
#2687 = DIRECTION ( 'NONE',  ( -0.000000000000000000, 1.000000000000000000, 0.000000000000000000 ) ) ;
#2688 = LINE ( 'NONE', #3412, #1968 ) ;
#2689 = ORIENTED_EDGE ( 'NONE', *, *, #2887, .F. ) ;
#2690 = EDGE_LOOP ( 'NONE', ( #2600, #1076, #936, #1016 ) ) ;
#2691 = ORIENTED_EDGE ( 'NONE', *, *, #4600, .T. ) ;
#2692 = PRODUCT_DEFINITION_CONTEXT ( 'detailed design', #3215, 'design' ) ;
#2693 = AXIS2_PLACEMENT_3D ( 'NONE', #4589, #4243, #1051 ) ;
#2694 = VECTOR ( 'NONE', #922, 1000.000000000000000 ) ;
#2695 = VECTOR ( 'NONE', #2675, 1000.000000000000000 ) ;
#2696 = LINE ( 'NONE', #1348, #1059 ) ;
#2697 = ORIENTED_EDGE ( 'NONE', *, *, #935, .T. ) ;
#2698 = AXIS2_PLACEMENT_3D ( 'NONE', #4189, #993, #1700 ) ;
#2699 = CARTESIAN_POINT ( 'NONE',  ( 4.699185569319590527, 0.3036373254666074883, 10.75000000000000000 ) ) ;
#2700 = EDGE_CURVE ( 'NONE', #1305, #2894, #2318, .T. ) ;
#2701 = ORIENTED_EDGE ( 'NONE', *, *, #490, .F. ) ;
#2702 = LINE ( 'NONE', #1310, #2177 ) ;
#2703 = CARTESIAN_POINT ( 'NONE',  ( -3.281199188409731793, 1.803637325466630470, 6.850000000000000533 ) ) ;
#2704 = VECTOR ( 'NONE', #4004, 1000.000000000000000 ) ;
#2705 = VERTEX_POINT ( 'NONE', #3022 ) ;
#2706 = LINE ( 'NONE', #948, #2694 ) ;
#2707 = PLANE ( 'NONE',  #4478 ) ;
#2708 = CARTESIAN_POINT ( 'NONE',  ( -3.281199188409840151, 1.803637325466385111, 10.44999999999999929 ) ) ;
#2709 = DIRECTION ( 'NONE',  ( 0.000000000000000000, 1.000000000000000000, 0.000000000000000000 ) ) ;
#2710 = EDGE_CURVE ( 'NONE', #576, #1933, #1762, .T. ) ;
#2711 = VERTEX_POINT ( 'NONE', #1627 ) ;
#2712 = DIRECTION ( 'NONE',  ( 1.000000000000000000, -1.734723475976905229E-14, 0.000000000000000000 ) ) ;
#2713 = DIRECTION ( 'NONE',  ( 1.000000000000000000, 0.000000000000000000, 0.000000000000000000 ) ) ;
#2714 = DIRECTION ( 'NONE',  ( -1.000000000000000000, 0.000000000000000000, 8.756236532002660124E-31 ) ) ;
#2715 = ADVANCED_FACE ( 'NONE', ( #3046 ), #3499, .F. ) ;
#2716 = VECTOR ( 'NONE', #3483, 1000.000000000000000 ) ;
#2717 = EDGE_CURVE ( 'NONE', #1117, #4519, #2756, .T. ) ;
#2718 = VERTEX_POINT ( 'NONE', #523 ) ;
#2719 = CARTESIAN_POINT ( 'NONE',  ( 4.399185569319589817, 2.103637325466629626, 10.44999999999999929 ) ) ;
#2720 = AXIS2_PLACEMENT_3D ( 'NONE', #3550, #2852, #3185 ) ;
#2721 = ORIENTED_EDGE ( 'NONE', *, *, #2309, .F. ) ;
#2722 = ORIENTED_EDGE ( 'NONE', *, *, #1490, .F. ) ;
#2723 = CIRCLE ( 'NONE', #4505, 0.6000000000000310640 ) ;
#2724 = ORIENTED_EDGE ( 'NONE', *, *, #149, .F. ) ;
#2725 = LINE ( 'NONE', #2699, #2916 ) ;
#2726 = EDGE_LOOP ( 'NONE', ( #2258, #4369, #282, #254 ) ) ;
#2727 = DIRECTION ( 'NONE',  ( 0.000000000000000000, 0.000000000000000000, -1.000000000000000000 ) ) ;
#2728 = FACE_OUTER_BOUND ( 'NONE', #13, .T. ) ;
#2729 = VECTOR ( 'NONE', #3133, 1000.000000000000000 ) ;
#2730 = VECTOR ( 'NONE', #4455, 1000.000000000000000 ) ;
#2731 = DIRECTION ( 'NONE',  ( 1.000000000000000000, 0.000000000000000000, 0.000000000000000000 ) ) ;
#2732 = LINE ( 'NONE', #531, #2730 ) ;
#2733 = LINE ( 'NONE', #4128, #1367 ) ;
#2734 = EDGE_LOOP ( 'NONE', ( #588, #3065, #661, #1613 ) ) ;
#2735 = CARTESIAN_POINT ( 'NONE',  ( 0.8491855693195939914, -1.696362674533404835, 8.949999999999999289 ) ) ;
#2736 = LINE ( 'NONE', #2753, #634 ) ;
#2737 = DIRECTION ( 'NONE',  ( -1.000000000000000000, 0.000000000000000000, 0.000000000000000000 ) ) ;
#2738 = EDGE_CURVE ( 'NONE', #3993, #664, #982, .T. ) ;
#2739 = ADVANCED_FACE ( 'NONE', ( #890 ), #2452, .F. ) ;
#2740 = ORIENTED_EDGE ( 'NONE', *, *, #4437, .F. ) ;
#2741 = VERTEX_POINT ( 'NONE', #286 ) ;
#2742 = LINE ( 'NONE', #337, #4350 ) ;
#2743 = ADVANCED_FACE ( 'NONE', ( #2670 ), #1709, .T. ) ;
#2744 = ORIENTED_EDGE ( 'NONE', *, *, #1570, .F. ) ;
#2745 = EDGE_CURVE ( 'NONE', #2362, #3557, #2476, .T. ) ;
#2746 = ORIENTED_EDGE ( 'NONE', *, *, #84, .F. ) ;
#2747 = DIRECTION ( 'NONE',  ( 0.000000000000000000, 0.000000000000000000, 1.000000000000000000 ) ) ;
#2748 = CARTESIAN_POINT ( 'NONE',  ( -2.150814430680410005, -1.396362674533414117, 8.650000000000000355 ) ) ;
#2749 = LINE ( 'NONE', #2393, #3734 ) ;
#2750 = CARTESIAN_POINT ( 'NONE',  ( 3.599185569319609979, -1.396362674533391912, 7.150000000000000355 ) ) ;
#2751 = VERTEX_POINT ( 'NONE', #4204 ) ;
#2752 = CARTESIAN_POINT ( 'NONE',  ( -3.700814430680390288, 1.803637325466625141, 7.200000000000000178 ) ) ;
#2753 = CARTESIAN_POINT ( 'NONE',  ( 3.599185569319609979, -0.5963626745333939771, 6.850000000000000533 ) ) ;
#2754 = PLANE ( 'NONE',  #2921 ) ;
#2755 = EDGE_CURVE ( 'NONE', #4120, #4069, #1032, .T. ) ;
#2756 = LINE ( 'NONE', #4177, #2254 ) ;
#2757 = ADVANCED_FACE ( 'NONE', ( #333 ), #3181, .F. ) ;
#2758 = EDGE_LOOP ( 'NONE', ( #2435, #2854, #301, #3230 ) ) ;
#2759 = DIRECTION ( 'NONE',  ( -1.000000000000000000, 0.000000000000000000, 0.000000000000000000 ) ) ;
#2760 = PLANE ( 'NONE',  #755 ) ;
#2761 = ORIENTED_EDGE ( 'NONE', *, *, #2162, .F. ) ;
#2762 = ORIENTED_EDGE ( 'NONE', *, *, #1918, .F. ) ;
#2763 = AXIS2_PLACEMENT_3D ( 'NONE', #4355, #4026, #4429 ) ;
#2764 = PLANE ( 'NONE',  #902 ) ;
#2765 = PLANE ( 'NONE',  #1294 ) ;
#2766 = EDGE_CURVE ( 'NONE', #2322, #1758, #4246, .T. ) ;
#2767 = AXIS2_PLACEMENT_3D ( 'NONE', #643, #3838, #3099 ) ;
#2768 = AXIS2_PLACEMENT_3D ( 'NONE', #1839, #2945, #3971 ) ;
#2769 = VERTEX_POINT ( 'NONE', #3374 ) ;
#2770 = DIRECTION ( 'NONE',  ( 0.000000000000000000, 0.000000000000000000, -1.000000000000000000 ) ) ;
#2771 = FACE_OUTER_BOUND ( 'NONE', #725, .T. ) ;
#2772 = AXIS2_PLACEMENT_3D ( 'NONE', #4374, #3645, #3672 ) ;
#2773 = AXIS2_PLACEMENT_3D ( 'NONE', #596, #3420, #4094 ) ;
#2774 = AXIS2_PLACEMENT_3D ( 'NONE', #4435, #4031, #532 ) ;
#2775 = ORIENTED_EDGE ( 'NONE', *, *, #4219, .T. ) ;
#2776 = LINE ( 'NONE', #979, #3459 ) ;
#2777 = CARTESIAN_POINT ( 'NONE',  ( 3.599185569319594880, -1.596362674533399861, 10.75000000000000000 ) ) ;
#2778 = DIRECTION ( 'NONE',  ( 0.000000000000000000, 1.000000000000000000, 0.000000000000000000 ) ) ;
#2779 = DIRECTION ( 'NONE',  ( -1.000000000000000000, -2.478176394252595143E-15, 0.000000000000000000 ) ) ;
#2780 = EDGE_CURVE ( 'NONE', #4536, #2711, #181, .T. ) ;
#2781 = CARTESIAN_POINT ( 'NONE',  ( 4.699185569319590527, 1.803637325466625141, 7.200000000000000178 ) ) ;
#2782 = ORIENTED_EDGE ( 'NONE', *, *, #622, .T. ) ;
#2783 = DIRECTION ( 'NONE',  ( 0.000000000000000000, 0.000000000000000000, -1.000000000000000000 ) ) ;
#2784 = ORIENTED_EDGE ( 'NONE', *, *, #2351, .F. ) ;
#2785 = VECTOR ( 'NONE', #1949, 1000.000000000000000 ) ;
#2786 = EDGE_LOOP ( 'NONE', ( #678, #110, #970, #3758 ) ) ;
#2787 = EDGE_CURVE ( 'NONE', #1840, #3952, #4339, .T. ) ;
#2788 = EDGE_LOOP ( 'NONE', ( #795, #2185, #3836, #1584 ) ) ;
#2789 = VERTEX_POINT ( 'NONE', #3246 ) ;
#2790 = CARTESIAN_POINT ( 'NONE',  ( 3.599185569319609979, -1.396362674533414117, 10.75000000000000000 ) ) ;
#2791 = ADVANCED_FACE ( 'NONE', ( #3268 ), #54, .F. ) ;
#2792 = AXIS2_PLACEMENT_3D ( 'NONE', #478, #1881, #2578 ) ;
#2793 = EDGE_CURVE ( 'NONE', #3780, #2071, #768, .T. ) ;
#2794 = EDGE_LOOP ( 'NONE', ( #4186, #401, #3484, #3259 ) ) ;
#2795 = VERTEX_POINT ( 'NONE', #3567 ) ;
#2796 = CARTESIAN_POINT ( 'NONE',  ( 4.699185569319600297, 2.103637325466630070, 10.40000000000000036 ) ) ;
#2797 = LINE ( 'NONE', #600, #1656 ) ;
#2798 = DIRECTION ( 'NONE',  ( 0.000000000000000000, -1.000000000000000000, 0.000000000000000000 ) ) ;
#2799 = ADVANCED_FACE ( 'NONE', ( #2545 ), #3987, .F. ) ;
#2800 = VECTOR ( 'NONE', #2372, 1000.000000000000000 ) ;
#2801 = ORIENTED_EDGE ( 'NONE', *, *, #411, .T. ) ;
#2802 = DIRECTION ( 'NONE',  ( 0.000000000000000000, 0.000000000000000000, 1.000000000000000000 ) ) ;
#2803 = LINE ( 'NONE', #4225, #1314 ) ;
#2804 = DIRECTION ( 'NONE',  ( -1.000000000000000000, 0.000000000000000000, 0.000000000000000000 ) ) ;
#2805 = CARTESIAN_POINT ( 'NONE',  ( -1.200814430680401834, -1.396362674533414117, 10.75000000000000000 ) ) ;
#2806 = ORIENTED_EDGE ( 'NONE', *, *, #1980, .T. ) ;
#2807 = CYLINDRICAL_SURFACE ( 'NONE', #1505, 0.4999999999999939493 ) ;
#2808 = ORIENTED_EDGE ( 'NONE', *, *, #3437, .F. ) ;
#2809 = DIRECTION ( 'NONE',  ( 0.000000000000000000, 0.000000000000000000, -1.000000000000000000 ) ) ;
#2810 = ORIENTED_EDGE ( 'NONE', *, *, #3171, .T. ) ;
#2811 = VERTEX_POINT ( 'NONE', #1085 ) ;
#2812 = CARTESIAN_POINT ( 'NONE',  ( -0.9008144306804080070, 0.8036373254666079324, 8.724999999999999645 ) ) ;
#2813 = EDGE_LOOP ( 'NONE', ( #3858, #1999, #4138, #2357, #100, #2827 ) ) ;
#2814 = CARTESIAN_POINT ( 'NONE',  ( 2.399185569319609801, -1.396362674533399906, 10.75000000000000000 ) ) ;
#2815 = ORIENTED_EDGE ( 'NONE', *, *, #2816, .F. ) ;
#2816 = EDGE_CURVE ( 'NONE', #2526, #2137, #3546, .T. ) ;
#2817 = SURFACE_SIDE_STYLE ('',( #50 ) ) ;
#2818 = ORIENTED_EDGE ( 'NONE', *, *, #2303, .T. ) ;
#2819 = ORIENTED_EDGE ( 'NONE', *, *, #1148, .F. ) ;
#2820 = CARTESIAN_POINT ( 'NONE',  ( -3.300814430680400147, -0.3963626745335445123, 7.398484541205560205 ) ) ;
#2821 = CARTESIAN_POINT ( 'NONE',  ( -2.150814430680410005, -4.846362674533409631, 8.949999999999999289 ) ) ;
#2822 = CARTESIAN_POINT ( 'NONE',  ( 4.479570327048945089, 1.803637325466625141, 10.40000000000000036 ) ) ;
#2823 = DIRECTION ( 'NONE',  ( 0.000000000000000000, -1.000000000000000000, 0.000000000000000000 ) ) ;
#2824 = EDGE_CURVE ( 'NONE', #408, #1758, #74, .T. ) ;
#2825 = ORIENTED_EDGE ( 'NONE', *, *, #3312, .T. ) ;
#2826 = LINE ( 'NONE', #1366, #773 ) ;
#2827 = ORIENTED_EDGE ( 'NONE', *, *, #4387, .F. ) ;
#2828 = CARTESIAN_POINT ( 'NONE',  ( 2.299185569319600386, -0.1963626745335524948, 9.248484541205561626 ) ) ;
#2829 = ORIENTED_EDGE ( 'NONE', *, *, #769, .F. ) ;
#2830 = CARTESIAN_POINT ( 'NONE',  ( -3.300814430680400147, -0.3963626745335479540, 10.19848454120556092 ) ) ;
#2831 = DIRECTION ( 'NONE',  ( -1.000000000000000000, -6.576496740845259399E-16, 1.951117922891899892E-31 ) ) ;
#2832 = UNCERTAINTY_MEASURE_WITH_UNIT (LENGTH_MEASURE( 1.000000000000000082E-05 ), #298, 'distance_accuracy_value', 'NONE');
#2833 = EDGE_LOOP ( 'NONE', ( #4395, #3261, #2904, #3369 ) ) ;
#2834 = EDGE_CURVE ( 'NONE', #662, #1579, #2913, .T. ) ;
#2835 = DIRECTION ( 'NONE',  ( 1.000000000000000000, 0.000000000000000000, 0.000000000000000000 ) ) ;
#2836 = VECTOR ( 'NONE', #2953, 1000.000000000000000 ) ;
#2837 = VECTOR ( 'NONE', #3927, 1000.000000000000000 ) ;
#2838 = ORIENTED_EDGE ( 'NONE', *, *, #3755, .F. ) ;
#2839 = VECTOR ( 'NONE', #2232, 1000.000000000000000 ) ;
#2840 = ORIENTED_EDGE ( 'NONE', *, *, #3465, .F. ) ;
#2841 = AXIS2_PLACEMENT_3D ( 'NONE', #274, #3768, #2727 ) ;
#2842 = EDGE_CURVE ( 'NONE', #4301, #4595, #3966, .T. ) ;
#2843 = DIRECTION ( 'NONE',  ( 0.000000000000000000, -1.000000000000000000, 0.000000000000000000 ) ) ;
#2844 = LINE ( 'NONE', #1052, #1008 ) ;
#2845 = LINE ( 'NONE', #4272, #3076 ) ;
#2846 = DIRECTION ( 'NONE',  ( 0.000000000000000000, 1.000000000000000000, 0.000000000000000000 ) ) ;
#2847 = EDGE_CURVE ( 'NONE', #3020, #425, #724, .T. ) ;
#2848 = VECTOR ( 'NONE', #383, 1000.000000000000000 ) ;
#2849 = VECTOR ( 'NONE', #1803, 1000.000000000000000 ) ;
#2850 = VERTEX_POINT ( 'NONE', #99 ) ;
#2851 = CARTESIAN_POINT ( 'NONE',  ( 3.199185569319590083, -1.296362674533400039, 7.150000000000000355 ) ) ;
#2852 = DIRECTION ( 'NONE',  ( -6.576496740845259399E-16, 1.000000000000000000, 1.034763473209920030E-15 ) ) ;
#2853 = ADVANCED_FACE ( 'NONE', ( #2218 ), #1805, .F. ) ;
#2854 = ORIENTED_EDGE ( 'NONE', *, *, #1998, .F. ) ;
#2855 = DIRECTION ( 'NONE',  ( 0.000000000000000000, 0.000000000000000000, -1.000000000000000000 ) ) ;
#2856 = ORIENTED_EDGE ( 'NONE', *, *, #4158, .F. ) ;
#2857 = ORIENTED_EDGE ( 'NONE', *, *, #3079, .T. ) ;
#2858 = DIRECTION ( 'NONE',  ( 1.000000000000000000, 0.000000000000000000, 0.000000000000000000 ) ) ;
#2859 = DIRECTION ( 'NONE',  ( -6.938893903907150280E-15, 1.000000000000000000, 0.000000000000000000 ) ) ;
#2860 = AXIS2_PLACEMENT_3D ( 'NONE', #1786, #3251, #726 ) ;
#2861 = VERTEX_POINT ( 'NONE', #424 ) ;
#2862 = VERTEX_POINT ( 'NONE', #1829 ) ;
#2863 = LINE ( 'NONE', #4308, #1066 ) ;
#2864 = DIRECTION ( 'NONE',  ( 8.756236532002660124E-31, -1.034763473209920030E-15, 1.000000000000000000 ) ) ;
#2865 = CARTESIAN_POINT ( 'NONE',  ( -3.500814430680379896, 1.584022083195979924, 7.150000000000000355 ) ) ;
#2866 = AXIS2_PLACEMENT_3D ( 'NONE', #4396, #2646, #4067 ) ;
#2867 = EDGE_LOOP ( 'NONE', ( #2142, #160, #3763, #4423 ) ) ;
#2868 = AXIS2_PLACEMENT_3D ( 'NONE', #2963, #2615, #171 ) ;
#2869 = CARTESIAN_POINT ( 'NONE',  ( -3.200814430680390288, 2.103637325466624741, 10.75000000000000000 ) ) ;
#2870 = ORIENTED_EDGE ( 'NONE', *, *, #178, .F. ) ;
#2871 = CARTESIAN_POINT ( 'NONE',  ( -3.550814430680409917, -0.5963626745333910906, 10.44999999999999929 ) ) ;
#2872 = CARTESIAN_POINT ( 'NONE',  ( -3.300814430680400147, 1.803637325466445063, 9.998484541205559850 ) ) ;
#2873 = PLANE ( 'NONE',  #3155 ) ;
#2874 = CARTESIAN_POINT ( 'NONE',  ( -3.300814430680400147, -0.1963626745335559920, 8.348484541205559495 ) ) ;
#2875 = VECTOR ( 'NONE', #2263, 1000.000000000000000 ) ;
#2876 = ORIENTED_EDGE ( 'NONE', *, *, #3936, .F. ) ;
#2877 = VERTEX_POINT ( 'NONE', #3590 ) ;
#2878 = DIRECTION ( 'NONE',  ( -1.000000000000000000, 0.000000000000000000, 0.000000000000000000 ) ) ;
#2879 = FACE_OUTER_BOUND ( 'NONE', #872, .T. ) ;
#2880 = EDGE_CURVE ( 'NONE', #4595, #3119, #406, .T. ) ;
#2881 = EDGE_CURVE ( 'NONE', #3597, #1506, #1128, .T. ) ;
#2882 = ORIENTED_EDGE ( 'NONE', *, *, #2847, .T. ) ;
#2883 = LINE ( 'NONE', #4302, #1528 ) ;
#2884 = ORIENTED_EDGE ( 'NONE', *, *, #1452, .F. ) ;
#2885 = DIRECTION ( 'NONE',  ( 0.000000000000000000, 0.000000000000000000, -1.000000000000000000 ) ) ;
#2886 = LINE ( 'NONE', #3910, #1067 ) ;
#2887 = EDGE_CURVE ( 'NONE', #1755, #785, #3922, .T. ) ;
#2888 = ORIENTED_EDGE ( 'NONE', *, *, #4387, .T. ) ;
#2889 = CARTESIAN_POINT ( 'NONE',  ( 2.399185569319574718, -1.396362674533391912, 10.75000000000000000 ) ) ;
#2890 = CARTESIAN_POINT ( 'NONE',  ( -1.200814430680401834, -6.146362674533370374, 10.75000000000000000 ) ) ;
#2891 = CARTESIAN_POINT ( 'NONE',  ( 0.1991855693195819788, -1.396362674533414117, 10.75000000000000000 ) ) ;
#2892 = DIRECTION ( 'NONE',  ( -1.000000000000000000, 0.000000000000000000, 1.306267677693379826E-17 ) ) ;
#2893 = DIRECTION ( 'NONE',  ( 1.000000000000000000, 0.000000000000000000, 0.000000000000000000 ) ) ;
#2894 = VERTEX_POINT ( 'NONE', #35 ) ;
#2895 = EDGE_CURVE ( 'NONE', #3977, #2991, #1523, .T. ) ;
#2896 = VERTEX_POINT ( 'NONE', #1459 ) ;
#2897 = PLANE ( 'NONE',  #479 ) ;
#2898 = EDGE_LOOP ( 'NONE', ( #3208, #2808, #3887, #2436 ) ) ;
#2899 = DIRECTION ( 'NONE',  ( 0.000000000000000000, -1.000000000000000000, 0.000000000000000000 ) ) ;
#2900 = VERTEX_POINT ( 'NONE', #2874 ) ;
#2901 = EDGE_LOOP ( 'NONE', ( #520, #1282, #893, #1405 ) ) ;
#2902 = LINE ( 'NONE', #2557, #1297 ) ;
#2903 = EDGE_CURVE ( 'NONE', #2481, #4479, #4296, .T. ) ;
#2904 = ORIENTED_EDGE ( 'NONE', *, *, #65, .F. ) ;
#2905 = CARTESIAN_POINT ( 'NONE',  ( 4.699185569319600297, 2.103637325466630070, 10.44999999999999929 ) ) ;
#2906 = EDGE_CURVE ( 'NONE', #1255, #2862, #362, .T. ) ;
#2907 = CARTESIAN_POINT ( 'NONE',  ( 2.699185569319585198, -1.396362674533414117, 10.75000000000000000 ) ) ;
#2908 = EDGE_CURVE ( 'NONE', #750, #1539, #2236, .T. ) ;
#2909 = DIRECTION ( 'NONE',  ( -1.000000000000000000, -3.159568448967544830E-14, 0.000000000000000000 ) ) ;
#2910 = CARTESIAN_POINT ( 'NONE',  ( -3.800814430680394818, -0.5963626745333939771, 10.75000000000000000 ) ) ;
#2911 = FACE_OUTER_BOUND ( 'NONE', #2867, .T. ) ;
#2912 = VECTOR ( 'NONE', #2077, 999.9999999999998863 ) ;
#2913 = LINE ( 'NONE', #2525, #2035 ) ;
#2914 = AXIS2_PLACEMENT_3D ( 'NONE', #4524, #959, #4137 ) ;
#2915 = VECTOR ( 'NONE', #1752, 1000.000000000000000 ) ;
#2916 = VECTOR ( 'NONE', #4142, 1000.000000000000000 ) ;
#2917 = ORIENTED_EDGE ( 'NONE', *, *, #3845, .F. ) ;
#2918 = CARTESIAN_POINT ( 'NONE',  ( 2.099185569319594880, 0.8036373254666079324, 10.75000000000000000 ) ) ;
#2919 = DIRECTION ( 'NONE',  ( 1.000000000000000000, 0.000000000000000000, 0.000000000000000000 ) ) ;
#2920 = VECTOR ( 'NONE', #4089, 1000.000000000000000 ) ;
#2921 = AXIS2_PLACEMENT_3D ( 'NONE', #2451, #4176, #981 ) ;
#2922 = EDGE_LOOP ( 'NONE', ( #4262, #3501, #2995, #1796 ) ) ;
#2923 = ORIENTED_EDGE ( 'NONE', *, *, #3733, .T. ) ;
#2924 = ORIENTED_EDGE ( 'NONE', *, *, #2816, .T. ) ;
#2925 = LINE ( 'NONE', #1163, #1664 ) ;
#2926 = DIRECTION ( 'NONE',  ( -1.000000000000000000, 0.000000000000000000, 0.000000000000000000 ) ) ;
#2927 = VERTEX_POINT ( 'NONE', #3658 ) ;
#2928 = DIRECTION ( 'NONE',  ( -1.000000000000000000, -8.462065736472229849E-16, 0.000000000000000000 ) ) ;
#2929 = EDGE_CURVE ( 'NONE', #4120, #4087, #470, .T. ) ;
#2930 = DIRECTION ( 'NONE',  ( -1.000000000000000000, -6.576496740845259399E-16, 1.951117922891899892E-31 ) ) ;
#2931 = EDGE_CURVE ( 'NONE', #3283, #2613, #3318, .T. ) ;
#2932 = VECTOR ( 'NONE', #3270, 1000.000000000000000 ) ;
#2933 = EDGE_CURVE ( 'NONE', #2117, #664, #2591, .T. ) ;
#2934 = CARTESIAN_POINT ( 'NONE',  ( -1.200814430680422040, -0.5963626745333939771, 10.75000000000000000 ) ) ;
#2935 = DIRECTION ( 'NONE',  ( 0.000000000000000000, -1.000000000000000000, -1.301042606982615921E-16 ) ) ;
#2936 = DIRECTION ( 'NONE',  ( -1.000000000000000000, 0.000000000000000000, 0.000000000000000000 ) ) ;
#2937 = DIRECTION ( 'NONE',  ( -8.756236532002660124E-31, 1.034763473209920030E-15, -1.000000000000000000 ) ) ;
#2938 = VECTOR ( 'NONE', #1835, 1000.000000000000000 ) ;
#2939 = VERTEX_POINT ( 'NONE', #4545 ) ;
#2940 = ORIENTED_EDGE ( 'NONE', *, *, #1715, .T. ) ;
#2941 = DIRECTION ( 'NONE',  ( 0.000000000000000000, 0.000000000000000000, 1.000000000000000000 ) ) ;
#2942 = LINE ( 'NONE', #2291, #856 ) ;
#2943 = VECTOR ( 'NONE', #3920, 1000.000000000000000 ) ;
#2944 = VECTOR ( 'NONE', #1923, 1000.000000000000000 ) ;
#2945 = DIRECTION ( 'NONE',  ( 0.000000000000000000, 0.000000000000000000, 1.000000000000000000 ) ) ;
#2946 = VERTEX_POINT ( 'NONE', #1413 ) ;
#2947 = ORIENTED_EDGE ( 'NONE', *, *, #3197, .T. ) ;
#2948 = ORIENTED_EDGE ( 'NONE', *, *, #2717, .F. ) ;
#2949 = DIRECTION ( 'NONE',  ( 0.000000000000000000, 0.000000000000000000, -1.000000000000000000 ) ) ;
#2950 = EDGE_LOOP ( 'NONE', ( #3463, #4276, #867, #4438 ) ) ;
#2951 = ADVANCED_FACE ( 'NONE', ( #2112 ), #270, .F. ) ;
#2952 = EDGE_LOOP ( 'NONE', ( #3892, #3944, #2603, #3663 ) ) ;
#2953 = DIRECTION ( 'NONE',  ( 6.938893903907150280E-15, -1.000000000000000000, 0.000000000000000000 ) ) ;
#2954 = LINE ( 'NONE', #855, #3438 ) ;
#2955 = EDGE_CURVE ( 'NONE', #3222, #202, #612, .T. ) ;
#2956 = DIRECTION ( 'NONE',  ( -1.000000000000000000, 0.000000000000000000, 0.000000000000000000 ) ) ;
#2957 = LINE ( 'NONE', #3265, #2575 ) ;
#2958 = CARTESIAN_POINT ( 'NONE',  ( -3.300814430680400147, 1.603637325466440000, 9.998484541205559850 ) ) ;
#2959 = CARTESIAN_POINT ( 'NONE',  ( 2.299185569319600386, 1.603637325466449992, 8.048484541205558784 ) ) ;
#2960 = EDGE_LOOP ( 'NONE', ( #31, #1926, #2381, #144 ) ) ;
#2961 = ORIENTED_EDGE ( 'NONE', *, *, #3336, .F. ) ;
#2962 = CARTESIAN_POINT ( 'NONE',  ( -3.800814430680420131, 0.8036373254666079324, 8.875000000000000000 ) ) ;
#2963 = CARTESIAN_POINT ( 'NONE',  ( 3.199185569319590083, -1.296362674533400039, 6.850000000000000533 ) ) ;
#2964 = FACE_OUTER_BOUND ( 'NONE', #3129, .T. ) ;
#2965 = EDGE_CURVE ( 'NONE', #3038, #1509, #2742, .T. ) ;
#2966 = EDGE_CURVE ( 'NONE', #1129, #2441, #4229, .T. ) ;
#2967 = CARTESIAN_POINT ( 'NONE',  ( 2.299185569319600386, 1.603637325466445107, 10.19848454120556092 ) ) ;
#2968 = EDGE_LOOP ( 'NONE', ( #3542, #614, #3782, #2961 ) ) ;
#2969 = FACE_OUTER_BOUND ( 'NONE', #390, .T. ) ;
#2970 = EDGE_LOOP ( 'NONE', ( #2066, #3650, #169, #215 ) ) ;
#2971 = CARTESIAN_POINT ( 'NONE',  ( -2.400814430680424660, -1.396362674533414117, 10.75000000000000000 ) ) ;
#2972 = VERTEX_POINT ( 'NONE', #1013 ) ;
#2973 = DIRECTION ( 'NONE',  ( -0.000000000000000000, 1.000000000000000000, 0.000000000000000000 ) ) ;
#2974 = ORIENTED_EDGE ( 'NONE', *, *, #205, .T. ) ;
#2975 = LINE ( 'NONE', #873, #392 ) ;
#2976 = CARTESIAN_POINT ( 'NONE',  ( 4.699185569319579869, -0.5963626745333910906, 7.200000000000000178 ) ) ;
#2977 = EDGE_CURVE ( 'NONE', #3304, #4250, #658, .T. ) ;
#2978 = CARTESIAN_POINT ( 'NONE',  ( 2.849185569319625078, -4.846362674533409631, 8.949999999999999289 ) ) ;
#2979 = DIRECTION ( 'NONE',  ( 0.000000000000000000, 0.000000000000000000, -1.000000000000000000 ) ) ;
#2980 = CARTESIAN_POINT ( 'NONE',  ( -3.200814430680400502, 2.103637325466630070, 10.40000000000000036 ) ) ;
#2981 = LINE ( 'NONE', #4384, #1665 ) ;
#2982 = AXIS2_PLACEMENT_3D ( 'NONE', #1991, #3408, #3706 ) ;
#2983 = ORIENTED_EDGE ( 'NONE', *, *, #134, .T. ) ;
#2984 = FACE_OUTER_BOUND ( 'NONE', #471, .T. ) ;
#2985 = DIRECTION ( 'NONE',  ( 0.4999999999999995004, -0.8660254037844390407, -8.961314547080096080E-16 ) ) ;
#2986 = LINE ( 'NONE', #1624, #93 ) ;
#2987 = EDGE_CURVE ( 'NONE', #1705, #1088, #2457, .T. ) ;
#2988 = EDGE_CURVE ( 'NONE', #819, #336, #3114, .T. ) ;
#2989 = AXIS2_PLACEMENT_3D ( 'NONE', #1545, #511, #439 ) ;
#2990 = AXIS2_PLACEMENT_3D ( 'NONE', #3404, #352, #4582 ) ;
#2991 = VERTEX_POINT ( 'NONE', #2017 ) ;
#2992 = PLANE ( 'NONE',  #2792 ) ;
#2993 = ORIENTED_EDGE ( 'NONE', *, *, #548, .F. ) ;
#2994 = EDGE_CURVE ( 'NONE', #880, #133, #3750, .T. ) ;
#2995 = ORIENTED_EDGE ( 'NONE', *, *, #1327, .F. ) ;
#2996 = AXIS2_PLACEMENT_3D ( 'NONE', #3786, #1721, #3121 ) ;
#2997 = CARTESIAN_POINT ( 'NONE',  ( 2.299185569319600386, -0.1963626745335489976, 8.048484541205558784 ) ) ;
#2998 = VECTOR ( 'NONE', #3940, 1000.000000000000000 ) ;
#2999 = AXIS2_PLACEMENT_3D ( 'NONE', #1006, #4156, #1670 ) ;
#3000 = DIRECTION ( 'NONE',  ( 0.000000000000000000, 1.000000000000000000, 0.000000000000000000 ) ) ;
#3001 = ORIENTED_EDGE ( 'NONE', *, *, #598, .F. ) ;
#3002 = VERTEX_POINT ( 'NONE', #2379 ) ;
#3003 = LINE ( 'NONE', #1241, #2618 ) ;
#3004 = CARTESIAN_POINT ( 'NONE',  ( 4.999185569319619660, 2.103637325466654495, 7.200000000000000178 ) ) ;
#3005 = ORIENTED_EDGE ( 'NONE', *, *, #1378, .F. ) ;
#3006 = FACE_OUTER_BOUND ( 'NONE', #963, .T. ) ;
#3007 = DIRECTION ( 'NONE',  ( 0.000000000000000000, 0.000000000000000000, -1.000000000000000000 ) ) ;
#3008 = CARTESIAN_POINT ( 'NONE',  ( -3.281199188409731793, 1.803637325466630470, 6.850000000000000533 ) ) ;
#3009 = VECTOR ( 'NONE', #3804, 1000.000000000000000 ) ;
#3010 = ORIENTED_EDGE ( 'NONE', *, *, #342, .F. ) ;
#3011 = CARTESIAN_POINT ( 'NONE',  ( -1.600814430680394862, -1.396362674533414117, 7.150000000000000355 ) ) ;
#3012 = LINE ( 'NONE', #2641, #2644 ) ;
#3013 = DIRECTION ( 'NONE',  ( 0.000000000000000000, 0.000000000000000000, -1.000000000000000000 ) ) ;
#3014 = VECTOR ( 'NONE', #2449, 1000.000000000000000 ) ;
#3015 = VECTOR ( 'NONE', #3087, 1000.000000000000000 ) ;
#3016 = EDGE_CURVE ( 'NONE', #2445, #1808, #4526, .T. ) ;
#3017 = DIRECTION ( 'NONE',  ( -8.756236532002660124E-31, 1.034763473209920030E-15, -1.000000000000000000 ) ) ;
#3018 = ORIENTED_EDGE ( 'NONE', *, *, #617, .T. ) ;
#3019 = CARTESIAN_POINT ( 'NONE',  ( -2.000814430680405209, -1.296362674533406034, 10.75000000000000000 ) ) ;
#3020 = VERTEX_POINT ( 'NONE', #988 ) ;
#3021 = VERTEX_POINT ( 'NONE', #2406 ) ;
#3022 = CARTESIAN_POINT ( 'NONE',  ( 1.449185569319590083, 0.3036373254666074883, 10.75000000000000000 ) ) ;
#3023 = VECTOR ( 'NONE', #3560, 1000.000000000000000 ) ;
#3024 = EDGE_CURVE ( 'NONE', #636, #336, #4180, .T. ) ;
#3025 = DIRECTION ( 'NONE',  ( 0.000000000000000000, 1.000000000000000000, 0.000000000000000000 ) ) ;
#3026 = EDGE_LOOP ( 'NONE', ( #3491, #2048, #1375, #1069 ) ) ;
#3027 = CARTESIAN_POINT ( 'NONE',  ( 2.799185569319579958, -1.396362674533399906, 10.44999999999999929 ) ) ;
#3028 = ORIENTED_EDGE ( 'NONE', *, *, #1027, .T. ) ;
#3029 = LINE ( 'NONE', #3098, #4036 ) ;
#3030 = CARTESIAN_POINT ( 'NONE',  ( 2.799185569319575073, -1.596362674533389869, 6.850000000000000533 ) ) ;
#3031 = EDGE_CURVE ( 'NONE', #871, #3002, #2826, .T. ) ;
#3032 = ORIENTED_EDGE ( 'NONE', *, *, #910, .T. ) ;
#3033 = CARTESIAN_POINT ( 'NONE',  ( 4.399185569319589817, 2.103637325466629626, 7.150000000000000355 ) ) ;
#3034 = CARTESIAN_POINT ( 'NONE',  ( 0.5991855693195939914, 0.3036373254666074883, 5.143749999999999822 ) ) ;
#3035 = LINE ( 'NONE', #1316, #1764 ) ;
#3036 = LINE ( 'NONE', #2660, #3800 ) ;
#3037 = CARTESIAN_POINT ( 'NONE',  ( -1.650814430680410005, -6.146362674533370374, 10.75000000000000000 ) ) ;
#3038 = VERTEX_POINT ( 'NONE', #4251 ) ;
#3039 = DIRECTION ( 'NONE',  ( 0.000000000000000000, 1.000000000000000000, 0.000000000000000000 ) ) ;
#3040 = DIRECTION ( 'NONE',  ( -1.000000000000000000, 0.000000000000000000, 0.000000000000000000 ) ) ;
#3041 = CYLINDRICAL_SURFACE ( 'NONE', #1593, 0.6000000000000310640 ) ;
#3042 = EDGE_CURVE ( 'NONE', #1755, #2626, #2087, .T. ) ;
#3043 = ORIENTED_EDGE ( 'NONE', *, *, #36, .F. ) ;
#3044 = PLANE ( 'NONE',  #4055 ) ;
#3045 = ORIENTED_EDGE ( 'NONE', *, *, #4065, .F. ) ;
#3046 = FACE_OUTER_BOUND ( 'NONE', #1810, .T. ) ;
#3047 = DIRECTION ( 'NONE',  ( -1.000000000000000000, -6.576496740845259399E-16, 1.951117922891894856E-31 ) ) ;
#3048 = EDGE_LOOP ( 'NONE', ( #1391, #3165, #1880, #3853 ) ) ;
#3049 = ORIENTED_EDGE ( 'NONE', *, *, #1629, .T. ) ;
#3050 = CYLINDRICAL_SURFACE ( 'NONE', #2698, 0.2499999999999997780 ) ;
#3051 = CARTESIAN_POINT ( 'NONE',  ( -3.300814430680400147, 1.203637325466456076, 9.248484541205561626 ) ) ;
#3052 = ADVANCED_FACE ( 'NONE', ( #3433 ), #246, .F. ) ;
#3053 = EDGE_CURVE ( 'NONE', #664, #3685, #3640, .T. ) ;
#3054 = SURFACE_SIDE_STYLE ('',( #1637 ) ) ;
#3055 = DIRECTION ( 'NONE',  ( -6.576496740845259399E-16, 1.000000000000000000, 1.034763473209920030E-15 ) ) ;
#3056 = CARTESIAN_POINT ( 'NONE',  ( 2.449185569319600297, 2.103637325466630070, 7.950000000000000178 ) ) ;
#3057 = LINE ( 'NONE', #4475, #905 ) ;
#3058 = EDGE_CURVE ( 'NONE', #883, #4405, #2490, .T. ) ;
#3059 = ORIENTED_EDGE ( 'NONE', *, *, #2309, .T. ) ;
#3060 = ORIENTED_EDGE ( 'NONE', *, *, #2571, .F. ) ;
#3061 = DIRECTION ( 'NONE',  ( 0.000000000000000000, 1.000000000000000000, 0.000000000000000000 ) ) ;
#3062 = FACE_BOUND ( 'NONE', #243, .T. ) ;
#3063 = CARTESIAN_POINT ( 'NONE',  ( -3.300814430680400147, 1.803637325466445063, 7.598484541205571041 ) ) ;
#3064 = CARTESIAN_POINT ( 'NONE',  ( -3.800814430680394818, -0.5963626745333939771, 10.75000000000000000 ) ) ;
#3065 = ORIENTED_EDGE ( 'NONE', *, *, #2563, .F. ) ;
#3066 = VERTEX_POINT ( 'NONE', #3617 ) ;
#3067 = VECTOR ( 'NONE', #3791, 1000.000000000000000 ) ;
#3068 = AXIS2_PLACEMENT_3D ( 'NONE', #3632, #438, #1341 ) ;
#3069 = VECTOR ( 'NONE', #2388, 1000.000000000000000 ) ;
#3070 = ORIENTED_EDGE ( 'NONE', *, *, #3385, .F. ) ;
#3071 = AXIS2_PLACEMENT_3D ( 'NONE', #1420, #4555, #1073 ) ;
#3072 = ORIENTED_EDGE ( 'NONE', *, *, #1190, .T. ) ;
#3073 = CARTESIAN_POINT ( 'NONE',  ( -3.550814430680409917, -1.396362674533414117, 10.44999999999999929 ) ) ;
#3074 = DIRECTION ( 'NONE',  ( 0.000000000000000000, 0.000000000000000000, 1.000000000000000000 ) ) ;
#3075 = VECTOR ( 'NONE', #1871, 1000.000000000000000 ) ;
#3076 = VECTOR ( 'NONE', #34, 1000.000000000000000 ) ;
#3077 = ADVANCED_FACE ( 'NONE', ( #56 ), #1482, .F. ) ;
#3078 = FACE_OUTER_BOUND ( 'NONE', #1443, .T. ) ;
#3079 = EDGE_CURVE ( 'NONE', #1165, #2276, #3205, .T. ) ;
#3080 = DIRECTION ( 'NONE',  ( 0.000000000000000000, 0.000000000000000000, 1.000000000000000000 ) ) ;
#3081 = FACE_OUTER_BOUND ( 'NONE', #1561, .T. ) ;
#3082 = DIRECTION ( 'NONE',  ( 1.000000000000000000, 6.576496740845270246E-16, 7.130252053768320690E-31 ) ) ;
#3083 = ORIENTED_EDGE ( 'NONE', *, *, #3936, .T. ) ;
#3084 = ADVANCED_FACE ( 'NONE', ( #38 ), #2897, .F. ) ;
#3085 = VERTEX_POINT ( 'NONE', #4277 ) ;
#3086 = DIRECTION ( 'NONE',  ( -1.000000000000000000, 0.000000000000000000, 0.000000000000000000 ) ) ;
#3087 = DIRECTION ( 'NONE',  ( 0.000000000000000000, -1.000000000000000000, 0.000000000000000000 ) ) ;
#3088 = CARTESIAN_POINT ( 'NONE',  ( -1.200814430680416045, -0.5963626745333939771, 6.850000000000000533 ) ) ;
#3089 = AXIS2_PLACEMENT_3D ( 'NONE', #2851, #1463, #2878 ) ;
#3090 = ORIENTED_EDGE ( 'NONE', *, *, #1887, .F. ) ;
#3091 = CARTESIAN_POINT ( 'NONE',  ( 2.299185569319600386, -0.3963626745335445123, 9.548484541205560561 ) ) ;
#3092 = ORIENTED_EDGE ( 'NONE', *, *, #1628, .T. ) ;
#3093 = SURFACE_SIDE_STYLE ('',( #3115 ) ) ;
#3094 = VECTOR ( 'NONE', #4016, 1000.000000000000000 ) ;
#3095 = AXIS2_PLACEMENT_3D ( 'NONE', #1691, #3411, #631 ) ;
#3096 = ORIENTED_EDGE ( 'NONE', *, *, #3619, .F. ) ;
#3097 = ORIENTED_EDGE ( 'NONE', *, *, #3869, .F. ) ;
#3098 = CARTESIAN_POINT ( 'NONE',  ( 4.649185569319589817, 22.38498528391914988, 7.200000000000000178 ) ) ;
#3099 = DIRECTION ( 'NONE',  ( 1.000000000000000000, 0.000000000000000000, 0.000000000000000000 ) ) ;
#3100 = EDGE_CURVE ( 'NONE', #3119, #2877, #2154, .T. ) ;
#3101 = DIRECTION ( 'NONE',  ( 1.000000000000000000, 0.000000000000000000, 0.000000000000000000 ) ) ;
#3102 = ORIENTED_EDGE ( 'NONE', *, *, #1837, .F. ) ;
#3103 = CARTESIAN_POINT ( 'NONE',  ( -1.200814430680401834, -1.396362674533391912, 7.150000000000000355 ) ) ;
#3104 = PLANE ( 'NONE',  #3807 ) ;
#3105 = DIRECTION ( 'NONE',  ( 0.000000000000000000, 1.000000000000000000, 0.000000000000000000 ) ) ;
#3106 = EDGE_CURVE ( 'NONE', #2445, #3558, #2573, .T. ) ;
#3107 = ORIENTED_EDGE ( 'NONE', *, *, #3141, .T. ) ;
#3108 = ORIENTED_EDGE ( 'NONE', *, *, #4295, .T. ) ;
#3109 = FACE_OUTER_BOUND ( 'NONE', #62, .T. ) ;
#3110 = DIRECTION ( 'NONE',  ( 6.576496740845259399E-16, -1.000000000000000000, -1.034763473209920030E-15 ) ) ;
#3111 = CARTESIAN_POINT ( 'NONE',  ( -3.800814430680420131, 0.8036373254666079324, 8.875000000000000000 ) ) ;
#3112 = EDGE_CURVE ( 'NONE', #2927, #1333, #3386, .T. ) ;
#3113 = EDGE_LOOP ( 'NONE', ( #3629, #1890, #1961, #525 ) ) ;
#3114 = LINE ( 'NONE', #590, #3009 ) ;
#3115 = SURFACE_STYLE_FILL_AREA ( #613 ) ;
#3116 = ORIENTED_EDGE ( 'NONE', *, *, #3444, .T. ) ;
#3117 = ADVANCED_FACE ( 'NONE', ( #4315 ), #385, .F. ) ;
#3118 = ORIENTED_EDGE ( 'NONE', *, *, #4540, .T. ) ;
#3119 = VERTEX_POINT ( 'NONE', #1853 ) ;
#3120 = CARTESIAN_POINT ( 'NONE',  ( -3.200814430680398281, 2.103637325466626073, 10.44999999999999929 ) ) ;
#3121 = DIRECTION ( 'NONE',  ( 1.000000000000000000, 0.000000000000000000, 0.000000000000000000 ) ) ;
#3122 = ORIENTED_EDGE ( 'NONE', *, *, #2510, .T. ) ;
#3123 = CARTESIAN_POINT ( 'NONE',  ( -3.500814430680414979, 1.584022083195969932, 10.75000000000000000 ) ) ;
#3124 = ORIENTED_EDGE ( 'NONE', *, *, #4006, .F. ) ;
#3125 = CARTESIAN_POINT ( 'NONE',  ( 4.479570327048989498, 1.803637325466550090, 7.150000000000000355 ) ) ;
#3126 = DIRECTION ( 'NONE',  ( 0.000000000000000000, 0.000000000000000000, 1.000000000000000000 ) ) ;
#3127 = LINE ( 'NONE', #690, #3612 ) ;
#3128 = EDGE_CURVE ( 'NONE', #2711, #4003, #3902, .T. ) ;
#3129 = EDGE_LOOP ( 'NONE', ( #2819, #3116, #3409, #3327, #369, #1651, #1571 ) ) ;
#3130 = CARTESIAN_POINT ( 'NONE',  ( 0.9991855693196050048, -1.396362674533414117, 10.75000000000000000 ) ) ;
#3131 = VERTEX_POINT ( 'NONE', #2174 ) ;
#3132 = PLANE ( 'NONE',  #188 ) ;
#3133 = DIRECTION ( 'NONE',  ( -1.000000000000000000, 0.000000000000000000, 1.306267677693379826E-17 ) ) ;
#3134 = CARTESIAN_POINT ( 'NONE',  ( -3.500814430680379896, -0.5963626745333910906, 7.150000000000000355 ) ) ;
#3135 = DIRECTION ( 'NONE',  ( 0.000000000000000000, 1.000000000000000000, 0.000000000000000000 ) ) ;
#3136 = EDGE_CURVE ( 'NONE', #2718, #3725, #445, .T. ) ;
#3137 = ORIENTED_EDGE ( 'NONE', *, *, #1148, .T. ) ;
#3138 = EDGE_CURVE ( 'NONE', #1110, #1557, #3678, .T. ) ;
#3139 = ORIENTED_EDGE ( 'NONE', *, *, #2303, .F. ) ;
#3140 = VECTOR ( 'NONE', #234, 1000.000000000000000 ) ;
#3141 = EDGE_CURVE ( 'NONE', #2991, #1178, #2221, .T. ) ;
#3142 = ORIENTED_EDGE ( 'NONE', *, *, #447, .T. ) ;
#3143 = VECTOR ( 'NONE', #2300, 1000.000000000000000 ) ;
#3144 = CARTESIAN_POINT ( 'NONE',  ( 3.599185569319609979, -1.396362674533391912, 10.44999999999999929 ) ) ;
#3145 = DIRECTION ( 'NONE',  ( 0.000000000000000000, 0.000000000000000000, -1.000000000000000000 ) ) ;
#3146 = VECTOR ( 'NONE', #2864, 1000.000000000000000 ) ;
#3147 = AXIS2_PLACEMENT_3D ( 'NONE', #1149, #3863, #667 ) ;
#3148 = LINE ( 'NONE', #1265, #3508 ) ;
#3149 = DIRECTION ( 'NONE',  ( 0.000000000000000000, 0.000000000000000000, 1.000000000000000000 ) ) ;
#3150 = CARTESIAN_POINT ( 'NONE',  ( -3.700814430680420486, 22.38498528391914988, 6.850000000000000533 ) ) ;
#3151 = LINE ( 'NONE', #4290, #1093 ) ;
#3152 = VECTOR ( 'NONE', #688, 1000.000000000000000 ) ;
#3153 = VECTOR ( 'NONE', #2270, 1000.000000000000000 ) ;
#3154 = ORIENTED_EDGE ( 'NONE', *, *, #4411, .F. ) ;
#3155 = AXIS2_PLACEMENT_3D ( 'NONE', #3266, #98, #382 ) ;
#3156 = ORIENTED_EDGE ( 'NONE', *, *, #4081, .F. ) ;
#3157 = DIRECTION ( 'NONE',  ( 0.000000000000000000, 1.000000000000000000, 0.000000000000000000 ) ) ;
#3158 = CARTESIAN_POINT ( 'NONE',  ( 4.099185569319585554, -0.5963626745333910906, 8.724999999999999645 ) ) ;
#3159 = DIRECTION ( 'NONE',  ( 0.000000000000000000, 1.000000000000000000, 0.000000000000000000 ) ) ;
#3160 = DIRECTION ( 'NONE',  ( 0.000000000000000000, 0.000000000000000000, 1.000000000000000000 ) ) ;
#3161 = PLANE ( 'NONE',  #4258 ) ;
#3162 = VERTEX_POINT ( 'NONE', #14 ) ;
#3163 = EDGE_CURVE ( 'NONE', #2196, #4023, #1876, .T. ) ;
#3164 = VECTOR ( 'NONE', #2358, 1000.000000000000000 ) ;
#3165 = ORIENTED_EDGE ( 'NONE', *, *, #4013, .T. ) ;
#3166 = DIRECTION ( 'NONE',  ( 0.000000000000000000, 0.000000000000000000, 1.000000000000000000 ) ) ;
#3167 = VERTEX_POINT ( 'NONE', #1112 ) ;
#3168 = PLANE ( 'NONE',  #3962 ) ;
#3169 = FACE_OUTER_BOUND ( 'NONE', #2367, .T. ) ;
#3170 = VECTOR ( 'NONE', #3832, 1000.000000000000000 ) ;
#3171 = EDGE_CURVE ( 'NONE', #1948, #4106, #1437, .T. ) ;
#3172 = EDGE_LOOP ( 'NONE', ( #451, #1563, #1155, #415 ) ) ;
#3173 = LINE ( 'NONE', #3979, #901 ) ;
#3174 = LINE ( 'NONE', #1704, #2649 ) ;
#3175 = EDGE_CURVE ( 'NONE', #852, #574, #700, .T. ) ;
#3176 = VECTOR ( 'NONE', #1247, 1000.000000000000000 ) ;
#3177 = ORIENTED_EDGE ( 'NONE', *, *, #4600, .F. ) ;
#3178 = FACE_OUTER_BOUND ( 'NONE', #881, .T. ) ;
#3179 = LINE ( 'NONE', #1760, #4288 ) ;
#3180 = FACE_OUTER_BOUND ( 'NONE', #4340, .T. ) ;
#3181 = PLANE ( 'NONE',  #3815 ) ;
#3182 = ORIENTED_EDGE ( 'NONE', *, *, #696, .T. ) ;
#3183 = FACE_OUTER_BOUND ( 'NONE', #2101, .T. ) ;
#3184 = ORIENTED_EDGE ( 'NONE', *, *, #1173, .F. ) ;
#3185 = DIRECTION ( 'NONE',  ( 0.000000000000000000, 1.034763473209920030E-15, -1.000000000000000000 ) ) ;
#3186 = EDGE_LOOP ( 'NONE', ( #1039, #2784, #1959, #2983, #1346, #2295 ) ) ;
#3187 = EDGE_CURVE ( 'NONE', #1239, #3038, #364, .T. ) ;
#3188 = ORIENTED_EDGE ( 'NONE', *, *, #3342, .T. ) ;
#3189 = CARTESIAN_POINT ( 'NONE',  ( 4.899185569319580047, -0.5963626745333910906, 7.200000000000000178 ) ) ;
#3190 = VERTEX_POINT ( 'NONE', #884 ) ;
#3191 = DIRECTION ( 'NONE',  ( 0.000000000000000000, 0.000000000000000000, 1.000000000000000000 ) ) ;
#3192 = DIRECTION ( 'NONE',  ( 1.000000000000000000, 0.000000000000000000, 0.000000000000000000 ) ) ;
#3193 = ADVANCED_FACE ( 'NONE', ( #2984 ), #4108, .F. ) ;
#3194 = DIRECTION ( 'NONE',  ( 1.000000000000000000, 0.000000000000000000, 0.000000000000000000 ) ) ;
#3195 = DIRECTION ( 'NONE',  ( -1.000000000000000000, -8.462065736472229849E-16, 0.000000000000000000 ) ) ;
#3196 = ADVANCED_FACE ( 'NONE', ( #2334 ), #2311, .F. ) ;
#3197 = EDGE_CURVE ( 'NONE', #2276, #4463, #4038, .T. ) ;
#3198 = ORIENTED_EDGE ( 'NONE', *, *, #3336, .T. ) ;
#3199 = DIRECTION ( 'NONE',  ( 1.000000000000000000, 0.000000000000000000, 0.000000000000000000 ) ) ;
#3200 = DIRECTION ( 'NONE',  ( 0.000000000000000000, 1.000000000000000000, 0.000000000000000000 ) ) ;
#3201 = CARTESIAN_POINT ( 'NONE',  ( 4.699185569319579869, 1.584022083195974817, 6.850000000000000533 ) ) ;
#3202 = DIRECTION ( 'NONE',  ( 0.000000000000000000, -1.000000000000000000, 0.000000000000000000 ) ) ;
#3203 = ORIENTED_EDGE ( 'NONE', *, *, #510, .F. ) ;
#3204 = ORIENTED_EDGE ( 'NONE', *, *, #2110, .T. ) ;
#3205 = LINE ( 'NONE', #3942, #39 ) ;
#3206 = ORIENTED_EDGE ( 'NONE', *, *, #2109, .F. ) ;
#3207 = DIRECTION ( 'NONE',  ( -1.000000000000000000, -6.576496740845270246E-16, -2.139075616130494981E-30 ) ) ;
#3208 = ORIENTED_EDGE ( 'NONE', *, *, #1064, .F. ) ;
#3209 = CARTESIAN_POINT ( 'NONE',  ( 3.349185569319625078, -4.846362674533409631, 8.949999999999999289 ) ) ;
#3210 = DIRECTION ( 'NONE',  ( 0.000000000000000000, -1.000000000000000000, 0.000000000000000000 ) ) ;
#3211 = ORIENTED_EDGE ( 'NONE', *, *, #1965, .T. ) ;
#3212 = ORIENTED_EDGE ( 'NONE', *, *, #1821, .F. ) ;
#3213 =( NAMED_UNIT ( * ) PLANE_ANGLE_UNIT ( ) SI_UNIT ( $, .RADIAN. ) );
#3214 = CARTESIAN_POINT ( 'NONE',  ( -2.000814430680405209, -1.296362674533406034, 10.75000000000000000 ) ) ;
#3215 = APPLICATION_CONTEXT ( 'automotive_design' ) ;
#3216 = VECTOR ( 'NONE', #467, 1000.000000000000000 ) ;
#3217 = VECTOR ( 'NONE', #4381, 1000.000000000000000 ) ;
#3218 = EDGE_CURVE ( 'NONE', #1647, #3371, #4439, .T. ) ;
#3219 = ORIENTED_EDGE ( 'NONE', *, *, #559, .T. ) ;
#3220 = EDGE_CURVE ( 'NONE', #720, #2448, #146, .T. ) ;
#3221 = DIRECTION ( 'NONE',  ( 0.000000000000000000, 1.000000000000000000, 0.000000000000000000 ) ) ;
#3222 = VERTEX_POINT ( 'NONE', #3011 ) ;
#3223 = DIRECTION ( 'NONE',  ( -0.4472135954999911234, 0.8944271909998993131, 0.000000000000000000 ) ) ;
#3224 = CARTESIAN_POINT ( 'NONE',  ( 2.299185569319600386, -0.3963626745335445123, 10.19848454120556092 ) ) ;
#3225 = PLANE ( 'NONE',  #543 ) ;
#3226 = DIRECTION ( 'NONE',  ( 0.000000000000000000, -1.000000000000000000, -1.034763473209920030E-15 ) ) ;
#3227 = EDGE_CURVE ( 'NONE', #1343, #3167, #1572, .T. ) ;
#3228 = VECTOR ( 'NONE', #2949, 1000.000000000000000 ) ;
#3229 = VECTOR ( 'NONE', #1640, 1000.000000000000000 ) ;
#3230 = ORIENTED_EDGE ( 'NONE', *, *, #4418, .T. ) ;
#3231 = ORIENTED_EDGE ( 'NONE', *, *, #4446, .T. ) ;
#3232 = DIRECTION ( 'NONE',  ( 0.000000000000000000, 1.000000000000000000, 0.000000000000000000 ) ) ;
#3233 = VERTEX_POINT ( 'NONE', #1599 ) ;
#3234 = CARTESIAN_POINT ( 'NONE',  ( -3.800814430680420131, -0.5963626745333910906, 8.724999999999999645 ) ) ;
#3235 = ORIENTED_EDGE ( 'NONE', *, *, #2143, .F. ) ;
#3236 = CARTESIAN_POINT ( 'NONE',  ( -1.900814430680410005, -6.146362674533370374, 10.75000000000000000 ) ) ;
#3237 = DIRECTION ( 'NONE',  ( 0.000000000000000000, -1.000000000000000000, 0.000000000000000000 ) ) ;
#3238 = VECTOR ( 'NONE', #1526, 1000.000000000000000 ) ;
#3239 = ORIENTED_EDGE ( 'NONE', *, *, #2223, .T. ) ;
#3240 = CARTESIAN_POINT ( 'NONE',  ( -1.250814430680401879, 3.903637325466455366, 8.048484541205569442 ) ) ;
#3241 = ORIENTED_EDGE ( 'NONE', *, *, #75, .T. ) ;
#3242 = EDGE_CURVE ( 'NONE', #1198, #538, #3687, .T. ) ;
#3243 = DIRECTION ( 'NONE',  ( -6.576496740845259399E-16, 1.000000000000000000, 1.034763473209920030E-15 ) ) ;
#3244 = DIRECTION ( 'NONE',  ( 1.000000000000000000, 0.000000000000000000, 0.000000000000000000 ) ) ;
#3245 = CARTESIAN_POINT ( 'NONE',  ( 0.2491855693195995092, 1.803637325466445063, 9.998484541205559850 ) ) ;
#3246 = CARTESIAN_POINT ( 'NONE',  ( 0.2491855693195995092, 1.803637325466445063, 9.548484541205571219 ) ) ;
#3247 = VECTOR ( 'NONE', #331, 1000.000000000000000 ) ;
#3248 = EDGE_CURVE ( 'NONE', #425, #3370, #216, .T. ) ;
#3249 = ORIENTED_EDGE ( 'NONE', *, *, #2931, .T. ) ;
#3250 = ORIENTED_EDGE ( 'NONE', *, *, #2278, .T. ) ;
#3251 = DIRECTION ( 'NONE',  ( 0.000000000000000000, -1.000000000000000000, 0.000000000000000000 ) ) ;
#3252 = DIRECTION ( 'NONE',  ( 0.000000000000000000, -8.673617379884109428E-17, -1.000000000000000000 ) ) ;
#3253 = ORIENTED_EDGE ( 'NONE', *, *, #4338, .F. ) ;
#3254 = PLANE ( 'NONE',  #108 ) ;
#3255 = EDGE_CURVE ( 'NONE', #1551, #1255, #4391, .T. ) ;
#3256 = ORIENTED_EDGE ( 'NONE', *, *, #2133, .F. ) ;
#3257 = LINE ( 'NONE', #1140, #536 ) ;
#3258 = DIRECTION ( 'NONE',  ( -1.000000000000000000, -6.576496740845259399E-16, 1.951117922891894856E-31 ) ) ;
#3259 = ORIENTED_EDGE ( 'NONE', *, *, #2651, .F. ) ;
#3260 = LINE ( 'NONE', #1450, #3146 ) ;
#3261 = ORIENTED_EDGE ( 'NONE', *, *, #2114, .T. ) ;
#3262 = FACE_OUTER_BOUND ( 'NONE', #2661, .T. ) ;
#3263 = FACE_OUTER_BOUND ( 'NONE', #1914, .T. ) ;
#3264 = DIRECTION ( 'NONE',  ( -1.000000000000000000, 1.445602896647338522E-15, 0.000000000000000000 ) ) ;
#3265 = CARTESIAN_POINT ( 'NONE',  ( -2.400814430680399791, -0.5963626745333939771, 6.850000000000000533 ) ) ;
#3266 = CARTESIAN_POINT ( 'NONE',  ( 4.899185569319589817, 22.38498528391914988, 6.850000000000000533 ) ) ;
#3267 = ADVANCED_FACE ( 'NONE', ( #1250 ), #2663, .F. ) ;
#3268 = FACE_OUTER_BOUND ( 'NONE', #464, .T. ) ;
#3269 = ORIENTED_EDGE ( 'NONE', *, *, #1710, .T. ) ;
#3270 = DIRECTION ( 'NONE',  ( 0.000000000000000000, 0.000000000000000000, -1.000000000000000000 ) ) ;
#3271 = DIRECTION ( 'NONE',  ( 8.756236532002660124E-31, -1.034763473209920030E-15, 1.000000000000000000 ) ) ;
#3272 = ADVANCED_FACE ( 'NONE', ( #4061 ), #1907, .F. ) ;
#3273 = EDGE_CURVE ( 'NONE', #1931, #196, #3828, .T. ) ;
#3274 = ORIENTED_EDGE ( 'NONE', *, *, #1522, .T. ) ;
#3275 = ORIENTED_EDGE ( 'NONE', *, *, #299, .T. ) ;
#3276 = CARTESIAN_POINT ( 'NONE',  ( -1.600814430680394862, -1.396362674533414117, 10.44999999999999929 ) ) ;
#3277 = ADVANCED_FACE ( 'NONE', ( #497 ), #1180, .F. ) ;
#3278 = CARTESIAN_POINT ( 'NONE',  ( -2.400814430680424660, -0.5963626745333939771, 7.150000000000000355 ) ) ;
#3279 = ORIENTED_EDGE ( 'NONE', *, *, #1777, .T. ) ;
#3280 = PLANE ( 'NONE',  #2323 ) ;
#3281 = CARTESIAN_POINT ( 'NONE',  ( -1.900814430680410005, -0.5963626745333939771, 6.850000000000000533 ) ) ;
#3282 = DIRECTION ( 'NONE',  ( 0.000000000000000000, 1.000000000000000000, 0.000000000000000000 ) ) ;
#3283 = VERTEX_POINT ( 'NONE', #1927 ) ;
#3284 = CARTESIAN_POINT ( 'NONE',  ( 4.438834767191523589, 1.874193384814426544, 6.850000000000001421 ) ) ;
#3285 = CARTESIAN_POINT ( 'NONE',  ( 4.699185569319590527, 1.803637325466630026, 6.850000000000000533 ) ) ;
#3286 = DIRECTION ( 'NONE',  ( 0.000000000000000000, 1.000000000000000000, 0.000000000000000000 ) ) ;
#3287 = CARTESIAN_POINT ( 'NONE',  ( -1.250814430680401879, 3.901564731250075191, 8.048484541205569442 ) ) ;
#3288 = AXIS2_PLACEMENT_3D ( 'NONE', #4270, #1406, #741 ) ;
#3289 = CARTESIAN_POINT ( 'NONE',  ( 4.699185569319600297, 2.103637325466630070, 7.150000000000000355 ) ) ;
#3290 = VECTOR ( 'NONE', #79, 1000.000000000000000 ) ;
#3291 = ORIENTED_EDGE ( 'NONE', *, *, #3031, .T. ) ;
#3292 = VECTOR ( 'NONE', #375, 1000.000000000000000 ) ;
#3293 = ORIENTED_EDGE ( 'NONE', *, *, #2592, .F. ) ;
#3294 = STYLED_ITEM ( 'NONE', ( #1289 ), #579 ) ;
#3295 = ORIENTED_EDGE ( 'NONE', *, *, #3580, .F. ) ;
#3296 = DIRECTION ( 'NONE',  ( -1.000000000000000000, 0.000000000000000000, 0.000000000000000000 ) ) ;
#3297 = DIRECTION ( 'NONE',  ( 0.000000000000000000, 1.034763473209920030E-15, -1.000000000000000000 ) ) ;
#3298 = CIRCLE ( 'NONE', #1141, 0.2000000000000005107 ) ;
#3299 = VECTOR ( 'NONE', #423, 1000.000000000000000 ) ;
#3300 = EDGE_LOOP ( 'NONE', ( #2762, #1021, #3211, #2001 ) ) ;
#3301 = ORIENTED_EDGE ( 'NONE', *, *, #2382, .T. ) ;
#3302 = LINE ( 'NONE', #503, #166 ) ;
#3303 = ADVANCED_FACE ( 'NONE', ( #3344 ), #197, .F. ) ;
#3304 = VERTEX_POINT ( 'NONE', #2239 ) ;
#3305 = ORIENTED_EDGE ( 'NONE', *, *, #996, .F. ) ;
#3306 = ORIENTED_EDGE ( 'NONE', *, *, #1479, .F. ) ;
#3307 = LINE ( 'NONE', #2281, #1134 ) ;
#3308 = CARTESIAN_POINT ( 'NONE',  ( 4.479570327048933542, 1.803637325466633134, 10.75000000000000000 ) ) ;
#3309 = VECTOR ( 'NONE', #1325, 1000.000000000000000 ) ;
#3310 = ORIENTED_EDGE ( 'NONE', *, *, #4020, .F. ) ;
#3311 = DIRECTION ( 'NONE',  ( 0.000000000000000000, 0.000000000000000000, 1.000000000000000000 ) ) ;
#3312 = EDGE_CURVE ( 'NONE', #1102, #4450, #1622, .T. ) ;
#3313 = VECTOR ( 'NONE', #3665, 1000.000000000000000 ) ;
#3314 = CARTESIAN_POINT ( 'NONE',  ( -3.700814430680390288, 1.803637325466625141, 5.400000000000000355 ) ) ;
#3315 = DIRECTION ( 'NONE',  ( 0.000000000000000000, 0.000000000000000000, -1.000000000000000000 ) ) ;
#3316 = CARTESIAN_POINT ( 'NONE',  ( 2.399185569319574718, -1.396362674533391912, 7.150000000000000355 ) ) ;
#3317 = EDGE_CURVE ( 'NONE', #3603, #4467, #2776, .T. ) ;
#3318 = LINE ( 'NONE', #2959, #1080 ) ;
#3319 = AXIS2_PLACEMENT_3D ( 'NONE', #1732, #4202, #1429 ) ;
#3320 = LINE ( 'NONE', #2237, #1542 ) ;
#3321 = ORIENTED_EDGE ( 'NONE', *, *, #2143, .T. ) ;
#3322 = DIRECTION ( 'NONE',  ( 1.000000000000000000, -3.469446951953935413E-14, 0.000000000000000000 ) ) ;
#3323 = CARTESIAN_POINT ( 'NONE',  ( 4.999185569319619660, 2.103637325466654495, 10.40000000000000036 ) ) ;
#3324 = CIRCLE ( 'NONE', #1838, 0.2499999999999997780 ) ;
#3325 = CARTESIAN_POINT ( 'NONE',  ( 2.799185569319584843, -1.396362674533414117, 10.75000000000000000 ) ) ;
#3326 = EDGE_LOOP ( 'NONE', ( #1531, #3447, #4444, #4533 ) ) ;
#3327 = ORIENTED_EDGE ( 'NONE', *, *, #2987, .F. ) ;
#3328 = LINE ( 'NONE', #4398, #95 ) ;
#3329 = ADVANCED_FACE ( 'NONE', ( #3824 ), #3476, .F. ) ;
#3330 = PLANE ( 'NONE',  #3729 ) ;
#3331 = ORIENTED_EDGE ( 'NONE', *, *, #3503, .T. ) ;
#3332 = VERTEX_POINT ( 'NONE', #2735 ) ;
#3333 = DIRECTION ( 'NONE',  ( 0.000000000000000000, 1.000000000000000000, 0.000000000000000000 ) ) ;
#3334 = CARTESIAN_POINT ( 'NONE',  ( -2.400814430680424660, -1.396362674533409898, 6.850000000000000533 ) ) ;
#3335 = ORIENTED_EDGE ( 'NONE', *, *, #4298, .T. ) ;
#3336 = EDGE_CURVE ( 'NONE', #1557, #4512, #283, .T. ) ;
#3337 = ADVANCED_FACE ( 'NONE', ( #3109 ), #3132, .F. ) ;
#3338 = PLANE ( 'NONE',  #1285 ) ;
#3339 = CARTESIAN_POINT ( 'NONE',  ( 0.9991855693196050048, -1.396362674533414117, 8.949999999999999289 ) ) ;
#3340 = PLANE ( 'NONE',  #1221 ) ;
#3341 = ORIENTED_EDGE ( 'NONE', *, *, #3053, .F. ) ;
#3342 = EDGE_CURVE ( 'NONE', #720, #2862, #2060, .T. ) ;
#3343 = ORIENTED_EDGE ( 'NONE', *, *, #568, .T. ) ;
#3344 = FACE_OUTER_BOUND ( 'NONE', #3113, .T. ) ;
#3345 = DIRECTION ( 'NONE',  ( 0.000000000000000000, 1.034763473209920030E-15, -1.000000000000000000 ) ) ;
#3346 = PLANE ( 'NONE',  #317 ) ;
#3347 = B_SPLINE_CURVE_WITH_KNOTS ( 'NONE', 3,
 ( #2703, #3769, #4168, #227, #1284, #578 ),
 .UNSPECIFIED., .F., .F.,
 ( 4, 2, 4 ),
 ( 6.133173666733496745E-19, 0.0002411994111207493613, 0.0004823988222414980721 ),
 .UNSPECIFIED. ) ;
#3348 = ORIENTED_EDGE ( 'NONE', *, *, #1290, .F. ) ;
#3349 = ORIENTED_EDGE ( 'NONE', *, *, #2887, .T. ) ;
#3350 = FACE_OUTER_BOUND ( 'NONE', #2259, .T. ) ;
#3351 = ORIENTED_EDGE ( 'NONE', *, *, #1342, .T. ) ;
#3352 = ORIENTED_EDGE ( 'NONE', *, *, #1918, .T. ) ;
#3353 = LINE ( 'NONE', #3281, #3143 ) ;
#3354 = LINE ( 'NONE', #1171, #1589 ) ;
#3355 = CARTESIAN_POINT ( 'NONE',  ( 4.899185569319589817, -1.396362674533409898, 6.850000000000000533 ) ) ;
#3356 = DIRECTION ( 'NONE',  ( 0.000000000000000000, 0.000000000000000000, -1.000000000000000000 ) ) ;
#3357 = LINE ( 'NONE', #1269, #175 ) ;
#3358 = ADVANCED_FACE ( 'NONE', ( #4201 ), #1359, .F. ) ;
#3359 = CARTESIAN_POINT ( 'NONE',  ( 4.699185569319600297, 1.584022083195969932, 10.75000000000000000 ) ) ;
#3360 = VECTOR ( 'NONE', #3199, 1000.000000000000000 ) ;
#3361 = ORIENTED_EDGE ( 'NONE', *, *, #342, .T. ) ;
#3362 = DIRECTION ( 'NONE',  ( 1.000000000000000000, 0.000000000000000000, 0.000000000000000000 ) ) ;
#3363 = DIRECTION ( 'NONE',  ( 0.000000000000000000, 0.000000000000000000, -1.000000000000000000 ) ) ;
#3364 = CARTESIAN_POINT ( 'NONE',  ( 0.5991855693195939914, 0.3036373254666074883, 5.143749999999999822 ) ) ;
#3365 = EDGE_CURVE ( 'NONE', #4512, #2811, #4127, .T. ) ;
#3366 = VECTOR ( 'NONE', #187, 1000.000000000000000 ) ;
#3367 = AXIS2_PLACEMENT_3D ( 'NONE', #4493, #3101, #3788 ) ;
#3368 = DIRECTION ( 'NONE',  ( -0.000000000000000000, 1.000000000000000000, 0.000000000000000000 ) ) ;
#3369 = ORIENTED_EDGE ( 'NONE', *, *, #1534, .F. ) ;
#3370 = VERTEX_POINT ( 'NONE', #1338 ) ;
#3371 = VERTEX_POINT ( 'NONE', #2425 ) ;
#3372 = VECTOR ( 'NONE', #1431, 1000.000000000000000 ) ;
#3373 = AXIS2_PLACEMENT_3D ( 'NONE', #2004, #226, #620 ) ;
#3374 = CARTESIAN_POINT ( 'NONE',  ( -3.300814430680400147, 1.803637325466445063, 7.598484541205571041 ) ) ;
#3375 = EDGE_CURVE ( 'NONE', #2229, #546, #1321, .T. ) ;
#3376 = AXIS2_PLACEMENT_3D ( 'NONE', #4498, #1317, #1293 ) ;
#3377 = LINE ( 'NONE', #182, #1286 ) ;
#3378 = EDGE_LOOP ( 'NONE', ( #4597, #224, #2015, #3028 ) ) ;
#3379 = VERTEX_POINT ( 'NONE', #2752 ) ;
#3380 = CARTESIAN_POINT ( 'NONE',  ( -1.900814430680410005, -6.146362674533370374, 6.850000000000000533 ) ) ;
#3381 = FACE_BOUND ( 'NONE', #3487, .T. ) ;
#3382 = CARTESIAN_POINT ( 'NONE',  ( 2.099185569319594880, 0.8036373254666079324, 8.875000000000000000 ) ) ;
#3383 = LINE ( 'NONE', #2750, #1466 ) ;
#3384 = CARTESIAN_POINT ( 'NONE',  ( -1.200814430680422040, -1.396362674533414117, 7.150000000000000355 ) ) ;
#3385 = EDGE_CURVE ( 'NONE', #1758, #3780, #3496, .T. ) ;
#3386 = CIRCLE ( 'NONE', #1825, 0.6000000000000003109 ) ;
#3387 = ORIENTED_EDGE ( 'NONE', *, *, #2977, .F. ) ;
#3388 = DIRECTION ( 'NONE',  ( -3.469446951953935413E-14, -1.000000000000000000, 0.000000000000000000 ) ) ;
#3389 = CARTESIAN_POINT ( 'NONE',  ( 0.5991855693195939914, 0.3036373254666074883, 12.45625000000000071 ) ) ;
#3390 = DIRECTION ( 'NONE',  ( 1.000000000000000000, 0.000000000000000000, 0.000000000000000000 ) ) ;
#3391 = VECTOR ( 'NONE', #1206, 1000.000000000000000 ) ;
#3392 = VECTOR ( 'NONE', #2550, 1000.000000000000000 ) ;
#3393 = EDGE_CURVE ( 'NONE', #524, #761, #3428, .T. ) ;
#3394 = ORIENTED_EDGE ( 'NONE', *, *, #3556, .T. ) ;
#3395 = ORIENTED_EDGE ( 'NONE', *, *, #1045, .F. ) ;
#3396 = DIRECTION ( 'NONE',  ( -1.000000000000000000, 0.000000000000000000, 0.000000000000000000 ) ) ;
#3397 = EDGE_CURVE ( 'NONE', #202, #1234, #1379, .T. ) ;
#3398 = ADVANCED_FACE ( 'NONE', ( #607 ), #1731, .T. ) ;
#3399 = ORIENTED_EDGE ( 'NONE', *, *, #3960, .T. ) ;
#3400 = DIRECTION ( 'NONE',  ( 0.000000000000000000, 1.000000000000000000, 0.000000000000000000 ) ) ;
#3401 = VERTEX_POINT ( 'NONE', #930 ) ;
#3402 = CARTESIAN_POINT ( 'NONE',  ( -3.300814430680400147, 1.203637325466456076, 8.348484541205559495 ) ) ;
#3403 = CARTESIAN_POINT ( 'NONE',  ( 2.849185569319625078, -1.696362674533414827, 8.949999999999999289 ) ) ;
#3404 = CARTESIAN_POINT ( 'NONE',  ( -3.800814430680394818, 2.103637325466630070, 10.40000000000000036 ) ) ;
#3405 = FILL_AREA_STYLE ('',( #644 ) ) ;
#3406 = CARTESIAN_POINT ( 'NONE',  ( -2.400814430680424660, -0.5963626745333939771, 10.75000000000000000 ) ) ;
#3407 = LINE ( 'NONE', #4474, #4063 ) ;
#3408 = DIRECTION ( 'NONE',  ( 0.000000000000000000, 0.000000000000000000, 1.000000000000000000 ) ) ;
#3409 = ORIENTED_EDGE ( 'NONE', *, *, #3538, .F. ) ;
#3410 = CARTESIAN_POINT ( 'NONE',  ( 0.8491855693195939914, -1.696362674533404835, 8.650000000000000355 ) ) ;
#3411 = DIRECTION ( 'NONE',  ( -0.000000000000000000, 1.000000000000000000, 0.000000000000000000 ) ) ;
#3412 = CARTESIAN_POINT ( 'NONE',  ( -1.600814430680394862, -1.396362674533414117, 10.75000000000000000 ) ) ;
#3413 = ORIENTED_EDGE ( 'NONE', *, *, #1676, .T. ) ;
#3414 = ORIENTED_EDGE ( 'NONE', *, *, #407, .F. ) ;
#3415 = EDGE_CURVE ( 'NONE', #911, #44, #4563, .T. ) ;
#3416 = EDGE_CURVE ( 'NONE', #1506, #3162, #4224, .T. ) ;
#3417 = FACE_OUTER_BOUND ( 'NONE', #2454, .T. ) ;
#3418 = VERTEX_POINT ( 'NONE', #4520 ) ;
#3419 = EDGE_LOOP ( 'NONE', ( #452, #1552, #3423, #3639 ) ) ;
#3420 = DIRECTION ( 'NONE',  ( 0.000000000000000000, 0.000000000000000000, 1.000000000000000000 ) ) ;
#3421 = CARTESIAN_POINT ( 'NONE',  ( 4.099185569319585554, -0.5963626745333939771, 10.75000000000000000 ) ) ;
#3422 = EDGE_CURVE ( 'NONE', #662, #775, #3865, .T. ) ;
#3423 = ORIENTED_EDGE ( 'NONE', *, *, #4274, .F. ) ;
#3424 = LINE ( 'NONE', #972, #976 ) ;
#3425 = LINE ( 'NONE', #3771, #4507 ) ;
#3426 = CARTESIAN_POINT ( 'NONE',  ( -3.500814430680405209, 1.584022083195969932, 10.44999999999999929 ) ) ;
#3427 = ORIENTED_EDGE ( 'NONE', *, *, #115, .T. ) ;
#3428 = LINE ( 'NONE', #954, #2271 ) ;
#3429 = CARTESIAN_POINT ( 'NONE',  ( 2.399185569319609801, -1.396362674533409898, 7.150000000000000355 ) ) ;
#3430 = DIRECTION ( 'NONE',  ( 0.000000000000000000, 0.000000000000000000, 1.000000000000000000 ) ) ;
#3431 = AXIS2_PLACEMENT_3D ( 'NONE', #4268, #1757, #2497 ) ;
#3432 = ORIENTED_EDGE ( 'NONE', *, *, #3505, .T. ) ;
#3433 = FACE_OUTER_BOUND ( 'NONE', #713, .T. ) ;
#3434 = ORIENTED_EDGE ( 'NONE', *, *, #2477, .T. ) ;
#3435 = AXIS2_PLACEMENT_3D ( 'NONE', #2633, #120, #4406 ) ;
#3436 = VECTOR ( 'NONE', #4018, 1000.000000000000000 ) ;
#3437 = EDGE_CURVE ( 'NONE', #3085, #3572, #1301, .T. ) ;
#3438 = VECTOR ( 'NONE', #3282, 1000.000000000000000 ) ;
#3439 = CARTESIAN_POINT ( 'NONE',  ( -3.800814430680420131, -1.396362674533414117, 8.650000000000000355 ) ) ;
#3440 = ORIENTED_EDGE ( 'NONE', *, *, #1635, .F. ) ;
#3441 = AXIS2_PLACEMENT_3D ( 'NONE', #3236, #3191, #2858 ) ;
#3442 = ORIENTED_EDGE ( 'NONE', *, *, #1609, .T. ) ;
#3443 = DIRECTION ( 'NONE',  ( 0.000000000000000000, -1.000000000000000000, -1.301042606982615921E-16 ) ) ;
#3444 = EDGE_CURVE ( 'NONE', #4450, #273, #264, .T. ) ;
#3445 = VECTOR ( 'NONE', #2779, 1000.000000000000000 ) ;
#3446 = VECTOR ( 'NONE', #2737, 1000.000000000000000 ) ;
#3447 = ORIENTED_EDGE ( 'NONE', *, *, #769, .T. ) ;
#3448 = PLANE ( 'NONE',  #237 ) ;
#3449 = ORIENTED_EDGE ( 'NONE', *, *, #515, .T. ) ;
#3450 = LINE ( 'NONE', #257, #974 ) ;
#3451 = DIRECTION ( 'NONE',  ( -1.000000000000000000, 0.000000000000000000, 1.306267677693379826E-17 ) ) ;
#3452 = CYLINDRICAL_SURFACE ( 'NONE', #321, 0.1999999999999996503 ) ;
#3453 = VERTEX_POINT ( 'NONE', #3189 ) ;
#3454 = ADVANCED_FACE ( 'NONE', ( #1394 ), #3878, .F. ) ;
#3455 = EDGE_LOOP ( 'NONE', ( #938, #2247, #1621 ) ) ;
#3456 = DIRECTION ( 'NONE',  ( 0.000000000000000000, 0.000000000000000000, -1.000000000000000000 ) ) ;
#3457 = PLANE ( 'NONE',  #2200 ) ;
#3458 = DIRECTION ( 'NONE',  ( 0.000000000000000000, 0.000000000000000000, 1.000000000000000000 ) ) ;
#3459 = VECTOR ( 'NONE', #3796, 999.9999999999998863 ) ;
#3460 = ORIENTED_EDGE ( 'NONE', *, *, #2627, .F. ) ;
#3461 = PRESENTATION_LAYER_ASSIGNMENT (  '', '', ( #1237 ) ) ;
#3462 = VECTOR ( 'NONE', #2574, 1000.000000000000000 ) ;
#3463 = ORIENTED_EDGE ( 'NONE', *, *, #2032, .F. ) ;
#3464 = CARTESIAN_POINT ( 'NONE',  ( -0.9008144306804080070, -0.5963626745333910906, 10.75000000000000000 ) ) ;
#3465 = EDGE_CURVE ( 'NONE', #4427, #3485, #1040, .T. ) ;
#3466 = CARTESIAN_POINT ( 'NONE',  ( -1.600814430680394862, -1.396362674533414117, 10.75000000000000000 ) ) ;
#3467 = CARTESIAN_POINT ( 'NONE',  ( 4.479570327048945089, 1.803637325466610042, 7.200000000000000178 ) ) ;
#3468 = VECTOR ( 'NONE', #3964, 1000.000000000000000 ) ;
#3469 = ORIENTED_EDGE ( 'NONE', *, *, #3031, .F. ) ;
#3470 = DIRECTION ( 'NONE',  ( 0.000000000000000000, 0.000000000000000000, 1.000000000000000000 ) ) ;
#3471 = FACE_OUTER_BOUND ( 'NONE', #1953, .T. ) ;
#3472 = ADVANCED_FACE ( 'NONE', ( #1487 ), #3973, .F. ) ;
#3473 = EDGE_LOOP ( 'NONE', ( #2424, #637, #2652, #1012 ) ) ;
#3474 = EDGE_CURVE ( 'NONE', #3283, #3162, #1768, .T. ) ;
#3475 = ORIENTED_EDGE ( 'NONE', *, *, #1479, .T. ) ;
#3476 = CYLINDRICAL_SURFACE ( 'NONE', #4205, 0.6000000000000310640 ) ;
#3477 = DIRECTION ( 'NONE',  ( -0.000000000000000000, 1.000000000000000000, 0.000000000000000000 ) ) ;
#3478 = PLANE ( 'NONE',  #1299 ) ;
#3479 = LINE ( 'NONE', #4541, #2327 ) ;
#3480 = EDGE_CURVE ( 'NONE', #2459, #2677, #2570, .T. ) ;
#3481 = LINE ( 'NONE', #3871, #87 ) ;
#3482 = ORIENTED_EDGE ( 'NONE', *, *, #876, .T. ) ;
#3483 = DIRECTION ( 'NONE',  ( 1.000000000000000000, 0.000000000000000000, 0.000000000000000000 ) ) ;
#3484 = ORIENTED_EDGE ( 'NONE', *, *, #1023, .F. ) ;
#3485 = VERTEX_POINT ( 'NONE', #4282 ) ;
#3486 = LINE ( 'NONE', #2363, #1218 ) ;
#3487 = EDGE_LOOP ( 'NONE', ( #3643, #2612, #3574, #384 ) ) ;
#3488 = LINE ( 'NONE', #1614, #2472 ) ;
#3489 = LINE ( 'NONE', #621, #462 ) ;
#3490 = DIRECTION ( 'NONE',  ( 0.000000000000000000, 0.000000000000000000, 1.000000000000000000 ) ) ;
#3491 = ORIENTED_EDGE ( 'NONE', *, *, #2738, .T. ) ;
#3492 = PLANE ( 'NONE',  #4331 ) ;
#3493 = DIRECTION ( 'NONE',  ( 1.000000000000000000, 0.000000000000000000, 0.000000000000000000 ) ) ;
#3494 = CARTESIAN_POINT ( 'NONE',  ( 2.699185569319585198, -1.396362674533414117, 8.650000000000000355 ) ) ;
#3495 = ORIENTED_EDGE ( 'NONE', *, *, #2592, .T. ) ;
#3496 = LINE ( 'NONE', #669, #627 ) ;
#3497 = LINE ( 'NONE', #2500, #114 ) ;
#3498 = CARTESIAN_POINT ( 'NONE',  ( -3.216967817971249755, 1.953545917379194030, 10.72185005657734536 ) ) ;
#3499 = CYLINDRICAL_SURFACE ( 'NONE', #833, 1.906250000000000000 ) ;
#3500 = EDGE_CURVE ( 'NONE', #2672, #1129, #3573, .T. ) ;
#3501 = ORIENTED_EDGE ( 'NONE', *, *, #1693, .F. ) ;
#3502 = ORIENTED_EDGE ( 'NONE', *, *, #1452, .T. ) ;
#3503 = EDGE_CURVE ( 'NONE', #1751, #2972, #3907, .T. ) ;
#3504 = ORIENTED_EDGE ( 'NONE', *, *, #1743, .F. ) ;
#3505 = EDGE_CURVE ( 'NONE', #911, #4397, #1445, .T. ) ;
#3506 = ORIENTED_EDGE ( 'NONE', *, *, #3989, .T. ) ;
#3507 = VECTOR ( 'NONE', #721, 1000.000000000000000 ) ;
#3508 = VECTOR ( 'NONE', #897, 1000.000000000000000 ) ;
#3509 = CARTESIAN_POINT ( 'NONE',  ( -2.900814430680410005, -0.5963626745333910906, 8.875000000000000000 ) ) ;
#3510 = VECTOR ( 'NONE', #4430, 1000.000000000000000 ) ;
#3511 = VECTOR ( 'NONE', #3013, 1000.000000000000000 ) ;
#3512 = ORIENTED_EDGE ( 'NONE', *, *, #149, .T. ) ;
#3513 = LINE ( 'NONE', #327, #2915 ) ;
#3514 = CARTESIAN_POINT ( 'NONE',  ( 0.1991855693195819788, -1.396362674533414117, 8.949999999999999289 ) ) ;
#3515 = VECTOR ( 'NONE', #1120, 1000.000000000000000 ) ;
#3516 = VECTOR ( 'NONE', #609, 1000.000000000000000 ) ;
#3517 = EDGE_LOOP ( 'NONE', ( #4086, #472, #3413, #27 ) ) ;
#3518 = ORIENTED_EDGE ( 'NONE', *, *, #2244, .T. ) ;
#3519 = CARTESIAN_POINT ( 'NONE',  ( -1.200814430680422040, 1.803637325466605157, 10.44999999999999929 ) ) ;
#3520 = DIRECTION ( 'NONE',  ( 0.000000000000000000, -1.000000000000000000, 0.000000000000000000 ) ) ;
#3521 = CARTESIAN_POINT ( 'NONE',  ( -3.200814430680395173, 2.103637325466630514, 10.53151528067805742 ) ) ;
#3522 = ADVANCED_FACE ( 'NONE', ( #2512 ), #3254, .F. ) ;
#3523 = CARTESIAN_POINT ( 'NONE',  ( 2.299185569319600386, 1.603637325466449992, 7.398484541205560205 ) ) ;
#3524 = ORIENTED_EDGE ( 'NONE', *, *, #3385, .T. ) ;
#3525 = DIRECTION ( 'NONE',  ( 1.000000000000000000, 6.576496740845259399E-16, -1.951117922891894856E-31 ) ) ;
#3526 = PLANE ( 'NONE',  #339 ) ;
#3527 = ORIENTED_EDGE ( 'NONE', *, *, #2133, .T. ) ;
#3528 = AXIS2_PLACEMENT_3D ( 'NONE', #2549, #746, #3549 ) ;
#3529 = EDGE_CURVE ( 'NONE', #2481, #3685, #345, .T. ) ;
#3530 = VECTOR ( 'NONE', #563, 1000.000000000000000 ) ;
#3531 = ORIENTED_EDGE ( 'NONE', *, *, #378, .F. ) ;
#3532 = DIRECTION ( 'NONE',  ( -8.756236532002660124E-31, 1.034763473209920030E-15, -1.000000000000000000 ) ) ;
#3533 = ORIENTED_EDGE ( 'NONE', *, *, #2780, .T. ) ;
#3534 = CARTESIAN_POINT ( 'NONE',  ( -2.400814430680424660, -1.396362674533391912, 7.150000000000000355 ) ) ;
#3535 = CARTESIAN_POINT ( 'NONE',  ( 3.599185569319609979, -0.5963626745333939771, 7.150000000000000355 ) ) ;
#3536 = ADVANCED_FACE ( 'NONE', ( #2556 ), #707, .F. ) ;
#3537 = VECTOR ( 'NONE', #1787, 1000.000000000000000 ) ;
#3538 = EDGE_CURVE ( 'NONE', #1088, #273, #482, .T. ) ;
#3539 = LINE ( 'NONE', #2141, #2547 ) ;
#3540 = PRESENTATION_STYLE_ASSIGNMENT (( #1823 ) ) ;
#3541 = AXIS2_PLACEMENT_3D ( 'NONE', #2910, #3609, #3244 ) ;
#3542 = ORIENTED_EDGE ( 'NONE', *, *, #2129, .T. ) ;
#3543 = CARTESIAN_POINT ( 'NONE',  ( 0.3491855693195935473, -1.696362674533409942, 8.650000000000000355 ) ) ;
#3544 = CARTESIAN_POINT ( 'NONE',  ( 2.399185569319574718, -0.5963626745333939771, 10.44999999999999929 ) ) ;
#3545 = CARTESIAN_POINT ( 'NONE',  ( -3.500814430680400324, -0.5963626745333939771, 10.40000000000000036 ) ) ;
#3546 = LINE ( 'NONE', #2194, #2998 ) ;
#3547 = CARTESIAN_POINT ( 'NONE',  ( -2.000814430680405209, -1.296362674533406034, 10.75000000000000000 ) ) ;
#3548 = EDGE_LOOP ( 'NONE', ( #2230, #3341, #4024, #155 ) ) ;
#3549 = DIRECTION ( 'NONE',  ( 0.000000000000000000, 0.000000000000000000, 1.000000000000000000 ) ) ;
#3550 = CARTESIAN_POINT ( 'NONE',  ( -3.300814430680400147, -0.3963626745335479540, 9.548484541205560561 ) ) ;
#3551 = ORIENTED_EDGE ( 'NONE', *, *, #4471, .T. ) ;
#3552 = CARTESIAN_POINT ( 'NONE',  ( -3.800814430680420131, -0.5963626745333910906, 8.875000000000000000 ) ) ;
#3553 = EDGE_LOOP ( 'NONE', ( #2645, #1785, #3249, #3893 ) ) ;
#3554 = LINE ( 'NONE', #46, #3515 ) ;
#3555 = ADVANCED_FACE ( 'NONE', ( #1815 ), #1841, .F. ) ;
#3556 = EDGE_CURVE ( 'NONE', #2138, #4379, #2883, .T. ) ;
#3557 = VERTEX_POINT ( 'NONE', #1116 ) ;
#3558 = VERTEX_POINT ( 'NONE', #751 ) ;
#3559 = DIRECTION ( 'NONE',  ( 0.000000000000000000, -1.000000000000000000, 0.000000000000000000 ) ) ;
#3560 = DIRECTION ( 'NONE',  ( 0.000000000000000000, 0.000000000000000000, -1.000000000000000000 ) ) ;
#3561 = EDGE_CURVE ( 'NONE', #554, #2317, #2181, .T. ) ;
#3562 = ORIENTED_EDGE ( 'NONE', *, *, #4129, .F. ) ;
#3563 = ORIENTED_EDGE ( 'NONE', *, *, #4471, .F. ) ;
#3564 = DIRECTION ( 'NONE',  ( 0.000000000000000000, -8.673617379884109428E-17, -1.000000000000000000 ) ) ;
#3565 = LINE ( 'NONE', #1005, #3606 ) ;
#3566 = CARTESIAN_POINT ( 'NONE',  ( -2.400814430680394906, -1.596362674533409853, 7.150000000000000355 ) ) ;
#3567 = CARTESIAN_POINT ( 'NONE',  ( -2.150814430680410005, -4.846362674533409631, 8.650000000000000355 ) ) ;
#3568 = VERTEX_POINT ( 'NONE', #4574 ) ;
#3569 = CARTESIAN_POINT ( 'NONE',  ( 2.399185569319609801, -0.5963626745333939771, 6.850000000000000533 ) ) ;
#3570 = CARTESIAN_POINT ( 'NONE',  ( -0.9008144306804080070, -0.5963626745333910906, 8.875000000000000000 ) ) ;
#3571 = CARTESIAN_POINT ( 'NONE',  ( -3.700814430680385403, 1.803637325466625141, 10.40000000000000036 ) ) ;
#3572 = VERTEX_POINT ( 'NONE', #2812 ) ;
#3573 = LINE ( 'NONE', #2828, #3605 ) ;
#3574 = ORIENTED_EDGE ( 'NONE', *, *, #823, .T. ) ;
#3575 = PLANE ( 'NONE',  #2034 ) ;
#3576 = PLANE ( 'NONE',  #3585 ) ;
#3577 = EDGE_CURVE ( 'NONE', #1667, #1061, #4232, .T. ) ;
#3578 = CIRCLE ( 'NONE', #1878, 0.4999999999999939493 ) ;
#3579 = ORIENTED_EDGE ( 'NONE', *, *, #2539, .T. ) ;
#3580 = EDGE_CURVE ( 'NONE', #2877, #3941, #866, .T. ) ;
#3581 = LINE ( 'NONE', #4583, #1728 ) ;
#3582 = VECTOR ( 'NONE', #3223, 1000.000000000000000 ) ;
#3583 = CIRCLE ( 'NONE', #2990, 0.6000000000000003109 ) ;
#3584 = PRODUCT_RELATED_PRODUCT_CATEGORY ( 'part', '', ( #291 ) ) ;
#3585 = AXIS2_PLACEMENT_3D ( 'NONE', #4236, #3210, #3145 ) ;
#3586 = CIRCLE ( 'NONE', #2773, 0.6000000000000310640 ) ;
#3587 = CARTESIAN_POINT ( 'NONE',  ( 0.8491855693195939914, -1.696362674533404835, 10.75000000000000000 ) ) ;
#3588 = DIRECTION ( 'NONE',  ( 1.000000000000000000, 8.462065736472229849E-16, 0.000000000000000000 ) ) ;
#3589 = CARTESIAN_POINT ( 'NONE',  ( -1.900814430680410005, -0.5963626745333939771, 10.75000000000000000 ) ) ;
#3590 = CARTESIAN_POINT ( 'NONE',  ( 3.599185569319609979, -0.5963626745333939771, 10.75000000000000000 ) ) ;
#3591 = VECTOR ( 'NONE', #2152, 1000.000000000000000 ) ;
#3592 = VECTOR ( 'NONE', #2892, 1000.000000000000000 ) ;
#3593 = EDGE_CURVE ( 'NONE', #2043, #4397, #3670, .T. ) ;
#3594 = ORIENTED_EDGE ( 'NONE', *, *, #3926, .F. ) ;
#3595 = DIRECTION ( 'NONE',  ( 1.000000000000000000, 0.000000000000000000, 0.000000000000000000 ) ) ;
#3596 = DIRECTION ( 'NONE',  ( -1.000000000000000000, -6.576496740845259399E-16, 1.951117922891894856E-31 ) ) ;
#3597 = VERTEX_POINT ( 'NONE', #450 ) ;
#3598 = CARTESIAN_POINT ( 'NONE',  ( 4.479570327048954859, 1.803637325466610042, 10.75000000000000000 ) ) ;
#3599 = ORIENTED_EDGE ( 'NONE', *, *, #1296, .F. ) ;
#3600 = DIRECTION ( 'NONE',  ( -1.000000000000000000, 0.000000000000000000, 0.000000000000000000 ) ) ;
#3601 = VECTOR ( 'NONE', #2198, 1000.000000000000000 ) ;
#3602 = EDGE_CURVE ( 'NONE', #574, #288, #1983, .T. ) ;
#3603 = VERTEX_POINT ( 'NONE', #2315 ) ;
#3604 = LINE ( 'NONE', #419, #4548 ) ;
#3605 = VECTOR ( 'NONE', #3532, 1000.000000000000000 ) ;
#3606 = VECTOR ( 'NONE', #33, 1000.000000000000000 ) ;
#3607 = ADVANCED_FACE ( 'NONE', ( #2969 ), #2992, .F. ) ;
#3608 = LINE ( 'NONE', #3919, #2467 ) ;
#3609 = DIRECTION ( 'NONE',  ( -0.000000000000000000, 1.000000000000000000, 0.000000000000000000 ) ) ;
#3610 = CARTESIAN_POINT ( 'NONE',  ( -3.300814430680400147, 3.903637325466455366, 8.048484541205569442 ) ) ;
#3611 = CARTESIAN_POINT ( 'NONE',  ( -3.300814430680400147, 1.603637325466445107, 7.398484541205560205 ) ) ;
#3612 = VECTOR ( 'NONE', #4265, 1000.000000000000000 ) ;
#3613 = ADVANCED_FACE ( 'NONE', ( #4046 ), #1911, .F. ) ;
#3614 = EDGE_CURVE ( 'NONE', #4250, #4449, #430, .T. ) ;
#3615 = CLOSED_SHELL ( 'NONE', ( #1400, #4017, #1794, #2297, #3337, #1939, #3398, #219, #958, #455, #1336, #3607, #4527, #4222, #4579, #1977, #2543, #628, #3954, #2054, #1425, #3303, #2146, #1575, #1243, #40, #4211, #428, #985, #262, #2166, #4349, #903, #314, #3329, #2534, #2791, #2743, #1832, #4283, #4477, #3703, #1862, #1484, #572, #1773, #1050, #3358, #1432, #599, #1182, #2383, #2951, #481, #2487, #4241, #173, #857, #292, #1001, #476, #757, #2715 ) ) ;
#3616 = EDGE_LOOP ( 'NONE', ( #1256, #152, #2429, #2673 ) ) ;
#3617 = CARTESIAN_POINT ( 'NONE',  ( 4.699185569319590527, -0.5963626745333910906, 10.44999999999999929 ) ) ;
#3618 = CARTESIAN_POINT ( 'NONE',  ( 4.699185569319590527, 1.803637325466605157, 7.150000000000000355 ) ) ;
#3619 = EDGE_CURVE ( 'NONE', #2183, #845, #4494, .T. ) ;
#3620 = CARTESIAN_POINT ( 'NONE',  ( -3.300814430680400147, 3.901564731250075191, 8.048484541205569442 ) ) ;
#3621 = ORIENTED_EDGE ( 'NONE', *, *, #3602, .F. ) ;
#3622 = DIRECTION ( 'NONE',  ( -1.000000000000000000, 0.000000000000000000, 0.000000000000000000 ) ) ;
#3623 = VERTEX_POINT ( 'NONE', #2018 ) ;
#3624 = ORIENTED_EDGE ( 'NONE', *, *, #1778, .F. ) ;
#3625 = DIRECTION ( 'NONE',  ( -1.000000000000000000, 0.000000000000000000, 0.000000000000000000 ) ) ;
#3626 = MANIFOLD_SOLID_BREP ( 'NONE', #3992 ) ;
#3627 = ORIENTED_EDGE ( 'NONE', *, *, #712, .T. ) ;
#3628 = CARTESIAN_POINT ( 'NONE',  ( 4.699185569319600297, 2.103637325466630070, 10.40000000000000036 ) ) ;
#3629 = ORIENTED_EDGE ( 'NONE', *, *, #1719, .F. ) ;
#3630 = CARTESIAN_POINT ( 'NONE',  ( -1.200814430680422040, -1.396362674533414117, 10.75000000000000000 ) ) ;
#3631 = DIRECTION ( 'NONE',  ( 0.000000000000000000, -1.000000000000000000, 0.000000000000000000 ) ) ;
#3632 = CARTESIAN_POINT ( 'NONE',  ( 3.099185569319624634, -4.846362674533409631, 10.75000000000000000 ) ) ;
#3633 = LINE ( 'NONE', #3587, #1210 ) ;
#3634 = LINE ( 'NONE', #4407, #268 ) ;
#3635 = CARTESIAN_POINT ( 'NONE',  ( 0.8491855693195939914, -1.696362674533404835, 8.650000000000000355 ) ) ;
#3636 = CARTESIAN_POINT ( 'NONE',  ( -3.700814430680385403, -0.5963626745333939771, 10.75000000000000000 ) ) ;
#3637 = EDGE_LOOP ( 'NONE', ( #2628, #1161, #2815, #3518 ) ) ;
#3638 = EDGE_LOOP ( 'NONE', ( #2691, #2518, #3803, #308 ) ) ;
#3639 = ORIENTED_EDGE ( 'NONE', *, *, #3416, .F. ) ;
#3640 = LINE ( 'NONE', #3569, #334 ) ;
#3641 = FACE_OUTER_BOUND ( 'NONE', #580, .T. ) ;
#3642 = EDGE_CURVE ( 'NONE', #3941, #1326, #2042, .T. ) ;
#3643 = ORIENTED_EDGE ( 'NONE', *, *, #3614, .T. ) ;
#3644 = EDGE_LOOP ( 'NONE', ( #1, #3707, #340, #1436, #1741, #1852 ) ) ;
#3645 = DIRECTION ( 'NONE',  ( -0.000000000000000000, 1.000000000000000000, 0.000000000000000000 ) ) ;
#3646 = EDGE_CURVE ( 'NONE', #449, #4182, #962, .T. ) ;
#3647 = LINE ( 'NONE', #964, #393 ) ;
#3648 = ORIENTED_EDGE ( 'NONE', *, *, #622, .F. ) ;
#3649 = DIRECTION ( 'NONE',  ( -8.756236532002660124E-31, 1.034763473209920030E-15, -1.000000000000000000 ) ) ;
#3650 = ORIENTED_EDGE ( 'NONE', *, *, #4090, .F. ) ;
#3651 = CARTESIAN_POINT ( 'NONE',  ( 2.299185569319600386, 1.603637325466445107, 9.998484541205559850 ) ) ;
#3652 = DIRECTION ( 'NONE',  ( 0.000000000000000000, 0.000000000000000000, -1.000000000000000000 ) ) ;
#3653 = AXIS2_PLACEMENT_3D ( 'NONE', #1475, #4587, #1453 ) ;
#3654 = DIRECTION ( 'NONE',  ( 0.000000000000000000, 0.000000000000000000, 1.000000000000000000 ) ) ;
#3655 = DIRECTION ( 'NONE',  ( 6.576496740845259399E-16, -1.000000000000000000, -1.034763473209920030E-15 ) ) ;
#3656 = LINE ( 'NONE', #1902, #3816 ) ;
#3657 = VECTOR ( 'NONE', #2606, 1000.000000000000000 ) ;
#3658 = CARTESIAN_POINT ( 'NONE',  ( -3.500814430680379896, 1.584022083195979924, 6.850000000000000533 ) ) ;
#3659 = AXIS2_PLACEMENT_3D ( 'NONE', #3817, #3490, #2075 ) ;
#3660 = VECTOR ( 'NONE', #3443, 1000.000000000000000 ) ;
#3661 = VECTOR ( 'NONE', #2211, 1000.000000000000000 ) ;
#3662 = EDGE_CURVE ( 'NONE', #4536, #3875, #4546, .T. ) ;
#3663 = ORIENTED_EDGE ( 'NONE', *, *, #2965, .F. ) ;
#3664 = CARTESIAN_POINT ( 'NONE',  ( -3.700814430680420486, -0.5963626745333939771, 6.850000000000000533 ) ) ;
#3665 = DIRECTION ( 'NONE',  ( 0.000000000000000000, 0.000000000000000000, 1.000000000000000000 ) ) ;
#3666 = FACE_OUTER_BOUND ( 'NONE', #223, .T. ) ;
#3667 = AXIS2_PLACEMENT_3D ( 'NONE', #1208, #1512, #4348 ) ;
#3668 = VECTOR ( 'NONE', #900, 1000.000000000000000 ) ;
#3669 = ORIENTED_EDGE ( 'NONE', *, *, #3136, .F. ) ;
#3670 = LINE ( 'NONE', #1578, #923 ) ;
#3671 = ORIENTED_EDGE ( 'NONE', *, *, #2340, .T. ) ;
#3672 = DIRECTION ( 'NONE',  ( 1.000000000000000000, 0.000000000000000000, 0.000000000000000000 ) ) ;
#3673 = EDGE_CURVE ( 'NONE', #3725, #3623, #1461, .T. ) ;
#3674 = VERTEX_POINT ( 'NONE', #4115 ) ;
#3675 = EDGE_LOOP ( 'NONE', ( #3139, #2293, #3449, #4575 ) ) ;
#3676 = PLANE ( 'NONE',  #683 ) ;
#3677 = DIRECTION ( 'NONE',  ( 0.4472135955000575702, -0.8944271909998661174, 0.000000000000000000 ) ) ;
#3678 = CIRCLE ( 'NONE', #920, 0.2999999999999999334 ) ;
#3679 = ADVANCED_FACE ( 'NONE', ( #1014 ), #3044, .F. ) ;
#3680 = VECTOR ( 'NONE', #389, 1000.000000000000000 ) ;
#3681 = CARTESIAN_POINT ( 'NONE',  ( 0.9991855693196050048, -1.396362674533414117, 8.650000000000000355 ) ) ;
#3682 = DIRECTION ( 'NONE',  ( -8.462065736472229849E-16, 1.000000000000000000, 0.000000000000000000 ) ) ;
#3683 = DIRECTION ( 'NONE',  ( 0.000000000000000000, -1.301042606982615921E-16, 1.000000000000000000 ) ) ;
#3684 = PLANE ( 'NONE',  #1070 ) ;
#3685 = VERTEX_POINT ( 'NONE', #659 ) ;
#3686 = EDGE_LOOP ( 'NONE', ( #1702, #312, #4269, #595 ) ) ;
#3687 = LINE ( 'NONE', #3410, #2265 ) ;
#3688 = CARTESIAN_POINT ( 'NONE',  ( 3.599185569319594880, -0.5963626745333910906, 6.850000000000000533 ) ) ;
#3689 = VECTOR ( 'NONE', #3655, 1000.000000000000000 ) ;
#3690 = DIRECTION ( 'NONE',  ( 1.000000000000000000, 6.576496740845259399E-16, -1.951117922891894856E-31 ) ) ;
#3691 = DIRECTION ( 'NONE',  ( -1.000000000000000000, -6.576496740845259399E-16, 1.951117922891894856E-31 ) ) ;
#3692 = EDGE_LOOP ( 'NONE', ( #3198, #326, #3142, #668 ) ) ;
#3693 = CARTESIAN_POINT ( 'NONE',  ( -1.250814430680396105, 2.103637325466630070, 7.950000000000000178 ) ) ;
#3694 = DIRECTION ( 'NONE',  ( 0.000000000000000000, -1.000000000000000000, 0.000000000000000000 ) ) ;
#3695 = CARTESIAN_POINT ( 'NONE',  ( 4.479570327048935319, 1.803637325466628694, 6.850000000000000533 ) ) ;
#3696 = ORIENTED_EDGE ( 'NONE', *, *, #1750, .T. ) ;
#3697 = EDGE_LOOP ( 'NONE', ( #516, #1997, #4139, #1687 ) ) ;
#3698 = DIRECTION ( 'NONE',  ( 0.000000000000000000, 1.000000000000000000, 0.000000000000000000 ) ) ;
#3699 = DIRECTION ( 'NONE',  ( 8.462065736472229849E-16, -1.000000000000000000, 0.000000000000000000 ) ) ;
#3700 = EDGE_CURVE ( 'NONE', #1577, #3931, #727, .T. ) ;
#3701 = VERTEX_POINT ( 'NONE', #57 ) ;
#3702 = CARTESIAN_POINT ( 'NONE',  ( 2.399185569319609801, -1.396362674533399906, 10.75000000000000000 ) ) ;
#3703 = ADVANCED_FACE ( 'NONE', ( #2175 ), #1464, .F. ) ;
#3704 = CARTESIAN_POINT ( 'NONE',  ( -3.500814430680379896, 1.584022083195979924, 10.75000000000000000 ) ) ;
#3705 = CARTESIAN_POINT ( 'NONE',  ( 2.849185569319625078, -4.846362674533409631, 10.75000000000000000 ) ) ;
#3706 = DIRECTION ( 'NONE',  ( 1.000000000000000000, 0.000000000000000000, 0.000000000000000000 ) ) ;
#3707 = ORIENTED_EDGE ( 'NONE', *, *, #2164, .T. ) ;
#3708 = ORIENTED_EDGE ( 'NONE', *, *, #1263, .T. ) ;
#3709 = DIRECTION ( 'NONE',  ( 0.000000000000000000, 1.000000000000000000, 0.000000000000000000 ) ) ;
#3710 = CARTESIAN_POINT ( 'NONE',  ( -2.900814430680410005, -0.5963626745333939771, 8.875000000000000000 ) ) ;
#3711 = DIRECTION ( 'NONE',  ( 1.000000000000000000, 6.576496740845259399E-16, -1.951117922891894856E-31 ) ) ;
#3712 = ORIENTED_EDGE ( 'NONE', *, *, #3024, .T. ) ;
#3713 = ORIENTED_EDGE ( 'NONE', *, *, #3642, .F. ) ;
#3714 = ORIENTED_EDGE ( 'NONE', *, *, #3100, .F. ) ;
#3715 = CARTESIAN_POINT ( 'NONE',  ( -3.500814430680400324, 1.803637325466605157, 10.44999999999999929 ) ) ;
#3716 = ORIENTED_EDGE ( 'NONE', *, *, #3614, .F. ) ;
#3717 = EDGE_CURVE ( 'NONE', #1682, #2117, #4278, .T. ) ;
#3718 = CARTESIAN_POINT ( 'NONE',  ( -0.9008144306804080070, 0.8036373254666079324, 8.875000000000000000 ) ) ;
#3719 = CARTESIAN_POINT ( 'NONE',  ( 2.299185569319600386, 1.803637325466450170, 7.598484541205571041 ) ) ;
#3720 = DIRECTION ( 'NONE',  ( 0.000000000000000000, 0.000000000000000000, 1.000000000000000000 ) ) ;
#3721 = CARTESIAN_POINT ( 'NONE',  ( -3.400814430680394906, 2.103637325466624741, 7.200000000000000178 ) ) ;
#3722 = PLANE ( 'NONE',  #2774 ) ;
#3723 = VECTOR ( 'NONE', #813, 1000.000000000000000 ) ;
#3724 = EDGE_CURVE ( 'NONE', #636, #3977, #1036, .T. ) ;
#3725 = VERTEX_POINT ( 'NONE', #1090 ) ;
#3726 = ORIENTED_EDGE ( 'NONE', *, *, #840, .F. ) ;
#3727 = VECTOR ( 'NONE', #2909, 1000.000000000000000 ) ;
#3728 = ORIENTED_EDGE ( 'NONE', *, *, #509, .T. ) ;
#3729 = AXIS2_PLACEMENT_3D ( 'NONE', #4399, #870, #1562 ) ;
#3730 = CARTESIAN_POINT ( 'NONE',  ( 4.399185569319590705, 2.103637325466630070, 10.75000000000000000 ) ) ;
#3731 = LINE ( 'NONE', #4109, #1465 ) ;
#3732 = LINE ( 'NONE', #1555, #4553 ) ;
#3733 = EDGE_CURVE ( 'NONE', #1028, #1648, #410, .T. ) ;
#3734 = VECTOR ( 'NONE', #3818, 1000.000000000000000 ) ;
#3735 = VECTOR ( 'NONE', #2770, 1000.000000000000000 ) ;
#3736 = ORIENTED_EDGE ( 'NONE', *, *, #4499, .T. ) ;
#3737 = ORIENTED_EDGE ( 'NONE', *, *, #2684, .F. ) ;
#3738 = AXIS2_PLACEMENT_3D ( 'NONE', #107, #1533, #4048 ) ;
#3739 = CIRCLE ( 'NONE', #3071, 1.906250000000000000 ) ;
#3740 = CARTESIAN_POINT ( 'NONE',  ( 3.599185569319594880, -0.5963626745333939771, 6.850000000000000533 ) ) ;
#3741 = ORIENTED_EDGE ( 'NONE', *, *, #2569, .F. ) ;
#3742 = CARTESIAN_POINT ( 'NONE',  ( -2.400814430680394906, 1.803637325466605157, 7.150000000000000355 ) ) ;
#3743 = ORIENTED_EDGE ( 'NONE', *, *, #4267, .F. ) ;
#3744 = FACE_OUTER_BOUND ( 'NONE', #3616, .T. ) ;
#3745 = CARTESIAN_POINT ( 'NONE',  ( -3.800814430680394818, -0.5963626745333939771, 10.75000000000000000 ) ) ;
#3746 = CARTESIAN_POINT ( 'NONE',  ( -1.600814430680399969, -1.596362674533384984, 7.150000000000000355 ) ) ;
#3747 = LINE ( 'NONE', #1703, #2912 ) ;
#3748 = LINE ( 'NONE', #4148, #3176 ) ;
#3749 = FACE_OUTER_BOUND ( 'NONE', #477, .T. ) ;
#3750 = CIRCLE ( 'NONE', #1754, 0.2499999999999997780 ) ;
#3751 = ORIENTED_EDGE ( 'NONE', *, *, #2484, .F. ) ;
#3752 = DIRECTION ( 'NONE',  ( 1.000000000000000000, 0.000000000000000000, 0.000000000000000000 ) ) ;
#3753 = CARTESIAN_POINT ( 'NONE',  ( -3.300814430680400147, -0.1963626745335524948, 8.048484541205558784 ) ) ;
#3754 = CARTESIAN_POINT ( 'NONE',  ( -2.900814430680410005, -0.5963626745333939771, 8.724999999999999645 ) ) ;
#3755 = EDGE_CURVE ( 'NONE', #3557, #1305, #3874, .T. ) ;
#3756 = VECTOR ( 'NONE', #3596, 1000.000000000000000 ) ;
#3757 = ADVANCED_FACE ( 'NONE', ( #2879 ), #3526, .F. ) ;
#3758 = ORIENTED_EDGE ( 'NONE', *, *, #4191, .T. ) ;
#3759 = VECTOR ( 'NONE', #2269, 1000.000000000000000 ) ;
#3760 = CARTESIAN_POINT ( 'NONE',  ( 4.599185569319599765, 2.103637325466630070, 10.75000000000000000 ) ) ;
#3761 = ORIENTED_EDGE ( 'NONE', *, *, #3898, .F. ) ;
#3762 = EDGE_CURVE ( 'NONE', #3418, #3190, #1414, .T. ) ;
#3763 = ORIENTED_EDGE ( 'NONE', *, *, #568, .F. ) ;
#3764 = AXIS2_PLACEMENT_3D ( 'NONE', #2541, #3315, #3985 ) ;
#3765 = ORIENTED_EDGE ( 'NONE', *, *, #3762, .F. ) ;
#3766 = CARTESIAN_POINT ( 'NONE',  ( -3.700814430680420486, -1.396362674533414117, 10.75000000000000000 ) ) ;
#3767 = ORIENTED_EDGE ( 'NONE', *, *, #3218, .T. ) ;
#3768 = DIRECTION ( 'NONE',  ( 0.000000000000000000, -1.000000000000000000, 0.000000000000000000 ) ) ;
#3769 = CARTESIAN_POINT ( 'NONE',  ( -3.240480545339698537, 1.874164084079191328, 6.849999999999999645 ) ) ;
#3770 = FACE_OUTER_BOUND ( 'NONE', #2086, .T. ) ;
#3771 = CARTESIAN_POINT ( 'NONE',  ( 2.849185569319625078, -1.396362674533414117, 8.949999999999999289 ) ) ;
#3772 = DIRECTION ( 'NONE',  ( 0.000000000000000000, 1.084202172485506406E-15, -1.000000000000000000 ) ) ;
#3773 = CARTESIAN_POINT ( 'NONE',  ( -3.300814430680400147, 1.803637325466445063, 9.998484541205559850 ) ) ;
#3774 = ORIENTED_EDGE ( 'NONE', *, *, #2847, .F. ) ;
#3775 = DIRECTION ( 'NONE',  ( 0.000000000000000000, 0.000000000000000000, 1.000000000000000000 ) ) ;
#3776 = LINE ( 'NONE', #4440, #3835 ) ;
#3777 = CARTESIAN_POINT ( 'NONE',  ( -3.240463628552323616, 1.874193384814421881, 10.75000000000000178 ) ) ;
#3778 = EDGE_CURVE ( 'NONE', #611, #761, #365, .T. ) ;
#3779 = ADVANCED_FACE ( 'NONE', ( #677 ), #2113, .F. ) ;
#3780 = VERTEX_POINT ( 'NONE', #4594 ) ;
#3781 = ORIENTED_EDGE ( 'NONE', *, *, #1549, .T. ) ;
#3782 = ORIENTED_EDGE ( 'NONE', *, *, #2074, .T. ) ;
#3783 = CARTESIAN_POINT ( 'NONE',  ( 0.3491855693195935473, -1.696362674533409942, 8.650000000000000355 ) ) ;
#3784 = VERTEX_POINT ( 'NONE', #4252 ) ;
#3785 = CARTESIAN_POINT ( 'NONE',  ( -3.700814430680385403, -0.5963626745333910906, 10.40000000000000036 ) ) ;
#3786 = CARTESIAN_POINT ( 'NONE',  ( 3.599185569319609979, -1.396362674533391912, 7.150000000000000355 ) ) ;
#3787 = EDGE_CURVE ( 'NONE', #4263, #731, #1063, .T. ) ;
#3788 = DIRECTION ( 'NONE',  ( 0.000000000000000000, 1.000000000000000000, 0.000000000000000000 ) ) ;
#3789 = EDGE_LOOP ( 'NONE', ( #2825, #3137, #2369, #3856 ) ) ;
#3790 = CARTESIAN_POINT ( 'NONE',  ( -1.650814430680410005, -4.846362674533409631, 8.650000000000000355 ) ) ;
#3791 = DIRECTION ( 'NONE',  ( 0.000000000000000000, -1.000000000000000000, 0.000000000000000000 ) ) ;
#3792 = DIRECTION ( 'NONE',  ( 0.4472135954999911234, -0.8944271909998993131, 0.000000000000000000 ) ) ;
#3793 = PLANE ( 'NONE',  #764 ) ;
#3794 = VERTEX_POINT ( 'NONE', #3995 ) ;
#3795 = ORIENTED_EDGE ( 'NONE', *, *, #3700, .F. ) ;
#3796 = DIRECTION ( 'NONE',  ( -0.4472135954999619800, -0.8944271909999139680, 0.000000000000000000 ) ) ;
#3797 = DIRECTION ( 'NONE',  ( 0.000000000000000000, 0.000000000000000000, 1.000000000000000000 ) ) ;
#3798 = LINE ( 'NONE', #3826, #2036 ) ;
#3799 = EDGE_CURVE ( 'NONE', #1667, #2672, #2596, .T. ) ;
#3800 = VECTOR ( 'NONE', #2635, 1000.000000000000000 ) ;
#3801 = ORIENTED_EDGE ( 'NONE', *, *, #1327, .T. ) ;
#3802 = LINE ( 'NONE', #3760, #4107 ) ;
#3803 = ORIENTED_EDGE ( 'NONE', *, *, #3841, .T. ) ;
#3804 = DIRECTION ( 'NONE',  ( 1.000000000000000000, 6.576496740845259399E-16, -1.951117922891894856E-31 ) ) ;
#3805 = DIRECTION ( 'NONE',  ( 0.000000000000000000, 0.000000000000000000, 1.000000000000000000 ) ) ;
#3806 = AXIS2_PLACEMENT_3D ( 'NONE', #3380, #186, #88 ) ;
#3807 = AXIS2_PLACEMENT_3D ( 'NONE', #4195, #1024, #998 ) ;
#3808 = ORIENTED_EDGE ( 'NONE', *, *, #3851, .T. ) ;
#3809 = VECTOR ( 'NONE', #551, 1000.000000000000000 ) ;
#3810 = PLANE ( 'NONE',  #2396 ) ;
#3811 = CARTESIAN_POINT ( 'NONE',  ( 2.799185569319579958, -1.396362674533399906, 10.75000000000000000 ) ) ;
#3812 = CARTESIAN_POINT ( 'NONE',  ( -0.2508144306804029888, 1.803637325466635133, 10.75000000000000000 ) ) ;
#3813 = EDGE_CURVE ( 'NONE', #1632, #4234, #1312, .T. ) ;
#3814 = PRODUCT_DEFINITION ( 'UNKNOWN', '', #489, #2692 ) ;
#3815 = AXIS2_PLACEMENT_3D ( 'NONE', #4592, #1409, #2823 ) ;
#3816 = VECTOR ( 'NONE', #143, 1000.000000000000000 ) ;
#3817 = CARTESIAN_POINT ( 'NONE',  ( -2.000814430680405209, -1.296362674533406034, 10.44999999999999929 ) ) ;
#3818 = DIRECTION ( 'NONE',  ( 0.000000000000000000, -1.000000000000000000, 0.000000000000000000 ) ) ;
#3819 = CARTESIAN_POINT ( 'NONE',  ( -2.400814430680424660, -0.5963626745333939771, 6.850000000000000533 ) ) ;
#3820 = ADVANCED_FACE ( 'NONE', ( #4039 ), #1554, .F. ) ;
#3821 = ORIENTED_EDGE ( 'NONE', *, *, #2638, .F. ) ;
#3822 = LINE ( 'NONE', #3130, #3140 ) ;
#3823 = ORIENTED_EDGE ( 'NONE', *, *, #58, .T. ) ;
#3824 = FACE_OUTER_BOUND ( 'NONE', #1214, .T. ) ;
#3825 = LINE ( 'NONE', #198, #47 ) ;
#3826 = CARTESIAN_POINT ( 'NONE',  ( -1.200814430680416045, -0.5963626745333939771, 10.75000000000000000 ) ) ;
#3827 = CARTESIAN_POINT ( 'NONE',  ( -3.300814430680400147, 4.103637325466439556, 9.198484541205569798 ) ) ;
#3828 = CIRCLE ( 'NONE', #4431, 0.6000000000000003109 ) ;
#3829 = VERTEX_POINT ( 'NONE', #772 ) ;
#3830 = ORIENTED_EDGE ( 'NONE', *, *, #711, .T. ) ;
#3831 = CARTESIAN_POINT ( 'NONE',  ( -1.600814430680394862, -1.596362674533394976, 10.75000000000000000 ) ) ;
#3832 = DIRECTION ( 'NONE',  ( 0.000000000000000000, 0.000000000000000000, -1.000000000000000000 ) ) ;
#3833 = VECTOR ( 'NONE', #4254, 1000.000000000000000 ) ;
#3834 = VERTEX_POINT ( 'NONE', #1228 ) ;
#3835 = VECTOR ( 'NONE', #586, 1000.000000000000000 ) ;
#3836 = ORIENTED_EDGE ( 'NONE', *, *, #2408, .F. ) ;
#3837 = FACE_BOUND ( 'NONE', #699, .T. ) ;
#3838 = DIRECTION ( 'NONE',  ( 0.000000000000000000, 0.000000000000000000, 1.000000000000000000 ) ) ;
#3839 = VECTOR ( 'NONE', #1639, 1000.000000000000000 ) ;
#3840 = ORIENTED_EDGE ( 'NONE', *, *, #4219, .F. ) ;
#3841 = EDGE_CURVE ( 'NONE', #3674, #3233, #474, .T. ) ;
#3842 = CARTESIAN_POINT ( 'NONE',  ( 4.599185569319579336, 1.803637325466635133, 5.400000000000000355 ) ) ;
#3843 = DIRECTION ( 'NONE',  ( -1.000000000000000000, 0.000000000000000000, 0.000000000000000000 ) ) ;
#3844 = ORIENTED_EDGE ( 'NONE', *, *, #2484, .T. ) ;
#3845 = EDGE_CURVE ( 'NONE', #2118, #1906, #1763, .T. ) ;
#3846 = ORIENTED_EDGE ( 'NONE', *, *, #1204, .T. ) ;
#3847 = CARTESIAN_POINT ( 'NONE',  ( -1.200814430680401834, -1.396362674533414117, 10.75000000000000000 ) ) ;
#3848 = CARTESIAN_POINT ( 'NONE',  ( -1.600814430680394862, -1.396362674533414117, 10.75000000000000000 ) ) ;
#3849 = DIRECTION ( 'NONE',  ( 1.000000000000000000, 0.000000000000000000, 0.000000000000000000 ) ) ;
#3850 = LINE ( 'NONE', #654, #319 ) ;
#3851 = EDGE_CURVE ( 'NONE', #1165, #2939, #2723, .T. ) ;
#3852 = VERTEX_POINT ( 'NONE', #1132 ) ;
#3853 = ORIENTED_EDGE ( 'NONE', *, *, #411, .F. ) ;
#3854 = ORIENTED_EDGE ( 'NONE', *, *, #261, .F. ) ;
#3855 = EDGE_LOOP ( 'NONE', ( #3551, #3767, #1598, #799 ) ) ;
#3856 = ORIENTED_EDGE ( 'NONE', *, *, #1797, .T. ) ;
#3857 = DIRECTION ( 'NONE',  ( -1.000000000000000000, 0.000000000000000000, 0.000000000000000000 ) ) ;
#3858 = ORIENTED_EDGE ( 'NONE', *, *, #2994, .F. ) ;
#3859 = EDGE_CURVE ( 'NONE', #1117, #2224, #2942, .T. ) ;
#3860 = CARTESIAN_POINT ( 'NONE',  ( -1.600814430680394862, -1.596362674533389869, 10.75000000000000000 ) ) ;
#3861 = CARTESIAN_POINT ( 'NONE',  ( 2.399185569319609801, -0.5963626745333939771, 10.75000000000000000 ) ) ;
#3862 = LINE ( 'NONE', #3819, #3023 ) ;
#3863 = DIRECTION ( 'NONE',  ( 1.000000000000000000, 0.000000000000000000, 0.000000000000000000 ) ) ;
#3864 = ORIENTED_EDGE ( 'NONE', *, *, #509, .F. ) ;
#3865 = LINE ( 'NONE', #3519, #2122 ) ;
#3866 = DIRECTION ( 'NONE',  ( 0.000000000000000000, -1.000000000000000000, 0.000000000000000000 ) ) ;
#3867 = DIRECTION ( 'NONE',  ( 1.000000000000000000, 0.000000000000000000, 0.000000000000000000 ) ) ;
#3868 = DIRECTION ( 'NONE',  ( 0.000000000000000000, 0.4999999999999998890, -0.8660254037844387076 ) ) ;
#3869 = EDGE_CURVE ( 'NONE', #3066, #656, #128, .T. ) ;
#3870 = ORIENTED_EDGE ( 'NONE', *, *, #3112, .F. ) ;
#3871 = CARTESIAN_POINT ( 'NONE',  ( 3.599185569319609979, -0.5963626745333939771, 10.44999999999999929 ) ) ;
#3872 = ORIENTED_EDGE ( 'NONE', *, *, #3415, .F. ) ;
#3873 = CARTESIAN_POINT ( 'NONE',  ( -2.150814430680410005, -1.696362674533409942, 8.949999999999999289 ) ) ;
#3874 = LINE ( 'NONE', #4316, #2341 ) ;
#3875 = VERTEX_POINT ( 'NONE', #3688 ) ;
#3876 = ADVANCED_FACE ( 'NONE', ( #498 ), #1928, .F. ) ;
#3877 = ORIENTED_EDGE ( 'NONE', *, *, #2966, .T. ) ;
#3878 = PLANE ( 'NONE',  #1002 ) ;
#3879 = ORIENTED_EDGE ( 'NONE', *, *, #158, .F. ) ;
#3880 = VECTOR ( 'NONE', #3720, 1000.000000000000000 ) ;
#3881 = DIRECTION ( 'NONE',  ( -1.000000000000000000, 7.228014483236321846E-16, 0.000000000000000000 ) ) ;
#3882 = VECTOR ( 'NONE', #1015, 1000.000000000000000 ) ;
#3883 = FACE_OUTER_BOUND ( 'NONE', #940, .T. ) ;
#3884 = VECTOR ( 'NONE', #3652, 1000.000000000000000 ) ;
#3885 = AXIS2_PLACEMENT_3D ( 'NONE', #2889, #2560, #2492 ) ;
#3886 = PLANE ( 'NONE',  #1435 ) ;
#3887 = ORIENTED_EDGE ( 'NONE', *, *, #4020, .T. ) ;
#3888 = LINE ( 'NONE', #398, #610 ) ;
#3889 = CARTESIAN_POINT ( 'NONE',  ( 3.599185569319609979, -1.396362674533391912, 6.850000000000000533 ) ) ;
#3890 = VECTOR ( 'NONE', #1007, 1000.000000000000000 ) ;
#3891 = VECTOR ( 'NONE', #1601, 1000.000000000000000 ) ;
#3892 = ORIENTED_EDGE ( 'NONE', *, *, #3187, .F. ) ;
#3893 = ORIENTED_EDGE ( 'NONE', *, *, #3943, .F. ) ;
#3894 = CARTESIAN_POINT ( 'NONE',  ( -3.700814430680420486, -0.5963626745333939771, 10.75000000000000000 ) ) ;
#3895 = LINE ( 'NONE', #3158, #1385 ) ;
#3896 = DIRECTION ( 'NONE',  ( 0.000000000000000000, 1.000000000000000000, 0.000000000000000000 ) ) ;
#3897 = DIRECTION ( 'NONE',  ( 0.000000000000000000, 0.000000000000000000, 1.000000000000000000 ) ) ;
#3898 = EDGE_CURVE ( 'NONE', #408, #2249, #446, .T. ) ;
#3899 = VERTEX_POINT ( 'NONE', #147 ) ;
#3900 = CARTESIAN_POINT ( 'NONE',  ( -2.150814430680410005, -1.696362674533409942, 10.75000000000000000 ) ) ;
#3901 = EDGE_CURVE ( 'NONE', #1129, #1948, #3012, .T. ) ;
#3902 = CIRCLE ( 'NONE', #3089, 0.5000000000000000000 ) ;
#3903 = VECTOR ( 'NONE', #19, 1000.000000000000000 ) ;
#3904 = EDGE_CURVE ( 'NONE', #4501, #912, #4371, .T. ) ;
#3905 = VERTEX_POINT ( 'NONE', #863 ) ;
#3906 = EDGE_CURVE ( 'NONE', #351, #105, #1600, .T. ) ;
#3907 = LINE ( 'NONE', #776, #4500 ) ;
#3908 = ORIENTED_EDGE ( 'NONE', *, *, #4299, .F. ) ;
#3909 = CARTESIAN_POINT ( 'NONE',  ( -3.800814430680394818, 2.103637325466630070, 10.75000000000000000 ) ) ;
#3910 = CARTESIAN_POINT ( 'NONE',  ( -1.900814430680410005, -0.5963626745333939771, 10.75000000000000000 ) ) ;
#3911 = VECTOR ( 'NONE', #3200, 1000.000000000000000 ) ;
#3912 = CARTESIAN_POINT ( 'NONE',  ( 0.1991855693195819788, -1.396362674533414117, 10.75000000000000000 ) ) ;
#3913 = ORIENTED_EDGE ( 'NONE', *, *, #2129, .F. ) ;
#3914 = LINE ( 'NONE', #2907, #1217 ) ;
#3915 = LINE ( 'NONE', #280, #1387 ) ;
#3916 = ORIENTED_EDGE ( 'NONE', *, *, #504, .F. ) ;
#3917 = CARTESIAN_POINT ( 'NONE',  ( -1.600814430680394862, -1.596362674533394976, 10.75000000000000000 ) ) ;
#3918 = ORIENTED_EDGE ( 'NONE', *, *, #4418, .F. ) ;
#3919 = CARTESIAN_POINT ( 'NONE',  ( -1.600814430680394862, -1.396362674533414117, 10.75000000000000000 ) ) ;
#3920 = DIRECTION ( 'NONE',  ( -1.000000000000000000, -6.576496740845259399E-16, 1.951117922891894856E-31 ) ) ;
#3921 = PLANE ( 'NONE',  #4487 ) ;
#3922 = LINE ( 'NONE', #3636, #1592 ) ;
#3923 = ADVANCED_FACE ( 'NONE', ( #3641 ), #3970, .F. ) ;
#3924 = ORIENTED_EDGE ( 'NONE', *, *, #1749, .T. ) ;
#3925 = DIRECTION ( 'NONE',  ( 1.000000000000000000, 0.000000000000000000, 0.000000000000000000 ) ) ;
#3926 = EDGE_CURVE ( 'NONE', #3899, #554, #4343, .T. ) ;
#3927 = DIRECTION ( 'NONE',  ( 0.000000000000000000, -1.000000000000000000, 0.000000000000000000 ) ) ;
#3928 = ORIENTED_EDGE ( 'NONE', *, *, #2074, .F. ) ;
#3929 = CARTESIAN_POINT ( 'NONE',  ( -3.800814430680394818, 2.103637325466630070, 7.200000000000000178 ) ) ;
#3930 = ORIENTED_EDGE ( 'NONE', *, *, #3859, .F. ) ;
#3931 = VERTEX_POINT ( 'NONE', #78 ) ;
#3932 = DIRECTION ( 'NONE',  ( -1.000000000000000000, 0.000000000000000000, 8.756236532002660124E-31 ) ) ;
#3933 = LINE ( 'NONE', #325, #1363 ) ;
#3934 = ORIENTED_EDGE ( 'NONE', *, *, #1777, .F. ) ;
#3935 = CARTESIAN_POINT ( 'NONE',  ( -2.900814430680410005, -0.5963626745333939771, 8.875000000000000000 ) ) ;
#3936 = EDGE_CURVE ( 'NONE', #1808, #496, #1503, .T. ) ;
#3937 = CARTESIAN_POINT ( 'NONE',  ( 2.299185569319600386, -0.3963626745335445123, 9.548484541205560561 ) ) ;
#3938 = CARTESIAN_POINT ( 'NONE',  ( -1.250814430680396105, 1.803637325466550090, 7.950000000000000178 ) ) ;
#3939 = CARTESIAN_POINT ( 'NONE',  ( 3.599185569319594880, -0.5963626745333939771, 10.75000000000000000 ) ) ;
#3940 = DIRECTION ( 'NONE',  ( 0.000000000000000000, 0.000000000000000000, -1.000000000000000000 ) ) ;
#3941 = VERTEX_POINT ( 'NONE', #1181 ) ;
#3942 = CARTESIAN_POINT ( 'NONE',  ( 4.479570327048945089, 1.803637325466625141, 10.75000000000000000 ) ) ;
#3943 = EDGE_CURVE ( 'NONE', #4034, #2613, #3776, .T. ) ;
#3944 = ORIENTED_EDGE ( 'NONE', *, *, #4103, .F. ) ;
#3945 = DIRECTION ( 'NONE',  ( 0.000000000000000000, 0.000000000000000000, -1.000000000000000000 ) ) ;
#3946 = ORIENTED_EDGE ( 'NONE', *, *, #3593, .T. ) ;
#3947 = CARTESIAN_POINT ( 'NONE',  ( 1.449185569319590083, -0.5963626745333939771, 6.850000000000000533 ) ) ;
#3948 = PLANE ( 'NONE',  #1736 ) ;
#3949 = EDGE_CURVE ( 'NONE', #3401, #1061, #3731, .T. ) ;
#3950 = CIRCLE ( 'NONE', #235, 0.2000000000000005107 ) ;
#3951 = DIRECTION ( 'NONE',  ( 0.000000000000000000, 0.000000000000000000, -1.000000000000000000 ) ) ;
#3952 = VERTEX_POINT ( 'NONE', #540 ) ;
#3953 = CARTESIAN_POINT ( 'NONE',  ( 0.3491855693195935473, -4.846362674533409631, 10.75000000000000000 ) ) ;
#3954 = ADVANCED_FACE ( 'NONE', ( #2012 ), #2061, .F. ) ;
#3955 = CARTESIAN_POINT ( 'NONE',  ( -2.300814430680420131, -1.396362674533414117, 10.75000000000000000 ) ) ;
#3956 = EDGE_CURVE ( 'NONE', #4314, #2362, #2736, .T. ) ;
#3957 = AXIS2_PLACEMENT_3D ( 'NONE', #4304, #1397, #3600 ) ;
#3958 = VECTOR ( 'NONE', #412, 1000.000000000000000 ) ;
#3959 = CARTESIAN_POINT ( 'NONE',  ( 2.399185569319609801, 1.803637325466605157, 7.150000000000000355 ) ) ;
#3960 = EDGE_CURVE ( 'NONE', #1845, #3131, #560, .T. ) ;
#3961 = VECTOR ( 'NONE', #3694, 1000.000000000000000 ) ;
#3962 = AXIS2_PLACEMENT_3D ( 'NONE', #3144, #2885, #4576 ) ;
#3963 = LINE ( 'NONE', #71, #1504 ) ;
#3964 = DIRECTION ( 'NONE',  ( 1.000000000000000000, 0.000000000000000000, 0.000000000000000000 ) ) ;
#3965 = DIRECTION ( 'NONE',  ( 1.000000000000000000, 2.478176394252595143E-15, 0.000000000000000000 ) ) ;
#3966 = LINE ( 'NONE', #1784, #30 ) ;
#3967 = VECTOR ( 'NONE', #695, 1000.000000000000000 ) ;
#3968 = ORIENTED_EDGE ( 'NONE', *, *, #4158, .T. ) ;
#3969 = CARTESIAN_POINT ( 'NONE',  ( -3.800814430680394818, 2.103637325466630070, 6.850000000000000533 ) ) ;
#3970 = PLANE ( 'NONE',  #2496 ) ;
#3971 = DIRECTION ( 'NONE',  ( 1.000000000000000000, 0.000000000000000000, 0.000000000000000000 ) ) ;
#3972 = ORIENTED_EDGE ( 'NONE', *, *, #2881, .T. ) ;
#3973 = PLANE ( 'NONE',  #1529 ) ;
#3974 = ORIENTED_EDGE ( 'NONE', *, *, #3437, .T. ) ;
#3975 = DIRECTION ( 'NONE',  ( 0.000000000000000000, 0.000000000000000000, -1.000000000000000000 ) ) ;
#3976 = AXIS2_PLACEMENT_3D ( 'NONE', #2918, #3925, #3232 ) ;
#3977 = VERTEX_POINT ( 'NONE', #4481 ) ;
#3978 = FACE_OUTER_BOUND ( 'NONE', #1395, .T. ) ;
#3979 = CARTESIAN_POINT ( 'NONE',  ( 3.599185569319609979, -1.396362674533391912, 6.850000000000000533 ) ) ;
#3980 = AXIS2_PLACEMENT_3D ( 'NONE', #368, #3207, #1745 ) ;
#3981 = ORIENTED_EDGE ( 'NONE', *, *, #2006, .F. ) ;
#3982 = AXIS2_PLACEMENT_3D ( 'NONE', #3389, #2687, #4084 ) ;
#3983 = ADVANCED_FACE ( 'NONE', ( #3062, #4155, #1274, #4503 ), #3457, .F. ) ;
#3984 = CARTESIAN_POINT ( 'NONE',  ( -3.450814430680400058, 1.803637325466430186, 7.200000000000000178 ) ) ;
#3985 = DIRECTION ( 'NONE',  ( 0.000000000000000000, -1.000000000000000000, 0.000000000000000000 ) ) ;
#3986 = CARTESIAN_POINT ( 'NONE',  ( -3.300814430680400147, -0.3963626745335479540, 10.19848454120556092 ) ) ;
#3987 = PLANE ( 'NONE',  #4550 ) ;
#3988 = VECTOR ( 'NONE', #3520, 1000.000000000000000 ) ;
#3989 = EDGE_CURVE ( 'NONE', #4405, #82, #2354, .T. ) ;
#3990 = ORIENTED_EDGE ( 'NONE', *, *, #1887, .T. ) ;
#3991 = ORIENTED_EDGE ( 'NONE', *, *, #2676, .T. ) ;
#3992 = CLOSED_SHELL ( 'NONE', ( #1873, #673, #3267, #2272, #762, #118, #2389, #1253, #3117, #3277, #306, #3679, #3555, #3536, #253, #3522, #3996, #2757, #3052, #1060, #494, #174, #1092, #431, #3196, #704, #11, #740, #1347, #2799, #1666, #229, #3193, #4150, #2058, #4247, #2593, #817, #2558, #3472, #4367, #1602, #593, #822, #1270, #1404, #1207, #1597, #4585, #2245, #3077, #3454, #3613, #402, #1113, #1123, #1345, #3983 ) ) ;
#3993 = VERTEX_POINT ( 'NONE', #3429 ) ;
#3994 = DIRECTION ( 'NONE',  ( 1.000000000000000000, 0.000000000000000000, 0.000000000000000000 ) ) ;
#3995 = CARTESIAN_POINT ( 'NONE',  ( 4.099185569319585554, -0.5963626745333939771, 8.724999999999999645 ) ) ;
#3996 = ADVANCED_FACE ( 'NONE', ( #1974 ), #1302, .F. ) ;
#3997 = LINE ( 'NONE', #4344, #3290 ) ;
#3998 = ORIENTED_EDGE ( 'NONE', *, *, #4338, .T. ) ;
#3999 = ORIENTED_EDGE ( 'NONE', *, *, #2446, .T. ) ;
#4000 = CARTESIAN_POINT ( 'NONE',  ( -3.300814430680400147, 1.603637325466440000, 9.998484541205559850 ) ) ;
#4001 = DIRECTION ( 'NONE',  ( -1.000000000000000000, -8.462065736472229849E-16, 0.000000000000000000 ) ) ;
#4002 = EDGE_LOOP ( 'NONE', ( #3387, #3999, #1738, #4210 ) ) ;
#4003 = VERTEX_POINT ( 'NONE', #1251 ) ;
#4004 = DIRECTION ( 'NONE',  ( 0.000000000000000000, -1.000000000000000000, 0.000000000000000000 ) ) ;
#4005 = CARTESIAN_POINT ( 'NONE',  ( 4.899185569319580047, 2.103637325466650054, 10.40000000000000036 ) ) ;
#4006 = EDGE_CURVE ( 'NONE', #2411, #660, #4175, .T. ) ;
#4007 = ORIENTED_EDGE ( 'NONE', *, *, #1921, .F. ) ;
#4008 = CARTESIAN_POINT ( 'NONE',  ( -2.000814430680405209, -1.296362674533406034, 6.850000000000000533 ) ) ;
#4009 = LINE ( 'NONE', #2634, #2875 ) ;
#4010 = LINE ( 'NONE', #2610, #2180 ) ;
#4011 = DIRECTION ( 'NONE',  ( 8.756236532002660124E-31, -1.034763473209920030E-15, 1.000000000000000000 ) ) ;
#4012 = ORIENTED_EDGE ( 'NONE', *, *, #1550, .F. ) ;
#4013 = EDGE_CURVE ( 'NONE', #538, #2411, #4521, .T. ) ;
#4014 = ORIENTED_EDGE ( 'NONE', *, *, #2340, .F. ) ;
#4015 = DIRECTION ( 'NONE',  ( -1.000000000000000000, 0.000000000000000000, 0.000000000000000000 ) ) ;
#4016 = DIRECTION ( 'NONE',  ( -6.576496740845259399E-16, 1.000000000000000000, 1.034763473209920030E-15 ) ) ;
#4017 = ADVANCED_FACE ( 'NONE', ( #4460 ), #1669, .F. ) ;
#4018 = DIRECTION ( 'NONE',  ( -1.000000000000000000, 0.000000000000000000, 0.000000000000000000 ) ) ;
#4019 = ORIENTED_EDGE ( 'NONE', *, *, #875, .T. ) ;
#4020 = EDGE_CURVE ( 'NONE', #3085, #4397, #1339, .T. ) ;
#4021 = ORIENTED_EDGE ( 'NONE', *, *, #2880, .T. ) ;
#4022 = DIRECTION ( 'NONE',  ( -0.8944271909999178538, 0.4472135954999539864, 0.000000000000000000 ) ) ;
#4023 = VERTEX_POINT ( 'NONE', #217 ) ;
#4024 = ORIENTED_EDGE ( 'NONE', *, *, #2738, .F. ) ;
#4025 = ORIENTED_EDGE ( 'NONE', *, *, #1522, .F. ) ;
#4026 = DIRECTION ( 'NONE',  ( -0.4999999999999995004, -0.8660254037844390407, -8.961314547080092136E-16 ) ) ;
#4027 = DIRECTION ( 'NONE',  ( 0.000000000000000000, 0.000000000000000000, -1.000000000000000000 ) ) ;
#4028 = DIRECTION ( 'NONE',  ( -1.000000000000000000, -6.576496740845259399E-16, 1.951117922891894856E-31 ) ) ;
#4029 = FACE_OUTER_BOUND ( 'NONE', #1641, .T. ) ;
#4030 = LINE ( 'NONE', #52, #418 ) ;
#4031 = DIRECTION ( 'NONE',  ( -2.478176394252595143E-15, 1.000000000000000000, 0.000000000000000000 ) ) ;
#4032 = CIRCLE ( 'NONE', #1057, 1.906250000000000000 ) ;
#4033 = VECTOR ( 'NONE', #4001, 1000.000000000000000 ) ;
#4034 = VERTEX_POINT ( 'NONE', #3753 ) ;
#4035 = VECTOR ( 'NONE', #1019, 1000.000000000000000 ) ;
#4036 = VECTOR ( 'NONE', #2049, 1000.000000000000000 ) ;
#4037 = ORIENTED_EDGE ( 'NONE', *, *, #2164, .F. ) ;
#4038 = LINE ( 'NONE', #1994, #106 ) ;
#4039 = FACE_OUTER_BOUND ( 'NONE', #4354, .T. ) ;
#4040 = LINE ( 'NONE', #200, #2102 ) ;
#4041 = VECTOR ( 'NONE', #4071, 1000.000000000000000 ) ;
#4042 = VECTOR ( 'NONE', #2287, 1000.000000000000000 ) ;
#4043 = EDGE_CURVE ( 'NONE', #819, #3977, #608, .T. ) ;
#4044 = EDGE_CURVE ( 'NONE', #1369, #1165, #3825, .T. ) ;
#4045 = ORIENTED_EDGE ( 'NONE', *, *, #3724, .F. ) ;
#4046 = FACE_OUTER_BOUND ( 'NONE', #1795, .T. ) ;
#4047 = VERTEX_POINT ( 'NONE', #2312 ) ;
#4048 = DIRECTION ( 'NONE',  ( 0.000000000000000000, 0.000000000000000000, 1.000000000000000000 ) ) ;
#4049 = EDGE_CURVE ( 'NONE', #4449, #2294, #1995, .T. ) ;
#4050 = ORIENTED_EDGE ( 'NONE', *, *, #739, .T. ) ;
#4051 = EDGE_LOOP ( 'NONE', ( #1864, #1474, #3737, #4213 ) ) ;
#4052 = LINE ( 'NONE', #1917, #3657 ) ;
#4053 = CARTESIAN_POINT ( 'NONE',  ( -2.400814430680394906, -1.596362674533409853, 6.850000000000000533 ) ) ;
#4054 = VECTOR ( 'NONE', #1903, 1000.000000000000000 ) ;
#4055 = AXIS2_PLACEMENT_3D ( 'NONE', #2528, #3252, #747 ) ;
#4056 = LINE ( 'NONE', #3314, #3880 ) ;
#4057 = DIRECTION ( 'NONE',  ( -6.576496740845259399E-16, 1.000000000000000000, 1.034763473209920030E-15 ) ) ;
#4058 = DIRECTION ( 'NONE',  ( -8.756236532002660124E-31, 1.034763473209920030E-15, -1.000000000000000000 ) ) ;
#4059 = LINE ( 'NONE', #3359, #3723 ) ;
#4060 = ORIENTED_EDGE ( 'NONE', *, *, #3465, .T. ) ;
#4061 = FACE_OUTER_BOUND ( 'NONE', #2901, .T. ) ;
#4062 = DIRECTION ( 'NONE',  ( 0.000000000000000000, 1.000000000000000000, 0.000000000000000000 ) ) ;
#4063 = VECTOR ( 'NONE', #4496, 1000.000000000000000 ) ;
#4064 = DIRECTION ( 'NONE',  ( 1.000000000000000000, 0.000000000000000000, 0.000000000000000000 ) ) ;
#4065 = EDGE_CURVE ( 'NONE', #2445, #4206, #2844, .T. ) ;
#4066 = ORIENTED_EDGE ( 'NONE', *, *, #2064, .F. ) ;
#4067 = DIRECTION ( 'NONE',  ( 0.000000000000000000, 1.000000000000000000, 0.000000000000000000 ) ) ;
#4068 = ORIENTED_EDGE ( 'NONE', *, *, #490, .T. ) ;
#4069 = VERTEX_POINT ( 'NONE', #2777 ) ;
#4070 = DIRECTION ( 'NONE',  ( 1.000000000000000000, 0.000000000000000000, 0.000000000000000000 ) ) ;
#4071 = DIRECTION ( 'NONE',  ( 0.000000000000000000, 0.000000000000000000, -1.000000000000000000 ) ) ;
#4072 = EDGE_CURVE ( 'NONE', #1048, #3453, #3565, .T. ) ;
#4073 = ORIENTED_EDGE ( 'NONE', *, *, #640, .T. ) ;
#4074 = ORIENTED_EDGE ( 'NONE', *, *, #1374, .T. ) ;
#4075 = CARTESIAN_POINT ( 'NONE',  ( 4.899185569319580047, 1.803637325466635133, 10.40000000000000036 ) ) ;
#4076 = CARTESIAN_POINT ( 'NONE',  ( -3.500814430680379896, -0.5963626745333910906, 6.850000000000000533 ) ) ;
#4077 = EDGE_LOOP ( 'NONE', ( #3184, #4572, #906, #3343, #1932, #1559 ) ) ;
#4078 = FACE_OUTER_BOUND ( 'NONE', #2220, .T. ) ;
#4079 = PLANE ( 'NONE',  #49 ) ;
#4080 = DIRECTION ( 'NONE',  ( 0.000000000000000000, 0.000000000000000000, -1.000000000000000000 ) ) ;
#4081 = EDGE_CURVE ( 'NONE', #3222, #4379, #2426, .T. ) ;
#4082 = VERTEX_POINT ( 'NONE', #3544 ) ;
#4083 = CARTESIAN_POINT ( 'NONE',  ( 2.799185569319584843, -1.396362674533414117, 10.75000000000000000 ) ) ;
#4084 = DIRECTION ( 'NONE',  ( 1.000000000000000000, 0.000000000000000000, 0.000000000000000000 ) ) ;
#4085 = FACE_OUTER_BOUND ( 'NONE', #3553, .T. ) ;
#4086 = ORIENTED_EDGE ( 'NONE', *, *, #4394, .F. ) ;
#4087 = VERTEX_POINT ( 'NONE', #4271 ) ;
#4088 = ORIENTED_EDGE ( 'NONE', *, *, #685, .T. ) ;
#4089 = DIRECTION ( 'NONE',  ( 0.000000000000000000, 0.000000000000000000, 1.000000000000000000 ) ) ;
#4090 = EDGE_CURVE ( 'NONE', #1699, #3829, #1083, .T. ) ;
#4091 = ORIENTED_EDGE ( 'NONE', *, *, #1943, .F. ) ;
#4092 = LINE ( 'NONE', #3742, #2552 ) ;
#4093 = ORIENTED_EDGE ( 'NONE', *, *, #1392, .T. ) ;
#4094 = DIRECTION ( 'NONE',  ( -1.000000000000000000, 1.445602896647264369E-15, 0.000000000000000000 ) ) ;
#4095 = CARTESIAN_POINT ( 'NONE',  ( 1.599185569319595102, -0.5963626745333939771, 8.724999999999999645 ) ) ;
#4096 = DIRECTION ( 'NONE',  ( 0.000000000000000000, 1.000000000000000000, 0.000000000000000000 ) ) ;
#4097 = EDGE_CURVE ( 'NONE', #1506, #605, #3497, .T. ) ;
#4098 = EDGE_CURVE ( 'NONE', #3794, #2071, #3895, .T. ) ;
#4099 = CARTESIAN_POINT ( 'NONE',  ( 2.299185569319600386, -0.1963626745335489976, 8.048484541205558784 ) ) ;
#4100 = CARTESIAN_POINT ( 'NONE',  ( 3.599185569319609979, -1.396362674533402126, 7.150000000000000355 ) ) ;
#4101 = FACE_OUTER_BOUND ( 'NONE', #3637, .T. ) ;
#4102 = ORIENTED_EDGE ( 'NONE', *, *, #640, .F. ) ;
#4103 = EDGE_CURVE ( 'NONE', #4131, #1239, #1382, .T. ) ;
#4104 = DIRECTION ( 'NONE',  ( -1.000000000000000000, 0.000000000000000000, 0.000000000000000000 ) ) ;
#4105 = VECTOR ( 'NONE', #2843, 1000.000000000000000 ) ;
#4106 = VERTEX_POINT ( 'NONE', #1457 ) ;
#4107 = VECTOR ( 'NONE', #1646, 1000.000000000000000 ) ;
#4108 = PLANE ( 'NONE',  #1904 ) ;
#4109 = CARTESIAN_POINT ( 'NONE',  ( -3.300814430680400147, -0.1963626745335559920, 9.548484541205560561 ) ) ;
#4110 = CARTESIAN_POINT ( 'NONE',  ( -2.400814430680424660, -0.5963626745333939771, 10.75000000000000000 ) ) ;
#4111 = VECTOR ( 'NONE', #1942, 1000.000000000000000 ) ;
#4112 = AXIS2_PLACEMENT_3D ( 'NONE', #1303, #909, #4064 ) ;
#4113 = PLANE ( 'NONE',  #4410 ) ;
#4114 = VERTEX_POINT ( 'NONE', #2872 ) ;
#4115 = CARTESIAN_POINT ( 'NONE',  ( -1.250814430680400102, 1.803637325466445063, 8.048484541205558784 ) ) ;
#4116 = ORIENTED_EDGE ( 'NONE', *, *, #447, .F. ) ;
#4117 = ORIENTED_EDGE ( 'NONE', *, *, #3642, .T. ) ;
#4118 = AXIS2_PLACEMENT_3D ( 'NONE', #1772, #2831, #4259 ) ;
#4119 = VECTOR ( 'NONE', #2928, 1000.000000000000000 ) ;
#4120 = VERTEX_POINT ( 'NONE', #722 ) ;
#4121 = ORIENTED_EDGE ( 'NONE', *, *, #2156, .T. ) ;
#4122 = FACE_BOUND ( 'NONE', #1412, .T. ) ;
#4123 = LINE ( 'NONE', #895, #2250 ) ;
#4124 = ORIENTED_EDGE ( 'NONE', *, *, #3079, .F. ) ;
#4125 = LINE ( 'NONE', #645, #456 ) ;
#4126 = CARTESIAN_POINT ( 'NONE',  ( -3.700814430680420486, 22.38498528391914988, 10.75000000000000000 ) ) ;
#4127 = CIRCLE ( 'NONE', #2121, 0.2999999999999999334 ) ;
#4128 = CARTESIAN_POINT ( 'NONE',  ( 1.449185569319590083, 1.803637325466635133, 10.75000000000000000 ) ) ;
#4129 = EDGE_CURVE ( 'NONE', #2043, #3931, #694, .T. ) ;
#4130 = VECTOR ( 'NONE', #3805, 1000.000000000000000 ) ;
#4131 = VERTEX_POINT ( 'NONE', #3224 ) ;
#4132 = DIRECTION ( 'NONE',  ( 1.000000000000000000, -1.734723475976905229E-14, 0.000000000000000000 ) ) ;
#4133 = DIRECTION ( 'NONE',  ( 0.000000000000000000, 0.000000000000000000, 1.000000000000000000 ) ) ;
#4134 = DIRECTION ( 'NONE',  ( 1.000000000000000000, 0.000000000000000000, 0.000000000000000000 ) ) ;
#4135 = VECTOR ( 'NONE', #2802, 1000.000000000000000 ) ;
#4136 = VECTOR ( 'NONE', #4293, 1000.000000000000000 ) ;
#4137 = DIRECTION ( 'NONE',  ( 1.000000000000000000, 0.000000000000000000, 0.000000000000000000 ) ) ;
#4138 = ORIENTED_EDGE ( 'NONE', *, *, #1150, .F. ) ;
#4139 = ORIENTED_EDGE ( 'NONE', *, *, #158, .T. ) ;
#4140 = EDGE_CURVE ( 'NONE', #1649, #2028, #2150, .T. ) ;
#4141 = ORIENTED_EDGE ( 'NONE', *, *, #1635, .T. ) ;
#4142 = DIRECTION ( 'NONE',  ( 1.000000000000000000, 0.000000000000000000, 0.000000000000000000 ) ) ;
#4143 = VERTEX_POINT ( 'NONE', #742 ) ;
#4144 = FACE_OUTER_BOUND ( 'NONE', #1882, .T. ) ;
#4145 = CARTESIAN_POINT ( 'NONE',  ( 3.349185569319625078, -1.696362674533404835, 8.650000000000000355 ) ) ;
#4146 = LINE ( 'NONE', #2796, #1139 ) ;
#4147 = CARTESIAN_POINT ( 'NONE',  ( 2.299185569319600386, 1.203637325466460073, 9.248484541205561626 ) ) ;
#4148 = CARTESIAN_POINT ( 'NONE',  ( -3.500814430680400324, 1.803637325466375119, 10.40000000000000036 ) ) ;
#4149 = CARTESIAN_POINT ( 'NONE',  ( 2.399185569319609801, -1.396362674533399906, 10.75000000000000000 ) ) ;
#4150 = ADVANCED_FACE ( 'NONE', ( #2450 ), #652, .F. ) ;
#4151 = VERTEX_POINT ( 'NONE', #3938 ) ;
#4152 = CARTESIAN_POINT ( 'NONE',  ( -1.900814430680410005, -0.5963626745333939771, 6.850000000000000533 ) ) ;
#4153 = EDGE_LOOP ( 'NONE', ( #12, #1954, #4179, #2130 ) ) ;
#4154 = DIRECTION ( 'NONE',  ( 1.000000000000000000, 0.000000000000000000, 0.000000000000000000 ) ) ;
#4155 = FACE_BOUND ( 'NONE', #3048, .T. ) ;
#4156 = DIRECTION ( 'NONE',  ( -1.000000000000000000, 0.000000000000000000, 0.000000000000000000 ) ) ;
#4157 = CYLINDRICAL_SURFACE ( 'NONE', #2914, 0.2500000000000000000 ) ;
#4158 = EDGE_CURVE ( 'NONE', #4318, #3332, #2803, .T. ) ;
#4159 = ORIENTED_EDGE ( 'NONE', *, *, #261, .T. ) ;
#4160 = DIRECTION ( 'NONE',  ( 0.000000000000000000, 0.000000000000000000, -1.000000000000000000 ) ) ;
#4161 = DIRECTION ( 'NONE',  ( 1.000000000000000000, 0.000000000000000000, 0.000000000000000000 ) ) ;
#4162 = ORIENTED_EDGE ( 'NONE', *, *, #4013, .F. ) ;
#4163 = EDGE_CURVE ( 'NONE', #4301, #4082, #303, .T. ) ;
#4164 = EDGE_CURVE ( 'NONE', #82, #2138, #2082, .T. ) ;
#4165 = ORIENTED_EDGE ( 'NONE', *, *, #3474, .F. ) ;
#4166 = CARTESIAN_POINT ( 'NONE',  ( 2.399185569319609801, -1.396362674533406123, 6.850000000000000533 ) ) ;
#4167 = EDGE_LOOP ( 'NONE', ( #346, #3045, #915, #887 ) ) ;
#4168 = CARTESIAN_POINT ( 'NONE',  ( -3.217022735220180341, 1.953288126244670186, 6.877978286926488494 ) ) ;
#4169 = CARTESIAN_POINT ( 'NONE',  ( -1.200814430680416045, -0.5963626745333910906, 10.75000000000000000 ) ) ;
#4170 = DIRECTION ( 'NONE',  ( -1.000000000000000000, 8.673617379884035472E-16, 0.000000000000000000 ) ) ;
#4171 = DIRECTION ( 'NONE',  ( 1.000000000000000000, 0.000000000000000000, 0.000000000000000000 ) ) ;
#4172 = FACE_OUTER_BOUND ( 'NONE', #2179, .T. ) ;
#4173 = EDGE_LOOP ( 'NONE', ( #3669, #3102, #2775, #3331, #666, #4508, #913 ) ) ;
#4174 = DIRECTION ( 'NONE',  ( 1.000000000000000000, 0.000000000000000000, 0.000000000000000000 ) ) ;
#4175 = LINE ( 'NONE', #1623, #1836 ) ;
#4176 = DIRECTION ( 'NONE',  ( 0.000000000000000000, 0.000000000000000000, 1.000000000000000000 ) ) ;
#4177 = CARTESIAN_POINT ( 'NONE',  ( -3.500814430680379896, 1.803637325466605157, 7.150000000000000355 ) ) ;
#4178 = CIRCLE ( 'NONE', #159, 0.5000000000000000000 ) ;
#4179 = ORIENTED_EDGE ( 'NONE', *, *, #4043, .F. ) ;
#4180 = LINE ( 'NONE', #1713, #2338 ) ;
#4181 =( NAMED_UNIT ( * ) SI_UNIT ( $, .STERADIAN. ) SOLID_ANGLE_UNIT ( ) );
#4182 = VERTEX_POINT ( 'NONE', #1107 ) ;
#4183 = VECTOR ( 'NONE', #818, 1000.000000000000000 ) ;
#4184 = EDGE_CURVE ( 'NONE', #4449, #3829, #2523, .T. ) ;
#4185 = VECTOR ( 'NONE', #1819, 1000.000000000000000 ) ;
#4186 = ORIENTED_EDGE ( 'NONE', *, *, #2569, .T. ) ;
#4187 = VECTOR ( 'NONE', #4531, 1000.000000000000000 ) ;
#4188 = ORIENTED_EDGE ( 'NONE', *, *, #1837, .T. ) ;
#4189 = CARTESIAN_POINT ( 'NONE',  ( -1.900814430680410005, -4.846362674533409631, 10.75000000000000000 ) ) ;
#4190 = LINE ( 'NONE', #3812, #4260 ) ;
#4191 = EDGE_CURVE ( 'NONE', #1931, #2183, #3179, .T. ) ;
#4192 = VECTOR ( 'NONE', #2937, 1000.000000000000000 ) ;
#4193 = AXIS2_PLACEMENT_3D ( 'NONE', #2501, #361, #2151 ) ;
#4194 = ORIENTED_EDGE ( 'NONE', *, *, #2288, .F. ) ;
#4195 = CARTESIAN_POINT ( 'NONE',  ( -1.600814430680394862, -1.596362674533394976, 10.75000000000000000 ) ) ;
#4196 = FACE_OUTER_BOUND ( 'NONE', #3473, .T. ) ;
#4197 = EDGE_CURVE ( 'NONE', #4511, #1117, #1407, .T. ) ;
#4198 = ORIENTED_EDGE ( 'NONE', *, *, #2361, .F. ) ;
#4199 = PRODUCT_DEFINITION_SHAPE ( 'NONE', 'NONE',  #3814 ) ;
#4200 = ORIENTED_EDGE ( 'NONE', *, *, #1056, .F. ) ;
#4201 = FACE_OUTER_BOUND ( 'NONE', #3026, .T. ) ;
#4202 = DIRECTION ( 'NONE',  ( 0.000000000000000000, -8.673617379884109428E-17, -1.000000000000000000 ) ) ;
#4203 = LINE ( 'NONE', #304, #1515 ) ;
#4204 = CARTESIAN_POINT ( 'NONE',  ( -2.400814430680424660, -0.5963626745333939771, 6.850000000000000533 ) ) ;
#4205 = AXIS2_PLACEMENT_3D ( 'NONE', #585, #2400, #330 ) ;
#4206 = VERTEX_POINT ( 'NONE', #2821 ) ;
#4207 = CARTESIAN_POINT ( 'NONE',  ( 2.399185569319609801, -1.396362674533399906, 6.850000000000000533 ) ) ;
#4208 = CARTESIAN_POINT ( 'NONE',  ( 0.5991855693195939914, -0.5963626745333939771, 12.45625000000000071 ) ) ;
#4209 = VECTOR ( 'NONE', #2038, 1000.000000000000000 ) ;
#4210 = ORIENTED_EDGE ( 'NONE', *, *, #617, .F. ) ;
#4211 = ADVANCED_FACE ( 'NONE', ( #4538 ), #1360, .F. ) ;
#4212 = VECTOR ( 'NONE', #1030, 1000.000000000000000 ) ;
#4213 = ORIENTED_EDGE ( 'NONE', *, *, #2201, .T. ) ;
#4214 = ORIENTED_EDGE ( 'NONE', *, *, #1855, .F. ) ;
#4215 = VERTEX_POINT ( 'NONE', #422 ) ;
#4216 = DIRECTION ( 'NONE',  ( 0.000000000000000000, -1.000000000000000000, 0.000000000000000000 ) ) ;
#4217 = CARTESIAN_POINT ( 'NONE',  ( -3.550814430680409917, -0.5963626745333910906, 7.150000000000000355 ) ) ;
#4218 = ORIENTED_EDGE ( 'NONE', *, *, #2156, .F. ) ;
#4219 = EDGE_CURVE ( 'NONE', #775, #1751, #4009, .T. ) ;
#4220 = PLANE ( 'NONE',  #4256 ) ;
#4221 = DIRECTION ( 'NONE',  ( -1.000000000000000000, 0.000000000000000000, 0.000000000000000000 ) ) ;
#4222 = ADVANCED_FACE ( 'NONE', ( #1546 ), #1848, .F. ) ;
#4223 = ORIENTED_EDGE ( 'NONE', *, *, #1576, .T. ) ;
#4224 = LINE ( 'NONE', #1029, #3014 ) ;
#4225 = CARTESIAN_POINT ( 'NONE',  ( 0.9991855693196050048, -1.396362674533414117, 8.949999999999999289 ) ) ;
#4226 = FACE_OUTER_BOUND ( 'NONE', #4238, .T. ) ;
#4227 = DIRECTION ( 'NONE',  ( -1.000000000000000000, 0.000000000000000000, 0.000000000000000000 ) ) ;
#4228 = ORIENTED_EDGE ( 'NONE', *, *, #65, .T. ) ;
#4229 = LINE ( 'NONE', #961, #1307 ) ;
#4230 = VERTEX_POINT ( 'NONE', #97 ) ;
#4231 = ORIENTED_EDGE ( 'NONE', *, *, #1628, .F. ) ;
#4232 = LINE ( 'NONE', #2248, #260 ) ;
#4233 = ORIENTED_EDGE ( 'NONE', *, *, #1190, .F. ) ;
#4234 = VERTEX_POINT ( 'NONE', #1498 ) ;
#4235 = CARTESIAN_POINT ( 'NONE',  ( 4.399185569319589817, 2.103637325466629626, 10.44999999999999929 ) ) ;
#4236 = CARTESIAN_POINT ( 'NONE',  ( 4.099185569319585554, 0.8036373254666079324, 10.75000000000000000 ) ) ;
#4237 = FACE_OUTER_BOUND ( 'NONE', #777, .T. ) ;
#4238 = EDGE_LOOP ( 'NONE', ( #2744, #3305, #2554, #4007 ) ) ;
#4239 = CARTESIAN_POINT ( 'NONE',  ( 3.599185569319609979, -1.396362674533414117, 10.75000000000000000 ) ) ;
#4240 = EDGE_CURVE ( 'NONE', #2159, #2003, #2957, .T. ) ;
#4241 = ADVANCED_FACE ( 'NONE', ( #1520 ), #72, .F. ) ;
#4242 = VERTEX_POINT ( 'NONE', #810 ) ;
#4243 = DIRECTION ( 'NONE',  ( -8.756236532002660124E-31, 1.034763473209920030E-15, -1.000000000000000000 ) ) ;
#4244 = CARTESIAN_POINT ( 'NONE',  ( -3.500814430680414979, 1.584022083195969932, 10.40000000000000036 ) ) ;
#4245 = FACE_OUTER_BOUND ( 'NONE', #3675, .T. ) ;
#4246 = LINE ( 'NONE', #1054, #2478 ) ;
#4247 = ADVANCED_FACE ( 'NONE', ( #4336 ), #1568, .F. ) ;
#4248 = ORIENTED_EDGE ( 'NONE', *, *, #1146, .F. ) ;
#4249 = DIRECTION ( 'NONE',  ( 1.000000000000000000, 0.000000000000000000, 0.000000000000000000 ) ) ;
#4250 = VERTEX_POINT ( 'NONE', #4363 ) ;
#4251 = CARTESIAN_POINT ( 'NONE',  ( -3.300814430680400147, 1.603637325466440000, 10.19848454120556092 ) ) ;
#4252 = CARTESIAN_POINT ( 'NONE',  ( 2.799185569319579958, -1.596362674533384984, 10.44999999999999929 ) ) ;
#4253 = EDGE_LOOP ( 'NONE', ( #3083, #1278, #682, #1689 ) ) ;
#4254 = DIRECTION ( 'NONE',  ( -1.000000000000000000, 0.000000000000000000, 0.000000000000000000 ) ) ;
#4255 = ORIENTED_EDGE ( 'NONE', *, *, #2361, .T. ) ;
#4256 = AXIS2_PLACEMENT_3D ( 'NONE', #950, #1354, #624 ) ;
#4257 = FACE_OUTER_BOUND ( 'NONE', #2952, .T. ) ;
#4258 = AXIS2_PLACEMENT_3D ( 'NONE', #2781, #2430, #4249 ) ;
#4259 = DIRECTION ( 'NONE',  ( -6.576496740845259399E-16, 1.000000000000000000, 0.000000000000000000 ) ) ;
#4260 = VECTOR ( 'NONE', #2413, 1000.000000000000000 ) ;
#4261 = CIRCLE ( 'NONE', #1364, 0.6000000000000310640 ) ;
#4262 = ORIENTED_EDGE ( 'NONE', *, *, #3375, .T. ) ;
#4263 = VERTEX_POINT ( 'NONE', #2980 ) ;
#4264 = LINE ( 'NONE', #716, #164 ) ;
#4265 = DIRECTION ( 'NONE',  ( -1.000000000000000000, -6.576496740845259399E-16, 1.951117922891894856E-31 ) ) ;
#4266 = AXIS2_PLACEMENT_3D ( 'NONE', #1913, #4022, #820 ) ;
#4267 = EDGE_CURVE ( 'NONE', #4106, #3834, #468, .T. ) ;
#4268 = CARTESIAN_POINT ( 'NONE',  ( -3.300814430680400147, 1.603637325466445107, 7.598484541205571041 ) ) ;
#4269 = ORIENTED_EDGE ( 'NONE', *, *, #3646, .F. ) ;
#4270 = CARTESIAN_POINT ( 'NONE',  ( -1.900814430680410005, -6.146362674533370374, 10.75000000000000000 ) ) ;
#4271 = CARTESIAN_POINT ( 'NONE',  ( 3.599185569319594880, -0.5963626745333910906, 10.44999999999999929 ) ) ;
#4272 = CARTESIAN_POINT ( 'NONE',  ( -1.200814430680401834, -0.5963626745333939771, 6.850000000000000533 ) ) ;
#4273 = DIRECTION ( 'NONE',  ( 8.756236532002660124E-31, -1.034763473209920030E-15, 1.000000000000000000 ) ) ;
#4274 = EDGE_CURVE ( 'NONE', #3162, #2677, #3634, .T. ) ;
#4275 = VERTEX_POINT ( 'NONE', #1223 ) ;
#4276 = ORIENTED_EDGE ( 'NONE', *, *, #2966, .F. ) ;
#4277 = CARTESIAN_POINT ( 'NONE',  ( -0.9008144306804080070, -0.5963626745333939771, 8.724999999999999645 ) ) ;
#4278 = LINE ( 'NONE', #338, #1086 ) ;
#4279 = VECTOR ( 'NONE', #517, 1000.000000000000000 ) ;
#4280 = VECTOR ( 'NONE', #2225, 1000.000000000000000 ) ;
#4281 = ORIENTED_EDGE ( 'NONE', *, *, #504, .T. ) ;
#4282 = CARTESIAN_POINT ( 'NONE',  ( 2.399185569319574718, -1.396362674533409898, 7.150000000000000355 ) ) ;
#4283 = ADVANCED_FACE ( 'NONE', ( #1152 ), #2566, .F. ) ;
#4284 = ORIENTED_EDGE ( 'NONE', *, *, #1576, .F. ) ;
#4285 = LINE ( 'NONE', #2514, #537 ) ;
#4286 = CARTESIAN_POINT ( 'NONE',  ( 4.649185569319589817, 22.38498528391914988, 10.40000000000000036 ) ) ;
#4287 = EDGE_LOOP ( 'NONE', ( #437, #780, #3469, #2385 ) ) ;
#4288 = VECTOR ( 'NONE', #3588, 1000.000000000000000 ) ;
#4289 = LINE ( 'NONE', #1078, #1138 ) ;
#4290 = CARTESIAN_POINT ( 'NONE',  ( 1.599185569319595102, -0.5963626745333939771, 10.75000000000000000 ) ) ;
#4291 = CARTESIAN_POINT ( 'NONE',  ( 1.599185569319595102, 0.8036373254666079324, 8.724999999999999645 ) ) ;
#4292 = CARTESIAN_POINT ( 'NONE',  ( 2.799185569319579958, -1.596362674533384984, 10.75000000000000000 ) ) ;
#4293 = DIRECTION ( 'NONE',  ( 0.000000000000000000, 0.000000000000000000, 1.000000000000000000 ) ) ;
#4294 = DIRECTION ( 'NONE',  ( 0.000000000000000000, 0.000000000000000000, -1.000000000000000000 ) ) ;
#4295 = EDGE_CURVE ( 'NONE', #576, #1800, #789, .T. ) ;
#4296 = LINE ( 'NONE', #4365, #2176 ) ;
#4297 = CARTESIAN_POINT ( 'NONE',  ( -1.200814430680416045, -0.5963626745333939771, 10.75000000000000000 ) ) ;
#4298 = EDGE_CURVE ( 'NONE', #2946, #1369, #859, .T. ) ;
#4299 = EDGE_CURVE ( 'NONE', #133, #1845, #2286, .T. ) ;
#4300 = EDGE_CURVE ( 'NONE', #1808, #3603, #1194, .T. ) ;
#4301 = VERTEX_POINT ( 'NONE', #1827 ) ;
#4302 = CARTESIAN_POINT ( 'NONE',  ( -1.600814430680394862, -1.396362674533414117, 6.850000000000000533 ) ) ;
#4303 = DIRECTION ( 'NONE',  ( 0.000000000000000000, 0.000000000000000000, 1.000000000000000000 ) ) ;
#4304 = CARTESIAN_POINT ( 'NONE',  ( 4.999185569319619660, 2.103637325466654495, 10.44999999999999929 ) ) ;
#4305 = EDGE_CURVE ( 'NONE', #4114, #2769, #4030, .T. ) ;
#4306 = DIRECTION ( 'NONE',  ( 6.576496740845259399E-16, -1.000000000000000000, -1.034763473209920030E-15 ) ) ;
#4307 = ORIENTED_EDGE ( 'NONE', *, *, #3906, .T. ) ;
#4308 = CARTESIAN_POINT ( 'NONE',  ( -1.250814430680396105, 1.803637325466445063, 10.75000000000000000 ) ) ;
#4309 = FACE_OUTER_BOUND ( 'NONE', #4253, .T. ) ;
#4310 = CARTESIAN_POINT ( 'NONE',  ( 0.2491855693195980381, 4.103637325466450214, 8.048484541205569442 ) ) ;
#4311 = DIRECTION ( 'NONE',  ( 0.000000000000000000, 0.000000000000000000, -1.000000000000000000 ) ) ;
#4312 = FACE_OUTER_BOUND ( 'NONE', #2089, .T. ) ;
#4313 = CARTESIAN_POINT ( 'NONE',  ( 3.599185569319609979, -1.396362674533391912, 10.44999999999999929 ) ) ;
#4314 = VERTEX_POINT ( 'NONE', #2192 ) ;
#4315 = FACE_OUTER_BOUND ( 'NONE', #1694, .T. ) ;
#4316 = CARTESIAN_POINT ( 'NONE',  ( 2.399185569319574718, -0.5963626745333939771, 6.850000000000000533 ) ) ;
#4317 = LINE ( 'NONE', #2553, #3436 ) ;
#4318 = VERTEX_POINT ( 'NONE', #3339 ) ;
#4319 = DIRECTION ( 'NONE',  ( 0.000000000000000000, 0.000000000000000000, 1.000000000000000000 ) ) ;
#4320 = CARTESIAN_POINT ( 'NONE',  ( 2.849185569319610423, -1.696362674533420156, 8.949999999999999289 ) ) ;
#4321 = AXIS2_PLACEMENT_3D ( 'NONE', #3773, #2422, #561 ) ;
#4322 = EDGE_CURVE ( 'NONE', #4547, #2411, #1477, .T. ) ;
#4323 = VECTOR ( 'NONE', #4362, 1000.000000000000000 ) ;
#4324 = DIRECTION ( 'NONE',  ( 0.000000000000000000, -1.000000000000000000, 0.000000000000000000 ) ) ;
#4325 = ORIENTED_EDGE ( 'NONE', *, *, #2382, .F. ) ;
#4326 = AXIS2_PLACEMENT_3D ( 'NONE', #1891, #1491, #4324 ) ;
#4327 = CARTESIAN_POINT ( 'NONE',  ( 4.899185569319589817, -6.146362674533370374, 6.850000000000000533 ) ) ;
#4328 = DIRECTION ( 'NONE',  ( 0.000000000000000000, 0.000000000000000000, -1.000000000000000000 ) ) ;
#4329 = EDGE_CURVE ( 'NONE', #4511, #2003, #1126, .T. ) ;
#4330 = AXIS2_PLACEMENT_3D ( 'NONE', #3955, #2520, #1423 ) ;
#4331 = AXIS2_PLACEMENT_3D ( 'NONE', #211, #2370, #3149 ) ;
#4332 = DIRECTION ( 'NONE',  ( -1.000000000000000000, 0.000000000000000000, 0.000000000000000000 ) ) ;
#4333 = VECTOR ( 'NONE', #1748, 1000.000000000000000 ) ;
#4334 = AXIS2_PLACEMENT_3D ( 'NONE', #348, #4216, #1018 ) ;
#4335 = FACE_OUTER_BOUND ( 'NONE', #2950, .T. ) ;
#4336 = FACE_OUTER_BOUND ( 'NONE', #3186, .T. ) ;
#4337 = DIRECTION ( 'NONE',  ( 0.000000000000000000, 0.000000000000000000, 1.000000000000000000 ) ) ;
#4338 = EDGE_CURVE ( 'NONE', #1326, #1769, #4434, .T. ) ;
#4339 = LINE ( 'NONE', #1154, #2107 ) ;
#4340 = EDGE_LOOP ( 'NONE', ( #1205, #3090, #3049, #130 ) ) ;
#4341 = ORIENTED_EDGE ( 'NONE', *, *, #1094, .T. ) ;
#4342 = DIRECTION ( 'NONE',  ( -6.576496740845259399E-16, 1.000000000000000000, 1.034763473209920030E-15 ) ) ;
#4343 = LINE ( 'NONE', #1854, #1091 ) ;
#4344 = CARTESIAN_POINT ( 'NONE',  ( -2.400814430680394906, -1.596362674533409853, 10.75000000000000000 ) ) ;
#4345 = ORIENTED_EDGE ( 'NONE', *, *, #2214, .F. ) ;
#4346 = CARTESIAN_POINT ( 'NONE',  ( 4.397351222846669572, 2.068808532772793640, 10.61147880781312480 ) ) ;
#4347 = ORIENTED_EDGE ( 'NONE', *, *, #4489, .F. ) ;
#4348 = DIRECTION ( 'NONE',  ( 1.000000000000000000, 0.000000000000000000, 0.000000000000000000 ) ) ;
#4349 = ADVANCED_FACE ( 'NONE', ( #3081 ), #512, .T. ) ;
#4350 = VECTOR ( 'NONE', #3525, 1000.000000000000000 ) ;
#4351 = EDGE_LOOP ( 'NONE', ( #4188, #3531, #1508, #179 ) ) ;
#4352 = LINE ( 'NONE', #851, #2320 ) ;
#4353 = ORIENTED_EDGE ( 'NONE', *, *, #3943, .T. ) ;
#4354 = EDGE_LOOP ( 'NONE', ( #4014, #1625, #1780, #3877 ) ) ;
#4355 = CARTESIAN_POINT ( 'NONE',  ( 0.2491855693195980381, 3.901564731250084961, 3.948484541205564913 ) ) ;
#4356 = LINE ( 'NONE', #808, #1662 ) ;
#4357 = VECTOR ( 'NONE', #1740, 1000.000000000000000 ) ;
#4358 = AXIS2_PLACEMENT_3D ( 'NONE', #2376, #3797, #931 ) ;
#4359 = CARTESIAN_POINT ( 'NONE',  ( 4.479570327048935319, 1.803637325466628694, 6.850000000000000533 ) ) ;
#4360 = EDGE_CURVE ( 'NONE', #1088, #3899, #2732, .T. ) ;
#4361 = CARTESIAN_POINT ( 'NONE',  ( 3.349185569319625078, -1.696362674533404835, 8.650000000000000355 ) ) ;
#4362 = DIRECTION ( 'NONE',  ( 0.000000000000000000, 0.000000000000000000, 1.000000000000000000 ) ) ;
#4363 = CARTESIAN_POINT ( 'NONE',  ( -1.250814430680396105, 2.103637325466630070, 7.950000000000000178 ) ) ;
#4364 = LINE ( 'NONE', #1924, #3668 ) ;
#4365 = CARTESIAN_POINT ( 'NONE',  ( -3.550814430680409917, -0.5963626745333910906, 7.150000000000000355 ) ) ;
#4366 =( GEOMETRIC_REPRESENTATION_CONTEXT ( 3 ) GLOBAL_UNCERTAINTY_ASSIGNED_CONTEXT ( ( #2832 ) ) GLOBAL_UNIT_ASSIGNED_CONTEXT ( ( #298, #4561, #328 ) ) REPRESENTATION_CONTEXT ( 'NONE', 'WORKASPACE' ) );
#4367 = ADVANCED_FACE ( 'NONE', ( #2394 ), #925, .F. ) ;
#4368 = EDGE_CURVE ( 'NONE', #496, #3558, #162, .T. ) ;
#4369 = ORIENTED_EDGE ( 'NONE', *, *, #1202, .T. ) ;
#4370 = CARTESIAN_POINT ( 'NONE',  ( -3.800814430680394818, 2.103637325466630070, 10.75000000000000000 ) ) ;
#4371 = LINE ( 'NONE', #1877, #1164 ) ;
#4372 = ORIENTED_EDGE ( 'NONE', *, *, #1064, .T. ) ;
#4373 = EDGE_LOOP ( 'NONE', ( #3188, #2602, #1604, #4025 ) ) ;
#4374 = CARTESIAN_POINT ( 'NONE',  ( -1.600814430680394862, -1.396362674533414117, 10.75000000000000000 ) ) ;
#4375 = EDGE_LOOP ( 'NONE', ( #1281, #2572, #2405, #2829, #2740, #2974, #4159 ) ) ;
#4376 = ORIENTED_EDGE ( 'NONE', *, *, #4097, .T. ) ;
#4377 = PLANE ( 'NONE',  #21 ) ;
#4378 = FACE_OUTER_BOUND ( 'NONE', #3378, .T. ) ;
#4379 = VERTEX_POINT ( 'NONE', #1970 ) ;
#4380 = DIRECTION ( 'NONE',  ( -1.000000000000000000, 0.000000000000000000, 0.000000000000000000 ) ) ;
#4381 = DIRECTION ( 'NONE',  ( 0.000000000000000000, 0.000000000000000000, 1.000000000000000000 ) ) ;
#4382 = LINE ( 'NONE', #1193, #2026 ) ;
#4383 = DIRECTION ( 'NONE',  ( 0.000000000000000000, 0.000000000000000000, 1.000000000000000000 ) ) ;
#4384 = CARTESIAN_POINT ( 'NONE',  ( -1.250814430680400102, 1.803637325466450170, 3.948484541205564913 ) ) ;
#4385 = DIRECTION ( 'NONE',  ( -6.576496740845259399E-16, 1.000000000000000000, 1.034763473209920030E-15 ) ) ;
#4386 = EDGE_CURVE ( 'NONE', #4427, #2362, #3383, .T. ) ;
#4387 = EDGE_CURVE ( 'NONE', #133, #2526, #3425, .T. ) ;
#4388 = ORIENTED_EDGE ( 'NONE', *, *, #1821, .T. ) ;
#4389 = CARTESIAN_POINT ( 'NONE',  ( 4.649185569319589817, -0.5963626745333910906, 7.200000000000000178 ) ) ;
#4390 = ORIENTED_EDGE ( 'NONE', *, *, #89, .T. ) ;
#4391 = LINE ( 'NONE', #2962, #2785 ) ;
#4392 = DIRECTION ( 'NONE',  ( 0.000000000000000000, 0.000000000000000000, -1.000000000000000000 ) ) ;
#4393 = DIRECTION ( 'NONE',  ( -1.000000000000000000, 0.000000000000000000, 0.000000000000000000 ) ) ;
#4394 = EDGE_CURVE ( 'NONE', #1386, #656, #3407, .T. ) ;
#4395 = ORIENTED_EDGE ( 'NONE', *, *, #26, .T. ) ;
#4396 = CARTESIAN_POINT ( 'NONE',  ( -1.200814430680401834, -1.396362674533391912, 6.850000000000000533 ) ) ;
#4397 = VERTEX_POINT ( 'NONE', #1595 ) ;
#4398 = CARTESIAN_POINT ( 'NONE',  ( -3.300814430680400147, 1.603637325466445107, 8.048484541205558784 ) ) ;
#4399 = CARTESIAN_POINT ( 'NONE',  ( -3.800814430680420131, -0.5963626745333910906, 8.724999999999999645 ) ) ;
#4400 = ORIENTED_EDGE ( 'NONE', *, *, #3901, .T. ) ;
#4401 = ORIENTED_EDGE ( 'NONE', *, *, #2793, .F. ) ;
#4402 = PLANE ( 'NONE',  #2763 ) ;
#4403 = LINE ( 'NONE', #2586, #3510 ) ;
#4404 = VECTOR ( 'NONE', #1408, 1000.000000000000000 ) ;
#4405 = VERTEX_POINT ( 'NONE', #1619 ) ;
#4406 = DIRECTION ( 'NONE',  ( 1.000000000000000000, 0.000000000000000000, 0.000000000000000000 ) ) ;
#4407 = CARTESIAN_POINT ( 'NONE',  ( 2.299185569319600386, 1.603637325466449992, 7.398484541205560205 ) ) ;
#4408 = CARTESIAN_POINT ( 'NONE',  ( 0.2491855693195980381, 3.901564731250084961, 3.948484541205564913 ) ) ;
#4409 = VECTOR ( 'NONE', #2658, 1000.000000000000000 ) ;
#4410 = AXIS2_PLACEMENT_3D ( 'NONE', #3064, #3368, #1254 ) ;
#4411 = EDGE_CURVE ( 'NONE', #4034, #2900, #3035, .T. ) ;
#4412 = AXIS2_PLACEMENT_3D ( 'NONE', #2095, #3559, #28 ) ;
#4413 = VECTOR ( 'NONE', #2047, 1000.000000000000000 ) ;
#4414 = EDGE_LOOP ( 'NONE', ( #2923, #1186, #732, #2324 ) ) ;
#4415 = CARTESIAN_POINT ( 'NONE',  ( 0.8491855693195939914, -1.696362674533404835, 10.75000000000000000 ) ) ;
#4416 = DIRECTION ( 'NONE',  ( -1.000000000000000000, 0.000000000000000000, 0.000000000000000000 ) ) ;
#4417 = FACE_OUTER_BOUND ( 'NONE', #347, .T. ) ;
#4418 = EDGE_CURVE ( 'NONE', #1751, #388, #1335, .T. ) ;
#4419 = VECTOR ( 'NONE', #3625, 1000.000000000000000 ) ;
#4420 = AXIS2_PLACEMENT_3D ( 'NONE', #3325, #129, #332 ) ;
#4421 = ORIENTED_EDGE ( 'NONE', *, *, #4394, .T. ) ;
#4422 = ORIENTED_EDGE ( 'NONE', *, *, #448, .T. ) ;
#4423 = ORIENTED_EDGE ( 'NONE', *, *, #4489, .T. ) ;
#4424 = APPLICATION_PROTOCOL_DEFINITION ( 'draft international standard', 'automotive_design', 1998, #1556 ) ;
#4425 = LINE ( 'NONE', #2648, #4041 ) ;
#4426 = EDGE_CURVE ( 'NONE', #449, #3568, #2681, .T. ) ;
#4427 = VERTEX_POINT ( 'NONE', #4100 ) ;
#4428 = ORIENTED_EDGE ( 'NONE', *, *, #2955, .F. ) ;
#4429 = DIRECTION ( 'NONE',  ( -0.8660254037844389297, 0.4999999999999994449, 0.000000000000000000 ) ) ;
#4430 = DIRECTION ( 'NONE',  ( 0.000000000000000000, 0.000000000000000000, -1.000000000000000000 ) ) ;
#4431 = AXIS2_PLACEMENT_3D ( 'NONE', #4370, #2614, #4015 ) ;
#4432 = AXIS2_PLACEMENT_3D ( 'NONE', #4480, #4174, #3157 ) ;
#4433 = CARTESIAN_POINT ( 'NONE',  ( 3.599185569319594880, -1.596362674533399861, 10.75000000000000000 ) ) ;
#4434 = LINE ( 'NONE', #1990, #2347 ) ;
#4435 = CARTESIAN_POINT ( 'NONE',  ( 3.599185569319594880, -0.5963626745333939771, 10.75000000000000000 ) ) ;
#4436 = VECTOR ( 'NONE', #1322, 1000.000000000000000 ) ;
#4437 = EDGE_CURVE ( 'NONE', #1101, #3701, #3748, .T. ) ;
#4438 = ORIENTED_EDGE ( 'NONE', *, *, #256, .T. ) ;
#4439 = LINE ( 'NONE', #3664, #4279 ) ;
#4440 = CARTESIAN_POINT ( 'NONE',  ( -3.300814430680400147, -0.1963626745335524948, 8.048484541205558784 ) ) ;
#4441 = DIRECTION ( 'NONE',  ( 1.000000000000000000, 6.576496740845259399E-16, -1.951117922891894856E-31 ) ) ;
#4442 = CARTESIAN_POINT ( 'NONE',  ( -2.400814430680399791, -0.5963626745333910906, 10.44999999999999929 ) ) ;
#4443 = ORIENTED_EDGE ( 'NONE', *, *, #4360, .T. ) ;
#4444 = ORIENTED_EDGE ( 'NONE', *, *, #1655, .T. ) ;
#4445 = DIRECTION ( 'NONE',  ( 0.000000000000000000, -1.000000000000000000, 0.000000000000000000 ) ) ;
#4446 = EDGE_CURVE ( 'NONE', #1380, #3222, #213, .T. ) ;
#4447 = EDGE_CURVE ( 'NONE', #4023, #635, #899, .T. ) ;
#4448 = FACE_OUTER_BOUND ( 'NONE', #203, .T. ) ;
#4449 = VERTEX_POINT ( 'NONE', #3056 ) ;
#4450 = VERTEX_POINT ( 'NONE', #3721 ) ;
#4451 = DIRECTION ( 'NONE',  ( 0.000000000000000000, -1.000000000000000000, 0.000000000000000000 ) ) ;
#4452 = FACE_OUTER_BOUND ( 'NONE', #1096, .T. ) ;
#4453 = EDGE_CURVE ( 'NONE', #288, #3568, #1292, .T. ) ;
#4454 = LINE ( 'NONE', #1868, #674 ) ;
#4455 = DIRECTION ( 'NONE',  ( 0.000000000000000000, 0.000000000000000000, -1.000000000000000000 ) ) ;
#4456 = CARTESIAN_POINT ( 'NONE',  ( 0.5991855693195939914, 0.3036373254666074883, 12.45625000000000071 ) ) ;
#4457 = EDGE_LOOP ( 'NONE', ( #269, #1187, #4401, #3475 ) ) ;
#4458 = ORIENTED_EDGE ( 'NONE', *, *, #112, .F. ) ;
#4459 = CARTESIAN_POINT ( 'NONE',  ( -3.400814430680394906, 2.103637325466624741, 10.75000000000000000 ) ) ;
#4460 = FACE_OUTER_BOUND ( 'NONE', #3455, .T. ) ;
#4461 = DIRECTION ( 'NONE',  ( -8.756236532002660124E-31, 1.034763473209920030E-15, -1.000000000000000000 ) ) ;
#4462 = ORIENTED_EDGE ( 'NONE', *, *, #3904, .T. ) ;
#4463 = VERTEX_POINT ( 'NONE', #2708 ) ;
#4464 = EDGE_LOOP ( 'NONE', ( #2343, #500, #1606, #4598 ) ) ;
#4465 = SHAPE_DEFINITION_REPRESENTATION ( #4199, #324 ) ;
#4466 = CARTESIAN_POINT ( 'NONE',  ( 0.5991855693195939914, 0.3036373254666074883, 12.45625000000000071 ) ) ;
#4467 = VERTEX_POINT ( 'NONE', #1945 ) ;
#4468 = VERTEX_POINT ( 'NONE', #2306 ) ;
#4469 = FACE_OUTER_BOUND ( 'NONE', #320, .T. ) ;
#4470 = CARTESIAN_POINT ( 'NONE',  ( 2.099185569319594880, 0.8036373254666079324, 8.724999999999999645 ) ) ;
#4471 = EDGE_CURVE ( 'NONE', #635, #1647, #2659, .T. ) ;
#4472 = SURFACE_STYLE_USAGE ( .BOTH. , #3054 ) ;
#4473 = DIRECTION ( 'NONE',  ( 1.000000000000000000, 3.159568448967544830E-14, 0.000000000000000000 ) ) ;
#4474 = CARTESIAN_POINT ( 'NONE',  ( 3.599185569319594880, -0.5963626745333939771, 10.75000000000000000 ) ) ;
#4475 = CARTESIAN_POINT ( 'NONE',  ( 1.599185569319595102, -0.5963626745333910906, 8.724999999999999645 ) ) ;
#4476 = VECTOR ( 'NONE', #2447, 1000.000000000000000 ) ;
#4477 = ADVANCED_FACE ( 'NONE', ( #2008 ), #4079, .F. ) ;
#4478 = AXIS2_PLACEMENT_3D ( 'NONE', #4517, #3470, #3493 ) ;
#4479 = VERTEX_POINT ( 'NONE', #5 ) ;
#4480 = CARTESIAN_POINT ( 'NONE',  ( 4.699185569319590527, 1.803637325466630026, 10.44999999999999929 ) ) ;
#4481 = CARTESIAN_POINT ( 'NONE',  ( -0.9008144306804020118, 4.103637325466439556, 9.198484541205569798 ) ) ;
#4482 = DIRECTION ( 'NONE',  ( 0.000000000000000000, 0.000000000000000000, -1.000000000000000000 ) ) ;
#4483 = VECTOR ( 'NONE', #3677, 1000.000000000000114 ) ;
#4484 = ORIENTED_EDGE ( 'NONE', *, *, #2787, .F. ) ;
#4485 = ORIENTED_EDGE ( 'NONE', *, *, #1313, .T. ) ;
#4486 = AXIS2_PLACEMENT_3D ( 'NONE', #2120, #349, #2252 ) ;
#4487 = AXIS2_PLACEMENT_3D ( 'NONE', #2475, #1127, #3896 ) ;
#4488 = ORIENTED_EDGE ( 'NONE', *, *, #3248, .F. ) ;
#4489 = EDGE_CURVE ( 'NONE', #4479, #1380, #1451, .T. ) ;
#4490 = ORIENTED_EDGE ( 'NONE', *, *, #3926, .T. ) ;
#4491 = DIRECTION ( 'NONE',  ( 1.000000000000000000, 8.462065736472229849E-16, 0.000000000000000000 ) ) ;
#4492 = LINE ( 'NONE', #275, #1439 ) ;
#4493 = CARTESIAN_POINT ( 'NONE',  ( -3.500814430680379896, 1.584022083195974817, 7.200000000000000178 ) ) ;
#4494 = B_SPLINE_CURVE_WITH_KNOTS ( 'NONE', 3,
 ( #501, #1859, #81, #4346, #1507, #2719 ),
 .UNSPECIFIED., .F., .F.,
 ( 4, 2, 4 ),
 ( 1.748223473168675632E-18, 0.0002411994111207508250, 0.0004823988222414999152 ),
 .UNSPECIFIED. ) ;
#4495 = DIRECTION ( 'NONE',  ( 0.000000000000000000, 0.000000000000000000, -1.000000000000000000 ) ) ;
#4496 = DIRECTION ( 'NONE',  ( 1.000000000000000000, 2.478176394252595143E-15, 0.000000000000000000 ) ) ;
#4497 = VECTOR ( 'NONE', #1344, 1000.000000000000000 ) ;
#4498 = CARTESIAN_POINT ( 'NONE',  ( 2.399185569319609801, -0.5963626745333939771, 10.75000000000000000 ) ) ;
#4499 = EDGE_CURVE ( 'NONE', #4230, #2751, #3862, .T. ) ;
#4500 = VECTOR ( 'NONE', #4319, 1000.000000000000000 ) ;
#4501 = VERTEX_POINT ( 'NONE', #1424 ) ;
#4502 = DIRECTION ( 'NONE',  ( 0.000000000000000000, 1.000000000000000000, 0.000000000000000000 ) ) ;
#4503 = FACE_OUTER_BOUND ( 'NONE', #522, .T. ) ;
#4504 = CARTESIAN_POINT ( 'NONE',  ( 1.449185569319590083, 0.3036373254666074883, 6.850000000000000533 ) ) ;
#4505 = AXIS2_PLACEMENT_3D ( 'NONE', #3323, #797, #4416 ) ;
#4506 = EDGE_CURVE ( 'NONE', #2795, #576, #3324, .T. ) ;
#4507 = VECTOR ( 'NONE', #192, 1000.000000000000000 ) ;
#4508 = ORIENTED_EDGE ( 'NONE', *, *, #2510, .F. ) ;
#4509 = DIRECTION ( 'NONE',  ( 0.000000000000000000, 0.000000000000000000, 1.000000000000000000 ) ) ;
#4510 = SURFACE_STYLE_USAGE ( .BOTH. , #3093 ) ;
#4511 = VERTEX_POINT ( 'NONE', #1079 ) ;
#4512 = VERTEX_POINT ( 'NONE', #665 ) ;
#4513 = ORIENTED_EDGE ( 'NONE', *, *, #1133, .F. ) ;
#4514 = CARTESIAN_POINT ( 'NONE',  ( -3.550814430680409917, 1.803637325466605157, 7.150000000000000355 ) ) ;
#4515 = CARTESIAN_POINT ( 'NONE',  ( 3.599185569319594880, -1.596362674533399861, 10.75000000000000000 ) ) ;
#4516 = ORIENTED_EDGE ( 'NONE', *, *, #3755, .T. ) ;
#4517 = CARTESIAN_POINT ( 'NONE',  ( 4.699185569319590527, 1.803637325466635133, 6.850000000000000533 ) ) ;
#4518 = CARTESIAN_POINT ( 'NONE',  ( -2.400814430680394906, -1.596362674533409853, 10.75000000000000000 ) ) ;
#4519 = VERTEX_POINT ( 'NONE', #2865 ) ;
#4520 = CARTESIAN_POINT ( 'NONE',  ( 4.899185569319589817, -0.5963626745333939771, 6.850000000000000533 ) ) ;
#4521 = LINE ( 'NONE', #1707, #4436 ) ;
#4522 = PLANE ( 'NONE',  #1444 ) ;
#4523 = EDGE_CURVE ( 'NONE', #1842, #3623, #1753, .T. ) ;
#4524 = CARTESIAN_POINT ( 'NONE',  ( 0.5991855693195939914, -4.846362674533409631, 10.75000000000000000 ) ) ;
#4525 = ORIENTED_EDGE ( 'NONE', *, *, #1920, .F. ) ;
#4526 = LINE ( 'NONE', #3873, #4497 ) ;
#4527 = ADVANCED_FACE ( 'NONE', ( #3471 ), #2096, .F. ) ;
#4528 = ORIENTED_EDGE ( 'NONE', *, *, #3700, .T. ) ;
#4529 = ORIENTED_EDGE ( 'NONE', *, *, #2766, .T. ) ;
#4530 = ORIENTED_EDGE ( 'NONE', *, *, #1629, .F. ) ;
#4531 = DIRECTION ( 'NONE',  ( -1.000000000000000000, 0.000000000000000000, 0.000000000000000000 ) ) ;
#4532 = PLANE ( 'NONE',  #2996 ) ;
#4533 = ORIENTED_EDGE ( 'NONE', *, *, #1266, .T. ) ;
#4534 = LINE ( 'NONE', #4169, #3735 ) ;
#4535 = LINE ( 'NONE', #2029, #307 ) ;
#4536 = VERTEX_POINT ( 'NONE', #1725 ) ;
#4537 = CARTESIAN_POINT ( 'NONE',  ( -2.900814430680410005, -0.5963626745333939771, 8.875000000000000000 ) ) ;
#4538 = FACE_OUTER_BOUND ( 'NONE', #4287, .T. ) ;
#4539 = LINE ( 'NONE', #1361, #1889 ) ;
#4540 = EDGE_CURVE ( 'NONE', #1048, #2197, #3915, .T. ) ;
#4541 = CARTESIAN_POINT ( 'NONE',  ( -1.600814430680399969, -1.596362674533389869, 10.75000000000000000 ) ) ;
#4542 = AXIS2_PLACEMENT_3D ( 'NONE', #491, #161, #2680 ) ;
#4543 = ORIENTED_EDGE ( 'NONE', *, *, #2679, .T. ) ;
#4544 = ORIENTED_EDGE ( 'NONE', *, *, #3171, .F. ) ;
#4545 = CARTESIAN_POINT ( 'NONE',  ( 4.399185569319590705, 2.103637325466630070, 10.40000000000000036 ) ) ;
#4546 = LINE ( 'NONE', #290, #3170 ) ;
#4547 = VERTEX_POINT ( 'NONE', #3514 ) ;
#4548 = VECTOR ( 'NONE', #69, 1000.000000000000000 ) ;
#4549 = AXIS2_PLACEMENT_3D ( 'NONE', #681, #1114, #1415 ) ;
#4550 = AXIS2_PLACEMENT_3D ( 'NONE', #744, #791, #1109 ) ;
#4551 = CARTESIAN_POINT ( 'NONE',  ( -3.800814430680394818, 2.103637325466630070, 7.150000000000000355 ) ) ;
#4552 = EDGE_LOOP ( 'NONE', ( #1264, #2456, #506, #3032 ) ) ;
#4553 = VECTOR ( 'NONE', #4441, 1000.000000000000000 ) ;
#4554 = ORIENTED_EDGE ( 'NONE', *, *, #3393, .T. ) ;
#4555 = DIRECTION ( 'NONE',  ( 0.000000000000000000, -1.000000000000000000, 0.000000000000000000 ) ) ;
#4556 = CARTESIAN_POINT ( 'NONE',  ( -0.1008144306804022033, 4.103637325466444885, 8.398484541205560205 ) ) ;
#4557 = AXIS2_PLACEMENT_3D ( 'NONE', #405, #2936, #4337 ) ;
#4558 = EDGE_CURVE ( 'NONE', #1648, #2196, #3174, .T. ) ;
#4559 = ORIENTED_EDGE ( 'NONE', *, *, #3273, .T. ) ;
#4560 = CARTESIAN_POINT ( 'NONE',  ( -3.281199188409734457, 1.803637325466625807, 10.75000000000000000 ) ) ;
#4561 =( NAMED_UNIT ( * ) PLANE_ANGLE_UNIT ( ) SI_UNIT ( $, .RADIAN. ) );
#4562 = EDGE_LOOP ( 'NONE', ( #1020, #1872, #760, #865 ) ) ;
#4563 = LINE ( 'NONE', #1381, #4135 ) ;
#4564 = CARTESIAN_POINT ( 'NONE',  ( 3.499185569319579692, -1.396362674533414117, 10.75000000000000000 ) ) ;
#4565 = CARTESIAN_POINT ( 'NONE',  ( -3.400814430680390021, 1.803637325466625141, 7.200000000000000178 ) ) ;
#4566 = LINE ( 'NONE', #2805, #2397 ) ;
#4567 = AXIS2_PLACEMENT_3D ( 'NONE', #4083, #3322, #3388 ) ;
#4568 = ORIENTED_EDGE ( 'NONE', *, *, #1676, .F. ) ;
#4569 = CARTESIAN_POINT ( 'NONE',  ( -3.800814430680365064, 1.803637325466489916, 7.200000000000000178 ) ) ;
#4570 = DIRECTION ( 'NONE',  ( 0.000000000000000000, 0.000000000000000000, -1.000000000000000000 ) ) ;
#4571 =( GEOMETRIC_REPRESENTATION_CONTEXT ( 3 ) GLOBAL_UNCERTAINTY_ASSIGNED_CONTEXT ( ( #1258 ) ) GLOBAL_UNIT_ASSIGNED_CONTEXT ( ( #2000, #1277, #4181 ) ) REPRESENTATION_CONTEXT ( 'NONE', 'WORKASPACE' ) );
#4572 = ORIENTED_EDGE ( 'NONE', *, *, #3529, .F. ) ;
#4573 = VERTEX_POINT ( 'NONE', #3494 ) ;
#4574 = CARTESIAN_POINT ( 'NONE',  ( -2.400814430680394906, -1.596362674533399861, 10.44999999999999929 ) ) ;
#4575 = ORIENTED_EDGE ( 'NONE', *, *, #1238, .T. ) ;
#4576 = DIRECTION ( 'NONE',  ( 0.000000000000000000, -1.000000000000000000, 0.000000000000000000 ) ) ;
#4577 = CARTESIAN_POINT ( 'NONE',  ( 0.1991855693195819788, -1.396362674533414117, 8.650000000000000355 ) ) ;
#4578 = AXIS2_PLACEMENT_3D ( 'NONE', #2234, #3683, #2935 ) ;
#4579 = ADVANCED_FACE ( 'NONE', ( #4196 ), #2466, .T. ) ;
#4580 = EDGE_CURVE ( 'NONE', #2302, #2862, #3151, .T. ) ;
#4581 = ORIENTED_EDGE ( 'NONE', *, *, #205, .F. ) ;
#4582 = DIRECTION ( 'NONE',  ( -1.000000000000000000, 0.000000000000000000, 0.000000000000000000 ) ) ;
#4583 = CARTESIAN_POINT ( 'NONE',  ( -2.150814430680410005, -4.846362674533409631, 10.75000000000000000 ) ) ;
#4584 = DIRECTION ( 'NONE',  ( 0.000000000000000000, 0.000000000000000000, -1.000000000000000000 ) ) ;
#4585 = ADVANCED_FACE ( 'NONE', ( #717 ), #356, .F. ) ;
#4586 = ORIENTED_EDGE ( 'NONE', *, *, #510, .T. ) ;
#4587 = DIRECTION ( 'NONE',  ( 0.000000000000000000, 0.000000000000000000, -1.000000000000000000 ) ) ;
#4588 = EDGE_LOOP ( 'NONE', ( #1259, #2806, #3351, #3092 ) ) ;
#4589 = CARTESIAN_POINT ( 'NONE',  ( -3.300814430680400147, -0.1963626745335559920, 8.348484541205559495 ) ) ;
#4590 = CARTESIAN_POINT ( 'NONE',  ( -3.300814430680400147, -0.3963626745335479540, 10.19848454120556092 ) ) ;
#4591 = CARTESIAN_POINT ( 'NONE',  ( 3.499185569319579692, -1.396362674533414117, 8.949999999999999289 ) ) ;
#4592 = CARTESIAN_POINT ( 'NONE',  ( -3.800814430680420131, -0.5963626745333910906, 8.875000000000000000 ) ) ;
#4593 = ORIENTED_EDGE ( 'NONE', *, *, #4447, .F. ) ;
#4594 = CARTESIAN_POINT ( 'NONE',  ( 4.099185569319585554, 0.8036373254666079324, 8.875000000000000000 ) ) ;
#4595 = VERTEX_POINT ( 'NONE', #29 ) ;
#4596 = CARTESIAN_POINT ( 'NONE',  ( -1.900814430680410005, -6.146362674533370374, 6.850000000000000533 ) ) ;
#4597 = ORIENTED_EDGE ( 'NONE', *, *, #1719, .T. ) ;
#4598 = ORIENTED_EDGE ( 'NONE', *, *, #649, .T. ) ;
#4599 = FACE_OUTER_BOUND ( 'NONE', #2726, .T. ) ;
#4600 = EDGE_CURVE ( 'NONE', #2789, #2579, #3127, .T. ) ;
ENDSEC;
END-ISO-10303-21;
